side	source_file	line	name	description	spawnable	rare	phase1_scope	group	frequency	level_before	level_after	level_delta	maxlevel_before	maxlevel_after	maxlevel_delta	levelreq_before	levelreq_after	levelreq_delta	mods	itypes	etypes
prefix	magicprefix.txt	2	Jagged	+#% Enhanced Damage	1	1	yes	111	150	1	1	0	24	17	-7	1	1	0	dmg% 10-20	weap	orb, wand
prefix	magicprefix.txt	3	Deadly	+#% Enhanced Damage	1	1	yes	111	150	5	4	-1	34	24	-10	3	3	0	dmg% 21-30	weap	orb, wand
prefix	magicprefix.txt	4	Vicious	+#% Enhanced Damage	1	1	yes	111	150	8	6	-2	44	31	-13	6	5	-1	dmg% 31-40	weap	orb, wand
prefix	magicprefix.txt	5	Brutal	+#% Enhanced Damage	1	1	yes	111	150	14	10	-4	53	37	-16	10	9	-1	dmg% 41-50	weap	orb, wand
prefix	magicprefix.txt	6	Massive	+#% Enhanced Damage	1	1	yes	111	150	20	14	-6	64	45	-19	15	13	-2	dmg% 51-65	weap	orb, wand
prefix	magicprefix.txt	7	Savage	+#% Enhanced Damage	1	1	yes	111	150	26	18	-8	72	50	-22	19	16	-3	dmg% 66-80	weap	orb, wand
prefix	magicprefix.txt	8	Heartless	+#% Enhanced Damage	1	1	yes	111	150	32	22	-10	80	56	-24	24	20	-4	dmg% 81-100	weap	orb, wand
prefix	magicprefix.txt	9	Merciless	+#% Enhanced Damage	1	1	yes	111	150	41	29	-12				30	26	-4	dmg% 101-125	weap	orb, wand
prefix	magicprefix.txt	10	Merciless	+#% Enhanced Damage	1	1	yes	111	150	49	34	-15				38	32	-6	dmg% 126-150	weap	orb, wand
prefix	magicprefix.txt	11	Ferocious	+#% Enhanced Damage	1	1	yes	111	114	56	39	-17				45	38	-7	dmg% 151-200	weap	orb, wand
prefix	magicprefix.txt	12	Ferocious	+#% Enhanced Damage	1	1	yes	111	114	61	43	-18				51	43	-8	dmg% 210-233	weap	orb, wand
prefix	magicprefix.txt	13	Cruel	+#% Enhanced Damage	1	1	yes	111	114	69	48	-21				63	54	-9	dmg% 234-266	weap	orb, wand
prefix	magicprefix.txt	14	Cruel	+#% Enhanced Damage	1	1	yes	111	114	74	52	-22				69	59	-10	dmg% 267-300	weap	orb, wand
prefix	magicprefix.txt	15	Jagged	+#% Enhanced Damage	1	1	yes	105	26	21	15	-6				16	14	-2	dmg% 10-15	circ	
prefix	magicprefix.txt	16	Deadly	+#% Enhanced Damage	1	1	yes	105	26	45	31	-14				41	35	-6	dmg% 16-25	circ	
prefix	magicprefix.txt	17	Vicious	+#% Enhanced Damage	1	1	yes	105	24	70	49	-21				64	54	-10	dmg% 26-40	circ	
prefix	magicprefix.txt	18	Cinnabar	+#% Enhanced Damage	1	1	yes	105	10	1	1	0	40	28	-12	1	1	0	dmg% 5-10	jewl	
prefix	magicprefix.txt	19	Rusty	+#% Enhanced Damage	1	1	yes	105	10	13	9	-4	80	56	-24	9	8	-1	dmg% 11-20	jewl	
prefix	magicprefix.txt	20	Realgar	+#% Enhanced Damage	1	1	yes	105	10	45	31	-14				37	31	-6	dmg% 21-30	jewl	
prefix	magicprefix.txt	21	Ruby	+#% Enhanced Damage	1	1	yes	105	10	66	46	-20				58	49	-9	dmg% 31-40	jewl	
prefix	magicprefix.txt	22	Paradox	+#% Enhanced Maximum Damage (Based on Character Level)	1	1	yes	111	2	20	14	-6				18	15	-3	dmg%/lvl(8) -	weap	orb, wand
prefix	magicprefix.txt	23	Paradox	+#% Enhanced Maximum Damage (Based on Character Level)	1	1	yes	111	2	35	25	-10				35	30	-5	dmg%/lvl(12) -	weap	orb, wand
prefix	magicprefix.txt	24	Paradox	+#% Enhanced Maximum Damage (Based on Character Level)	1	1	yes	111	2	55	39	-16				49	42	-7	dmg%/lvl(16) -	weap	orb, wand
prefix	magicprefix.txt	25	Paradox	+#% Enhanced Maximum Damage (Based on Character Level)	1	1	yes	111	2	70	49	-21				66	56	-10	dmg%/lvl(24) -	weap	orb, wand
prefix	magicprefix.txt	26	Paradox	+#% Enhanced Maximum Damage (Based on Character Level)	1	1	yes	111	2	85	59	-26				77	65	-12	dmg%/lvl(32) -	weap	orb, wand
prefix	magicprefix.txt	27	Sharp	+# to Attack Rating & +#% Enhanced Damage	1	1	yes	111	4	5	4	-1	20	14	-6	3	3	0	att 10-20; dmg% 10-20	weap	orb, wand
prefix	magicprefix.txt	28	Sharp	#% Deadly Strike & +#% Enhanced Damage	1	1	yes	111	2	5	4	-1	20	14	-6	3	3	0	deadly 1-3; dmg% 10-20	weap	orb, wand
prefix	magicprefix.txt	29	Sharp	#% Crushing Blow & +#% Enhanced Damage	1	1	yes	111	2	5	4	-1	20	14	-6	3	3	0	crush 1-3; dmg% 10-20	weap	orb, wand
prefix	magicprefix.txt	30	Sharp	#% Open Wounds & +#% Enhanced Damage	1	1	yes	111	2	5	4	-1	20	14	-6	3	3	0	openwounds 5-7; dmg% 10-20	weap	orb, wand
prefix	magicprefix.txt	31	Fine	+# to Attack Rating & +#% Enhanced Damage	1	1	yes	111	4	12	8	-4	30	21	-9	9	8	-1	att 21-40; dmg% 21-30	weap	orb, wand
prefix	magicprefix.txt	32	Fine	#% Deadly Strike & +#% Enhanced Damage	1	1	yes	111	2	12	8	-4	30	21	-9	9	8	-1	deadly 2-5; dmg% 21-30	weap	orb, wand
prefix	magicprefix.txt	33	Fine	#% Crushing Blow & +#% Enhanced Damage	1	1	yes	111	2	12	8	-4	30	21	-9	9	8	-1	crush 2-5; dmg% 21-30	weap	orb, wand
prefix	magicprefix.txt	34	Fine	#% Open Wounds & +#% Enhanced Damage	1	1	yes	111	2	12	8	-4	30	21	-9	9	8	-1	openwounds 8-10; dmg% 21-30	weap	orb, wand
prefix	magicprefix.txt	35	Mastersmith's	+# to Attack Rating & +#% Enhanced Damage	1	1	yes	111	4	19	13	-6	40	28	-12	13	11	-2	att 41-60; dmg% 31-40	weap	orb, wand
prefix	magicprefix.txt	36	Mastersmith's	#% Deadly Strike & +#% Enhanced Damage	1	1	yes	111	2	19	13	-6	40	28	-12	13	11	-2	deadly 3-6; dmg% 31-40	weap	orb, wand
prefix	magicprefix.txt	37	Mastersmith's	#% Crushing Blow & +#% Enhanced Damage	1	1	yes	111	2	19	13	-6	40	28	-12	13	11	-2	crush 3-6; dmg% 31-40	weap	orb, wand
prefix	magicprefix.txt	38	Mastersmith's	#% Open Wounds & +#% Enhanced Damage	1	1	yes	111	2	19	13	-6	40	28	-12	13	11	-2	openwounds 11-16; dmg% 31-40	weap	orb, wand
prefix	magicprefix.txt	39	Warrior's	+# to Attack Rating & +#% Enhanced Damage	1	1	yes	111	4	27	19	-8	50	35	-15	19	16	-3	att 61-80; dmg% 41-50	weap	orb, wand
prefix	magicprefix.txt	40	Warrior's	#% Deadly Strike & +#% Enhanced Damage	1	1	yes	111	2	27	19	-8	50	35	-15	19	16	-3	deadly 4-8; dmg% 41-50	weap	orb, wand
prefix	magicprefix.txt	41	Warrior's	#% Crushing Blow & +#% Enhanced Damage	1	1	yes	111	2	27	19	-8	50	35	-15	19	16	-3	crush 4-8; dmg% 41-50	weap	orb, wand
prefix	magicprefix.txt	42	Warrior's	#% Open Wounds & +#% Enhanced Damage	1	1	yes	111	2	27	19	-8	50	35	-15	19	16	-3	openwounds 17-21; dmg% 41-50	weap	orb, wand
prefix	magicprefix.txt	43	Soldier's	+# to Attack Rating & +#% Enhanced Damage	1	1	yes	111	4	38	27	-11	60	42	-18	30	26	-4	att 81-100; dmg% 51-65	weap	orb, wand
prefix	magicprefix.txt	44	Soldier's	#% Deadly Strike & +#% Enhanced Damage	1	1	yes	111	2	38	27	-11	60	42	-18	30	26	-4	deadly 5-10; dmg% 51-65	weap	orb, wand
prefix	magicprefix.txt	45	Soldier's	#% Crushing Blow & +#% Enhanced Damage	1	1	yes	111	2	38	27	-11	60	42	-18	30	26	-4	crush 5-10; dmg% 51-65	weap	orb, wand
prefix	magicprefix.txt	46	Soldier's	#% Open Wounds & +#% Enhanced Damage	1	1	yes	111	2	38	27	-11	60	42	-18	30	26	-4	openwounds 22-28; dmg% 51-65	weap	orb, wand
prefix	magicprefix.txt	47	Crusader's	+# to Attack Rating & +#% Enhanced Damage	1	1	yes	111	4	45	31	-14	70	49	-21	37	31	-6	att 101-125; dmg% 66-80	weap	orb, wand
prefix	magicprefix.txt	48	Crusader's	#% Deadly Strike & +#% Enhanced Damage	1	1	yes	111	2	45	31	-14	70	49	-21	37	31	-6	deadly 6-12; dmg% 66-80	weap	orb, wand
prefix	magicprefix.txt	49	Crusader's	#% Crushing Blow & +#% Enhanced Damage	1	1	yes	111	2	45	31	-14	70	49	-21	37	31	-6	crush 6-12; dmg% 66-80	weap	orb, wand
prefix	magicprefix.txt	50	Crusader's	#% Open Wounds & +#% Enhanced Damage	1	1	yes	111	2	45	31	-14	70	49	-21	37	31	-6	openwounds 29-35; dmg% 66-80	weap	orb, wand
prefix	magicprefix.txt	51	Knight's	+# to Attack Rating & +#% Enhanced Damage	1	1	yes	111	4	52	36	-16	80	56	-24	45	38	-7	att 126-150; dmg% 81-100	weap	orb, wand
prefix	magicprefix.txt	52	Knight's	#% Deadly Strike & +#% Enhanced Damage	1	1	yes	111	2	52	36	-16	80	56	-24	45	38	-7	deadly 7-14; dmg% 81-100	weap	orb, wand
prefix	magicprefix.txt	53	Knight's	#% Crushing Blow & +#% Enhanced Damage	1	1	yes	111	2	52	36	-16	80	56	-24	45	38	-7	crush 7-14; dmg% 81-100	weap	orb, wand
prefix	magicprefix.txt	54	Knight's	#% Open Wounds & +#% Enhanced Damage	1	1	yes	111	2	52	36	-16	80	56	-24	45	38	-7	openwounds 36-44; dmg% 81-100	weap	orb, wand
prefix	magicprefix.txt	55	Lord's	+# to Attack Rating & +#% Enhanced Damage	1	1	yes	111	4	58	41	-17				53	45	-8	att 151-175; dmg% 101-133	weap	orb, wand
prefix	magicprefix.txt	56	Lord's	#% Deadly Strike & +#% Enhanced Damage	1	1	yes	111	2	65	46	-19				60	51	-9	deadly 8-16; dmg% 101-133	weap	orb, wand
prefix	magicprefix.txt	57	Lord's	#% Crushing Blow & +#% Enhanced Damage	1	1	yes	111	2	65	46	-19				60	51	-9	crush 8-16; dmg% 101-133	weap	orb, wand
prefix	magicprefix.txt	58	Lord's	#% Open Wounds & +#% Enhanced Damage	1	1	yes	111	2	65	46	-19				60	51	-9	openwounds 45-57; dmg% 101-133	weap	orb, wand
prefix	magicprefix.txt	59	Overlord's	+# to Attack Rating & +#% Enhanced Damage	1	1	yes	111	4	65	46	-19				59	50	-9	att 176-200; dmg% 134-166	weap	orb, wand
prefix	magicprefix.txt	60	Overlord's	#% Deadly Strike & +#% Enhanced Damage	1	1	yes	111	2	70	49	-21				65	55	-10	deadly 9-18; dmg% 134-166	weap	orb, wand
prefix	magicprefix.txt	61	Overlord's	#% Crushing Blow & +#% Enhanced Damage	1	1	yes	111	2	70	49	-21				65	55	-10	crush 9-18; dmg% 134-166	weap	orb, wand
prefix	magicprefix.txt	62	Overlord's	#% Open Wounds & +#% Enhanced Damage	1	1	yes	111	2	70	49	-21				65	55	-10	openwounds 58-67; dmg% 134-166	weap	orb, wand
prefix	magicprefix.txt	63	King's	+# to Attack Rating & +#% Enhanced Damage	1	1	yes	111	4	70	49	-21				63	54	-9	att 210-225; dmg% 167-200	weap	orb, wand
prefix	magicprefix.txt	64	King's	#% Deadly Strike & +#% Enhanced Damage	1	1	yes	111	2	74	52	-22				69	59	-10	deadly 10-20; dmg% 167-200	weap	orb, wand
prefix	magicprefix.txt	65	King's	#% Crushing Blow & +#% Enhanced Damage	1	1	yes	111	2	74	52	-22				69	59	-10	crush 10-20; dmg% 167-200	weap	orb, wand
prefix	magicprefix.txt	66	King's	#% Open Wounds & +#% Enhanced Damage	1	1	yes	111	2	74	52	-22				69	59	-10	openwounds 68-75; dmg% 167-200	weap	orb, wand
prefix	magicprefix.txt	67	Master's	+# to Attack Rating & +#% Enhanced Damage	1	1	yes	111	4	74	52	-22				70	60	-10	att 210-225; dmg% 201-250	weap	orb, wand
prefix	magicprefix.txt	68	Master's	#% Deadly Strike & +#% Enhanced Damage	1	1	yes	111	2	79	55	-24				77	65	-12	deadly 12-24; dmg% 201-250	weap	orb, wand
prefix	magicprefix.txt	69	Master's	#% Crushing Blow & +#% Enhanced Damage	1	1	yes	111	2	79	55	-24				77	65	-12	crush 12-24; dmg% 201-250	weap	orb, wand
prefix	magicprefix.txt	70	Master's	#% Open Wounds & +#% Enhanced Damage	1	1	yes	111	2	79	55	-24				77	65	-12	openwounds 76-83; dmg% 201-250	weap	orb, wand
prefix	magicprefix.txt	71	Highmaster's	+# to Attack Rating & +#% Enhanced Damage	1	1	yes	111	4	79	55	-24				79	67	-12	att 251-275; dmg% 251-300	weap	orb, wand
prefix	magicprefix.txt	72	Highmaster's	#% Deadly Strike & +#% Enhanced Damage	1	1	yes	111	2	83	58	-25				82	70	-12	deadly 13-26; dmg% 251-300	weap	orb, wand
prefix	magicprefix.txt	73	Highmaster's	#% Crushing Blow & +#% Enhanced Damage	1	1	yes	111	2	83	58	-25				82	70	-12	crush 13-26; dmg% 251-300	weap	orb, wand
prefix	magicprefix.txt	74	Highmaster's	#% Open Wounds & +#% Enhanced Damage	1	1	yes	111	2	83	58	-25				82	70	-12	openwounds 84-93; dmg% 251-300	weap	orb, wand
prefix	magicprefix.txt	75	Grandmaster's	+# to Attack Rating & +#% Enhanced Damage	1	1	yes	111	4	84	59	-25				88	75	-13	att 276-300; dmg% 301-350	weap	orb, wand
prefix	magicprefix.txt	76	Grandmaster's	#% Deadly Strike & +#% Enhanced Damage	1	1	yes	111	2	86	60	-26				88	75	-13	deadly 15-30; dmg% 301-350	weap	orb, wand
prefix	magicprefix.txt	77	Grandmaster's	#% Crushing Blow & +#% Enhanced Damage	1	1	yes	111	2	86	60	-26				88	75	-13	crush 15-30; dmg% 301-350	weap	orb, wand
prefix	magicprefix.txt	78	Grandmaster's	#% Open Wounds & +#% Enhanced Damage	1	1	yes	111	2	86	60	-26				88	75	-13	openwounds 94-100; dmg% 301-350	weap	orb, wand
prefix	magicprefix.txt	79	Stout	+# Defense & +#% Enhanced Damage	1	1	yes	111	4	1	1	0	40	28	-12	1	1	0	ac 3-5; dmg% 10-20	weap	
prefix	magicprefix.txt	80	Stout	+# Defense & +#% Enhanced Damage	1	1	yes	111	4	7	5	-2	50	35	-15	5	4	-1	ac 6-9; dmg% 21-30	weap	
prefix	magicprefix.txt	81	Stout	+# Defense & +#% Enhanced Damage	1	1	yes	111	4	12	8	-4	55	39	-16	9	8	-1	ac 10-12; dmg% 31-40	weap	
prefix	magicprefix.txt	82	Burly	+# Defense & +#% Enhanced Damage	1	1	yes	111	4	17	12	-5	70	49	-21	12	10	-2	ac 13-15; dmg% 41-50	weap	
prefix	magicprefix.txt	83	Burly	+# Defense & +#% Enhanced Damage	1	1	yes	111	4	22	15	-7	75	53	-22	16	14	-2	ac 16-22; dmg% 51-60	weap	
prefix	magicprefix.txt	84	Burly	+# Defense & +#% Enhanced Damage	1	1	yes	111	4	27	19	-8	80	56	-24	20	17	-3	ac 23-30; dmg% 61-70	weap	
prefix	magicprefix.txt	85	Stalwart	+# Defense & +#% Enhanced Damage	1	1	yes	111	4	32	22	-10				24	20	-4	ac 33-40; dmg% 71-80	weap	
prefix	magicprefix.txt	86	Stalwart	+# Defense & +#% Enhanced Damage	1	1	yes	111	4	37	26	-11				34	29	-5	ac 44-50; dmg% 81-100	weap	
prefix	magicprefix.txt	87	Stalwart	+# Defense & +#% Enhanced Damage	1	1	yes	111	4	42	29	-13				48	41	-7	ac 60-70; dmg% 101-125	weap	
prefix	magicprefix.txt	88	Stalwart	+# Defense & +#% Enhanced Damage	1	1	yes	111	2	55	39	-16				59	50	-9	ac 70-85; dmg% 126-150	weap	
prefix	magicprefix.txt	89	Stalwart	+# Defense & +#% Enhanced Damage	1	1	yes	111	2	69	48	-21				67	57	-10	ac 86-100; dmg% 151-175	weap	
prefix	magicprefix.txt	90	Stalwart	+# Defense & +#% Enhanced Damage	1	1	yes	111	2	80	56	-24				72	61	-11	ac 100-125; dmg% 176-200	weap	
prefix	magicprefix.txt	91	Loremaster's1	+#% to Experience Gained & +#% Enhanced Damage	1	1	yes	111	4	47	33	-14				35	30	-5	addxp 2-2; dmg% 76-100	weap	
prefix	magicprefix.txt	92	Sage's	+#% to Experience Gained & +#% Enhanced Damage	1	1	yes	111	4	63	44	-19				57	48	-9	addxp 2-2; dmg% 101-150	weap	
prefix	magicprefix.txt	93	Sage's	+#% to Experience Gained & +#% Enhanced Damage	1	1	yes	111	2	79	55	-24				63	54	-9	addxp 2-2; dmg% 151-225	weap	
prefix	magicprefix.txt	94	Master Sage's	+#% to Experience Gained & +#% Enhanced Damage	1	1	yes	111	2	88	62	-26				78	66	-12	addxp 3-3; dmg% 225-250	weap	
prefix	magicprefix.txt	95	Ghostly	+#% Enhanced Damage & Ethereal & Repairs 1 durability in # seconds	1	1	yes	111	4	41	29	-12				37	31	-6	dmg% 101-125; ethereal 1-1; rep-dur(10) -	weap	orb, wand
prefix	magicprefix.txt	96	Spectral1	+#% Enhanced Damage & Ethereal & Repairs 1 durability in # seconds	1	1	yes	111	4	61	43	-18				51	43	-8	dmg% 126-150; ethereal 1-1; rep-dur(10) -	weap	orb, wand
prefix	magicprefix.txt	97	Phantom1	+#% Enhanced Damage & Ethereal & Repairs 1 durability in # seconds	1	1	yes	111	4	75	53	-22				67	57	-10	dmg% 151-175; ethereal 1-1; rep-dur(10) -	weap	orb, wand
prefix	magicprefix.txt	98	Wraithly1	+#% Enhanced Damage & Ethereal & Repairs 1 durability in # seconds	1	1	yes	111	4	86	60	-26				80	68	-12	dmg% 176-200; ethereal 1-1; rep-dur(10) -	weap	orb, wand
prefix	magicprefix.txt	99	Assamic	+# to Attack Rating against Demons & +#% Damage to Demons	1	1	yes	123	4	3	2	-1	20	14	-6	1	1	0	att-demon 25-50; dmg-demon 10-25	weap, circ	wand, orb
prefix	magicprefix.txt	100	Arcadian	+# to Attack Rating against Demons & +#% Damage to Demons	1	1	yes	123	4	15	11	-4	40	28	-12	11	9	-2	att-demon 51-100; dmg-demon 26-50	weap, circ	wand, orb
prefix	magicprefix.txt	101	Unearthly	+# to Attack Rating against Demons & +#% Damage to Demons	1	1	yes	123	2	25	18	-7	65	46	-19	18	15	-3	att-demon 101-150; dmg-demon 51-100	weap	wand, orb
prefix	magicprefix.txt	102	Astral	+# to Attack Rating against Demons & +#% Damage to Demons	1	1	yes	123	2	35	25	-10				26	22	-4	att-demon 151-200; dmg-demon 101-150	weap	wand, orb
prefix	magicprefix.txt	103	Elysian	+# to Attack Rating against Demons & +#% Damage to Demons	1	1	yes	123	2	45	31	-14				33	28	-5	att-demon 201-300; dmg-demon 151-200	weap	wand, orb
prefix	magicprefix.txt	104	Celestial	+# to Attack Rating against Demons & +#% Damage to Demons	1	1	yes	123	2	55	39	-16				41	35	-6	att-demon 301-400; dmg-demon 201-300	weap	wand, orb
prefix	magicprefix.txt	105	Diamond	+# to Attack Rating against Demons & +#% Damage to Demons	1	1	yes	123	2	26	18	-8				19	16	-3	att-demon 25-50; dmg-demon 25-40	jewl	
prefix	magicprefix.txt	106	Consecrated	+# to Attack Rating against Undead & +#% Damage to Undead	1	1	yes	142	8	1	1	0	35	25	-10	1	1	0	att-undead 25-75; dmg-undead 25-75	weap	wand, orb
prefix	magicprefix.txt	107	Pure	+# to Attack Rating against Undead & +#% Damage to Undead	1	1	yes	142	6	15	11	-4	60	42	-18	11	9	-2	att-undead 76-175; dmg-undead 76-125	weap	wand, orb
prefix	magicprefix.txt	108	Sacred	+# to Attack Rating against Undead & +#% Damage to Undead	1	1	yes	142	4	25	18	-7				18	15	-3	att-undead 175-250; dmg-undead 126-200	weap	wand, orb
prefix	magicprefix.txt	109	Hallowed	+# to Attack Rating against Undead & +#% Damage to Undead	1	1	yes	142	2	35	25	-10				27	23	-4	att-undead 251-325; dmg-undead 201-275	weap	wand, orb
prefix	magicprefix.txt	110	Divine	+# to Attack Rating against Undead & +#% Damage to Undead	1	1	yes	142	2	45	31	-14				37	31	-6	att-undead 326-450; dmg-undead 276-350	weap	wand, orb
prefix	magicprefix.txt	111	Pearl	+# to Attack Rating against Undead & +#% Damage to Undead	1	1	yes	142	2	18	13	-5				13	11	-2	att-undead 25-50; dmg-undead 25-50	jewl	
prefix	magicprefix.txt	112	Bronze	+# to Attack Rating	1	1	yes	110	16	1	1	0	35	25	-10	1	1	0	att 10-20	weap, ring, circ, glov, amul	orb, wand
prefix	magicprefix.txt	113	Iron	+# to Attack Rating	1	1	yes	110	16	7	5	-2	48	34	-14	5	4	-1	att 21-40	weap, ring, circ, glov, amul	orb, wand
prefix	magicprefix.txt	114	Steel	+# to Attack Rating	1	1	yes	110	14	12	8	-4	70	49	-21	9	8	-1	att 41-60	weap, ring, circ, glov, amul	orb, wand
prefix	magicprefix.txt	115	Silver	+# to Attack Rating	1	1	yes	110	14	14	10	-4	85	59	-26	12	10	-2	att 61-80	weap, ring, circ, glov, amul	orb, wand
prefix	magicprefix.txt	116	Gold	+# to Attack Rating	1	1	yes	110	12	19	13	-6				16	14	-2	att 81-100	weap, ring, circ, glov, amul	orb, wand
prefix	magicprefix.txt	117	Platinum	+# to Attack Rating	1	1	yes	110	12	25	18	-7				22	19	-3	att 101-125	weap, ring, circ	orb, wand
prefix	magicprefix.txt	118	Meteoric	+# to Attack Rating	1	1	yes	110	10	30	21	-9				27	23	-4	att 126-150	weap	orb, wand
prefix	magicprefix.txt	119	Strange	+# to Attack Rating	1	1	yes	110	10	37	26	-11				34	29	-5	att 151-300	weap	orb, wand
prefix	magicprefix.txt	120	Weird	+# to Attack Rating	1	1	yes	110	8	44	31	-13				40	34	-6	att 301-450	weap	orb, wand
prefix	magicprefix.txt	121	Nickel	+# to Attack Rating	1	1	yes	110	8	1	1	0	40	28	-12	1	1	0	att 10-20	jewl	
prefix	magicprefix.txt	122	Tin	+# to Attack Rating	1	1	yes	110	8	8	6	-2	70	49	-21	6	5	-1	att 21-40	jewl	
prefix	magicprefix.txt	123	Silver	+# to Attack Rating	1	1	yes	110	8	25	18	-7				18	15	-3	att 41-60	jewl	
prefix	magicprefix.txt	124	Argent	+# to Attack Rating	1	1	yes	110	8	44	31	-13				36	31	-5	att 61-100	jewl	
prefix	magicprefix.txt	125	Robineye	+# to Attack Rating (Based on Character Level)	1	1	yes	111	2	1	1	0	35	25	-10	1	1	0	att/lvl(4) -	weap	staf, wand, orb
prefix	magicprefix.txt	126	Sparroweye	+# to Attack Rating (Based on Character Level)	1	1	yes	111	2	10	7	-3	55	39	-16	7	6	-1	att/lvl(6) -	weap	staf, wand, orb
prefix	magicprefix.txt	127	Falconeye	+# to Attack Rating (Based on Character Level)	1	1	yes	111	2	20	14	-6				15	13	-2	att/lvl(8) -	weap	staf, wand, orb
prefix	magicprefix.txt	128	Hawkeye	+# to Attack Rating (Based on Character Level)	1	1	yes	111	14	35	25	-10				26	22	-4	att/lvl(12) -	weap	staf, wand, orb
prefix	magicprefix.txt	129	Eagleeye	+# to Attack Rating (Based on Character Level)	1	1	yes	111	2	50	35	-15				37	31	-6	att/lvl(16) -	weap	staf, wand, orb
prefix	magicprefix.txt	130	Precise1	#% Bonus to Attack Rating	1	1	yes	200	8	20	14	-6	40	28	-12	15	13	-2	att% 5-9	weap, glov	
prefix	magicprefix.txt	131	Precise1	#% Bonus to Attack Rating	1	1	yes	200	6	40	28	-12	70	49	-21	30	26	-4	att% 10-14	weap, glov	
prefix	magicprefix.txt	132	Fastidious1	#% Bonus to Attack Rating	1	1	yes	200	4	55	39	-16				45	38	-7	att% 15-19	weap, glov	
prefix	magicprefix.txt	133	Meticulous1	#% Bonus to Attack Rating	1	1	yes	200	4	70	49	-21				60	51	-9	att% 20-24	weap, glov	
prefix	magicprefix.txt	134	Veracious1	#% Bonus to Attack Rating	1	1	yes	200	2	85	59	-26				75	64	-11	att% 25-35	weap, glov	
prefix	magicprefix.txt	135	Visionary	#% Bonus to Attack Rating (Based on Character Level)	1	1	yes	111	2	25	18	-7				18	15	-3	att%/lvl(2) -	helm, miss, glov	
prefix	magicprefix.txt	136	Scarlet	+# to Minimum Damage	1	1	yes	103	8	8	6	-2	55	39	-16	6	5	-1	dmg-min 1-4	jewl	
prefix	magicprefix.txt	137	Crimson	+# to Minimum Damage	1	1	yes	103	8	38	27	-11				30	26	-4	dmg-min 5-8	jewl	
prefix	magicprefix.txt	138	Carbuncle	+# to Maximum Damage	1	1	yes	104	8	12	8	-4	48	34	-14	9	8	-1	dmg-max 1-5	jewl	
prefix	magicprefix.txt	139	Carmine	+# to Maximum Damage	1	1	yes	104	8	35	25	-10				27	23	-4	dmg-max 6-9	jewl	
prefix	magicprefix.txt	140	Vermillion	+# to Maximum Damage	1	1	yes	104	8	58	41	-17				50	43	-7	dmg-max 11-15	jewl	
prefix	magicprefix.txt	141	Red	+# to Minimum Damage & +# to Maximum Damage	1	1	yes	103	8	29	20	-9	58	41	-17	26	22	-4	dmg-min 1-3; dmg-max 5-8	jewl	
prefix	magicprefix.txt	142	Sanguinary	+# to Minimum Damage & +# to Maximum Damage	1	1	yes	103	8	59	41	-18				52	44	-8	dmg-min 4-5; dmg-max 8-12	jewl	
prefix	magicprefix.txt	143	Bloody	+# to Minimum Damage & +# to Maximum Damage	1	1	yes	103	8	86	60	-26				88	75	-13	dmg-min 6-8; dmg-max 13-15	jewl	
prefix	magicprefix.txt	144	Knave's	+# to Maximum Damage (Based on Character Level) & +# to Attack Rating (Based on Character Level)	1	1	yes	105	2	1	1	0	30	21	-9	1	1	0	dmg/lvl(2) -; att/lvl(8) -	weap	orb, wand, orb
prefix	magicprefix.txt	145	Jack's	+# to Maximum Damage (Based on Character Level) & +# to Attack Rating (Based on Character Level)	1	1	yes	105	2	10	7	-3	45	31	-14	7	6	-1	dmg/lvl(3) -; att/lvl(12) -	weap	orb, wand, orb
prefix	magicprefix.txt	146	Jester's	+# to Maximum Damage (Based on Character Level) & +# to Attack Rating (Based on Character Level)	1	1	yes	105	2	20	14	-6	65	46	-19	15	13	-2	dmg/lvl(4) -; att/lvl(16) -	weap	orb, wand, orb
prefix	magicprefix.txt	147	Joker's	+# to Maximum Damage (Based on Character Level) & +# to Attack Rating (Based on Character Level)	1	1	yes	105	2	35	25	-10				26	22	-4	dmg/lvl(6) -; att/lvl(20) -	weap	orb, wand, orb
prefix	magicprefix.txt	148	Trump	+# to Maximum Damage (Based on Character Level) & +# to Attack Rating (Based on Character Level)	1	1	yes	105	14	50	35	-15				37	31	-6	dmg/lvl(8) -; att/lvl(24) -	weap	orb, wand, orb
prefix	magicprefix.txt	149	Loud	+# to Maximum Damage (Based on Character Level)	1	1	yes	105	2	5	4	-1	35	25	-10	3	3	0	dmg/lvl(4) -	weap	orb, wand, orb
prefix	magicprefix.txt	150	Calling	+# to Maximum Damage (Based on Character Level)	1	1	yes	105	2	20	14	-6	55	39	-16	15	13	-2	dmg/lvl(6) -	weap	orb, wand, orb
prefix	magicprefix.txt	151	Yelling	+# to Maximum Damage (Based on Character Level)	1	1	yes	105	2	40	28	-12				35	30	-5	dmg/lvl(8) -	weap	orb, wand, orb
prefix	magicprefix.txt	152	Shouting	+# to Maximum Damage (Based on Character Level)	1	1	yes	105	2	60	42	-18				55	47	-8	dmg/lvl(12) -	weap	orb, wand, orb
prefix	magicprefix.txt	153	Gritty	+# to Maximum Damage (Based on Character Level)	1	1	yes	105	14	75	53	-22				65	55	-10	dmg/lvl(16) -	weap	orb, wand, orb
prefix	magicprefix.txt	154	Blanched	+# Defense	1	1	yes	101	8	1	1	0	40	28	-12	1	1	0	ac 5-8	jewl	
prefix	magicprefix.txt	155	Eburin	+# Defense	1	1	yes	101	8	16	11	-5	60	42	-18	12	10	-2	ac 9-20	jewl	
prefix	magicprefix.txt	156	Bone	+# Defense	1	1	yes	101	8	32	22	-10				24	20	-4	ac 21-40	jewl	
prefix	magicprefix.txt	157	Ivory	+# Defense	1	1	yes	101	8	64	45	-19				56	48	-8	ac 41-64	jewl	
prefix	magicprefix.txt	158	Miocene	+# Defense (Based on Character Level)	1	1	yes	101	8	1	1	0	25	18	-7	1	1	0	ac/lvl(12) -	tors, shld	
prefix	magicprefix.txt	159	Miocene	+# Defense (Based on Character Level)	1	1	yes	101	10	1	1	0	25	18	-7	1	1	0	ac/lvl(4) -	glov, boot, belt, helm	
prefix	magicprefix.txt	160	Oligocene	+# Defense (Based on Character Level)	1	1	yes	101	8	25	18	-7	50	35	-15	22	19	-3	ac/lvl(24) -	tors, shld	
prefix	magicprefix.txt	161	Oligocene	+# Defense (Based on Character Level)	1	1	yes	101	8	25	18	-7	50	35	-15	22	19	-3	ac/lvl(8) -	glov, boot, belt, helm	
prefix	magicprefix.txt	162	Eocene	+# Defense (Based on Character Level)	1	1	yes	101	6	45	31	-14				40	34	-6	ac/lvl(36) -	tors, shld	
prefix	magicprefix.txt	163	Eocene	+# Defense (Based on Character Level)	1	1	yes	101	4	45	31	-14				40	34	-6	ac/lvl(12) -	glov, boot, belt, helm	
prefix	magicprefix.txt	164	Paleocene	+# Defense (Based on Character Level)	1	1	yes	101	4	70	49	-21				60	51	-9	ac/lvl(48) -	tors	
prefix	magicprefix.txt	165	Paleocene	+# Defense (Based on Character Level)	1	1	yes	101	2	70	49	-21				60	51	-9	ac/lvl(16) -	glov, boot, belt, helm	
prefix	magicprefix.txt	166	Sturdy	+#% Enhanced Defense	1	1	yes	101	110	1	1	0	20	14	-6	1	1	0	ac% 10-20	armo, shld	
prefix	magicprefix.txt	167	Sturdy	+#% Enhanced Defense	1	1	yes	101	110	7	5	-2	30	21	-9	4	3	-1	ac% 21-30	armo, shld	
prefix	magicprefix.txt	168	Strong	+#% Enhanced Defense	1	1	yes	101	110	12	8	-4	40	28	-12	10	9	-1	ac% 31-40	armo, shld	
prefix	magicprefix.txt	169	Glorious	+#% Enhanced Defense	1	1	yes	101	110	24	17	-7	50	35	-15	18	15	-3	ac% 41-50	armo, shld	
prefix	magicprefix.txt	170	Blessed	+#% Enhanced Defense	1	1	yes	101	110	31	22	-9	60	42	-18	25	21	-4	ac% 51-65	armo, shld	
prefix	magicprefix.txt	171	Consecrated	+#% Enhanced Defense	1	1	yes	101	110	39	27	-12	70	49	-21	32	27	-5	ac% 66-80	armo, shld	
prefix	magicprefix.txt	172	Saintly	+#% Enhanced Defense	1	1	yes	101	110	55	39	-16				48	41	-7	ac% 81-100	armo, shld	
prefix	magicprefix.txt	173	Holy	+#% Enhanced Defense	1	1	yes	101	110	67	47	-20				57	48	-9	ac% 101-133	armo, shld	
prefix	magicprefix.txt	174	Hallowed	+#% Enhanced Defense	1	1	yes	101	110	72	50	-22				69	59	-10	ac% 134-166	armo, shld	
prefix	magicprefix.txt	175	Godly	+#% Enhanced Defense	1	1	yes	101	110	79	55	-24				74	63	-11	ac% 167-200	armo, shld	
prefix	magicprefix.txt	176	Godly	+#% Enhanced Defense	1	1	yes	101	110	86	60	-26				75	64	-11	ac% 201-225	armo, shld	
prefix	magicprefix.txt	177	Paradox	+#% Enhanced Defense (Based on Character Level)	1	1	yes	101	24	1	1	0				1	1	0	ac%/lvl(8) -	armo, shld	
prefix	magicprefix.txt	178	Paradox	+#% Enhanced Defense (Based on Character Level)	1	1	yes	101	24	65	46	-19				59	50	-9	ac%/lvl(16) -	armo, shld	
prefix	magicprefix.txt	179	Ghostly	+#% Enhanced Defense & Ethereal & Repairs 1 durability in # seconds	1	1	yes	101	4	41	29	-12				37	31	-6	ac% 25-40; ethereal 1-1; rep-dur(10) -	armo	
prefix	magicprefix.txt	180	Spectral1	+#% Enhanced Defense & Ethereal & Repairs 1 durability in # seconds	1	1	yes	101	4	61	43	-18				51	43	-8	ac% 41-60; ethereal 1-1; rep-dur(10) -	armo	
prefix	magicprefix.txt	181	Phantom1	+#% Enhanced Defense & Ethereal & Repairs 1 durability in # seconds	1	1	yes	101	4	75	53	-22				67	57	-10	ac% 61-80; ethereal 1-1; rep-dur(10) -	armo	
prefix	magicprefix.txt	182	Wraithly1	+#% Enhanced Defense & Ethereal & Repairs 1 durability in # seconds	1	1	yes	101	4	86	60	-26				75	64	-11	ac% 81-100; ethereal 1-1; rep-dur(10) -	armo	
prefix	magicprefix.txt	183	Strengthened1	+#% Enhanced Defense & Damage Reduced by #%	1	1	yes	101	4	5	4	-1				3	3	0	ac% 20-30; red-dmg% 1-3	tors, shld	
prefix	magicprefix.txt	184	Reinforced1	+#% Enhanced Defense & Damage Reduced by #%	1	1	yes	101	4	17	12	-5				14	12	-2	ac% 31-40; red-dmg% 4-5	tors, shld	
prefix	magicprefix.txt	185	Fortified	+#% Enhanced Defense & Damage Reduced by #%	1	1	yes	101	4	29	20	-9				26	22	-4	ac% 41-50; red-dmg% 6-7	tors, shld	
prefix	magicprefix.txt	186	Hardened1	+#% Enhanced Defense & Damage Reduced by #%	1	1	yes	101	4	40	28	-12				37	31	-6	ac% 51-60; red-dmg% 8-10	tors, shld	
prefix	magicprefix.txt	187	Tempered1	+#% Enhanced Defense & Damage Reduced by #%	1	1	yes	101	4	55	39	-16				50	43	-7	ac% 61-70; red-dmg% 11-15	tors, shld	
prefix	magicprefix.txt	188	Treated1	+#% Enhanced Defense & Damage Reduced by #%	1	1	yes	101	4	70	49	-21				67	57	-10	ac% 71-80; red-dmg% 16-20	tors, shld	
prefix	magicprefix.txt	189	Invulnerable1	+#% Enhanced Defense & Damage Reduced by #%	1	1	yes	101	4	86	60	-26				83	71	-12	ac% 81-100; red-dmg% 21-25	tors, shld	
prefix	magicprefix.txt	190	Sage's	+# to All Skills	1	1	yes	125	2	59	41	-18				50	43	-7	allskills 1-1	amul, tors, shld	
prefix	magicprefix.txt	191	Sage's	+# to All Skills	1	1	yes	125	2	85	59	-26				80	68	-12	allskills 1-1	ring	
prefix	magicprefix.txt	192	Omniscient	+# to All Skills	1	1	yes	125	2	86	60	-26				80	68	-12	allskills 2-2	tors, amul	
prefix	magicprefix.txt	193	Maiden's	+# to Amazon Skill Levels	1	1	yes	125	8	36	25	-11				27	23	-4	ama 1-1	amul, circ	
prefix	magicprefix.txt	194	Maiden's	+# to Amazon Skill Levels	1	1	yes	125	2	55	39	-16				47	40	-7	ama 1-1	tors	
prefix	magicprefix.txt	195	Valkyrie's	+# to Amazon Skill Levels	1	1	yes	125	2	86	60	-26				75	64	-11	ama 2-2	tors	
prefix	magicprefix.txt	196	Valkyrie's	+# to Amazon Skill Levels	1	1	yes	125	4	86	60	-26				67	57	-10	ama 2-2	amul, circ	
prefix	magicprefix.txt	197	Maiden's	+# to Amazon Skill Levels	1	1	yes	125	8	30	21	-9				22	19	-3	ama 1-1	miss, spea	
prefix	magicprefix.txt	198	Valkyrie's	+# to Amazon Skill Levels	1	1	yes	125	4	50	35	-15				42	36	-6	ama 2-2	miss, spea	
prefix	magicprefix.txt	199	Monk's	+# to Paladin Skill Levels	1	1	yes	125	2	55	39	-16				47	40	-7	pal 1-1	tors	
prefix	magicprefix.txt	200	Monk's	+# to Paladin Skill Levels	1	1	yes	125	8	36	25	-11				27	23	-4	pal 1-1	amul, circ	
prefix	magicprefix.txt	201	Priest's	+# to Paladin Skill Levels	1	1	yes	125	2	86	60	-26				75	64	-11	pal 2-2	tors	
prefix	magicprefix.txt	202	Priest's	+# to Paladin Skill Levels	1	1	yes	125	4	86	60	-26				67	57	-10	pal 2-2	amul, circ	
prefix	magicprefix.txt	203	Monk's	+# to Paladin Skill Levels	1	1	yes	125	8	30	21	-9				22	19	-3	pal 1-1	scep, ashd	
prefix	magicprefix.txt	204	Priest's	+# to Paladin Skill Levels	1	1	yes	125	4	50	35	-15				42	36	-6	pal 2-2	scep, ashd	
prefix	magicprefix.txt	205	Monk's	+# to Paladin Skill Levels	1	1	yes	125	8	35	25	-10				27	23	-4	pal 1-1	swor, mace, hamm, shld	
prefix	magicprefix.txt	206	Priest's	+# to Paladin Skill Levels	1	1	yes	125	4	65	46	-19				58	49	-9	pal 2-2	swor, mace, hamm, shld	
prefix	magicprefix.txt	207	Summoner's	+# to Necromancer Skill Levels	1	1	yes	125	8	36	25	-11				27	23	-4	nec 1-1	amul, circ	
prefix	magicprefix.txt	208	Summoner's	+# to Necromancer Skill Levels	1	1	yes	125	2	55	39	-16				47	40	-7	nec 1-1	tors	
prefix	magicprefix.txt	209	Necromancer's	+# to Necromancer Skill Levels	1	1	yes	125	2	86	60	-26				75	64	-11	nec 2-2	tors	
prefix	magicprefix.txt	210	Necromancer's	+# to Necromancer Skill Levels	1	1	yes	125	4	86	60	-26				67	57	-10	nec 2-2	amul, circ	
prefix	magicprefix.txt	211	Summoner's	+# to Necromancer Skill Levels	1	1	yes	125	8	30	21	-9				22	19	-3	nec 1-1	wand, knif, head	
prefix	magicprefix.txt	212	Necromancer's	+# to Necromancer Skill Levels	1	1	yes	125	4	50	35	-15				42	36	-6	nec 2-2	wand, knif, head	
prefix	magicprefix.txt	213	Angel's	+# to Sorceress Skill Levels	1	1	yes	125	8	36	25	-11				27	23	-4	sor 1-1	amul, circ	
prefix	magicprefix.txt	214	Angel's	+# to Sorceress Skill Levels	1	1	yes	125	2	55	39	-16				47	40	-7	sor 1-1	tors	
prefix	magicprefix.txt	215	Arch-Angel's	+# to Sorceress Skill Levels	1	1	yes	125	2	86	60	-26				75	64	-11	sor 2-2	tors	
prefix	magicprefix.txt	216	Arch-Angel's	+# to Sorceress Skill Levels	1	1	yes	125	4	86	60	-26				67	57	-10	sor 2-2	amul, circ	
prefix	magicprefix.txt	217	Angel's	+# to Sorceress Skill Levels	1	1	yes	125	8	30	21	-9				22	19	-3	sor 1-1	staf, orb	
prefix	magicprefix.txt	218	Arch-Angel's	+# to Sorceress Skill Levels	1	1	yes	125	4	50	35	-15				42	36	-6	sor 2-2	staf, orb	
prefix	magicprefix.txt	219	Slayer's	+# to Barbarian Skill Levels	1	1	yes	125	8	36	25	-11				27	23	-4	bar 1-1	amul, circ	
prefix	magicprefix.txt	220	Slayer's	+# to Barbarian Skill Levels	1	1	yes	125	2	55	39	-16				47	40	-7	bar 1-1	tors	
prefix	magicprefix.txt	221	Berserker's	+# to Barbarian Skill Levels	1	1	yes	125	2	86	60	-26				75	64	-11	bar 2-2	tors	
prefix	magicprefix.txt	222	Berserker's	+# to Barbarian Skill Levels	1	1	yes	125	4	86	60	-26				67	57	-10	bar 2-2	amul, circ	
prefix	magicprefix.txt	223	Slayer's	+# to Barbarian Skill Levels	1	1	yes	125	8	30	21	-9				22	19	-3	bar 1-1	tkni, axe, spea, club, swor, hamm, mace	jave
prefix	magicprefix.txt	224	Berserker's	+# to Barbarian Skill Levels	1	1	yes	125	2	50	35	-15				42	36	-6	bar 2-2	tkni, axe, spea, club, swor, hamm, mace	jave
prefix	magicprefix.txt	225	Slayer's	+# to Barbarian Skill Levels	1	1	yes	125	8	30	21	-9				22	19	-3	bar 1-1	phlm	
prefix	magicprefix.txt	226	Berserker's	+# to Barbarian Skill Levels	1	1	yes	125	4	50	35	-15				42	36	-6	bar 2-2	phlm	
prefix	magicprefix.txt	227	Shaman's	+# to Druid Skill Levels	1	1	yes	125	8	36	25	-11				27	23	-4	dru 1-1	amul, circ	
prefix	magicprefix.txt	228	Shaman's	+# to Druid Skill Levels	1	1	yes	125	2	55	39	-16				47	40	-7	dru 1-1	tors	
prefix	magicprefix.txt	229	Hierophant's	+# to Druid Skill Levels	1	1	yes	125	2	86	60	-26				75	64	-11	dru 2-2	tors	
prefix	magicprefix.txt	230	Hierophant's	+# to Druid Skill Levels	1	1	yes	125	4	86	60	-26				67	57	-10	dru 2-2	amul, circ	
prefix	magicprefix.txt	231	Shaman's	+# to Druid Skill Levels	1	1	yes	125	8	30	21	-9				22	19	-3	dru 1-1	club, pelt	
prefix	magicprefix.txt	232	Hierophant's	+# to Druid Skill Levels	1	1	yes	125	4	50	35	-15				42	36	-6	dru 2-2	club, pelt	
prefix	magicprefix.txt	233	Magekiller's	+# to Assassin Skill Levels	1	1	yes	125	8	36	25	-11				27	23	-4	ass 1-1	amul, circ	
prefix	magicprefix.txt	234	Magekiller's	+# to Assassin Skill Levels	1	1	yes	125	2	55	39	-16				47	40	-7	ass 1-1	tors	
prefix	magicprefix.txt	235	Witch-hunter's	+# to Assassin Skill Levels	1	1	yes	125	2	86	60	-26				75	64	-11	ass 2-2	tors	
prefix	magicprefix.txt	236	Witch-hunter's	+# to Assassin Skill Levels	1	1	yes	125	4	86	60	-26				67	57	-10	ass 2-2	amul, circ	
prefix	magicprefix.txt	237	Magekiller's	+# to Assassin Skill Levels	1	1	yes	125	8	30	21	-9				22	19	-3	ass 1-1	h2h	
prefix	magicprefix.txt	238	Witch-hunter's	+# to Assassin Skill Levels	1	1	yes	125	4	50	35	-15				42	36	-6	ass 2-2	h2h	
prefix	magicprefix.txt	239	Fletcher's	+# to Bow and Crossbow Skills	1	1	yes	125	2	20	14	-6				15	13	-2	skilltab(0) 1-1	miss, glov	
prefix	magicprefix.txt	240	Bowyer's	+# to Bow and Crossbow Skills	1	1	yes	125	2	40	28	-12				30	26	-4	skilltab(0) 2-2	miss, glov	
prefix	magicprefix.txt	241	Archer's	+# to Bow and Crossbow Skills	1	1	yes	125	2	60	42	-18				45	38	-7	skilltab(0) 3-3	miss, glov	
prefix	magicprefix.txt	242	Acrobat's	+# to Passive and Magic Skills	1	1	yes	125	2	20	14	-6				15	13	-2	skilltab(1) 1-1	glov, amul, circ	
prefix	magicprefix.txt	243	Gymnast's	+# to Passive and Magic Skills	1	1	yes	125	2	40	28	-12				30	26	-4	skilltab(1) 2-2	glov, amul, circ	
prefix	magicprefix.txt	244	Athlete's	+# to Passive and Magic Skills	1	1	yes	125	2	60	42	-18				45	38	-7	skilltab(1) 3-3	glov, amul, circ	
prefix	magicprefix.txt	245	Harpoonist's	+# to Javelin and Spear Skills	1	1	yes	125	2	20	14	-6				15	13	-2	skilltab(2) 1-1	spea, glov	
prefix	magicprefix.txt	246	Spearmaiden's	+# to Javelin and Spear Skills	1	1	yes	125	2	40	28	-12				30	26	-4	skilltab(2) 2-2	spea, glov	
prefix	magicprefix.txt	247	Lancer's	+# to Javelin and Spear Skills	1	1	yes	125	2	60	42	-18				45	38	-7	skilltab(2) 3-3	spea, glov	
prefix	magicprefix.txt	248	Burning	+# to Fire Skills	1	1	yes	125	2	20	14	-6				15	13	-2	skilltab(3) 1-1	staf, orb, amul, circ	
prefix	magicprefix.txt	249	Blazing	+# to Fire Skills	1	1	yes	125	2	40	28	-12				30	26	-4	skilltab(3) 2-2	staf, orb, amul, circ	
prefix	magicprefix.txt	250	Volcanic	+# to Fire Skills	1	1	yes	125	2	60	42	-18				45	38	-7	skilltab(3) 3-3	staf, orb, amul, circ	
prefix	magicprefix.txt	251	Sparking	+# to Lightning Skills	1	1	yes	125	2	20	14	-6				15	13	-2	skilltab(4) 1-1	staf, orb, amul, circ	
prefix	magicprefix.txt	252	Charged	+# to Lightning Skills	1	1	yes	125	2	40	28	-12				30	26	-4	skilltab(4) 2-2	staf, orb, amul, circ	
prefix	magicprefix.txt	253	Powered	+# to Lightning Skills	1	1	yes	125	2	60	42	-18				45	38	-7	skilltab(4) 3-3	staf, orb, amul, circ	
prefix	magicprefix.txt	254	Chilling	+# to Cold Skills	1	1	yes	125	2	20	14	-6				15	13	-2	skilltab(5) 1-1	staf, orb, amul, circ	
prefix	magicprefix.txt	255	Freezing	+# to Cold Skills	1	1	yes	125	2	40	28	-12				30	26	-4	skilltab(5) 2-2	staf, orb, amul, circ	
prefix	magicprefix.txt	256	Glacial	+# to Cold Skills	1	1	yes	125	2	60	42	-18				45	38	-7	skilltab(5) 3-3	staf, orb, amul, circ	
prefix	magicprefix.txt	257	Hexing	+# to Curses	1	1	yes	125	2	20	14	-6				15	13	-2	skilltab(6) 1-1	wand, head, amul, circ	
prefix	magicprefix.txt	258	Blighting	+# to Curses	1	1	yes	125	2	40	28	-12				30	26	-4	skilltab(6) 2-2	wand, head, amul, circ	
prefix	magicprefix.txt	259	Accursed	+# to Curses	1	1	yes	125	2	60	42	-18				45	38	-7	skilltab(6) 3-3	wand, head, amul, circ	
prefix	magicprefix.txt	260	Fungal	+# to Poison and Bone Skills	1	1	yes	125	2	20	14	-6				15	13	-2	skilltab(7) 1-1	wand, head, amul, knif, circ	tkni
prefix	magicprefix.txt	261	Noxious	+# to Poison and Bone Skills	1	1	yes	125	2	40	28	-12				30	26	-4	skilltab(7) 2-2	wand, head, amul, knif, circ	tkni
prefix	magicprefix.txt	262	Venomous	+# to Poison and Bone Skills	1	1	yes	125	2	60	42	-18				45	38	-7	skilltab(7) 3-3	wand, head, amul, knif, circ	tkni
prefix	magicprefix.txt	263	Graverobber's	+# to Summoning Skills	1	1	yes	125	2	20	14	-6				15	13	-2	skilltab(8) 1-1	wand, head, amul, circ	
prefix	magicprefix.txt	264	Vodoun	+# to Summoning Skills	1	1	yes	125	2	40	28	-12				30	26	-4	skilltab(8) 2-2	wand, head, amul, circ	
prefix	magicprefix.txt	265	Golemlord's	+# to Summoning Skills	1	1	yes	125	2	60	42	-18				45	38	-7	skilltab(8) 3-3	wand, head, amul, circ	
prefix	magicprefix.txt	266	Lion Branded	+# to Combat Skills	1	1	yes	125	2	20	14	-6				15	13	-2	skilltab(9) 1-1	scep, swor, mace, shld, ashd, amul, circ	
prefix	magicprefix.txt	267	Hawk Branded	+# to Combat Skills	1	1	yes	125	2	40	28	-12				30	26	-4	skilltab(9) 2-2	scep, swor, mace, shld, ashd, amul, circ	
prefix	magicprefix.txt	268	Rose Branded	+# to Combat Skills	1	1	yes	125	2	60	42	-18				45	38	-7	skilltab(9) 3-3	scep, swor, mace, shld, ashd, amul, circ	
prefix	magicprefix.txt	269	Captain's	+# to Offensive Auras	1	1	yes	125	2	20	14	-6				15	13	-2	skilltab(10) 1-1	scep, swor, mace, shld, ashd, amul, circ	
prefix	magicprefix.txt	270	Commander's	+# to Offensive Auras	1	1	yes	125	2	40	28	-12				30	26	-4	skilltab(10) 2-2	scep, swor, mace, shld, ashd, amul, circ	
prefix	magicprefix.txt	271	Marshal's	+# to Offensive Auras	1	1	yes	125	2	60	42	-18				45	38	-7	skilltab(10) 3-3	scep, swor, mace, shld, ashd, amul, circ	
prefix	magicprefix.txt	272	Preserver's	+# to Defensive Auras	1	1	yes	125	2	20	14	-6				15	13	-2	skilltab(11) 1-1	shld, ashd, amul, circ	
prefix	magicprefix.txt	273	Warder's	+# to Defensive Auras	1	1	yes	125	2	40	28	-12				30	26	-4	skilltab(11) 2-2	shld, ashd, amul, circ	
prefix	magicprefix.txt	274	Guardian's	+# to Defensive Auras	1	1	yes	125	2	60	42	-18				45	38	-7	skilltab(11) 3-3	shld, ashd, amul, circ	
prefix	magicprefix.txt	275	Expert's	+# to Masteries	1	1	yes	125	2	20	14	-6				15	13	-2	skilltab(12) 1-1	phlm, weap, helm	miss, rod
prefix	magicprefix.txt	276	Veteran's	+# to Masteries	1	1	yes	125	2	40	28	-12				30	26	-4	skilltab(12) 2-2	phlm, weap, helm	miss, rod
prefix	magicprefix.txt	277	Master's	+# to Masteries	1	1	yes	125	2	60	42	-18				45	38	-7	skilltab(12) 3-3	phlm, weap, helm	miss, rod
prefix	magicprefix.txt	278	Fanatic	+# to Combat Skills	1	1	yes	125	2	20	14	-6				15	13	-2	skilltab(13) 1-1	phlm, weap, amul	miss, rod
prefix	magicprefix.txt	279	Raging	+# to Combat Skills	1	1	yes	125	2	40	28	-12				30	26	-4	skilltab(13) 2-2	phlm, weap, amul	miss, rod
prefix	magicprefix.txt	280	Furious	+# to Combat Skills	1	1	yes	125	2	60	42	-18				45	38	-7	skilltab(13) 3-3	phlm, weap, amul	miss, rod
prefix	magicprefix.txt	281	Sounding	+# to Warcries	1	1	yes	125	2	20	14	-6				15	13	-2	skilltab(14) 1-1	phlm, weap, amul	miss, rod
prefix	magicprefix.txt	282	Resonant	+# to Warcries	1	1	yes	125	2	40	28	-12				30	26	-4	skilltab(14) 2-2	phlm, weap, amul	miss, rod
prefix	magicprefix.txt	283	Echoing	+# to Warcries	1	1	yes	125	2	60	42	-18				45	38	-7	skilltab(14) 3-3	phlm, weap, amul	miss, rod
prefix	magicprefix.txt	284	Trainer's	+# to Summoning Skills	1	1	yes	125	2	20	14	-6				15	13	-2	skilltab(15) 1-1	club, pelt, amul, circ	
prefix	magicprefix.txt	285	Caretaker's	+# to Summoning Skills	1	1	yes	125	2	40	28	-12				30	26	-4	skilltab(15) 2-2	club, pelt, amul, circ	
prefix	magicprefix.txt	286	Keeper's	+# to Summoning Skills	1	1	yes	125	2	60	42	-18				45	38	-7	skilltab(15) 3-3	club, pelt, amul, circ	
prefix	magicprefix.txt	287	Spiritual	+# to Shape Shifting Skills	1	1	yes	125	2	20	14	-6				15	13	-2	skilltab(16) 1-1	club, pelt, amul, circ	
prefix	magicprefix.txt	288	Feral	+# to Shape Shifting Skills	1	1	yes	125	2	40	28	-12				30	26	-4	skilltab(16) 2-2	club, pelt, amul, circ	
prefix	magicprefix.txt	289	Communal	+# to Shape Shifting Skills	1	1	yes	125	2	60	42	-18				45	38	-7	skilltab(16) 3-3	club, pelt, amul, circ	
prefix	magicprefix.txt	290	Nature's	+# to Elemental Skills	1	1	yes	125	2	20	14	-6				15	13	-2	skilltab(17) 1-1	club, pelt, amul, circ	
prefix	magicprefix.txt	291	Terra's	+# to Elemental Skills	1	1	yes	125	2	40	28	-12				30	26	-4	skilltab(17) 2-2	club, pelt, amul, circ	
prefix	magicprefix.txt	292	Gaea's	+# to Elemental Skills	1	1	yes	125	2	60	42	-18				45	38	-7	skilltab(17) 3-3	club, pelt, amul, circ	
prefix	magicprefix.txt	293	Entrapping	+# to Traps	1	1	yes	125	2	20	14	-6				15	13	-2	skilltab(18) 1-1	h2h, amul, circ	
prefix	magicprefix.txt	294	Trickster's	+# to Traps	1	1	yes	125	2	40	28	-12				30	26	-4	skilltab(18) 2-2	h2h, amul, circ	
prefix	magicprefix.txt	295	Cunning	+# to Traps	1	1	yes	125	2	60	42	-18				45	38	-7	skilltab(18) 3-3	h2h, amul, circ	
prefix	magicprefix.txt	296	Mentalist's	+# to Shadow Disciplines	1	1	yes	125	2	20	14	-6				15	13	-2	skilltab(19) 1-1	h2h, amul, helm, circ	
prefix	magicprefix.txt	297	Psychic	+# to Shadow Disciplines	1	1	yes	125	2	40	28	-12				30	26	-4	skilltab(19) 2-2	h2h, amul, helm, circ	
prefix	magicprefix.txt	298	Shadow	+# to Shadow Disciplines	1	1	yes	125	2	60	42	-18				45	38	-7	skilltab(19) 3-3	h2h, amul, helm, circ	
prefix	magicprefix.txt	299	Shogukusha's	+# to Martial Arts	1	1	yes	125	2	20	14	-6				15	13	-2	skilltab(20) 1-1	h2h, amul, glov, circ	
prefix	magicprefix.txt	300	Sensei's	+# to Martial Arts	1	1	yes	125	2	40	28	-12				30	26	-4	skilltab(20) 2-2	h2h, amul, glov, circ	
prefix	magicprefix.txt	301	Kenshi's	+# to Martial Arts	1	1	yes	125	2	60	42	-18				45	38	-7	skilltab(20) 3-3	h2h, amul, glov, circ	
prefix	magicprefix.txt	302	Gnostics	+2 to [Skill] (Amazon only)	1	1	yes	201	2	35	25	-10				30	26	-4	skill-rand(2) 6-35	amul, circ, belt, ring	
prefix	magicprefix.txt	303	Gnostics	+3 to [Skill] (Amazon only)	1	1	yes	201	2	55	39	-16				50	43	-7	skill-rand(3) 6-35	amul, circ, belt, ring	
prefix	magicprefix.txt	304	Gnostics	+4 to [Skill] (Amazon only)	1	1	yes	201	2	75	53	-22				65	55	-10	skill-rand(4) 6-35	amul, circ, belt, ring	
prefix	magicprefix.txt	305	Gnostics	+5 to [Skill] (Amazon only)	1	1	yes	201	2	85	59	-26				75	64	-11	skill-rand(5) 6-35	amul, circ, belt, ring	
prefix	magicprefix.txt	306	Gnostics	+2 to [Skill] (Paladin only)	1	1	yes	201	2	35	25	-10				30	26	-4	skill-rand(2) 96-125	amul, circ, belt, ring	
prefix	magicprefix.txt	307	Gnostics	+3 to [Skill] (Paladin only)	1	1	yes	201	2	55	39	-16				50	43	-7	skill-rand(3) 96-125	amul, circ, belt, ring	
prefix	magicprefix.txt	308	Gnostics	+4 to [Skill] (Paladin only)	1	1	yes	201	2	75	53	-22				65	55	-10	skill-rand(4) 96-125	amul, circ, belt, ring	
prefix	magicprefix.txt	309	Gnostics	+5 to [Skill] (Paladin only)	1	1	yes	201	2	85	59	-26				75	64	-11	skill-rand(5) 96-125	amul, circ, belt, ring	
prefix	magicprefix.txt	310	Gnostics	+2 to [Skill] (Necromancer only)	1	1	yes	201	2	35	25	-10				30	26	-4	skill-rand(2) 66-95	amul, circ, belt, ring	
prefix	magicprefix.txt	311	Gnostics	+3 to [Skill] (Necromancer only)	1	1	yes	201	2	55	39	-16				50	43	-7	skill-rand(3) 66-95	amul, circ, belt, ring	
prefix	magicprefix.txt	312	Gnostics	+4 to [Skill] (Necromancer only)	1	1	yes	201	2	75	53	-22				65	55	-10	skill-rand(4) 66-95	amul, circ, belt, ring	
prefix	magicprefix.txt	313	Gnostics	+5 to [Skill] (Necromancer only)	1	1	yes	201	2	85	59	-26				75	64	-11	skill-rand(5) 66-95	amul, circ, belt, ring	
prefix	magicprefix.txt	314	Gnostics	+2 to [Skill] (Sorceress only)	1	1	yes	201	2	35	25	-10				30	26	-4	skill-rand(2) 36-65	amul, circ, belt, ring	
prefix	magicprefix.txt	315	Gnostics	+3 to [Skill] (Sorceress only)	1	1	yes	201	2	55	39	-16				50	43	-7	skill-rand(3) 36-65	amul, circ, belt, ring	
prefix	magicprefix.txt	316	Gnostics	+4 to [Skill] (Sorceress only)	1	1	yes	201	2	75	53	-22				65	55	-10	skill-rand(4) 36-65	amul, circ, belt, ring	
prefix	magicprefix.txt	317	Gnostics	+5 to [Skill] (Sorceress only)	1	1	yes	201	2	85	59	-26				80	68	-12	skill-rand(5) 36-65	amul, circ, belt, ring	
prefix	magicprefix.txt	318	Gnostics	+2 to [Skill] (Barbarian only)	1	1	yes	201	2	35	25	-10				30	26	-4	skill-rand(2) 126-155	amul, circ, belt, ring	
prefix	magicprefix.txt	319	Gnostics	+3 to [Skill] (Barbarian only)	1	1	yes	201	2	55	39	-16				50	43	-7	skill-rand(3) 126-155	amul, circ, belt, ring	
prefix	magicprefix.txt	320	Gnostics	+4 to [Skill] (Barbarian only)	1	1	yes	201	2	75	53	-22				65	55	-10	skill-rand(4) 126-155	amul, circ, belt, ring	
prefix	magicprefix.txt	321	Gnostics	+5 to [Skill] (Barbarian only)	1	1	yes	201	2	85	59	-26				75	64	-11	skill-rand(5) 126-155	amul, circ, belt, ring	
prefix	magicprefix.txt	322	Gnostics	+2 to [Skill] (Druid only)	1	1	yes	201	2	35	25	-10				30	26	-4	skill-rand(2) 221-250	ring, amul, circ, belt	
prefix	magicprefix.txt	323	Gnostics	+3 to [Skill] (Druid only)	1	1	yes	201	2	55	39	-16				50	43	-7	skill-rand(3) 221-250	ring, amul, circ, belt	
prefix	magicprefix.txt	324	Gnostics	+4 to [Skill] (Druid only)	1	1	yes	201	2	75	53	-22				65	55	-10	skill-rand(4) 221-250	ring, amul, circ, belt	
prefix	magicprefix.txt	325	Gnostics	+5 to [Skill] (Druid only)	1	1	yes	201	2	85	59	-26				75	64	-11	skill-rand(5) 221-250	ring, amul, circ, belt	
prefix	magicprefix.txt	326	Gnostics	+2 to [Skill] (Assassin only)	1	1	yes	201	2	35	25	-10				30	26	-4	skill-rand(2) 251-280	ring, amul, circ, belt	
prefix	magicprefix.txt	327	Gnostics	+3 to [Skill] (Assassin only)	1	1	yes	201	2	55	39	-16				50	43	-7	skill-rand(3) 251-280	ring, amul, circ, belt	
prefix	magicprefix.txt	328	Gnostics	+4 to [Skill] (Assassin only)	1	1	yes	201	2	75	53	-22				65	55	-10	skill-rand(4) 251-280	ring, amul, circ, belt	
prefix	magicprefix.txt	329	Gnostics	+5 to [Skill] (Assassin only)	1	1	yes	201	2	85	59	-26				75	64	-11	skill-rand(5) 251-280	ring, amul, circ, belt	
prefix	magicprefix.txt	330	Snowflake	Cold Length # of Frames (25 Frames = 1 Second) & +# to Minimum Cold Damage & +# to Maximum Cold Damage	1	1	yes	137	6	25	18	-7	30	21	-9	18	15	-3	cold-len 25-25; cold-min 6-9; cold-max 19-30	weap, circ	
prefix	magicprefix.txt	331	Shivering	Cold Length # of Frames (25 Frames = 1 Second) & +# to Minimum Cold Damage & +# to Maximum Cold Damage	1	1	yes	137	4	35	25	-10				26	22	-4	cold-len 50-50; cold-min 10-15; cold-max 31-45	weap, circ	
prefix	magicprefix.txt	332	Boreal	Cold Length # of Frames (25 Frames = 1 Second) & +# to Minimum Cold Damage & +# to Maximum Cold Damage	1	1	yes	137	2	50	35	-15				40	34	-6	cold-len 75-75; cold-min 16-23; cold-max 46-90	weap, circ	
prefix	magicprefix.txt	333	Hibernal	Cold Length # of Frames (25 Frames = 1 Second) & +# to Minimum Cold Damage & +# to Maximum Cold Damage	1	1	yes	137	2	70	49	-21				60	51	-9	cold-len 100-100; cold-min 24-45; cold-max 91-140	weap	
prefix	magicprefix.txt	334	Ember	+# to Minimum Fire Damage & +# to Maximum Fire Damage	1	1	yes	138	6	25	18	-7	30	21	-9	18	15	-3	fire-min 16-25; fire-max 31-60	weap, circ	
prefix	magicprefix.txt	335	Smoldering	+# to Minimum Fire Damage & +# to Maximum Fire Damage	1	1	yes	138	4	35	25	-10				26	22	-4	fire-min 26-50; fire-max 61-90	weap, circ	
prefix	magicprefix.txt	336	Smoking	+# to Minimum Fire Damage & +# to Maximum Fire Damage	1	1	yes	138	2	47	33	-14				37	31	-6	fire-min 51-80; fire-max 91-130	weap, circ	
prefix	magicprefix.txt	337	Flaming	+# to Minimum Fire Damage & +# to Maximum Fire Damage	1	1	yes	138	2	61	43	-18				51	43	-8	fire-min 81-120; fire-max 131-180	weap	
prefix	magicprefix.txt	338	Scorching	+# to Minimum Fire Damage & +# to Maximum Fire Damage	1	1	yes	138	2	77	54	-23				67	57	-10	fire-min 121-170; fire-max 181-240	weap	
prefix	magicprefix.txt	339	Static	+# to Minimum Lightning Damage & +# to Maximum Lightning Damage	1	1	yes	139	6	25	18	-7	40	28	-12	18	15	-3	ltng-min 1-1; ltng-max 49-120	weap, circ	
prefix	magicprefix.txt	340	Glowing	+# to Minimum Lightning Damage & +# to Maximum Lightning Damage	1	1	yes	139	4	34	24	-10				25	21	-4	ltng-min 1-1; ltng-max 121-180	weap, circ	
prefix	magicprefix.txt	341	Buzzing	+# to Minimum Lightning Damage & +# to Maximum Lightning Damage	1	1	yes	139	2	46	32	-14				36	31	-5	ltng-min 1-1; ltng-max 181-260	weap, circ	
prefix	magicprefix.txt	342	Arcing	+# to Minimum Lightning Damage & +# to Maximum Lightning Damage	1	1	yes	139	2	60	42	-18				50	43	-7	ltng-min 1-1; ltng-max 261-360	weap	
prefix	magicprefix.txt	343	Shocking	+# to Minimum Lightning Damage & +# to Maximum Lightning Damage	1	1	yes	139	2	76	53	-23				66	56	-10	ltng-min 1-1; ltng-max 361-480	weap	
prefix	magicprefix.txt	344	Septic	+# to Minimum Poison Damage & +# to Maximum Poison Damage	1	1	yes	140	6	1	1	0	30	21	-9	1	1	0	dmg-pois(50) 31-31	weap, circ	
prefix	magicprefix.txt	345	Envenomed	+# to Minimum Poison Damage & +# to Maximum Poison Damage	1	1	yes	140	4	10	7	-3				7	6	-1	dmg-pois(75) 41-41	weap, circ	
prefix	magicprefix.txt	346	Corosive	+# to Minimum Poison Damage & +# to Maximum Poison Damage	1	1	yes	140	2	20	14	-6				15	13	-2	dmg-pois(100) 205-205	weap, circ	
prefix	magicprefix.txt	347	Toxic	+# to Minimum Poison Damage & +# to Maximum Poison Damage	1	1	yes	140	2	35	25	-10				26	22	-4	dmg-pois(125) 308-308	weap	
prefix	magicprefix.txt	348	Pestilent	+# to Minimum Poison Damage & +# to Maximum Poison Damage	1	1	yes	140	2	50	35	-15				37	31	-6	dmg-pois(150) 470-470	weap	
prefix	magicprefix.txt	349	Azure	Cold Resist +#%	1	1	yes	117	4	5	4	-1	30	21	-9	3	3	0	res-cold 5-10	armo, weap, ring, amul, orb, circ	
prefix	magicprefix.txt	350	Lapis	Cold Resist +#%	1	1	yes	117	8	12	8	-4				9	8	-1	res-cold 11-20	armo, ring, amul, orb, circ	
prefix	magicprefix.txt	351	Lapis	Cold Resist +#%	1	1	yes	117	4	35	25	-10				26	22	-4	res-cold 11-20	weap	orb
prefix	magicprefix.txt	352	Cobalt	Cold Resist +#%	1	1	yes	117	6	18	13	-5				13	11	-2	res-cold 21-30	armo, ring, amul, orb, circ	
prefix	magicprefix.txt	353	Cobalt	Cold Resist +#%	1	1	yes	117	4	55	39	-16				41	35	-6	res-cold 21-30	weap	orb
prefix	magicprefix.txt	354	Sapphire	Cold Resist +#%	1	1	yes	117	6	25	18	-7				18	15	-3	res-cold 31-40	rod, boot, amul, orb, circ	
prefix	magicprefix.txt	355	Lapis Lazuli	Cold Resist +#%	1	1	yes	117	8	2	1	-1	45	31	-14	1	1	0	res-cold 5-10	jewl	
prefix	magicprefix.txt	356	Sapphire	Cold Resist +#%	1	1	yes	117	8	19	13	-6				14	12	-2	res-cold 16-30	jewl	
prefix	magicprefix.txt	357	Russet	Fire Resist +#%	1	1	yes	118	8	12	8	-4	30	21	-9	9	8	-1	res-fire 11-20	armo, ring, amul, orb, circ	
prefix	magicprefix.txt	358	Russet	Fire Resist +#%	1	1	yes	118	2	35	25	-10				26	22	-4	res-fire 11-20	weap	orb
prefix	magicprefix.txt	359	Garnet	Fire Resist +#%	1	1	yes	118	6	18	13	-5				13	11	-2	res-fire 21-30	armo, ring, amul, orb, circ	
prefix	magicprefix.txt	360	Garnet	Fire Resist +#%	1	1	yes	118	2	55	39	-16				41	35	-6	res-fire 21-30	weap	orb
prefix	magicprefix.txt	361	Ruby	Fire Resist +#%	1	1	yes	118	6	25	18	-7				18	15	-3	res-fire 31-40	rod, boot, amul, orb, circ	
prefix	magicprefix.txt	362	Garnet	Fire Resist +#%	1	1	yes	117	8	2	1	-1	45	31	-14	1	1	0	res-fire 5-15	jewl	
prefix	magicprefix.txt	363	Ruby	Fire Resist +#%	1	1	yes	117	8	18	13	-5				13	11	-2	res-fire 16-30	jewl	
prefix	magicprefix.txt	364	Tangerine	Lightning Resist +#%	1	1	yes	119	8	5	4	-1	30	21	-9	3	3	0	res-ltng 5-10	armo, weap, ring, amul, orb, circ	
prefix	magicprefix.txt	365	Ocher	Lightning Resist +#%	1	1	yes	119	8	12	8	-4				9	8	-1	res-ltng 11-20	armo, ring, amul, orb, circ	
prefix	magicprefix.txt	366	Ocher	Lightning Resist +#%	1	1	yes	119	2	35	25	-10				26	22	-4	res-ltng 11-20	weap	orb
prefix	magicprefix.txt	367	Coral	Lightning Resist +#%	1	1	yes	119	6	18	13	-5				13	11	-2	res-ltng 21-30	armo, ring, amul, orb, circ	
prefix	magicprefix.txt	368	Coral	Lightning Resist +#%	1	1	yes	119	2	55	39	-16				41	35	-6	res-ltng 21-30	weap	orb
prefix	magicprefix.txt	369	Amber	Lightning Resist +#%	1	1	yes	119	6	25	18	-7				18	15	-3	res-ltng 31-40	rod, boot, amul, orb, circ	
prefix	magicprefix.txt	370	Camphor	Lightning Resist +#%	1	1	yes	117	8	2	1	-1	45	31	-14	1	1	0	res-ltng 5-15	jewl	
prefix	magicprefix.txt	371	Ambergris	Lightning Resist +#%	1	1	yes	117	8	19	13	-6				14	12	-2	res-ltng 16-30	jewl	
prefix	magicprefix.txt	372	Beryl	Poison Resist +#%	1	1	yes	120	8	5	4	-1	30	21	-9	3	3	0	res-pois 5-10	armo, weap, ring, amul, orb, circ	
prefix	magicprefix.txt	373	Viridian	Poison Resist +#%	1	1	yes	120	8	12	8	-4				9	8	-1	res-pois 11-20	armo, ring, amul, orb, circ	
prefix	magicprefix.txt	374	Viridian	Poison Resist +#%	1	1	yes	120	2	35	25	-10				26	22	-4	res-pois 11-20	weap	orb
prefix	magicprefix.txt	375	Jade	Poison Resist +#%	1	1	yes	120	6	18	13	-5				13	11	-2	res-pois 21-30	armo, ring, amul, orb, circ	
prefix	magicprefix.txt	376	Jade	Poison Resist +#%	1	1	yes	120	2	55	39	-16				41	35	-6	res-pois 21-30	weap	orb
prefix	magicprefix.txt	377	Emerald	Poison Resist +#%	1	1	yes	120	6	25	18	-7				18	15	-3	res-pois 31-40	rod, boot, amul, orb, circ	
prefix	magicprefix.txt	378	Beryl	Poison Resist +#%	1	1	yes	117	8	2	1	-1	45	31	-14	1	1	0	res-pois 5-15	jewl	
prefix	magicprefix.txt	379	Jade	Poison Resist +#%	1	1	yes	117	8	19	13	-6				14	12	-2	res-pois 16-30	jewl	
prefix	magicprefix.txt	380	Shimmering	All Resistances +#	1	1	yes	116	10	6	4	-2	30	21	-9	4	3	-1	res-all 3-7	shld	
prefix	magicprefix.txt	381	Rainbow	All Resistances +#	1	1	yes	116	10	18	13	-5	50	35	-15	13	11	-2	res-all 8-11	shld	
prefix	magicprefix.txt	382	Scintillating	All Resistances +#	1	1	yes	116	10	28	20	-8	70	49	-21	21	18	-3	res-all 12-15	shld	
prefix	magicprefix.txt	383	Prismatic	All Resistances +#	1	1	yes	116	8	39	27	-12				31	26	-5	res-all 16-20	shld	
prefix	magicprefix.txt	384	Chromatic	All Resistances +#	1	1	yes	116	8	50	35	-15				42	36	-6	res-all 21-30	shld	
prefix	magicprefix.txt	385	Shimmering	All Resistances +#	1	1	yes	116	10	8	6	-2	30	21	-9	6	5	-1	res-all 3-7	amul, circ	
prefix	magicprefix.txt	386	Rainbow	All Resistances +#	1	1	yes	116	10	21	15	-6	60	42	-18	15	13	-2	res-all 8-11	amul, circ	
prefix	magicprefix.txt	387	Scintillating	All Resistances +#	1	1	yes	116	10	34	24	-10				25	21	-4	res-all 12-15	amul, circ	
prefix	magicprefix.txt	388	Prismatic	All Resistances +#	1	1	yes	116	8	42	29	-13				31	26	-5	res-all 16-20	amul, circ	
prefix	magicprefix.txt	389	Chromatic	All Resistances +#	1	1	yes	116	6	55	39	-16				41	35	-6	res-all 21-30	amul, circ	
prefix	magicprefix.txt	390	Shimmering	All Resistances +#	1	1	yes	116	6	45	31	-14				37	31	-6	res-all 5-8	ring	
prefix	magicprefix.txt	391	Rainbow	All Resistances +#	1	1	yes	116	4	56	39	-17				48	41	-7	res-all 9-12	ring	
prefix	magicprefix.txt	392	Scintillating	All Resistances +#	1	1	yes	116	4	67	47	-20				59	50	-9	res-all 13-17	ring	
prefix	magicprefix.txt	393	Shimmering	All Resistances +#	1	1	yes	116	2	16	11	-5				12	10	-2	res-all 5-10	jewl	
prefix	magicprefix.txt	394	Scintillating	All Resistances +#	1	1	yes	116	2	34	24	-10				26	22	-4	res-all 11-15	jewl	
prefix	magicprefix.txt	395	Lizard's	+# to Mana	1	1	yes	115	8	3	2	-1	40	28	-12	2	2	0	mana 3-5	armo, ring, amul, rod, orb	
prefix	magicprefix.txt	396	Snake's	+# to Mana	1	1	yes	115	8	6	4	-2	60	42	-18	4	3	-1	mana 5-10	shld, rod, belt, ring, amul, circ	
prefix	magicprefix.txt	397	Serpent's	+# to Mana	1	1	yes	115	6	14	10	-4				10	9	-1	mana 11-20	shld, rod, belt, ring, amul, circ	
prefix	magicprefix.txt	398	Serpent's	+# to Mana	1	1	yes	115	4	37	26	-11				27	23	-4	mana 11-20	tors, boot, glov, weap, orb	rod
prefix	magicprefix.txt	399	Drake's	+# to Mana	1	1	yes	115	4	20	14	-6	40	28	-12	15	13	-2	mana 21-30	rod, ring, amul, orb, circ	
prefix	magicprefix.txt	400	Dragon's	+# to Mana	1	1	yes	115	4	24	17	-7	60	42	-18	18	15	-3	mana 31-40	rod, ring, amul, orb, circ	
prefix	magicprefix.txt	401	Dragon's	+# to Mana	1	1	yes	115	4	52	36	-16				39	33	-6	mana 31-40	tors, boot, glov	
prefix	magicprefix.txt	402	Wyrm's	+# to Mana	1	1	yes	115	4	30	21	-9				22	19	-3	mana 41-60	rod, ring, amul, orb, circ	
prefix	magicprefix.txt	403	Great Wyrm's	+# to Mana	1	1	yes	115	4	37	26	-11				29	25	-4	mana 61-90	rod, ring, amul, orb, circ	
prefix	magicprefix.txt	404	Bahamut's	+# to Mana	1	1	yes	115	4	45	31	-14				37	31	-6	mana 91-120	rod, ring, amul, orb, circ	
prefix	magicprefix.txt	405	Zircon	+# to Mana	1	1	yes	115	4	3	2	-1	40	28	-12	2	2	0	mana 5-10	jewl	
prefix	magicprefix.txt	406	Jacinth	+# to Mana	1	1	yes	115	4	17	12	-5	70	49	-21	12	10	-2	mana 11-15	jewl	
prefix	magicprefix.txt	407	Turquoise	+# to Mana	1	1	yes	115	4	29	20	-9				21	18	-3	mana 16-20	jewl	
prefix	magicprefix.txt	408	Mnemonic	+# to Mana (Based on Character Level)	1	1	yes	115	2	25	18	-7				18	15	-3	mana/lvl(6) -	helm	
prefix	magicprefix.txt	409	Triumphant	+# to Mana after each Kill	1	1	yes	121	8	3	2	-1	20	14	-6	2	2	0	mana-kill 1-1	amul, ring, circ	
prefix	magicprefix.txt	410	Victorious	+# to Mana after each Kill	1	1	yes	121	8	17	12	-5				12	10	-2	mana-kill 2-5	weap	
prefix	magicprefix.txt	411	Aureolin	+# to Mana after each Kill	1	1	yes	121	8	22	15	-7				16	14	-2	mana-kill 1-3	jewl	
prefix	magicprefix.txt	412	Vulpine	#% Damage Taken Goes To Mana	1	1	yes	107	6	9	6	-3				6	5	-1	dmg-to-mana 7-12	shld, amul, orb, staf	
prefix	magicprefix.txt	413	Dun	#% Damage Taken Goes To Mana	1	1	yes	107	6	7	5	-2				5	4	-1	dmg-to-mana 7-12	jewl	
prefix	magicprefix.txt	414	Glimmering	+# to Light Radius	1	1	yes	112	2	1	1	0	15	11	-4	1	1	0	light 1-1	armo, wand, staf, ring, amul, orb	
prefix	magicprefix.txt	415	Glowing	+# to Light Radius	1	1	yes	112	2	6	4	-2	25	18	-7	4	3	-1	light 2-2	armo, wand, staf, ring, amul, orb	
prefix	magicprefix.txt	416	Bright	+# to Light Radius & +# to Attack Rating	1	1	yes	112	2	1	1	0				1	1	0	light 1-1; att 10-10	jewl	
prefix	magicprefix.txt	417	Felicitous	#% Better Chance of Getting Magic Items	1	1	yes	114	8	5	4	-1				3	3	0	mag% 5-10	ring, amul, circ	
prefix	magicprefix.txt	418	Fortuitous	#% Better Chance of Getting Magic Items	1	1	yes	114	8	12	8	-4				8	7	-1	mag% 11-15	ring, amul, circ	
prefix	magicprefix.txt	419	Emerald	#% Better Chance of Getting Magic Items	1	1	yes	114	8	16	11	-5				12	10	-2	mag% 3-7	jewl	
prefix	magicprefix.txt	420	Mechanist's	Socketed (#)	1	1	yes	122	6	10	7	-3				7	6	-1	sock 1-2	weap, shld, helm, tors, circ	thro
prefix	magicprefix.txt	421	Artificer's	Socketed (#)	1	1	yes	122	4	33	23	-10				25	21	-4	sock(3) -	weap, shld, helm, tors	thro
prefix	magicprefix.txt	422	Jeweler's	Socketed (#)	1	1	yes	122	2	55	39	-16				47	40	-7	sock(4) -	weap, shld, helm, tors	thro
prefix	magicprefix.txt	423	Compact	Increased Stack Size	1	1	yes	141	12	1	1	0				1	1	0	stack 20-40	thro	
prefix	magicprefix.txt	424	Thin	Increased Stack Size	1	1	yes	141	10	17	12	-5				12	10	-2	stack 41-80	thro	
prefix	magicprefix.txt	425	Dense	Increased Stack Size	1	1	yes	141	8	38	27	-11				30	26	-4	stack 81-120	thro	
prefix	magicprefix.txt	426	Devious	Damage Reduced by #	1	1	yes	102	10	7	5	-2	30	21	-9	5	4	-1	red-mag 1-1	shld, circ, orb, wand, staf	
prefix	magicprefix.txt	427	Blank	Damage Reduced by #	1	1	yes	102	8	14	10	-4	50	35	-15	10	9	-1	red-mag 2-3	shld, circ, orb, wand, staf	
prefix	magicprefix.txt	428	Null	Damage Reduced by #	1	1	yes	102	8	21	15	-6				16	14	-2	red-mag 4-5	shld, circ, orb, wand, staf	
prefix	magicprefix.txt	429	Antimagic	Damage Reduced by #	1	1	yes	102	8	28	20	-8				21	18	-3	red-mag 6-10	shld, circ, orb, wand, staf	
prefix	magicprefix.txt	430	Devious	Magic Resist +#%	1	1	yes	102	10	25	18	-7	50	35	-15	22	19	-3	res-mag 3-5	shld, tors, orb, wand, staf	
prefix	magicprefix.txt	431	Blank	Magic Resist +#%	1	1	yes	102	8	47	33	-14	75	53	-22	42	36	-6	res-mag 6-10	shld, tors, orb, wand, staf	
prefix	magicprefix.txt	432	Null	Magic Resist +#%	1	1	yes	102	8	69	48	-21				61	52	-9	res-mag 11-15	shld, tors, orb, wand, staf	
prefix	magicprefix.txt	433	Antimagic	Magic Resist +#%	1	1	yes	102	8	86	60	-26				80	68	-12	res-mag 16-20	shld, tors, orb, wand, staf	
prefix	magicprefix.txt	434	Screaming	Hit Causes Monster to Flee #%	1	1	yes	113	6	10	7	-3	25	18	-7	7	6	-1	howl 32-32	weap	miss, swor, axe
prefix	magicprefix.txt	435	Howling	Hit Causes Monster to Flee #%	1	1	yes	113	6	16	11	-5	50	35	-15	12	10	-2	howl 64-64	weap	miss, swor, axe
prefix	magicprefix.txt	436	Wailing	Hit Causes Monster to Flee #%	1	1	yes	113	6	20	14	-6				13	11	-2	howl 128-128	weap	miss, swor, axe
prefix	magicprefix.txt	437	Screaming	Hit Causes Monster to Flee #%	1	1	yes	113	8	10	7	-3	25	18	-7	7	6	-1	howl 32-32	miss	
prefix	magicprefix.txt	438	Howling	Hit Causes Monster to Flee #%	1	1	yes	113	8	16	11	-5	50	35	-15	12	10	-2	howl 64-64	miss	
prefix	magicprefix.txt	439	Wailing	Hit Causes Monster to Flee #%	1	1	yes	113	8	24	17	-7				18	15	-3	howl 128-128	miss	
prefix	magicprefix.txt	440	Impacting1	#% Chance of Crushing Blow	1	1	yes	202	4	18	13	-5	49	34	-15	15	13	-2	crush 5-10	glov	
prefix	magicprefix.txt	441	Fracturing1	#% Chance of Crushing Blow	1	1	yes	202	4	45	31	-14				40	34	-6	crush 11-15	glov	
prefix	magicprefix.txt	442	Crushing1	#% Chance of Crushing Blow	1	1	yes	202	4	70	49	-21				63	54	-9	crush 16-20	glov	
prefix	magicprefix.txt	443	Deadly	#% Chance of Deadly Strike	1	1	yes	202	4	18	13	-5	49	34	-15	15	13	-2	deadly 5-10	glov	
prefix	magicprefix.txt	444	Lethal	#% Chance of Deadly Strike	1	1	yes	202	4	45	31	-14				40	34	-6	deadly 11-15	glov	
prefix	magicprefix.txt	445	Fatal	#% Chance of Deadly Strike	1	1	yes	202	4	70	49	-21				63	54	-9	deadly 16-20	glov	
prefix	magicprefix.txt	446	Elemental1	Adds #-# Fire/Lightning/Cold Damage	1	1	yes	203	4	24	17	-7	50	35	-15	23	20	-3	dmg-elem(50) 1-20	weap	
prefix	magicprefix.txt	447	Elemental1	Adds #-# Fire/Lightning/Cold Damage	1	1	yes	203	4	49	34	-15				44	37	-7	dmg-elem(75) 21-50	weap	
prefix	magicprefix.txt	448	Elemental1	Adds #-# Fire/Lightning/Cold Damage	1	1	yes	203	2	68	48	-20				63	54	-9	dmg-elem(100) 51-125	weap	
prefix	magicprefix.txt	449	Elemental1	Adds #-# Fire/Lightning/Cold Damage	1	1	yes	203	2	80	56	-24				77	65	-12	dmg-elem(125) 64-200	weap	
prefix	magicprefix.txt	450	Loremaster's1	+#% to Experience Gained	1	1	yes	204	10	19	13	-6				14	12	-2	addxp 1-1	weap, armo, shld, amul, ring	
prefix	magicprefix.txt	451	Loremaster's1	+#% to Experience Gained	1	1	yes	204	8	33	23	-10				27	23	-4	addxp 2-2	weap, armo, shld, amul, ring	
prefix	magicprefix.txt	452	Sage's	+#% to Experience Gained	1	1	yes	204	6	51	36	-15				46	39	-7	addxp 3-3	weap, armo, shld, amul, ring	
prefix	magicprefix.txt	453	Sage's	+#% to Experience Gained	1	1	yes	204	4	74	52	-22				68	58	-10	addxp 4-4	ring, amul, circ	
prefix	magicprefix.txt	454	Master Sage's	+#% to Experience Gained	1	1	yes	204	2	87	61	-26				81	69	-12	addxp 5-5	amul	
prefix	magicprefix.txt	455	Deadly	+# Kick Damage	1	1	yes	205	4	4	3	-1				7	6	-1	kick 1-1	boot	
prefix	magicprefix.txt	456	Deadly	+# Kick Damage	1	1	yes	205	4	15	11	-4				11	9	-2	kick 2-2	boot	
prefix	magicprefix.txt	457	Brutal	+# Kick Damage	1	1	yes	205	4	28	20	-8				20	17	-3	kick 3-4	boot	
prefix	magicprefix.txt	458	Brutal	+# Kick Damage	1	1	yes	205	4	39	27	-12				32	27	-5	kick 5-6	boot	
prefix	magicprefix.txt	459	Savage	+# Kick Damage	1	1	yes	205	4	51	36	-15				43	37	-6	kick 7-8	boot	
prefix	magicprefix.txt	460	Savage	+# Kick Damage	1	1	yes	205	4	64	45	-19				52	44	-8	kick 9-10	boot	
prefix	magicprefix.txt	461	Bronze-Wrought	+#% Enhanced Damage & Durability: # of #	1	1	yes	206	4	7	5	-2				1	1	0	dmg% 10-15; dur 5-5	weap	orb, wand
prefix	magicprefix.txt	462	Iron-Wrought	+#% Enhanced Damage & Durability: # of #	1	1	yes	206	4	15	11	-4				4	3	-1	dmg% 16-25; dur 6-10	weap	orb, wand
prefix	magicprefix.txt	463	Steel-Wrought	+#% Enhanced Damage & Durability: # of #	1	1	yes	206	4	26	18	-8				9	8	-1	dmg% 26-35; dur 11-15	weap	orb, wand
prefix	magicprefix.txt	464	Silver-Wrought	+#% Enhanced Damage & Durability: # of #	1	1	yes	206	4	35	25	-10				18	15	-3	dmg% 36-45; dur 16-20	weap	orb, wand
prefix	magicprefix.txt	465	Platimum-Wrought	+#% Enhanced Damage & Durability: # of #	1	1	yes	206	4	47	33	-14				30	26	-4	dmg% 46-55; dur 21-30	weap	orb, wand
prefix	magicprefix.txt	466	Titanium-Wrought	+#% Enhanced Damage & Durability: # of #	1	1	yes	206	4	61	43	-18				45	38	-7	dmg% 56-65; dur 31-45	weap	orb, wand
prefix	magicprefix.txt	467	Mithril-Wrought	+#% Enhanced Damage & Durability: # of #	1	1	yes	206	4	73	51	-22				55	47	-8	dmg% 66-80; dur 46-59	weap	orb, wand
prefix	magicprefix.txt	468	Adamantine-Wrought	+#% Enhanced Damage & Durability: # of #	1	1	yes	206	4	87	61	-26				65	55	-10	dmg% 81-100; dur 60-75	weap	orb, wand
prefix	magicprefix.txt	469	Bronze-Wrought	+#% Enhanced Defense & Durability: # of #	1	1	yes	206	4	7	5	-2				1	1	0	ac% 3-5; dur 5-5	weap	orb, wand
prefix	magicprefix.txt	470	Iron-Wrought	+#% Enhanced Defense & Durability: # of #	1	1	yes	206	4	15	11	-4				4	3	-1	ac% 6-9; dur 6-10	armo, shld	
prefix	magicprefix.txt	471	Steel-Wrought	+#% Enhanced Defense & Durability: # of #	1	1	yes	206	4	26	18	-8				9	8	-1	ac% 10-15; dur 11-15	armo, shld	
prefix	magicprefix.txt	472	Silver-Wrought	+#% Enhanced Defense & Durability: # of #	1	1	yes	206	4	35	25	-10				18	15	-3	ac% 16-20; dur 16-20	armo, shld	
prefix	magicprefix.txt	473	Platimum-Wrought	+#% Enhanced Defense & Durability: # of #	1	1	yes	206	4	47	33	-14				30	26	-4	ac% 21-30; dur 21-30	armo, shld	
prefix	magicprefix.txt	474	Titanium-Wrought	+#% Enhanced Defense & Durability: # of #	1	1	yes	206	4	61	43	-18				45	38	-7	ac% 31-40; dur 31-45	armo, shld	
prefix	magicprefix.txt	475	Mithril-Wrought	+#% Enhanced Defense & Durability: # of #	1	1	yes	206	4	73	51	-22				55	47	-8	ac% 41-50; dur 46-59	armo, shld	
prefix	magicprefix.txt	476	Adamantine-Wrought	+#% Enhanced Defense & Durability: # of #	1	1	yes	206	4	87	61	-26				65	55	-10	ac% 51-75; dur 60-75	armo, shld	
prefix	magicprefix.txt	477	Aureole	Might	1	1	yes	207	2	10	7	-3				6	5	-1	aura(98) 1-3	tors	
prefix	magicprefix.txt	478	Aureole	Prayer	1	1	yes	207	2	10	7	-3				6	5	-1	aura(99) 1-3	tors	
prefix	magicprefix.txt	479	Aureole	Holy Fire	1	1	yes	207	2	18	13	-5				12	10	-2	aura(102) 1-3	tors	
prefix	magicprefix.txt	480	Aureole	Thorns	1	1	yes	207	2	18	13	-5				12	10	-2	aura(103) 1-3	tors	
prefix	magicprefix.txt	481	Aureole	Defiance	1	1	yes	207	2	18	13	-5				12	10	-2	aura(104) 1-3	tors	
prefix	magicprefix.txt	482	Aureole	Blessed Aim	1	1	yes	207	2	18	13	-5				12	10	-2	aura(108) 1-3	tors	
prefix	magicprefix.txt	483	Aureole	Cleansing	1	1	yes	207	2	29	20	-9				18	15	-3	aura(109) 1-3	tors	
prefix	magicprefix.txt	484	Aureole	Concentration	1	1	yes	207	2	31	22	-9				20	17	-3	aura(113) 1-3	tors	
prefix	magicprefix.txt	485	Aureole	Holy Freeze	1	1	yes	207	2	35	25	-10				24	20	-4	aura(114) 1-3	tors	
prefix	magicprefix.txt	486	Aureole	Vigor	1	1	yes	207	2	37	26	-11				25	21	-4	aura(115) 1-3	tors	
prefix	magicprefix.txt	487	Aureole	Sanctuary	1	1	yes	207	2	41	29	-12				30	26	-4	aura(119) 1-3	tors	
prefix	magicprefix.txt	488	Aureole	Meditation	1	1	yes	207	2	46	32	-14				34	29	-5	aura(120) 1-3	tors	
prefix	magicprefix.txt	489	Aureole	Fanaticism	1	1	yes	207	2	53	37	-16				40	34	-6	aura(122) 1-3	tors	
prefix	magicprefix.txt	490	Aureole	Conviction	1	1	yes	207	2	57	40	-17				45	38	-7	aura(123) 1-3	tors	
prefix	magicprefix.txt	491	Aureole	Salvation	1	1	yes	207	2	62	43	-19				48	41	-7	aura(125) 1-3	tors	
prefix	magicprefix.txt	492	Pyromaniac's2	-#% to Enemy Fire Resistance	1	1	yes	209	2	33	23	-10				33	28	-5	pierce-fire 3-5	wand, orb, staf, helm	
prefix	magicprefix.txt	493	Pyromaniac's2	-#% to Enemy Fire Resistance	1	1	yes	209	2	55	39	-16				55	47	-8	pierce-fire 6-9	wand, orb, staf, helm	
prefix	magicprefix.txt	494	Pyromaniac's2	-#% to Enemy Fire Resistance	1	1	yes	209	2	77	54	-23				77	65	-12	pierce-fire 10-12	wand, orb, staf	
prefix	magicprefix.txt	495	Frost Wyrm's2	-#% to Enemy Cold Resistance	1	1	yes	209	2	33	23	-10				33	28	-5	pierce-cold 3-5	wand, orb, staf, helm	
prefix	magicprefix.txt	496	Frost Wyrm's2	-#% to Enemy Cold Resistance	1	1	yes	209	2	55	39	-16				55	47	-8	pierce-cold 6-9	wand, orb, staf, helm	
prefix	magicprefix.txt	497	Frost Wyrm's2	-#% to Enemy Cold Resistance	1	1	yes	209	2	77	54	-23				77	65	-12	pierce-cold 10-12	wand, orb, staf	
prefix	magicprefix.txt	498	Zeus's2	-#% to Enemy Lightning Resistance	1	1	yes	209	2	33	23	-10				33	28	-5	pierce-ltng 3-5	wand, orb, staf, helm	
prefix	magicprefix.txt	499	Zeus's2	-#% to Enemy Lightning Resistance	1	1	yes	209	2	55	39	-16				55	47	-8	pierce-ltng 6-9	wand, orb, staf, helm	
prefix	magicprefix.txt	500	Zeus's2	-#% to Enemy Lightning Resistance	1	1	yes	209	2	77	54	-23				77	65	-12	pierce-ltng 10-12	wand, orb, staf	
prefix	magicprefix.txt	501	Manticore's2	-#% to Enemy Poison Resistance	1	1	yes	209	2	33	23	-10				33	28	-5	pierce-pois 3-5	wand, staf, helm	
prefix	magicprefix.txt	502	Manticore's2	-#% to Enemy Poison Resistance	1	1	yes	209	2	55	39	-16				55	47	-8	pierce-pois 6-9	wand, staf, helm	
prefix	magicprefix.txt	503	Manticore's2	-#% to Enemy Poison Resistance	1	1	yes	209	2	77	54	-23				77	65	-12	pierce-pois 10-12	wand, staf	
prefix	magicprefix.txt	504	Pyromaniac's2	+#% to Fire Skill Damage	1	1	yes	209	2	33	23	-10				33	28	-5	extra-fire 3-5	wand, orb, staf, helm	
prefix	magicprefix.txt	505	Pyromaniac's2	+#% to Fire Skill Damage	1	1	yes	209	2	55	39	-16				55	47	-8	extra-fire 6-9	wand, orb, staf, helm	
prefix	magicprefix.txt	506	Pyromaniac's2	+#% to Fire Skill Damage	1	1	yes	209	2	77	54	-23				77	65	-12	extra-fire 10-12	wand, orb, staf	
prefix	magicprefix.txt	507	Frost Wyrm's2	+#% to Cold Skill Damage	1	1	yes	209	2	33	23	-10				33	28	-5	extra-cold 3-5	wand, orb, staf, helm	
prefix	magicprefix.txt	508	Frost Wyrm's2	+#% to Cold Skill Damage	1	1	yes	209	2	55	39	-16				55	47	-8	extra-cold 6-9	wand, orb, staf, helm	
prefix	magicprefix.txt	509	Frost Wyrm's2	+#% to Cold Skill Damage	1	1	yes	209	2	77	54	-23				77	65	-12	extra-cold 10-12	wand, orb, staf	
prefix	magicprefix.txt	510	Zeus's2	+#% to Lightning Skill Damage	1	1	yes	209	2	33	23	-10				33	28	-5	extra-ltng 3-5	wand, orb, staf, helm	
prefix	magicprefix.txt	511	Zeus's2	+#% to Lightning Skill Damage	1	1	yes	209	2	55	39	-16				55	47	-8	extra-ltng 6-9	wand, orb, staf, helm	
prefix	magicprefix.txt	512	Zeus's2	+#% to Lightning Skill Damage	1	1	yes	209	2	77	54	-23				77	65	-12	extra-ltng 10-12	wand, orb, staf	
prefix	magicprefix.txt	513	Manticore's2	+#% to Poison Skill Damage	1	1	yes	209	2	33	23	-10				33	28	-5	extra-pois 3-5	wand, staf, helm	
prefix	magicprefix.txt	514	Manticore's2	+#% to Poison Skill Damage	1	1	yes	209	2	55	39	-16				55	47	-8	extra-pois 6-9	wand, staf, helm	
prefix	magicprefix.txt	515	Manticore's2	+#% to Poison Skill Damage	1	1	yes	209	2	77	54	-23				77	65	-12	extra-pois 10-12	wand, staf	
prefix	magicprefix.txt	516	Charged1	Magic Arrow	1	1	yes	44	1	1	1	0	12	8	-4	1	1	0	charged(6) 300-1	miss, abow, glov	
prefix	magicprefix.txt	517	Charged1	Magic Arrow	1	1	yes	44	1	8	6	-2	25	18	-7	10	9	-1	charged(6) 300-10	miss, abow, glov	
prefix	magicprefix.txt	518	Charged1	Fire Arrow	1	1	yes	44	1	1	1	0	18	13	-5	1	1	0	charged(7) 300-1	miss, abow, glov	
prefix	magicprefix.txt	519	Charged1	Fire Arrow	1	1	yes	44	1	12	8	-4	30	21	-9	12	10	-2	charged(7) 300-11	miss, abow, glov	
prefix	magicprefix.txt	520	Charged1	Inner Sight	1	1	yes	44	1	1	1	0	18	13	-5	1	1	0	charged(8) 33-1	amul, amaz, circ, glov	
prefix	magicprefix.txt	521	Charged1	Inner Sight	1	1	yes	44	1	30	21	-9				35	30	-5	charged(8) 33-11	glov, amul, amaz, circ	
prefix	magicprefix.txt	522	Charged1	Jab	1	1	yes	44	1	6	4	-2	24	17	-7	6	5	-1	charged(10) 300-1	aspe, ajav	
prefix	magicprefix.txt	523	Charged1	Jab	1	1	yes	44	1	18	13	-5	32	22	-10	20	17	-3	charged(10) 300-12	aspe, ajav	
prefix	magicprefix.txt	524	Charged1	Cold Arrow	1	1	yes	44	1	6	4	-2	24	17	-7	6	5	-1	charged(11) 300-1	miss, abow, glov	
prefix	magicprefix.txt	525	Charged1	Cold Arrow	1	1	yes	44	1	14	10	-4	33	23	-10	16	14	-2	charged(11) 300-9	glov, miss, abow	
prefix	magicprefix.txt	526	Charged1	Multiple Shot	1	1	yes	44	1	10	7	-3	24	17	-7	10	9	-1	charged(12) 300-5	miss, abow, glov	
prefix	magicprefix.txt	527	Charged1	Multiple Shot	1	1	yes	44	1	40	28	-12				45	38	-7	charged(12) 300-25	glov, miss, abow	
prefix	magicprefix.txt	528	Charged1	Toxic Whirl	1	1	yes	44	1	12	8	-4	30	21	-9	12	10	-2	charged(14) 300-1	spea, aspe, glov	
prefix	magicprefix.txt	529	Charged1	Toxic Whirl	1	1	yes	44	1	24	17	-7	40	28	-12	25	21	-4	charged(14) 300-13	glov, spea, aspe	
prefix	magicprefix.txt	530	Charged1	Poison Javelin	1	1	yes	44	1	12	8	-4	30	21	-9	12	10	-2	charged(15) 300-1	amul, circ, glov	
prefix	magicprefix.txt	531	Charged1	Poison Javelin	1	1	yes	44	1	25	18	-7	41	29	-12	27	23	-4	charged(15) 300-15	glov, circ, amul	
prefix	magicprefix.txt	532	Charged1	Exploding Arrow	1	1	yes	44	1	12	8	-4	30	21	-9	12	10	-2	charged(16) 300-1	miss, abow, glov	
prefix	magicprefix.txt	533	Charged1	Exploding Arrow	1	1	yes	44	1	30	21	-9	50	35	-15	30	26	-4	charged(16) 300-17	glov, miss, abow	
prefix	magicprefix.txt	534	Charged1	Slow Missiles	1	1	yes	44	1	12	8	-4	30	21	-9	12	10	-2	charged(17) 35-1	amaz, glov, amul	
prefix	magicprefix.txt	535	Charged1	Slow Missiles	1	1	yes	44	1	50	35	-15				55	47	-8	charged(17) 35-15	glov, amul, amaz	
prefix	magicprefix.txt	536	Charged1	Impale	1	1	yes	44	1	12	8	-4	30	21	-9	12	10	-2	charged(19) 300-1	spea, aspe, glov	
prefix	magicprefix.txt	537	Charged1	Impale	1	1	yes	44	1	29	20	-9	48	34	-14	29	25	-4	charged(19) 300-17	glov, spea, aspe	
prefix	magicprefix.txt	538	Charged1	Lightning Bolt	1	1	yes	44	1	12	8	-4	30	21	-9	12	10	-2	charged(20) 300-1	amul, circ, glov	
prefix	magicprefix.txt	539	Charged1	Lightning Bolt	1	1	yes	44	1	24	17	-7	40	28	-12	24	20	-4	charged(20) 300-12	glov, amul, circ	
prefix	magicprefix.txt	540	Charged1	Glacial Orb Arrow	1	1	yes	44	1	18	13	-5	36	25	-11	18	15	-3	charged(21) 300-1	miss, abow, glov	
prefix	magicprefix.txt	541	Charged1	Glacial Orb Arrow	1	1	yes	44	1	38	27	-11	70	49	-21	40	34	-6	charged(21) 300-20	glov, miss, abow	
prefix	magicprefix.txt	542	Charged1	Guided Arrow	1	1	yes	44	1	18	13	-5	36	25	-11	18	15	-3	charged(22) 300-1	miss, abow, glov	
prefix	magicprefix.txt	543	Charged1	Guided Arrow	1	1	yes	44	1	50	35	-15				55	47	-8	charged(22) 300-23	glov, miss, abow	
prefix	magicprefix.txt	544	Charged1	Charged Strike	1	1	yes	44	1	18	13	-5	36	25	-11	18	15	-3	charged(24) 300-1	spea, aspe, glov	
prefix	magicprefix.txt	545	Charged1	Charged Strike	1	1	yes	44	1	50	35	-15				50	43	-7	charged(24) 300-20	glov, spea, aspe	
prefix	magicprefix.txt	546	Charged1	Plague Javelin	1	1	yes	44	1	18	13	-5	36	25	-11	18	15	-3	charged(25) 300-1	amul, circ, glov	
prefix	magicprefix.txt	547	Charged1	Plague Javelin	1	1	yes	44	1	38	27	-11	68	48	-20	65	55	-10	charged(25) 300-19	glov, amul, circ	
prefix	magicprefix.txt	548	Charged1	Meteoric Arrow	1	1	yes	44	1	24	17	-7	42	29	-13	25	21	-4	charged(27) 300-2	miss, abow, glov	
prefix	magicprefix.txt	549	Charged1	Meteoric Arrow	1	1	yes	44	1	70	49	-21				74	63	-11	charged(27) 300-21	glov, miss, abow	
prefix	magicprefix.txt	550	Charged1	Fend	1	1	yes	44	1	24	17	-7	42	29	-13	25	21	-4	charged(30) 300-2	spea, aspe, glov	
prefix	magicprefix.txt	551	Charged1	Fend	1	1	yes	44	1	70	49	-21				75	64	-11	charged(30) 300-17	glov, spea, aspe	
prefix	magicprefix.txt	552	Charged1	Freezing Arrow	1	1	yes	44	1	30	21	-9	48	34	-14	33	28	-5	charged(31) 300-3	miss, abow, glov	
prefix	magicprefix.txt	553	Charged1	Freezing Arrow	1	1	yes	44	1	80	56	-24				74	63	-11	charged(31) 300-22	glov, miss, abow	
prefix	magicprefix.txt	554	Charged1	Lightning Strike	1	1	yes	44	1	30	21	-9	48	34	-14	33	28	-5	charged(34) 300-3	spea, aspe, glov	
prefix	magicprefix.txt	555	Charged1	Lightning Strike	1	1	yes	44	1	80	56	-24				74	63	-11	charged(34) 300-15	glov, spea, aspe	
prefix	magicprefix.txt	556	Charged1	Lightning Fury	1	1	yes	44	1	30	21	-9	48	34	-14	33	28	-5	charged(35) 300-3	amul, circ, glov	
prefix	magicprefix.txt	557	Charged1	Lightning Fury	1	1	yes	44	1	80	56	-24				74	63	-11	charged(35) 300-15	glov, amul, circ	
prefix	magicprefix.txt	558	Charged1	Fire Bolt	1	1	yes	44	1	1	1	0	18	13	-5	1	1	0	charged(36) 300-1	weap, ring, circ	
prefix	magicprefix.txt	559	Charged1	Fire Bolt	1	1	yes	44	1	11	8	-3	30	21	-9	12	10	-2	charged(36) 300-10	weap, ring, circ	
prefix	magicprefix.txt	560	Charged1	Charged Bolt	1	1	yes	44	1	1	1	0	18	13	-5	1	1	0	charged(38) 300-1	weap, ring, circ	
prefix	magicprefix.txt	561	Charged1	Charged Bolt	1	1	yes	44	1	12	8	-4	30	21	-9	13	11	-2	charged(38) 300-11	weap, ring, circ	
prefix	magicprefix.txt	562	Charged1	Ice bolt	1	1	yes	44	1	1	1	0	18	13	-5	1	1	0	charged(39) 300-1	weap, ring, circ	
prefix	magicprefix.txt	563	Charged1	Ice bolt	1	1	yes	44	1	10	7	-3	30	21	-9	9	8	-1	charged(39) 300-9	weap, ring, circ	
prefix	magicprefix.txt	564	Charged1	Frozen Armor	1	1	yes	44	1	1	1	0	18	13	-5	1	1	0	charged(40) 25-1	orb, tors	
prefix	magicprefix.txt	565	Charged1	Frozen Armor	1	1	yes	44	1	30	21	-9				35	30	-5	charged(40) 25-10	orb, tors	
prefix	magicprefix.txt	566	Charged1	Static Field	1	1	yes	44	1	6	4	-2	24	17	-7	6	5	-1	charged(42) 50-1	weap, ring, circ	
prefix	magicprefix.txt	567	Charged1	Static Field	1	1	yes	44	1	40	28	-12				45	38	-7	charged(42) 50-17	weap, ring, circ	
prefix	magicprefix.txt	568	Charged1	Telekenesis	1	1	yes	44	1	6	4	-2	24	17	-7	6	5	-1	charged(43) 50-1	weap, ring, circ	
prefix	magicprefix.txt	569	Charged1	Telekenesis	1	1	yes	44	1	26	18	-8	70	49	-21	26	22	-4	charged(43) 50-20	weap, ring, circ	
prefix	magicprefix.txt	570	Charged1	Frost Nova	1	1	yes	44	1	6	4	-2	24	17	-7	6	5	-1	charged(44) 300-1	weap, amul, circ	
prefix	magicprefix.txt	571	Charged1	Frost Nova	1	1	yes	44	1	12	8	-4	40	28	-12	15	13	-2	charged(44) 300-10	weap, amul, circ	
prefix	magicprefix.txt	572	Charged1	Ice Blast	1	1	yes	44	1	6	4	-2	24	17	-7	6	5	-1	charged(45) 300-1	weap, ring, circ	
prefix	magicprefix.txt	573	Charged1	Ice Blast	1	1	yes	44	1	15	11	-4	35	25	-10	15	13	-2	charged(45) 300-9	weap, ring, circ	
prefix	magicprefix.txt	574	Charged1	Blaze	1	1	yes	44	1	12	8	-4	30	21	-9	12	10	-2	charged(46) 75-1	staf, orb, boot	
prefix	magicprefix.txt	575	Charged1	Blaze	1	1	yes	44	1	24	17	-7	42	29	-13	24	20	-4	charged(46) 75-12	boot, staf, orb	
prefix	magicprefix.txt	576	Charged1	Fire Ball	1	1	yes	44	1	12	8	-4	30	21	-9	12	10	-2	charged(47) 300-1	weap	
prefix	magicprefix.txt	577	Charged1	Fire Ball	1	1	yes	44	1	24	17	-7	60	42	-18	30	26	-4	charged(47) 300-18	weap	
prefix	magicprefix.txt	578	Charged1	Nova	1	1	yes	44	1	12	8	-4	30	21	-9	12	10	-2	charged(48) 300-1	weap, shld	
prefix	magicprefix.txt	579	Charged1	Nova	1	1	yes	44	1	24	17	-7	58	41	-17	30	26	-4	charged(48) 300-15	weap, shld	
prefix	magicprefix.txt	580	Charged1	Lightning	1	1	yes	44	1	12	8	-4	30	21	-9	12	10	-2	charged(49) 300-1	weap	
prefix	magicprefix.txt	581	Charged1	Lightning	1	1	yes	44	1	24	17	-7	40	28	-12	24	20	-4	charged(49) 300-12	weap	
prefix	magicprefix.txt	582	Charged1	Shiver Armor	1	1	yes	44	1	12	8	-4	30	21	-9	12	10	-2	charged(50) 45-1	weap, tors	
prefix	magicprefix.txt	583	Charged1	Shiver Armor	1	1	yes	44	1	50	35	-15				55	47	-8	charged(50) 45-16	weap, tors	
prefix	magicprefix.txt	584	Charged1	Fire Wall	1	1	yes	44	1	18	13	-5	36	25	-11	18	15	-3	charged(51) 100-1	weap	
prefix	magicprefix.txt	585	Charged1	Fire Wall	1	1	yes	44	1	54	38	-16				65	55	-10	charged(51) 100-25	weap	
prefix	magicprefix.txt	586	Charged1	Enchant	1	1	yes	44	1	18	13	-5	36	25	-11	18	15	-3	charged(52) 15-1	weap	
prefix	magicprefix.txt	587	Charged1	Enchant	1	1	yes	44	1	60	42	-18				65	55	-10	charged(52) 15-25	weap	
prefix	magicprefix.txt	588	Charged1	Chain Lightning	1	1	yes	44	1	18	13	-5	36	25	-11	18	15	-3	charged(53) 300-1	weap	
prefix	magicprefix.txt	589	Charged1	Chain Lightning	1	1	yes	44	1	35	25	-10	75	53	-22	35	30	-5	charged(53) 300-22	weap	
prefix	magicprefix.txt	590	Charged1	Teleport	1	1	yes	44	1	18	13	-5	36	25	-11	18	15	-3	charged(54) 300-1	weap, amul	
prefix	magicprefix.txt	591	Charged1	Teleport	1	1	yes	44	1	60	42	-18				65	55	-10	charged(54) 300-1	amul, weap	
prefix	magicprefix.txt	592	Charged1	Glacial Spike	1	1	yes	44	1	18	13	-5	36	25	-11	18	15	-3	charged(55) 300-1	weap	
prefix	magicprefix.txt	593	Charged1	Glacial Spike	1	1	yes	44	1	40	28	-12	70	49	-21	40	34	-6	charged(55) 300-19	weap	
prefix	magicprefix.txt	594	Charged1	Meteor	1	1	yes	44	1	24	17	-7	42	29	-13	25	21	-4	charged(56) 300-2	weap	
prefix	magicprefix.txt	595	Charged1	Meteor	1	1	yes	44	1	62	43	-19				65	55	-10	charged(56) 300-22	weap	
prefix	magicprefix.txt	596	Charged1	Thunder Storm	1	1	yes	44	1	24	17	-7	42	29	-13	25	21	-4	charged(57) 25-2	weap	
prefix	magicprefix.txt	597	Charged1	Thunder Storm	1	1	yes	44	1	55	39	-16				55	47	-8	charged(57) 25-15	weap	
prefix	magicprefix.txt	598	Charged1	Energy Shield	1	1	yes	44	1	24	17	-7	42	29	-13	25	21	-4	charged(58) 15-2	weap, helm	
prefix	magicprefix.txt	599	Charged1	Energy Shield	1	1	yes	44	1	40	28	-12				42	36	-6	charged(58) 15-10	helm, weap	
prefix	magicprefix.txt	600	Charged1	Blizzard	1	1	yes	44	1	24	17	-7	42	29	-13	25	21	-4	charged(59) 200-2	weap	
prefix	magicprefix.txt	601	Charged1	Blizzard	1	1	yes	44	1	57	40	-17				60	51	-9	charged(59) 200-17	weap	
prefix	magicprefix.txt	602	Charged1	Chilling Armor	1	1	yes	44	1	24	17	-7	42	29	-13	25	21	-4	charged(60) 35-2	weap, tors	
prefix	magicprefix.txt	603	Charged1	Chilling Armor	1	1	yes	44	1	70	49	-21				75	64	-11	charged(60) 35-15	tors, weap	
prefix	magicprefix.txt	604	Charged1	Hydra	1	1	yes	44	1	30	21	-9	48	34	-14	33	28	-5	charged(62) 250-3	weap	
prefix	magicprefix.txt	605	Charged1	Hydra	1	1	yes	44	1	80	56	-24				85	72	-13	charged(62) 250-25	weap	
prefix	magicprefix.txt	606	Charged1	Frozen Orb	1	1	yes	44	1	30	21	-9	48	34	-14	33	28	-5	charged(64) 300-3	weap	
prefix	magicprefix.txt	607	Charged1	Frozen Orb	1	1	yes	44	1	80	56	-24				85	72	-13	charged(64) 300-25	weap	
prefix	magicprefix.txt	608	Charged1	Amplify Damage	1	1	yes	44	1	1	1	0	18	13	-5	1	1	0	charged(66) 75-1	weap, head	
prefix	magicprefix.txt	609	Charged1	Amplify Damage	1	1	yes	44	1	15	11	-4				20	17	-3	charged(66) 75-15	weap, head	
prefix	magicprefix.txt	610	Charged1	Teeth	1	1	yes	44	1	1	1	0	18	13	-5	1	1	0	charged(67) 300-1	weap, head	
prefix	magicprefix.txt	611	Charged1	Teeth	1	1	yes	44	1	11	8	-3	27	19	-8	12	10	-2	charged(67) 300-10	weap, head	
prefix	magicprefix.txt	612	Charged1	Bone Armor	1	1	yes	44	1	1	1	0	18	13	-5	1	1	0	charged(68) 30-1	weap, tors, head	
prefix	magicprefix.txt	613	Charged1	Bone Armor	1	1	yes	44	1	30	21	-9				35	30	-5	charged(68) 30-15	tors, weap, head	
prefix	magicprefix.txt	614	Charged1	Raise Skeleton	1	1	yes	44	1	1	1	0	18	13	-5	1	1	0	charged(70) 25-1	weap, amul, head, circ	
prefix	magicprefix.txt	615	Charged1	Raise Skeleton	1	1	yes	44	1	26	18	-8				26	22	-4	charged(70) 25-10	amul, circ, weap, head	
prefix	magicprefix.txt	616	Charged1	Dim Vision	1	1	yes	44	1	6	4	-2	24	17	-7	6	5	-1	charged(71) 25-1	ring, circ, head, weap	
prefix	magicprefix.txt	617	Charged1	Dim Vision	1	1	yes	44	1	18	13	-5				20	17	-3	charged(71) 25-12	ring, circ, head, weap	
prefix	magicprefix.txt	618	Charged1	Weaken	1	1	yes	44	1	6	4	-2	24	17	-7	6	5	-1	charged(72) 25-1	weap, glov, head	
prefix	magicprefix.txt	619	Charged1	Weaken	1	1	yes	44	1	24	17	-7				24	20	-4	charged(72) 25-18	glov, weap, head	
prefix	magicprefix.txt	620	Charged1	Poison Dagger	1	1	yes	44	1	6	4	-2	24	17	-7	6	5	-1	charged(73) 20-1	knif, head, glov, ring, circ	
prefix	magicprefix.txt	621	Charged1	Poison Dagger	1	1	yes	44	1	21	15	-6				24	20	-4	charged(73) 20-18	glov, ring, circ, knif, head	
prefix	magicprefix.txt	622	Charged1	Corpse Explosion	1	1	yes	44	1	6	4	-2	24	17	-7	6	5	-1	charged(74) 150-1	weap, head	
prefix	magicprefix.txt	623	Charged1	Corpse Explosion	1	1	yes	44	1	40	28	-12				45	38	-7	charged(74) 150-15	weap, head	
prefix	magicprefix.txt	624	Charged1	Clay Golem	1	1	yes	44	1	6	4	-2	24	17	-7	6	5	-1	charged(75) 20-1	amul, circ, head, weap	
prefix	magicprefix.txt	625	Charged1	Clay Golem	1	1	yes	44	1	18	13	-5	38	27	-11	20	17	-3	charged(75) 20-12	amul, circ, head, weap	
prefix	magicprefix.txt	626	Charged1	Iron Maiden	1	1	yes	44	1	12	8	-4	30	21	-9	12	10	-2	charged(76) 75-1	shld, weap, head	
prefix	magicprefix.txt	627	Charged1	Iron Maiden	1	1	yes	44	1	24	17	-7				24	20	-4	charged(76) 75-10	shld, weap, head	
prefix	magicprefix.txt	628	Charged1	Terror	1	1	yes	44	1	12	8	-4	30	21	-9	12	10	-2	charged(77) 65-1	shld, weap, head	
prefix	magicprefix.txt	629	Charged1	Terror	1	1	yes	44	1	24	17	-7				24	20	-4	charged(77) 65-12	shld, weap, head	
prefix	magicprefix.txt	630	Charged1	Bone Wall	1	1	yes	44	1	12	8	-4	30	21	-9	12	10	-2	charged(78) 35-1	weap, head	
prefix	magicprefix.txt	631	Charged1	Bone Wall	1	1	yes	44	1	35	25	-10				37	31	-6	charged(78) 35-25	weap, head	
prefix	magicprefix.txt	632	Charged1	Raise Skeleton Mage	1	1	yes	44	1	12	8	-4	30	21	-9	12	10	-2	charged(80) 50-1	amul, circ, head, weap	
prefix	magicprefix.txt	633	Charged1	Raise Skeleton Mage	1	1	yes	44	1	36	25	-11				36	31	-5	charged(80) 50-20	amul, circ, head, weap	
prefix	magicprefix.txt	634	Charged1	Corpse Field	1	1	yes	44	1	18	13	-5	36	25	-11	18	15	-3	charged(81) 35-1	ring, circ, head, weap	
prefix	magicprefix.txt	635	Charged1	Corpse Field	1	1	yes	44	1	36	25	-11				35	30	-5	charged(81) 35-17	ring, circ, head, weap	
prefix	magicprefix.txt	636	Charged1	Life Tap	1	1	yes	44	1	18	13	-5	36	25	-11	18	15	-3	charged(82) 35-1	weap, ring, head	
prefix	magicprefix.txt	637	Charged1	Life Tap	1	1	yes	44	1	40	28	-12				41	35	-6	charged(82) 35-15	weap, ring, head	
prefix	magicprefix.txt	638	Charged1	Poison Explosion	1	1	yes	44	1	18	13	-5	36	25	-11	18	15	-3	charged(83) 100-1	weap, head	
prefix	magicprefix.txt	639	Charged1	Poison Explosion	1	1	yes	44	1	28	20	-8	50	35	-15	28	24	-4	charged(83) 100-10	weap, head	
prefix	magicprefix.txt	640	Charged1	Bone Spear	1	1	yes	44	1	18	13	-5	36	25	-11	18	15	-3	charged(84) 300-1	weap, head	
prefix	magicprefix.txt	641	Charged1	Bone Spear	1	1	yes	44	1	42	29	-13				45	38	-7	charged(84) 300-20	weap, head	
prefix	magicprefix.txt	642	Charged1	Blood Golem	1	1	yes	44	1	18	13	-5	36	25	-11	18	15	-3	charged(85) 15-1	weap, head	
prefix	magicprefix.txt	643	Charged1	Blood Golem	1	1	yes	44	1	47	33	-14				38	32	-6	charged(85) 15-18	weap, head	
prefix	magicprefix.txt	644	Charged1	Attract	1	1	yes	44	1	24	17	-7	42	29	-13	25	21	-4	charged(86) 75-2	ring, amul, head, circ, weap	
prefix	magicprefix.txt	645	Charged1	Attract	1	1	yes	44	1	48	34	-14	80	56	-24	44	37	-7	charged(86) 75-20	ring, amul, circ, head, weap	
prefix	magicprefix.txt	646	Charged1	Decrepify	1	1	yes	44	1	24	17	-7	42	29	-13	25	21	-4	charged(87) 35-2	weap, shld, head	
prefix	magicprefix.txt	647	Charged1	Decrepify	1	1	yes	44	1	70	49	-21				75	64	-11	charged(87) 35-15	shld, weap, head	
prefix	magicprefix.txt	648	Charged1	Bone Prison	1	1	yes	44	1	24	17	-7	42	29	-13	25	21	-4	charged(88) 55-2	weap, ring, head	
prefix	magicprefix.txt	649	Charged1	Bone Prison	1	1	yes	44	1	46	32	-14				40	34	-6	charged(88) 55-14	weap, ring, head	
prefix	magicprefix.txt	650	Charged1	Iron Golem	1	1	yes	44	1	24	17	-7	42	29	-13	25	21	-4	charged(90) 35-2	weap, head	
prefix	magicprefix.txt	651	Charged1	Iron Golem	1	1	yes	44	1	60	42	-18				55	47	-8	charged(90) 35-21	weap, head	
prefix	magicprefix.txt	652	Charged1	Lower Resist	1	1	yes	44	1	30	21	-9	48	34	-14	33	28	-5	charged(91) 35-3	weap, head	
prefix	magicprefix.txt	653	Charged1	Lower Resist	1	1	yes	44	1	77	54	-23				80	68	-12	charged(91) 35-22	weap, head	
prefix	magicprefix.txt	654	Charged1	Poison Nova	1	1	yes	44	1	30	21	-9	48	34	-14	33	28	-5	charged(92) 300-3	weap, glov, head	
prefix	magicprefix.txt	655	Charged1	Poison Nova	1	1	yes	44	1	71	50	-21				73	62	-11	charged(92) 300-19	glov, weap, glov	
prefix	magicprefix.txt	656	Charged1	Bone Spirit	1	1	yes	44	1	30	21	-9	48	34	-14	33	28	-5	charged(93) 200-3	amul, circ, head, weap	
prefix	magicprefix.txt	657	Charged1	Bone Spirit	1	1	yes	44	1	80	56	-24				85	72	-13	charged(93) 200-23	amul, circ, head, weap	
prefix	magicprefix.txt	658	Charged1	Fire Golem	1	1	yes	44	1	30	21	-9	48	34	-14	33	28	-5	charged(94) 10-3	weap, head	
prefix	magicprefix.txt	659	Charged1	Fire Golem	1	1	yes	44	1	66	46	-20				70	60	-10	charged(94) 10-24	weap, head	
prefix	magicprefix.txt	660	Charged1	Revive	1	1	yes	44	1	30	21	-9	48	34	-14	33	28	-5	charged(95) 35-3	weap, head	
prefix	magicprefix.txt	661	Charged1	Revive	1	1	yes	44	1	80	56	-24				85	72	-13	charged(95) 35-10	weap, head	
prefix	magicprefix.txt	662	Charged1	Sacrifice	1	1	yes	44	1	1	1	0	18	13	-5	1	1	0	charged(96) 300-1	mele, ashd	
prefix	magicprefix.txt	663	Charged1	Sacrifice	1	1	yes	44	1	30	21	-9				35	30	-5	charged(96) 300-20	mele, ashd	scep
prefix	magicprefix.txt	664	Charged1	Holy Bolt	1	1	yes	44	1	6	4	-2	24	17	-7	6	5	-1	charged(101) 300-1	mele, ashd, amul, circ	
prefix	magicprefix.txt	665	Charged1	Holy Bolt	1	1	yes	44	1	18	13	-5	50	35	-15	18	15	-3	charged(101) 300-20	amul, circ, mele, circ	
prefix	magicprefix.txt	666	Charged1	Zeal	1	1	yes	44	1	12	8	-4	30	21	-9	12	10	-2	charged(106) 300-1	mele, ashd	
prefix	magicprefix.txt	667	Charged1	Zeal	1	1	yes	44	1	50	35	-15				55	47	-8	charged(106) 300-18	mele, ashd	scep
prefix	magicprefix.txt	668	Charged1	Vengeance	1	1	yes	44	1	18	13	-5	36	25	-11	18	15	-3	charged(111) 300-1	mele, ashd	
prefix	magicprefix.txt	669	Charged1	Vengeance	1	1	yes	44	1	38	27	-11				43	37	-6	charged(111) 300-16	mele, ashd	
prefix	magicprefix.txt	670	Charged1	Blessed Hammer	1	1	yes	44	1	18	13	-5	36	25	-11	18	15	-3	charged(112) 300-1	mele, ashd	
prefix	magicprefix.txt	671	Charged1	Blessed Hammer	1	1	yes	44	1	50	35	-15				45	38	-7	charged(112) 300-20	mele, ashd	
prefix	magicprefix.txt	672	Charged1	Conversion	1	1	yes	44	1	24	17	-7	42	29	-13	25	21	-4	charged(116) 30-2	mele, ashd	
prefix	magicprefix.txt	673	Charged1	Conversion	1	1	yes	44	1	45	31	-14	70	49	-21	45	38	-7	charged(116) 30-15	mele, ashd	scep
prefix	magicprefix.txt	674	Charged1	Fist of the Heavens	1	1	yes	44	1	30	21	-9	48	34	-14	33	28	-5	charged(121) 125-3	mele, ashd, glov	
prefix	magicprefix.txt	675	Charged1	Fist of the Heavens	1	1	yes	44	1	80	56	-24				74	63	-11	charged(121) 125-24	glov, mele, glov	
prefix	magicprefix.txt	676	Charged1	Bash	1	1	yes	44	1	1	1	0	18	13	-5	1	1	0	charged(126) 300-1	phlm, mele	
prefix	magicprefix.txt	677	Charged1	Bash	1	1	yes	44	1	10	7	-3	23	16	-7	10	9	-1	charged(126) 300-10	mele, phlm	staf, wand, orb
prefix	magicprefix.txt	678	Charged1	Howl	1	1	yes	44	1	1	1	0	18	13	-5	1	1	0	charged(130) 50-1	phlm, mele	
prefix	magicprefix.txt	679	Charged1	Howl	1	1	yes	44	1	12	8	-4	27	19	-8	9	8	-1	charged(130) 50-12	phlm, mele	
prefix	magicprefix.txt	680	Charged1	Find Potion	1	1	yes	44	1	1	1	0	18	13	-5	1	1	0	charged(131) 55-1	phlm, mele	
prefix	magicprefix.txt	681	Charged1	Find Potion	1	1	yes	44	1	15	11	-4	65	46	-19	15	13	-2	charged(131) 55-15	phlm, mele	
prefix	magicprefix.txt	682	Charged1	Taunt	1	1	yes	44	1	6	4	-2	24	17	-7	6	5	-1	charged(137) 65-1	phlm, mele	
prefix	magicprefix.txt	683	Charged1	Taunt	1	1	yes	44	1	18	13	-5	51	36	-15	18	15	-3	charged(137) 65-12	phlm, mele	
prefix	magicprefix.txt	684	Charged1	Shout	1	1	yes	44	1	6	4	-2	24	17	-7	6	5	-1	charged(138) 25-3	phlm, mele	
prefix	magicprefix.txt	685	Charged1	Shout	1	1	yes	44	1	40	28	-12				45	38	-7	charged(138) 25-20	phlm, mele	
prefix	magicprefix.txt	686	Charged1	Tectonic Slam	1	1	yes	44	1	12	8	-4	30	21	-9	12	10	-2	charged(139) 55-1	phlm, slam	staf, wand, orb
prefix	magicprefix.txt	687	Charged1	Tectonic Slam	1	1	yes	44	1	24	17	-7	50	35	-15	24	20	-4	charged(139) 55-12	slam, phlm	
prefix	magicprefix.txt	688	Charged1	Find Item	1	1	yes	44	1	12	8	-4	30	21	-9	12	10	-2	charged(142) 300-1	phlm, mele	
prefix	magicprefix.txt	689	Charged1	Find Item	1	1	yes	44	1	50	35	-15				55	47	-8	charged(142) 300-21	phlm, mele	
prefix	magicprefix.txt	690	Charged1	Cocentrate	1	1	yes	44	1	18	13	-5	36	25	-11	18	15	-3	charged(144) 300-1	phlm, mele	
prefix	magicprefix.txt	691	Charged1	Cocentrate	1	1	yes	44	1	40	28	-12				36	31	-5	charged(144) 300-19	mele, phlm	staf, wand, orb
prefix	magicprefix.txt	692	Charged1	Battle Cry	1	1	yes	44	1	18	13	-5	36	25	-11	18	15	-3	charged(146) 35-1	phlm, mele	
prefix	magicprefix.txt	693	Charged1	Battle Cry	1	1	yes	44	1	36	25	-11	65	46	-19	36	31	-5	charged(146) 35-18	phlm, mele	
prefix	magicprefix.txt	694	Charged1	Battle Orders	1	1	yes	44	1	24	17	-7	42	29	-13	25	21	-4	charged(149) 35-2	phlm, mele	
prefix	magicprefix.txt	695	Charged1	Battle Orders	1	1	yes	44	1	55	39	-16				55	47	-8	charged(149) 35-18	phlm, mele	
prefix	magicprefix.txt	696	Charged1	Korlics Fury	1	1	yes	44	1	24	17	-7	42	29	-13	25	21	-4	charged(150) 35-2	phlm, mele, amul	
prefix	magicprefix.txt	697	Charged1	Korlics Fury	1	1	yes	44	1	50	35	-15				68	58	-10	charged(150) 35-15	amul, phlm, mele	
prefix	magicprefix.txt	698	Charged1	War Cry	1	1	yes	44	1	30	21	-9	48	34	-14	33	28	-5	charged(154) 35-3	phlm, mele	
prefix	magicprefix.txt	699	Charged1	War Cry	1	1	yes	44	1	63	44	-19				63	54	-9	charged(154) 35-13	phlm, mele	
prefix	magicprefix.txt	700	Charged1	Battle Command	1	1	yes	44	1	30	21	-9	48	34	-14	33	28	-5	charged(155) 35-3	phlm, mele	
prefix	magicprefix.txt	701	Charged1	Battle Command	1	1	yes	44	1	50	35	-15				53	45	-8	charged(155) 35-20	phlm, mele	
prefix	magicprefix.txt	702	Charged1	Firestorm	1	1	yes	44	1	1	1	0	18	13	-5	1	1	0	charged(225) 75-1	mele	
prefix	magicprefix.txt	703	Charged1	Firestorm	1	1	yes	44	1	13	9	-4	26	18	-8	13	11	-2	charged(225) 75-12	mele	
prefix	magicprefix.txt	704	Charged1	Molten Boulder	1	1	yes	44	1	6	4	-2	24	17	-7	6	5	-1	charged(229) 300-1	mele	
prefix	magicprefix.txt	705	Charged1	Molten Boulder	1	1	yes	44	1	20	14	-6	53	37	-16	21	18	-3	charged(229) 300-14	mele	
prefix	magicprefix.txt	706	Charged1	Eruption	1	1	yes	44	1	12	8	-4	30	21	-9	12	10	-2	charged(234) 300-1	mele	
prefix	magicprefix.txt	707	Charged1	Eruption	1	1	yes	44	1	36	25	-11	68	48	-20	36	31	-5	charged(234) 300-15	mele	
prefix	magicprefix.txt	708	Charged1	Cyclone Armor	1	1	yes	44	1	12	8	-4	30	21	-9	12	10	-2	charged(235) 75-1	mele, tors	
prefix	magicprefix.txt	709	Charged1	Cyclone Armor	1	1	yes	44	1	60	42	-18				55	47	-8	charged(235) 75-19	tors, mele	
prefix	magicprefix.txt	710	Charged1	Twister	1	1	yes	44	1	18	13	-5	36	25	-11	18	15	-3	charged(240) 300-1	mele, amul, circ	
prefix	magicprefix.txt	711	Charged1	Twister	1	1	yes	44	1	60	42	-18				65	55	-10	charged(240) 300-25	amul, circ, mele	
prefix	magicprefix.txt	712	Charged1	Volcano	1	1	yes	44	1	24	17	-7	42	29	-13	25	21	-4	charged(244) 125-2	mele	
prefix	magicprefix.txt	713	Charged1	Volcano	1	1	yes	44	1	54	38	-16				50	43	-7	charged(244) 125-18	mele	
prefix	magicprefix.txt	714	Charged1	Tornado	1	1	yes	44	1	24	17	-7	42	29	-13	25	21	-4	charged(245) 200-2	mele, amul, circ	
prefix	magicprefix.txt	715	Charged1	Tornado	1	1	yes	44	1	70	49	-21				75	64	-11	charged(245) 200-15	amul, circ, mele	
prefix	magicprefix.txt	716	Charged1	Armageddon	1	1	yes	44	1	30	21	-9	48	34	-14	33	28	-5	charged(249) 100-3	mele	
prefix	magicprefix.txt	717	Charged1	Armageddon	1	1	yes	44	1	60	42	-18				70	60	-10	charged(249) 100-30	mele	
prefix	magicprefix.txt	718	Charged1	Hurricane	1	1	yes	44	1	30	21	-9	48	34	-14	33	28	-5	charged(250) 100-3	mele, amul, circ	
prefix	magicprefix.txt	719	Charged1	Hurricane	1	1	yes	44	1	80	56	-24				85	72	-13	charged(250) 100-28	amul, circ, mele	
prefix	magicprefix.txt	720	Charged1	Ice Barrage	1	1	yes	44	1	1	1	0	18	13	-5	1	1	0	charged(253) 150-1	helm, mele	
prefix	magicprefix.txt	721	Charged1	Ice Barrage	1	1	yes	44	1	8	6	-2	28	20	-8	10	9	-1	charged(253) 150-10	helm, mele	
prefix	magicprefix.txt	722	Charged1	Shock Field	1	1	yes	44	1	6	4	-2	24	17	-7	6	5	-1	charged(256) 300-1	glov, mele	
prefix	magicprefix.txt	723	Charged1	Shock Field	1	1	yes	44	1	15	11	-4	28	20	-8	12	10	-2	charged(256) 300-9	glov, mele	
prefix	magicprefix.txt	724	Charged1	Quickness	1	1	yes	44	1	6	4	-2	24	17	-7	6	5	-1	charged(258) 25-1	boot, mele	
prefix	magicprefix.txt	725	Charged1	Quickness	1	1	yes	44	1	40	28	-12				45	38	-7	charged(258) 25-12	boot, mele	
prefix	magicprefix.txt	726	Charged1	Charged Bolt Sentry	1	1	yes	44	1	12	8	-4	30	21	-9	12	10	-2	charged(261) 150-1	glov, mele	
prefix	magicprefix.txt	727	Charged1	Charged Bolt Sentry	1	1	yes	44	1	24	17	-7	61	43	-18	24	20	-4	charged(261) 150-12	glov, mele	
prefix	magicprefix.txt	728	Charged1	Wake of Fire Sentry	1	1	yes	44	1	12	8	-4	30	21	-9	12	10	-2	charged(262) 150-1	glov, mele	
prefix	magicprefix.txt	729	Charged1	Wake of Fire Sentry	1	1	yes	44	1	24	17	-7	61	43	-18	24	20	-4	charged(262) 150-13	glov, mele	
prefix	magicprefix.txt	730	Charged1	Snowlash Sentry	1	1	yes	44	1	18	13	-5	36	25	-11	18	15	-3	charged(264) 55-1	amul, mele	
prefix	magicprefix.txt	731	Charged1	Snowlash Sentry	1	1	yes	44	1	60	42	-18				65	55	-10	charged(264) 55-15	amul, mele	
prefix	magicprefix.txt	732	Charged1	Blade Fury	1	1	yes	44	1	38	27	-11	80	56	-24	38	32	-6	charged(266) 300-20	tors, mele	
prefix	magicprefix.txt	733	Charged1	Fade	1	1	yes	44	1	18	13	-5	36	25	-11	18	15	-3	charged(267) 35-1	tors, amul, mele	
prefix	magicprefix.txt	734	Charged1	Fade	1	1	yes	44	1	50	35	-15				53	45	-8	charged(267) 35-12	tors, amul, mele	
prefix	magicprefix.txt	735	Charged1	Shadow Warrior	1	1	yes	44	1	18	13	-5	36	25	-11	18	15	-3	charged(268) 15-1	amul, mele	
prefix	magicprefix.txt	736	Charged1	Shadow Warrior	1	1	yes	44	1	33	23	-10				33	28	-5	charged(268) 15-15	amul, mele	
prefix	magicprefix.txt	737	Charged1	Lightning Sentry	1	1	yes	44	1	24	17	-7	42	29	-13	25	21	-4	charged(271) 150-2	glov, mele	
prefix	magicprefix.txt	738	Charged1	Lightning Sentry	1	1	yes	44	1	38	27	-11	80	56	-24	35	30	-5	charged(271) 150-13	glov, mele	
prefix	magicprefix.txt	739	Charged1	Flameburst Sentry	1	1	yes	44	1	24	17	-7	42	29	-13	25	21	-4	charged(272) 150-2	glov, mele	
prefix	magicprefix.txt	740	Charged1	Flameburst Sentry	1	1	yes	44	1	35	25	-10	75	53	-22	35	30	-5	charged(272) 150-10	glov, mele	
prefix	magicprefix.txt	741	Charged1	Glacial Vortex Sentry	1	1	yes	44	1	24	17	-7	42	29	-13	25	21	-4	charged(273) 55-2	helm, mele	
prefix	magicprefix.txt	742	Charged1	Glacial Vortex Sentry	1	1	yes	44	1	48	34	-14	86	60	-26	48	41	-7	charged(273) 55-22	helm, mele	
prefix	magicprefix.txt	743	Charged1	Death Sentry	1	1	yes	44	1	30	21	-9	48	34	-14	33	28	-5	charged(276) 100-3	glov, mele	
prefix	magicprefix.txt	744	Charged1	Death Sentry	1	1	yes	44	1	70	49	-21				60	51	-9	charged(276) 100-17	glov, mele	
prefix	magicprefix.txt	745	Charged1	Blade Shield	1	1	yes	44	1	30	21	-9	48	34	-14	33	28	-5	charged(277) 35-3	tors, mele	
prefix	magicprefix.txt	746	Charged1	Blade Shield	1	1	yes	44	1	50	35	-15				50	43	-7	charged(277) 35-20	tors, mele	
prefix	magicprefix.txt	747	Charged1	Venom	1	1	yes	44	1	30	21	-9	48	34	-14	33	28	-5	charged(278) 55-3	glov, mele	
prefix	magicprefix.txt	748	Charged1	Venom	1	1	yes	44	1	57	40	-17				61	52	-9	charged(278) 55-19	glov, mele	
prefix	magicprefix.txt	749	Charged1	Shadow Master	1	1	yes	44	1	30	21	-9	48	34	-14	33	28	-5	charged(279) 10-3	amul, mele	
prefix	magicprefix.txt	750	Charged1	Shadow Master	1	1	yes	44	1	80	56	-24				85	72	-13	charged(279) 10-18	amul, mele	
prefix	magicprefix.txt	751	Burning	+# to Fire Skills	1	1	yes	125	2	50	35	-15				42	36	-6	skilltab(3) 1-1	glov	
prefix	magicprefix.txt	752	Sparking	+# to Lightning Skills	1	1	yes	125	2	50	35	-15				42	36	-6	skilltab(4) 1-1	glov	
prefix	magicprefix.txt	753	Chilling	+# to Cold Skills	1	1	yes	125	2	50	35	-15				42	36	-6	skilltab(5) 1-1	glov	
prefix	magicprefix.txt	754	Hexing	+# to Curses	1	1	yes	125	2	50	35	-15				42	36	-6	skilltab(6) 1-1	glov	
prefix	magicprefix.txt	755	Fungal	+# to Poison and Bone Skills	1	1	yes	125	2	50	35	-15				42	36	-6	skilltab(7) 1-1	glov	
prefix	magicprefix.txt	756	Graverobber's	+# to Summoning Skills	1	1	yes	125	2	50	35	-15				42	36	-6	skilltab(8) 1-1	glov	
prefix	magicprefix.txt	757	Lion Branded	+# to Combat Skills	1	1	yes	125	2	50	35	-15				42	36	-6	skilltab(9) 1-1	glov	
prefix	magicprefix.txt	758	Captain's	+# to Offensive Auras	1	1	yes	125	2	50	35	-15				42	36	-6	skilltab(10) 1-1	glov	
prefix	magicprefix.txt	759	Preserver's	+# to Defensive Auras	1	1	yes	125	2	50	35	-15				42	36	-6	skilltab(11) 1-1	glov	
prefix	magicprefix.txt	760	Expert's	+# to Masteries	1	1	yes	125	2	50	35	-15				42	36	-6	skilltab(12) 1-1	glov	
prefix	magicprefix.txt	761	Fanatic	+# to Combat Skills	1	1	yes	125	2	50	35	-15				42	36	-6	skilltab(13) 1-1	glov	
prefix	magicprefix.txt	762	Sounding	+# to Warcries	1	1	yes	125	2	50	35	-15				42	36	-6	skilltab(14) 1-1	glov	
prefix	magicprefix.txt	763	Trainer's	+# to Summoning Skills	1	1	yes	125	2	50	35	-15				42	36	-6	skilltab(15) 1-1	glov	
prefix	magicprefix.txt	764	Spiritual	+# to Shape Shifting Skills	1	1	yes	125	2	50	35	-15				42	36	-6	skilltab(16) 1-1	glov	
prefix	magicprefix.txt	765	Nature's	+# to Elemental Skills	1	1	yes	125	2	50	35	-15				42	36	-6	skilltab(17) 1-1	glov	
prefix	magicprefix.txt	766	Strengthened1	Damage Reduced by #	1	0	no	130	24	14	14	0	70	70	0	10	10	0	red-dmg 1-1	scha	
prefix	magicprefix.txt	767	Reinforced1	Damage Reduced by #	1	0	no	130	12	37	37	0				27	27	0	red-dmg 2-2	scha	
prefix	magicprefix.txt	768	Fortified	Damage Reduced by #	1	0	no	130	6	55	55	0				52	52	0	red-dmg 3-3	scha	
prefix	magicprefix.txt	769	Strengthened1	Damage Reduced by #%	1	0	no	130	24	14	14	0	70	70	0	10	10	0	red-dmg% 1-1	scha	
prefix	magicprefix.txt	770	Reinforced1	Damage Reduced by #%	1	0	no	130	12	37	37	0				27	27	0	red-dmg% 2-2	scha	
prefix	magicprefix.txt	771	Fortified	Damage Reduced by #%	1	0	no	130	6	55	55	0				52	52	0	red-dmg% 3-3	scha	
prefix	magicprefix.txt	772	Impenetrable	Magic Damage Reduced by #	1	0	no	130	3	40	40	0				40	40	0	red-mag 1-1; red-dmg 2-2	scha	
prefix	magicprefix.txt	773	Impregnable	Magic Damage Reduced by #	1	0	no	130	2	50	50	0				50	50	0	red-mag 2-2; red-dmg 2-4	scha	
prefix	magicprefix.txt	774	Impervious	Magic Damage Reduced by #	1	0	no	130	1	60	60	0				60	60	0	red-mag 3-3; red-dmg 3-6	scha	
prefix	magicprefix.txt	775	Aspirant's	+# to Mana	1	0	no	131	24	14	14	0	70	70	0	10	10	0	mana 10-15	scha	
prefix	magicprefix.txt	776	Sorcerer's	+# to Mana	1	0	no	131	12	37	37	0				27	27	0	mana 20-25	scha	
prefix	magicprefix.txt	777	Mage's	+# to Mana	1	0	no	131	6	55	55	0				52	52	0	mana 30-30	scha	
prefix	magicprefix.txt	778	Magical	Increase Maximum Mana #%	1	0	no	131	24	14	14	0	70	70	0	10	10	0	mana% 2-2	scha	
prefix	magicprefix.txt	779	Mana Tap	Increase Maximum Mana #%	1	0	no	131	12	37	37	0				27	27	0	mana% 4-4	scha	
prefix	magicprefix.txt	780	Arcane	Increase Maximum Mana #%	1	0	no	131	6	55	55	0				52	52	0	mana% 6-6	scha	
prefix	magicprefix.txt	781	Wyrm's	+# to Mana	1	0	no	131	3	40	40	0				40	40	0	mana 10-15; mana% 2-2	scha	
prefix	magicprefix.txt	782	Great Wyrm's	+# to Mana	1	0	no	131	2	50	50	0				50	50	0	mana 10-20; mana% 2-4	scha	
prefix	magicprefix.txt	783	Bahamut's	+# to Mana	1	0	no	131	1	60	60	0				60	60	0	mana 15-30; mana% 3-6	scha	
prefix	magicprefix.txt	784	Breathing	+# to Life	1	0	no	131	24	14	14	0	70	70	0	10	10	0	hp 10-15	scha	
prefix	magicprefix.txt	785	Living	+# to Life	1	0	no	131	12	37	37	0				27	27	0	hp 20-25	scha	
prefix	magicprefix.txt	786	Thriving	+# to Life	1	0	no	131	6	55	55	0				52	52	0	hp 30-30	scha	
prefix	magicprefix.txt	787	Heartened	Increase Maximum Life #%	1	0	no	131	24	14	14	0	70	70	0	10	10	0	hp% 2-2	scha	
prefix	magicprefix.txt	788	Invigorated	Increase Maximum Life #%	1	0	no	131	12	37	37	0				27	27	0	hp% 4-4	scha	
prefix	magicprefix.txt	789	Venerable	Increase Maximum Life #%	1	0	no	131	6	55	55	0				52	52	0	hp% 6-6	scha	
prefix	magicprefix.txt	790	Blooming	+# to Life	1	0	no	131	3	40	40	0				40	40	0	hp 10-15; hp% 2-2	scha	
prefix	magicprefix.txt	791	Lifegiving	+# to Life	1	0	no	131	2	50	50	0				50	50	0	hp 10-20; hp% 2-4	scha	
prefix	magicprefix.txt	792	Lifebinder's	+# to Life	1	0	no	131	1	60	60	0				60	60	0	hp 15-30; hp% 3-6	scha	
prefix	magicprefix.txt	793	Weathered	All Resistances +#	1	0	no	133	24	15	15	0	70	70	0	10	10	0	res-all 1-1; dmg-elem 3-6	scha	
prefix	magicprefix.txt	794	Wizened	All Resistances +#	1	0	no	133	12	40	40	0				40	40	0	res-all 3-3; dmg-elem 6-9	scha	
prefix	magicprefix.txt	795	Ancient	All Resistances +#	1	0	no	133	6	60	60	0				60	60	0	res-all 5-5; dmg-elem 9-12	scha	
prefix	magicprefix.txt	796	Regenerating	Replenish Life +#	1	0	no	134	24	14	14	0	70	70	0	10	10	0	regen 5-5	scha	
prefix	magicprefix.txt	797	Reconstructing	Replenish Life +#	1	0	no	134	12	37	37	0				27	27	0	regen 10-10	scha	
prefix	magicprefix.txt	798	Recreating	Replenish Life +#	1	0	no	134	6	55	55	0				52	52	0	regen 20-20	scha	
prefix	magicprefix.txt	799	Inspiring	Regenerate Mana #%	1	0	no	134	24	14	14	0	70	70	0	10	10	0	regen-mana 5-5	scha	
prefix	magicprefix.txt	800	Elated	Regenerate Mana #%	1	0	no	134	12	37	37	0				27	27	0	regen-mana 10-10	scha	
prefix	magicprefix.txt	801	Exhilirating	Regenerate Mana #%	1	0	no	134	6	55	55	0				52	52	0	regen-mana 20-20	scha	
prefix	magicprefix.txt	802	Energized	Regenerate Mana #%	1	0	no	134	3	40	40	0				40	40	0	regen-mana 5-5; regen 5-5	scha	
prefix	magicprefix.txt	803	Thrilling	Regenerate Mana #%	1	0	no	134	2	50	50	0				50	50	0	regen-mana 5-10; regen 5-10	scha	
prefix	magicprefix.txt	804	Breathtaking	Regenerate Mana #%	1	0	no	134	1	60	60	0				60	60	0	regen-mana 10-20; regen 10-20	scha	
prefix	magicprefix.txt	805	Refreshing	+# to Mana after each Kill	1	0	no	134	24	14	14	0	70	70	0	10	10	0	mana-kill 1-1	scha	
prefix	magicprefix.txt	806	Recharging	+# to Mana after each Kill	1	0	no	134	12	37	37	0				27	27	0	mana-kill 2-2	scha	
prefix	magicprefix.txt	807	Rejuvinating	+# to Mana after each Kill	1	0	no	134	6	55	55	0				52	52	0	mana-kill 3-3	scha	
prefix	magicprefix.txt	808	Leeching	+# Life after each Kill	1	0	no	134	24	14	14	0	70	70	0	10	10	0	heal-kill 1-1	scha	
prefix	magicprefix.txt	809	Parasitic	+# Life after each Kill	1	0	no	134	12	37	37	0				27	27	0	heal-kill 2-2	scha	
prefix	magicprefix.txt	810	Bloodsucking	+# Life after each Kill	1	0	no	134	6	55	55	0				52	52	0	heal-kill 3-3	scha	
prefix	magicprefix.txt	811	Consuming	+# to Mana after each Kill	1	0	no	134	3	40	40	0				40	40	0	mana-kill 1-1; heal-kill 1-1	scha	
prefix	magicprefix.txt	812	Overflowing	+# to Mana after each Kill	1	0	no	134	2	50	50	0				50	50	0	mana-kill 1-2; heal-kill 1-2	scha	
prefix	magicprefix.txt	813	Overwhelming	+# to Mana after each Kill	1	0	no	134	1	60	60	0				60	60	0	mana-kill 2-3; heal-kill 2-3	scha	
prefix	magicprefix.txt	814	Fiendish	Life gained after each hit	1	0	no	134	24	14	14	0	70	70	0	10	10	0	healperhit 1-1	scha	
prefix	magicprefix.txt	815	Malignant	Life gained after each hit	1	0	no	134	12	37	37	0				27	27	0	healperhit 2-2	scha	
prefix	magicprefix.txt	816	Vampiric	Life gained after each hit	1	0	no	134	6	55	55	0				52	52	0	healperhit 3-3	scha	
prefix	magicprefix.txt	817	Hector	+# to Mana after each Kill	1	0	no	134	3	61	61	0				61	61	0	mana-kill 1-1; heal-kill 1-1; healperhit 1-1	scha	
prefix	magicprefix.txt	818	Achilles	+# to Mana after each Kill	1	0	no	134	2	71	71	0				71	71	0	mana-kill 2-2; heal-kill 2-2; healperhit 2-2	scha	
prefix	magicprefix.txt	819	Hercules	+# to Mana after each Kill	1	0	no	134	1	81	81	0				81	81	0	mana-kill 3-3; heal-kill 3-3; healperhit 3-3	scha	
prefix	magicprefix.txt	820	Warm	Fire Resist +#%	1	0	no	133	24	14	14	0	70	70	0	10	10	0	res-fire 5-5	scha	
prefix	magicprefix.txt	821	Temperate	Fire Resist +#%	1	0	no	133	12	37	37	0				27	27	0	res-fire 7-7	scha	
prefix	magicprefix.txt	822	Summery	Fire Resist +#%	1	0	no	133	6	55	55	0				52	52	0	res-fire 10-10	scha	
prefix	magicprefix.txt	823	Electric	Lightning Resist +#%	1	0	no	133	24	14	14	0	70	70	0	10	10	0	res-ltng 5-5	scha	
prefix	magicprefix.txt	824	Voltaic	Lightning Resist +#%	1	0	no	133	12	37	37	0				27	27	0	res-ltng 7-7	scha	
prefix	magicprefix.txt	825	Galvanic	Lightning Resist +#%	1	0	no	133	6	55	55	0				52	52	0	res-ltng 10-10	scha	
prefix	magicprefix.txt	826	Cold	Cold Resist +#%	1	0	no	133	24	14	14	0	70	70	0	10	10	0	res-cold 5-5	scha	
prefix	magicprefix.txt	827	Numbing	Cold Resist +#%	1	0	no	133	12	37	37	0				27	27	0	res-cold 7-7	scha	
prefix	magicprefix.txt	828	Freezing	Cold Resist +#%	1	0	no	133	6	55	55	0				52	52	0	res-cold 10-10	scha	
prefix	magicprefix.txt	829	Poison	Poison Resist +#%	1	0	no	133	24	14	14	0	70	70	0	10	10	0	res-pois 5-5	scha	
prefix	magicprefix.txt	830	Toxic	Poison Resist +#%	1	0	no	133	12	37	37	0				27	27	0	res-pois 7-7	scha	
prefix	magicprefix.txt	831	Venom	Poison Resist +#%	1	0	no	133	6	55	55	0				52	52	0	res-pois 10-10	scha	
prefix	magicprefix.txt	832	Psychic	Magic Resist +#%	0	0	no	133	24	14	14	0	70	70	0	10	10	0	res-mag 5-5	scha	
prefix	magicprefix.txt	833	Clairvoyant	Magic Resist +#%	0	0	no	133	12	37	37	0				27	27	0	res-mag 7-7	scha	
prefix	magicprefix.txt	834	Prophetic	Magic Resist +#%	0	0	no	133	6	55	55	0				52	52	0	res-mag 10-10	scha	
prefix	magicprefix.txt	835	Uncontrolled	Fire Resist +#%	1	0	no	133	3	40	40	0				40	40	0	res-fire 3-5; res-ltng 3-5	scha	
prefix	magicprefix.txt	836	Fissured	Fire Resist +#%	1	0	no	133	2	50	50	0				50	50	0	res-fire 4-7; res-ltng 4-7	scha	
prefix	magicprefix.txt	837	Volcanic	Fire Resist +#%	1	0	no	133	1	60	60	0				60	60	0	res-fire 5-10; res-ltng 5-10	scha	
prefix	magicprefix.txt	838	Incessant	Lightning Resist +#%	1	0	no	133	3	40	40	0				40	40	0	res-ltng 3-5; res-cold 3-5	scha	
prefix	magicprefix.txt	839	Unceasing	Lightning Resist +#%	1	0	no	133	2	50	50	0				50	50	0	res-ltng 4-7; res-cold 4-7	scha	
prefix	magicprefix.txt	840	Interminable	Lightning Resist +#%	1	0	no	133	1	60	60	0				60	60	0	res-ltng 5-10; res-cold 5-10	scha	
prefix	magicprefix.txt	841	Ambivalent	Cold Resist +#%	1	0	no	133	3	40	40	0				40	40	0	res-cold 3-5; res-fire 3-5	scha	
prefix	magicprefix.txt	842	Polarised	Cold Resist +#%	1	0	no	133	2	50	50	0				50	50	0	res-cold 4-7; res-fire 4-7	scha	
prefix	magicprefix.txt	843	Dichotic	Cold Resist +#%	1	0	no	133	1	60	60	0				60	60	0	res-cold 5-10; res-fire 5-10	scha	
prefix	magicprefix.txt	844	Retain	+#% to Experience Gained	1	0	no	134	3	10	10	0				10	10	0	addxp 2-4	scha	
prefix	magicprefix.txt	845	Memorize	+#% to Experience Gained	1	0	no	134	3	50	50	0				45	45	0	addxp 3-5	scha	
prefix	magicprefix.txt	846	Master	+#% to Experience Gained	1	0	no	134	3	81	81	0				80	80	0	addxp 4-6	scha	
prefix	magicprefix.txt	847	Lucky	#% Better Chance of Getting Magic Items	1	0	no	114	24	1	1	0	70	70	0	10	10	0	mag% 5-10; gold% 10-20	mcha	
prefix	magicprefix.txt	848	Lucky	#% Better Chance of Getting Magic Items	1	0	no	114	12	33	33	0				30	30	0	mag% 10-15; gold% 20-30	mcha	
prefix	magicprefix.txt	849	Lucky	#% Better Chance of Getting Magic Items	1	0	no	114	6	63	63	0				60	60	0	mag% 15-20; gold% 30-40	mcha	
prefix	magicprefix.txt	850	Prickly	Attacker Takes Damage of #	1	0	no	210	12	24	24	0	70	70	0	15	15	0	thorns 12-20	mcha	
prefix	magicprefix.txt	851	Heartened	+#% Faster Run/Walk	1	0	no	211	6	24	24	0	70	70	0	15	15	0	move2 3-5	mcha	
prefix	magicprefix.txt	852	Heartened	+#% Faster Hit Recovery	1	0	no	211	6	24	24	0	70	70	0	15	15	0	balance2 3-5	mcha	
prefix	magicprefix.txt	853	Heartened	+#% Faster Block Rate	1	0	no	211	6	24	24	0	70	70	0	15	15	0	block2 3-5	mcha	
prefix	magicprefix.txt	854	Onslaught	+#% Faster Attack Speed	1	0	no	212	6	24	24	0	70	70	0	18	18	0	swing2 3-5	mcha	
prefix	magicprefix.txt	855	Incanting	+#% Faster Cast Rate	1	0	no	212	6	24	24	0	70	70	0	18	18	0	cast2 3-5	mcha	
prefix	magicprefix.txt	856	Deadly	#% Deadly Strike	1	0	no	212	6	24	24	0	70	70	0	18	18	0	deadly 3-5	mcha	
prefix	magicprefix.txt	857	Wounding	#% Open Wounds	1	0	no	212	6	24	24	0	70	70	0	18	18	0	openwounds 3-5	mcha	
prefix	magicprefix.txt	858	Crushing1	#% Crushing Blow	1	0	no	212	6	24	24	0	70	70	0	18	18	0	crush 3-5	mcha	
prefix	magicprefix.txt	859	Piercing	Piercing Attack	1	0	no	212	6	24	24	0	70	70	0	18	18	0	pierce 3-5	mcha	
prefix	magicprefix.txt	860	Apprentice	+# to Amazon [Skill] ([Class] only)	1	0	no	213	3	25	25	0				20	20	0	skill-rand(1) 6-35; dex 2-3; vit 2-3	mcha	
prefix	magicprefix.txt	861	Apprentice	+# to Paladin [Skill] ([Class] only)	1	0	no	213	3	25	25	0				20	20	0	skill-rand(1) 96-125; str 2-3; vit 2-3	mcha	
prefix	magicprefix.txt	862	Apprentice	+# to Necromancer [Skill] ([Class] only)	1	0	no	213	3	25	25	0				20	20	0	skill-rand(1) 66-95; enr 2-3; vit 2-3	mcha	
prefix	magicprefix.txt	863	Apprentice	+# to Sorceress [Skill] ([Class] only)	1	0	no	213	3	25	25	0				20	20	0	skill-rand(1) 36-65; enr 2-3; vit 2-3	mcha	
prefix	magicprefix.txt	864	Apprentice	+# to Barbarian [Skill] ([Class] only)	1	0	no	213	3	25	25	0				20	20	0	skill-rand(1) 126-155; str 2-3; vit 2-3	mcha	
prefix	magicprefix.txt	865	Apprentice	+# to Druid [Skill] ([Class] only)	1	0	no	213	3	25	25	0				20	20	0	skill-rand(1) 221-250; dex 2-3; vit 2-3	mcha	
prefix	magicprefix.txt	866	Apprentice	+# to Assassin [Skill] ([Class] only)	1	0	no	213	3	25	25	0				20	20	0	skill-rand(1) 251-280; dex 2-3; vit 2-3	mcha	
prefix	magicprefix.txt	867	Barbed	Attacker Takes Damage of #	1	0	no	210	8	50	50	0				45	45	0	thorns 25-35	mcha	
prefix	magicprefix.txt	868	Strengthened1	+#% Faster Run/Walk	1	0	no	211	5	50	50	0				45	45	0	move2 5-7	mcha	
prefix	magicprefix.txt	869	Strengthened1	+#% Faster Hit Recovery	1	0	no	211	5	50	50	0				45	45	0	balance2 5-7	mcha	
prefix	magicprefix.txt	870	Strengthened1	+#% Faster Block Rate	1	0	no	211	5	50	50	0				45	45	0	block2 5-7	mcha	
prefix	magicprefix.txt	871	Onslaught	+#% Faster Attack Speed	1	0	no	212	5	55	55	0				50	50	0	swing2 5-7	mcha	
prefix	magicprefix.txt	872	Incanting	+#% Faster Cast Rate	1	0	no	212	5	55	55	0				50	50	0	cast2 5-7	mcha	
prefix	magicprefix.txt	873	Deadly	#% Deadly Strike	1	0	no	212	5	55	55	0				50	50	0	deadly 5-7	mcha	
prefix	magicprefix.txt	874	Wounding	#% Open Wounds	1	0	no	212	5	55	55	0				50	50	0	openwounds 5-7	mcha	
prefix	magicprefix.txt	875	Crushing1	#% Crushing Blow	1	0	no	212	5	55	55	0				50	50	0	crush 5-7	mcha	
prefix	magicprefix.txt	876	Piercing	Piercing Attack	1	0	no	212	5	55	55	0				50	50	0	pierce 5-7	mcha	
prefix	magicprefix.txt	877	Adept	+# to Amazon [Skill] ([Class] only)	1	0	no	213	2	55	55	0				50	50	0	skill-rand(2) 6-35; dex 4-6; vit 4-6	mcha	
prefix	magicprefix.txt	878	Adept	+# to Paladin [Skill] ([Class] only)	1	0	no	213	2	55	55	0				50	50	0	skill-rand(2) 96-125; str 4-6; vit 4-6	mcha	
prefix	magicprefix.txt	879	Adept	+# to Necromancer [Skill] ([Class] only)	1	0	no	213	2	55	55	0				50	50	0	skill-rand(2) 66-95; enr 4-6; vit 4-6	mcha	
prefix	magicprefix.txt	880	Adept	+# to Sorceress [Skill] ([Class] only)	1	0	no	213	2	55	55	0				50	50	0	skill-rand(2) 36-65; enr 4-6; vit 4-6	mcha	
prefix	magicprefix.txt	881	Adept	+# to Barbarian [Skill] ([Class] only)	1	0	no	213	2	55	55	0				50	50	0	skill-rand(2) 126-155; str 4-6; vit 4-6	mcha	
prefix	magicprefix.txt	882	Adept	+# to Druid [Skill] ([Class] only)	1	0	no	213	2	55	55	0				50	50	0	skill-rand(2) 221-250; dex 4-6; vit 4-6	mcha	
prefix	magicprefix.txt	883	Adept	+# to Assassin [Skill] ([Class] only)	1	0	no	213	2	55	55	0				50	50	0	skill-rand(2) 251-280; dex 4-6; vit 4-6	mcha	
prefix	magicprefix.txt	884	Porcupine	Attacker Takes Damage of #	1	0	no	210	2	65	65	0				60	60	0	thorns 50-75	mcha	
prefix	magicprefix.txt	885	Bolstered	+#% Faster Run/Walk	1	0	no	211	2	65	65	0				60	60	0	move2 7-10	mcha	
prefix	magicprefix.txt	886	Bolstered	+#% Faster Hit Recovery	1	0	no	211	2	65	65	0				60	60	0	balance2 7-10	mcha	
prefix	magicprefix.txt	887	Bolstered	+#% Faster Block Rate	1	0	no	211	2	65	65	0				60	60	0	block2 7-10	mcha	
prefix	magicprefix.txt	888	Onslaught	+#% Faster Attack Speed	1	0	no	212	2	65	65	0				60	60	0	swing2 7-10	mcha	
prefix	magicprefix.txt	889	Incanting	+#% Faster Cast Rate	1	0	no	212	2	65	65	0				60	60	0	cast2 7-10	mcha	
prefix	magicprefix.txt	890	Deadly	#% Deadly Strike	1	0	no	212	2	65	65	0				60	60	0	deadly 7-10	mcha	
prefix	magicprefix.txt	891	Wounding	#% Open Wounds	1	0	no	212	2	65	65	0				60	60	0	openwounds 7-10	mcha	
prefix	magicprefix.txt	892	Crushing1	#% Crushing Blow	1	0	no	212	2	65	65	0				60	60	0	crush 7-10	mcha	
prefix	magicprefix.txt	893	Piercing	Piercing Attack	1	0	no	212	2	65	65	0				60	60	0	pierce 7-10	mcha	
prefix	magicprefix.txt	894	Matriarchal	+# to Amazon [Skill] ([Class] only)	1	0	no	213	1	81	81	0				80	80	0	skill-rand(3) 6-35; dex 8-10; vit 8-10	mcha	
prefix	magicprefix.txt	895	Templar	+# to Paladin [Skill] ([Class] only)	1	0	no	213	1	81	81	0				80	80	0	skill-rand(3) 96-125; str 8-10; vit 8-10	mcha	
prefix	magicprefix.txt	896	Archlich	+# to Necromancer [Skill] ([Class] only)	1	0	no	213	1	81	81	0				80	80	0	skill-rand(3) 66-95; enr 8-10; vit 8-10	mcha	
prefix	magicprefix.txt	897	Guardian's	+# to Sorceress [Skill] ([Class] only)	1	0	no	213	1	81	81	0				80	80	0	skill-rand(3) 36-65; enr 8-10; vit 8-10	mcha	
prefix	magicprefix.txt	898	Battlemaster	+# to Barbarian [Skill] ([Class] only)	1	0	no	213	1	81	81	0				80	80	0	skill-rand(3) 126-155; str 8-10; vit 8-10	mcha	
prefix	magicprefix.txt	899	Cenarion	+# to Druid [Skill] ([Class] only)	1	0	no	213	1	81	81	0				80	80	0	skill-rand(3) 221-250; dex 8-10; vit 8-10	mcha	
prefix	magicprefix.txt	900	Shadowed	+# to Assassin [Skill] ([Class] only)	1	0	no	213	1	81	81	0				80	80	0	skill-rand(3) 251-280; dex 8-10; vit 8-10	mcha	
prefix	magicprefix.txt	901	Cataclysm	-#% to Enemy Fire Resistance	1	0	no	214	2	81	81	0				80	80	0	pierce-fire 3-5	mcha	
prefix	magicprefix.txt	902	Cataclysm	-#% to Enemy Lightning Resistance	1	0	no	214	2	81	81	0				80	80	0	pierce-ltng 3-5	mcha	
prefix	magicprefix.txt	903	Cataclysm	-#% to Enemy Cold Resistance	1	0	no	214	2	81	81	0				80	80	0	pierce-cold 3-5	mcha	
prefix	magicprefix.txt	904	Cataclysm	-#% to Enemy Poison Resistance	1	0	no	214	2	81	81	0				80	80	0	pierce-pois 3-5	mcha	
prefix	magicprefix.txt	905	Gaian	+#% to Fire Skill Damage	1	0	no	215	2	81	81	0				80	80	0	extra-fire 3-5	mcha	
prefix	magicprefix.txt	906	Gaian	+#% to Lightning Skill Damage	1	0	no	215	2	81	81	0				80	80	0	extra-ltng 3-5	mcha	
prefix	magicprefix.txt	907	Gaian	+#% to Cold Skill Damage	1	0	no	215	2	81	81	0				80	80	0	extra-cold 3-5	mcha	
prefix	magicprefix.txt	908	Gaian	+#% to Poison Skill Damage	1	0	no	215	2	81	81	0				80	80	0	extra-pois 3-5	mcha	
prefix	magicprefix.txt	909	Jagged	+#% Enhanced Damage	1	0	no	104	24	20	20	0	60	60	0	10	10	0	dmg% 5-10	lcha	
prefix	magicprefix.txt	910	Forked	+#% Enhanced Damage	1	1	yes	104	6	55	39	-16				50	43	-7	dmg% 10-15	lcha	
prefix	magicprefix.txt	911	Serrated	+#% Enhanced Damage	1	1	yes	104	3	81	57	-24				81	69	-12	dmg% 20-25	lcha	
prefix	magicprefix.txt	912	Bronze	+# to Attack Rating	1	0	no	110	24	1	1	0	60	60	0	1	1	0	att 6-12	lcha	
prefix	magicprefix.txt	913	Bronze	+# to Attack Rating	1	0	no	110	24	7	7	0	60	60	0	5	5	0	att 13-27	lcha	
prefix	magicprefix.txt	914	Bronze	+# to Attack Rating	1	0	no	110	24	13	13	0	60	60	0	10	10	0	att 28-42	lcha	
prefix	magicprefix.txt	915	Iron	+# to Attack Rating	1	0	no	110	12	19	19	0	81	81	0	15	15	0	att 43-57	lcha	
prefix	magicprefix.txt	916	Iron	+# to Attack Rating	1	0	no	110	12	25	25	0	81	81	0	20	20	0	att 58-72	lcha	
prefix	magicprefix.txt	917	Iron	+# to Attack Rating	1	0	no	110	12	31	31	0				25	25	0	att 73-87	lcha	
prefix	magicprefix.txt	918	Steel	+# to Attack Rating	1	1	yes	110	6	38	27	-11				29	25	-4	att 88-102	lcha	
prefix	magicprefix.txt	919	Steel	+# to Attack Rating	1	1	yes	110	6	61	43	-18				61	52	-9	att 103-117	lcha	
prefix	magicprefix.txt	920	Steel	+# to Attack Rating	1	1	yes	110	6	81	57	-24				81	69	-12	att 118-132	lcha	
prefix	magicprefix.txt	921	Fine	+# to Attack Rating & +# to Maximum Damage	1	1	yes	110	24	15	11	-4	60	42	-18	15	13	-2	att 10-20; dmg-max 1-3	lcha	
prefix	magicprefix.txt	922	Fine	+# to Attack Rating & +# to Maximum Damage	1	1	yes	110	12	35	25	-10				35	30	-5	att 21-48; dmg-max 4-6	lcha	
prefix	magicprefix.txt	923	Sharp	+# to Attack Rating & +# to Maximum Damage	1	1	yes	110	3	61	43	-18				61	52	-9	att 49-76; dmg-max 7-10	lcha	
prefix	magicprefix.txt	924	Red	+# to Minimum Damage	1	0	no	103	24	4	4	0	60	60	0	3	3	0	dmg-min 1-2	lcha	
prefix	magicprefix.txt	925	Red	+# to Minimum Damage	1	0	no	103	24	16	16	0	60	60	0	12	12	0	dmg-min 3-4	lcha	
prefix	magicprefix.txt	926	Sanguinary	+# to Minimum Damage	1	0	no	103	12	28	28	0	81	81	0	21	21	0	dmg-min 5-6	lcha	
prefix	magicprefix.txt	927	Sanguinary	+# to Minimum Damage	1	0	no	103	6	40	40	0				32	32	0	dmg-min 7-8	lcha	
prefix	magicprefix.txt	928	Bloody	+# to Minimum Damage	1	0	no	103	3	52	52	0				46	46	0	dmg-min 9-10	lcha	
prefix	magicprefix.txt	929	Jagged	+# to Maximum Damage	1	0	no	103	24	3	3	0	60	60	0	2	2	0	dmg-max 1-2	lcha	
prefix	magicprefix.txt	930	Jagged	+# to Maximum Damage	1	0	no	103	24	10	10	0	60	60	0	7	7	0	dmg-max 3-4	lcha	
prefix	magicprefix.txt	931	Jagged	+# to Maximum Damage	1	0	no	103	24	17	17	0	81	81	0	12	12	0	dmg-max 5-6	lcha	
prefix	magicprefix.txt	932	Forked	+# to Maximum Damage	1	0	no	103	24	25	25	0				18	18	0	dmg-max 7-8	lcha	
prefix	magicprefix.txt	933	Forked	+# to Maximum Damage	1	1	yes	103	12	32	22	-10				24	20	-4	dmg-max 9-10	lcha	
prefix	magicprefix.txt	934	Serrated	+# to Maximum Damage	1	1	yes	103	6	39	27	-12				31	26	-5	dmg-max 11-12	lcha	
prefix	magicprefix.txt	935	Serrated	+# to Maximum Damage	1	1	yes	103	3	47	33	-14				39	33	-6	dmg-max 13-15	lcha	
prefix	magicprefix.txt	936	Red	+# to Minimum Damage & +# to Maximum Damage	1	0	no	103	12	29	29	0	60	60	0	26	26	0	dmg-min 1-3; dmg-max 4-9	lcha	
prefix	magicprefix.txt	937	Sanguinary	+# to Minimum Damage & +# to Maximum Damage	1	1	yes	103	6	60	42	-18				60	51	-9	dmg-min 4-5; dmg-max 6-12	lcha	
prefix	magicprefix.txt	938	Bloody	+# to Minimum Damage & +# to Maximum Damage	1	1	yes	103	3	86	60	-26				88	75	-13	dmg-min 6-8; dmg-max 13-15	lcha	
prefix	magicprefix.txt	939	Stout	+# Defense	1	0	no	101	24	1	1	0	30	30	0	1	1	0	ac 3-5; ac-miss 1-2	lcha	
prefix	magicprefix.txt	940	Stout	+# Defense	1	0	no	101	24	7	7	0	40	40	0	5	5	0	ac 6-10; ac-miss 2-4	lcha	
prefix	magicprefix.txt	941	Stout	+# Defense	1	0	no	101	24	12	12	0	50	50	0	9	9	0	ac 10-16; ac-miss 4-6	lcha	
prefix	magicprefix.txt	942	Burly	+# Defense	1	0	no	101	24	17	17	0	60	60	0	12	12	0	ac 16-22; ac-miss 6-8	lcha	
prefix	magicprefix.txt	943	Burly	+# Defense	1	0	no	101	12	22	22	0	81	81	0	16	16	0	ac 26-34; ac-miss 10-14	lcha	
prefix	magicprefix.txt	944	Burly	+# Defense	1	0	no	101	12	27	27	0	81	81	0	20	20	0	ac 42-52; ac-miss 16-22	lcha	
prefix	magicprefix.txt	945	Stalwart	+# Defense	1	0	no	101	12	32	32	0				24	24	0	ac 56-70; ac-miss 22-30	lcha	
prefix	magicprefix.txt	946	Stalwart	+# Defense	1	0	no	101	12	37	37	0				29	29	0	ac 68-80; ac-miss 30-38	lcha	
prefix	magicprefix.txt	947	Stalwart	+# Defense	1	0	no	101	6	42	42	0				34	34	0	ac 80-96; ac-miss 42-52	lcha	
prefix	magicprefix.txt	948	Stalwart	+# Defense	1	1	yes	101	6	55	39	-16				48	41	-7	ac 92-104; ac-miss 50-62	lcha	
prefix	magicprefix.txt	949	Stalwart	+# Defense	1	1	yes	101	3	69	48	-21				65	55	-10	ac 106-122; ac-miss 58-70	lcha	
prefix	magicprefix.txt	950	Stalwart	+# Defense	1	1	yes	101	3	81	57	-24				75	64	-11	ac 118-139; ac-miss 66-78	lcha	
prefix	magicprefix.txt	951	Fletcher's	+# to Bow and Crossbow Skills	1	1	yes	125	2	50	35	-15				42	36	-6	skilltab(0) 1-1	lcha	
prefix	magicprefix.txt	952	Acrobat's	+# to Passive and Magic Skills	1	1	yes	125	2	50	35	-15				42	36	-6	skilltab(1) 1-1	lcha	
prefix	magicprefix.txt	953	Harpoonist's	+# to Javelin and Spear Skills	1	1	yes	125	2	50	35	-15				42	36	-6	skilltab(2) 1-1	lcha	
prefix	magicprefix.txt	954	Burning	+# to Fire Skills	1	1	yes	125	2	50	35	-15				42	36	-6	skilltab(3) 1-1	lcha	
prefix	magicprefix.txt	955	Sparking	+# to Lightning Skills	1	1	yes	125	2	50	35	-15				42	36	-6	skilltab(4) 1-1	lcha	
prefix	magicprefix.txt	956	Chilling	+# to Cold Skills	1	1	yes	125	2	50	35	-15				42	36	-6	skilltab(5) 1-1	lcha	
prefix	magicprefix.txt	957	Hexing	+# to Curses	1	1	yes	125	2	50	35	-15				42	36	-6	skilltab(6) 1-1	lcha	
prefix	magicprefix.txt	958	Fungal	+# to Poison and Bone Skills	1	1	yes	125	2	50	35	-15				42	36	-6	skilltab(7) 1-1	lcha	
prefix	magicprefix.txt	959	Graverobber's	+# to Summoning Skills	1	1	yes	125	2	50	35	-15				42	36	-6	skilltab(8) 1-1	lcha	
prefix	magicprefix.txt	960	Lion Branded	+# to Combat Skills	1	1	yes	125	2	50	35	-15				42	36	-6	skilltab(9) 1-1	lcha	
prefix	magicprefix.txt	961	Captain's	+# to Offensive Auras	1	1	yes	125	2	50	35	-15				42	36	-6	skilltab(10) 1-1	lcha	
prefix	magicprefix.txt	962	Preserver's	+# to Defensive Auras	1	1	yes	125	2	50	35	-15				42	36	-6	skilltab(11) 1-1	lcha	
prefix	magicprefix.txt	963	Expert's	+# to Masteries	1	1	yes	125	2	50	35	-15				42	36	-6	skilltab(12) 1-1	lcha	
prefix	magicprefix.txt	964	Fanatic	+# to Combat Skills	1	1	yes	125	2	50	35	-15				42	36	-6	skilltab(13) 1-1	lcha	
prefix	magicprefix.txt	965	Sounding	+# to Warcries	1	1	yes	125	2	50	35	-15				42	36	-6	skilltab(14) 1-1	lcha	
prefix	magicprefix.txt	966	Trainer's	+# to Summoning Skills	1	1	yes	125	2	50	35	-15				42	36	-6	skilltab(15) 1-1	lcha	
prefix	magicprefix.txt	967	Spiritual	+# to Shape Shifting Skills	1	1	yes	125	2	50	35	-15				42	36	-6	skilltab(16) 1-1	lcha	
prefix	magicprefix.txt	968	Nature's	+# to Elemental Skills	1	1	yes	125	2	50	35	-15				42	36	-6	skilltab(17) 1-1	lcha	
prefix	magicprefix.txt	969	Entrapping	+# to Traps	1	1	yes	125	2	50	35	-15				42	36	-6	skilltab(18) 1-1	lcha	
prefix	magicprefix.txt	970	Mentalist's	+# to Shadow Disciplines	1	1	yes	125	2	50	35	-15				42	36	-6	skilltab(19) 1-1	lcha	
prefix	magicprefix.txt	971	Shogukusha's	+# to Martial Arts	1	1	yes	125	2	50	35	-15				42	36	-6	skilltab(20) 1-1	lcha	
prefix	magicprefix.txt	972	Snowflake	+# to Minimum Cold Damage & +# to Maximum Cold Damage	1	1	yes	137	24	5	4	-1	60	42	-18	5	4	-1	cold-min 2-4; cold-max 4-5	lcha	
prefix	magicprefix.txt	973	Shivering	+# to Minimum Cold Damage & +# to Maximum Cold Damage	1	0	no	137	24	35	35	0	60	60	0	35	35	0	cold-min 4-6; cold-max 6-8	lcha	
prefix	magicprefix.txt	974	Boreal	+# to Minimum Cold Damage & +# to Maximum Cold Damage	1	0	no	137	12	61	61	0				61	61	0	cold-min 6-8; cold-max 10-15	lcha	
prefix	magicprefix.txt	975	Boreal	+# to Minimum Cold Damage & +# to Maximum Cold Damage	1	0	no	137	6	71	71	0				71	71	0	cold-min 8-10; cold-max 12-18	lcha	
prefix	magicprefix.txt	976	Boreal	+# to Minimum Cold Damage & +# to Maximum Cold Damage	1	1	yes	137	3	81	57	-24				81	69	-12	cold-min 12-14; cold-max 20-25	lcha	
prefix	magicprefix.txt	977	Ember	+# to Minimum Fire Damage & +# to Maximum Fire Damage	1	0	no	137	24	5	5	0	60	60	0	5	5	0	fire-min 2-4; fire-max 6-8	lcha	
prefix	magicprefix.txt	978	Smoldering	+# to Minimum Fire Damage & +# to Maximum Fire Damage	1	0	no	137	12	35	35	0	60	60	0	35	35	0	fire-min 4-6; fire-max 10-15	lcha	
prefix	magicprefix.txt	979	Smoking	+# to Minimum Fire Damage & +# to Maximum Fire Damage	1	1	yes	137	6	61	43	-18				61	52	-9	fire-min 6-8; fire-max 12-18	lcha	
prefix	magicprefix.txt	980	Flaming	+# to Minimum Fire Damage & +# to Maximum Fire Damage	1	1	yes	137	3	81	57	-24				81	69	-12	fire-min 10-15; fire-max 20-25	lcha	
prefix	magicprefix.txt	981	Static	+# to Minimum Lightning Damage & +# to Maximum Lightning Damage	1	0	no	137	24	5	5	0	60	60	0	5	5	0	ltng-min 2-4; ltng-max 6-8	lcha	
prefix	magicprefix.txt	982	Glowing	+# to Minimum Lightning Damage & +# to Maximum Lightning Damage	1	0	no	137	12	35	35	0	60	60	0	35	35	0	ltng-min 4-6; ltng-max 10-15	lcha	
prefix	magicprefix.txt	983	Arcing	+# to Minimum Lightning Damage & +# to Maximum Lightning Damage	1	1	yes	137	6	61	43	-18				61	52	-9	ltng-min 6-8; ltng-max 12-18	lcha	
prefix	magicprefix.txt	984	Shocking	+# to Minimum Lightning Damage & +# to Maximum Lightning Damage	1	1	yes	137	3	81	57	-24				81	69	-12	ltng-min 10-15; ltng-max 20-25	lcha	
prefix	magicprefix.txt	985	Septic	+# to Minimum Poison Damage & +# to Maximum Poison Damage	1	0	no	137	24	15	15	0	60	60	0	15	15	0	dmg-pois(75) 220-280	lcha	
prefix	magicprefix.txt	986	Envenomed	+# to Minimum Poison Damage & +# to Maximum Poison Damage	1	0	no	137	12	35	35	0				35	35	0	dmg-pois(75) 280-360	lcha	
prefix	magicprefix.txt	987	Toxic	+# to Minimum Poison Damage & +# to Maximum Poison Damage	1	1	yes	137	6	61	43	-18				61	52	-9	dmg-pois(100) 360-480	lcha	
prefix	magicprefix.txt	988	Pestilent	+# to Minimum Poison Damage & +# to Maximum Poison Damage	1	1	yes	137	3	81	57	-24				81	69	-12	dmg-pois(125) 480-560	lcha	
prefix	magicprefix.txt	989	Avatar	Adds #-# Fire/Lightning/Cold Damage	1	0	no	137	2	45	45	0				45	45	0	dmg-elem 5-10	lcha	
prefix	magicprefix.txt	990	Avatar	Adds #-# Fire/Lightning/Cold Damage	1	1	yes	137	2	65	46	-19				65	55	-10	dmg-elem 10-20	lcha	
prefix	magicprefix.txt	991	Avatar	Adds #-# Fire/Lightning/Cold Damage	1	1	yes	137	1	85	59	-26				85	72	-13	dmg-elem 20-30	lcha	
prefix	magicprefix.txt	992	Hulking	Adds #-# Damage	0	0	no	143	6	45	45	0				45	45	0	dmg-norm 10-20	lcha	
prefix	magicprefix.txt	993	Hulking	Adds #-# Damage	0	1	yes	143	6	65	46	-19				65	55	-10	dmg-norm 20-40	lcha	
prefix	magicprefix.txt	994	Hulking	Adds #-# Damage	0	1	yes	143	6	85	59	-26				85	72	-13	dmg-norm 40-60	lcha	
prefix	magicprefix.txt	995	Azure	Cold Resist +#%	1	0	no	117	24	10	10	0	61	61	0	10	10	0	res-cold 7-15	lcha	
prefix	magicprefix.txt	996	Lapis	Cold Resist +#%	1	0	no	117	12	25	25	0	81	81	0	20	20	0	res-cold 16-20	lcha	
prefix	magicprefix.txt	997	Cobalt	Cold Resist +#%	1	1	yes	117	12	45	31	-14				40	34	-6	res-cold 21-25	lcha	
prefix	magicprefix.txt	998	Sapphire	Cold Resist +#%	1	1	yes	117	6	60	42	-18				55	47	-8	res-cold 26-30	lcha	
prefix	magicprefix.txt	999	Crimson	Fire Resist +#%	1	0	no	118	24	10	10	0	61	61	0	10	10	0	res-fire 7-15	lcha	
prefix	magicprefix.txt	1000	Russet	Fire Resist +#%	1	0	no	118	12	25	25	0	81	81	0	20	20	0	res-fire 16-20	lcha	
prefix	magicprefix.txt	1001	Garnet	Fire Resist +#%	1	1	yes	118	12	45	31	-14				40	34	-6	res-fire 21-25	lcha	
prefix	magicprefix.txt	1002	Ruby	Fire Resist +#%	1	1	yes	118	6	60	42	-18				55	47	-8	res-fire 26-30	lcha	
prefix	magicprefix.txt	1003	Tangerine	Lightning Resist +#%	1	0	no	119	24	10	10	0	61	61	0	10	10	0	res-ltng 7-15	lcha	
prefix	magicprefix.txt	1004	Ocher	Lightning Resist +#%	1	0	no	119	12	25	25	0	81	81	0	20	20	0	res-ltng 16-20	lcha	
prefix	magicprefix.txt	1005	Coral	Lightning Resist +#%	1	1	yes	119	12	45	31	-14				40	34	-6	res-ltng 21-25	lcha	
prefix	magicprefix.txt	1006	Amber	Lightning Resist +#%	1	1	yes	119	6	60	42	-18				55	47	-8	res-ltng 26-30	lcha	
prefix	magicprefix.txt	1007	Beryl	Poison Resist +#%	1	0	no	120	24	10	10	0	61	61	0	10	10	0	res-pois 7-15	lcha	
prefix	magicprefix.txt	1008	Viridian	Poison Resist +#%	1	0	no	120	12	25	25	0	81	81	0	20	20	0	res-pois 16-20	lcha	
prefix	magicprefix.txt	1009	Jade	Poison Resist +#%	1	1	yes	120	12	45	31	-14				40	34	-6	res-pois 21-25	lcha	
prefix	magicprefix.txt	1010	Emerald	Poison Resist +#%	1	1	yes	120	6	60	42	-18				55	47	-8	res-pois 26-30	lcha	
prefix	magicprefix.txt	1011	Shimmering	All Resistances +#	1	0	no	116	12	25	25	0	81	81	0	20	20	0	res-all 3-5	lcha	
prefix	magicprefix.txt	1012	Shimmering	All Resistances +#	1	1	yes	116	6	45	31	-14				40	34	-6	res-all 5-8	lcha	
prefix	magicprefix.txt	1013	Shimmering	All Resistances +#	1	1	yes	116	3	65	46	-19				60	51	-9	res-all 8-10	lcha	
prefix	magicprefix.txt	1014	Lizard's	+# to Mana	1	0	no	115	24	1	1	0	60	60	0	1	1	0	mana 3-7	lcha	
prefix	magicprefix.txt	1015	Lizard's	+# to Mana	1	0	no	115	24	7	7	0	60	60	0	5	5	0	mana 8-13	lcha	
prefix	magicprefix.txt	1016	Lizard's	+# to Mana	1	0	no	115	24	15	15	0	60	60	0	10	10	0	mana 14-20	lcha	
prefix	magicprefix.txt	1017	Snake's	+# to Mana	1	0	no	115	12	24	24	0	81	81	0	20	20	0	mana 21-26	lcha	
prefix	magicprefix.txt	1018	Snake's	+# to Mana	1	0	no	115	12	31	31	0	81	81	0	30	30	0	mana 27-33	lcha	
prefix	magicprefix.txt	1019	Snake's	+# to Mana	1	0	no	115	12	40	40	0				40	40	0	mana 34-39	lcha	
prefix	magicprefix.txt	1020	Serpent's	+# to Mana	1	1	yes	115	6	61	43	-18				61	52	-9	mana 40-46	lcha	
prefix	magicprefix.txt	1021	Serpent's	+# to Mana	1	1	yes	115	6	81	57	-24				81	69	-12	mana 47-52	lcha	
prefix	magicprefix.txt	1022	Serpent's	+# to Mana	1	1	yes	115	3	85	59	-26				85	72	-13	mana 53-59	lcha	
prefix	magicprefix.txt	1023	Lucky	#% Better Chance of Getting Magic Items	1	0	no	114	24	21	21	0	61	61	0	10	10	0	mag% 10-15; gold% 20-30	lcha	
prefix	magicprefix.txt	1024	Lucky	#% Better Chance of Getting Magic Items	1	1	yes	114	12	38	27	-11	81	57	-24	35	30	-5	mag% 15-20; gold% 30-40	lcha	
prefix	magicprefix.txt	1025	Lucky	#% Better Chance of Getting Magic Items	1	1	yes	114	6	55	39	-16				50	43	-7	mag% 20-25; gold% 40-50	lcha	
prefix	magicprefix.txt	1026	Shimmering	All Resistances +#	1	1	yes	116	3	81	57	-24				81	69	-12	res-all 10-12	lcha	
prefix	magicprefix.txt	1027	Virulent	-# Enemy Poison Resistance	0	1	yes	307	1	92	64	-28				75	64	-11	pierce-pois(1) 1-1	scha	
prefix	magicprefix.txt	1028	Virulent	-# Enemy Poison Resistance	0	1	yes	307	1	92	64	-28				75	64	-11	pierce-pois(1) 1-2	ring, mcha	
prefix	magicprefix.txt	1029	Virulent	-# Enemy Poison Resistance	0	1	yes	307	1	92	64	-28				75	64	-11	pierce-pois(1) 1-3	amul, glov, boot, belt, helm, lcha	
prefix	magicprefix.txt	1030	Virulent	-# Enemy Poison Resistance	0	1	yes	307	1	92	64	-28				75	64	-11	pierce-pois(1) 1-4	shld, weap	
prefix	magicprefix.txt	1031	Virulent	-# Enemy Poison Resistance	0	1	yes	307	1	92	64	-28				75	64	-11	pierce-pois(1) 2-8	tors	
prefix	magicprefix.txt	1032	Incendiary	-# Enemy Fire Resistance	0	1	yes	307	1	92	64	-28				75	64	-11	pierce-fire(1) 1-1	scha	
prefix	magicprefix.txt	1033	Incendiary	-# Enemy Fire Resistance	0	1	yes	307	1	92	64	-28				75	64	-11	pierce-fire(1) 1-2	ring, mcha	
prefix	magicprefix.txt	1034	Incendiary	-# Enemy Fire Resistance	0	1	yes	307	1	92	64	-28				75	64	-11	pierce-fire(1) 1-3	amul, glov, boot, belt, helm, lcha	
prefix	magicprefix.txt	1035	Incendiary	-# Enemy Fire Resistance	0	1	yes	307	1	92	64	-28				75	64	-11	pierce-fire(1) 1-4	shld, weap	
prefix	magicprefix.txt	1036	Incendiary	-# Enemy Fire Resistance	0	1	yes	307	1	92	64	-28				75	64	-11	pierce-fire(1) 2-8	tors	
prefix	magicprefix.txt	1037	Gelid	-# Enemy Cold Resistance	0	1	yes	307	1	92	64	-28				75	64	-11	pierce-cold(1) 1-1	scha	
prefix	magicprefix.txt	1038	Gelid	-# Enemy Cold Resistance	0	1	yes	307	1	92	64	-28				75	64	-11	pierce-cold(1) 1-2	ring, mcha	
prefix	magicprefix.txt	1039	Gelid	-# Enemy Cold Resistance	0	1	yes	307	1	92	64	-28				75	64	-11	pierce-cold(1) 1-3	amul, glov, boot, belt, helm, lcha	
prefix	magicprefix.txt	1040	Gelid	-# Enemy Cold Resistance	0	1	yes	307	1	92	64	-28				75	64	-11	pierce-cold(1) 1-4	shld, weap	
prefix	magicprefix.txt	1041	Gelid	-# Enemy Cold Resistance	0	1	yes	307	1	92	64	-28				75	64	-11	pierce-cold(1) 2-8	tors	
prefix	magicprefix.txt	1042	Magnetic	-# Enemy Lightning Resistance	0	1	yes	307	1	92	64	-28				75	64	-11	pierce-ltng(1) 1-1	scha	
prefix	magicprefix.txt	1043	Magnetic	-# Enemy Lightning Resistance	0	1	yes	307	1	92	64	-28				75	64	-11	pierce-ltng(1) 1-2	ring, mcha	
prefix	magicprefix.txt	1044	Magnetic	-# Enemy Lightning Resistance	0	1	yes	307	1	92	64	-28				75	64	-11	pierce-ltng(1) 1-3	amul, glov, boot, belt, helm, lcha	
prefix	magicprefix.txt	1045	Magnetic	-# Enemy Lightning Resistance	0	1	yes	307	1	92	64	-28				75	64	-11	pierce-ltng(1) 1-4	shld, weap	
prefix	magicprefix.txt	1046	Magnetic	-# Enemy Lightning Resistance	0	1	yes	307	1	92	64	-28				75	64	-11	pierce-ltng(1) 2-8	tors	
prefix	magicprefix.txt	1047	Mystical	-# Enemy Magic Resistance	0	1	yes	307	1	92	64	-28				75	64	-11	pierce-mag(1) 1-1	scha	
prefix	magicprefix.txt	1048	Mystical	-# Enemy Magic Resistance	0	1	yes	307	1	92	64	-28				75	64	-11	pierce-mag(1) 1-2	ring, mcha	
prefix	magicprefix.txt	1049	Mystical	-# Enemy Magic Resistance	0	1	yes	307	1	92	64	-28				75	64	-11	pierce-mag(1) 1-3	amul, glov, boot, belt, helm, lcha	
prefix	magicprefix.txt	1050	Mystical	-# Enemy Magic Resistance	0	1	yes	307	1	92	64	-28				75	64	-11	pierce-mag(1) 1-4	shld, weap	
prefix	magicprefix.txt	1051	Mystical	-# Enemy Magic Resistance	0	1	yes	307	1	92	64	-28				75	64	-11	pierce-mag(1) 2-8	tors	
prefix	magicprefix.txt	1052	Breaching	-# Enemy Physical Resistance	0	1	yes	307	1	92	64	-28				75	64	-11	pierce-dmg(1) 1-1	scha	
prefix	magicprefix.txt	1053	Breaching	-# Enemy Physical Resistance	0	1	yes	307	1	92	64	-28				75	64	-11	pierce-dmg(1) 1-2	ring, mcha	
prefix	magicprefix.txt	1054	Breaching	-# Enemy Physical Resistance	0	1	yes	307	1	92	64	-28				75	64	-11	pierce-dmg(1) 1-3	amul, glov, boot, belt, helm, lcha	
prefix	magicprefix.txt	1055	Breaching	-# Enemy Physical Resistance	0	1	yes	307	1	92	64	-28				75	64	-11	pierce-dmg(1) 1-4	shld, weap	
prefix	magicprefix.txt	1056	Breaching	-# Enemy Physical Resistance	0	1	yes	307	1	92	64	-28				75	64	-11	pierce-dmg(1) 2-8	tors	
prefix	magicprefix.txt	1057	Chaotic	+# Skill Tab (Class)	1	1	yes	125	1	50	35	-15				42	36	-6	skilltab(23) 1-1	lcha	
prefix	magicprefix.txt	1058	Sullied	+# Skill Tab (Class)	1	1	yes	125	1	50	35	-15				42	36	-6	skilltab(22) 1-1	lcha	
prefix	magicprefix.txt	1059	Fiendish	+# Skill Tab (Class)	1	1	yes	125	1	50	35	-15				42	36	-6	skilltab(21) 1-1	lcha	
prefix	magicprefix.txt	1060	Chaotic	+# Skill Tab (Class)	1	1	yes	125	1	20	14	-6				15	13	-2	skilltab(23) 1-1	knif, grim, amul, circ	
prefix	magicprefix.txt	1061	Erratic	+# Skill Tab (Class)	1	1	yes	125	1	40	28	-12				30	26	-4	skilltab(23) 2-2	knif, grim, amul, circ	
prefix	magicprefix.txt	1062	Torrid	+# Skill Tab (Class)	1	1	yes	125	1	60	42	-18				45	38	-7	skilltab(23) 3-3	knif, grim, amul, circ	
prefix	magicprefix.txt	1063	Sullied	+# Skill Tab (Class)	1	1	yes	125	1	20	14	-6				15	13	-2	skilltab(22) 1-1	knif, grim, amul, swor, circ	tkni
prefix	magicprefix.txt	1064	TaintedAffix	+# Skill Tab (Class)	1	1	yes	125	1	40	28	-12				30	26	-4	skilltab(22) 2-2	knif, grim, amul, swor, circ	tkni
prefix	magicprefix.txt	1065	Forbidden	+# Skill Tab (Class)	1	1	yes	125	1	60	42	-18				45	38	-7	skilltab(22) 3-3	knif, grim, amul, swor, circ	tkni
prefix	magicprefix.txt	1066	Fiendish	+# Skill Tab (Class)	1	1	yes	125	1	20	14	-6				15	13	-2	skilltab(21) 1-1	knif, grim, amul, circ	
prefix	magicprefix.txt	1067	Dreadful	+# Skill Tab (Class)	1	1	yes	125	1	40	28	-12				30	26	-4	skilltab(21) 2-2	knif, grim, amul, circ	
prefix	magicprefix.txt	1068	Malevolent	+# Skill Tab (Class)	1	1	yes	125	1	60	42	-18				45	38	-7	skilltab(21) 3-3	knif, grim, amul, circ	
prefix	magicprefix.txt	1069	Devil's	+# Warlock Skill Levels	1	1	yes	125	4	36	25	-11				27	23	-4	war 1-1	amul, circ	
prefix	magicprefix.txt	1070	Arch-Devil's	+# Warlock Skill Levels	1	1	yes	125	2	90	63	-27				67	57	-10	war 2-2	amul, circ	
prefix	magicprefix.txt	1071	Devil's	+# Warlock Skill Levels	1	1	yes	125	4	30	21	-9				22	19	-3	war 1-1	knif, grim	
prefix	magicprefix.txt	1072	Arch-Devil's	+# Warlock Skill Levels	1	1	yes	125	2	50	35	-15				42	36	-6	war 2-2	knif, grim	
prefix	magicprefix.txt	1073	Virulent	Poison Property Group	0	1	yes	307	1	92	64	-28				75	64	-11	pierce-pois(1) 2-8; Virulent-Affix1 0-1; Virulent-Affix2 0-1	lcha	
prefix	magicprefix.txt	1074	Incendiary	Fire Property Group	0	1	yes	307	1	92	64	-28				75	64	-11	pierce-fire(1) 2-8; Gelid-Affix1 0-1; Gelid-Affix2 0-1	lcha	
prefix	magicprefix.txt	1075	Gelid	Cold Property GRoup	0	1	yes	307	1	92	64	-28				75	64	-11	pierce-cold(1) 2-8; Magnetic-Affix1 0-1; Magnetic-Affix2 0-1	tors	
prefix	magicprefix.txt	1076	Magnetic	Lightning Property Group	0	1	yes	307	1	92	64	-28				75	64	-11	pierce-ltng(1) 2-8; Incendiary-Affix1 0-1; Incendiary-Affix2 0-1	tors	
prefix	magicprefix.txt	1077	Mystical	Magic Property Group	0	1	yes	307	1	92	64	-28				75	64	-11	pierce-mag(1) 2-8; Breaching-Affix1 0-1; Breaching-Affix2 0-1	tors	
prefix	magicprefix.txt	1078	Breaching	Physical Property Group	0	1	yes	307	1	92	64	-28				75	64	-11	pierce-dmg(1) 2-8; Mystical-Affix1 0-1; Mystical-Affix2 0-1	tors	
prefix	magicprefix.txt	1079	Apprentice	+# to Warlock [Skill] ([Class] only)	1	0	no	213	3	25	25	0				20	20	0	skill-rand(1) 373-402; str 2-3; enr 2-3	mcha	
prefix	magicprefix.txt	1080	Adept	+# to Warlock [Skill] ([Class] only)	1	0	no	213	2	55	55	0				50	50	0	skill-rand(2) 373-402; str 4-6; enr 4-6	mcha	
prefix	magicprefix.txt	1081	Shadowed	+# to Warlock [Skill] ([Class] only)	1	0	no	213	1	81	81	0				80	80	0	skill-rand(3) 373-402; str 8-10; enr 8-10	mcha	
prefix	magicprefix.txt	1082	Devil's	+# to Warlock skill tab 21	1	1	yes	125	2	50	35	-15				42	36	-6	skilltab(21) 1-1	glov	
prefix	magicprefix.txt	1083	Devil's	+# to Warlock skill tab 22	1	1	yes	125	2	50	35	-15				42	36	-6	skilltab(22) 1-1	glov	
prefix	magicprefix.txt	1084	Devil's	+# to Warlock skill tab 23	1	1	yes	125	2	50	35	-15				42	36	-6	skilltab(23) 1-1	glov	
prefix	magicprefix.txt	1085	Devil's	+2 to [Skill] (Warlock only)	1	1	yes	201	2	35	25	-10				30	26	-4	skill-rand(2) 373-402	amul, circ, belt, ring	
prefix	magicprefix.txt	1086	Devil's	+3 to [Skill] (Warlock only)	1	1	yes	201	2	55	39	-16				50	43	-7	skill-rand(3) 373-402	amul, circ, belt, ring	
prefix	magicprefix.txt	1087	Devil's	+4 to [Skill] (Warlock only)	1	1	yes	201	2	75	53	-22				65	55	-10	skill-rand(4) 373-402	amul, circ, belt, ring	
prefix	magicprefix.txt	1088	Devil's	+5 to [Skill] (Warlock only)	1	1	yes	201	2	85	59	-26				75	64	-11	skill-rand(5) 373-402	amul, circ, belt, ring	
prefix	magicprefix.txt	1089	Sturdy	+# to Life	1	1	yes	220	9	1	1	0	85	59	-26	1	1	0	hp 5-10	misl	
prefix	magicprefix.txt	1090	Sturdy	+# to Life	1	1	yes	220	6	45	31	-14				20	17	-3	hp 15-25	misl	
prefix	magicprefix.txt	1091	Sturdy	+# to Life	1	1	yes	220	3	80	56	-24				50	43	-7	hp 30-40	misl	
prefix	magicprefix.txt	1092	Lizard's	+# to Mana	1	1	yes	220	9	1	1	0	85	59	-26	1	1	0	mana 5-10	misl	
prefix	magicprefix.txt	1093	Lizard's	+# to Mana	1	1	yes	220	6	45	31	-14				20	17	-3	mana 15-25	misl	
prefix	magicprefix.txt	1094	Lizard's	+# to Mana	1	1	yes	220	3	80	56	-24				50	43	-7	mana 30-40	misl	
prefix	magicprefix.txt	1095	Sharp	+# to Attack Rating	1	1	yes	221	9	1	1	0	85	59	-26	1	1	0	att 5-10	misl	
prefix	magicprefix.txt	1096	Sharp	+# to Attack Rating	1	1	yes	221	6	45	31	-14				20	17	-3	att 20-30	misl	
prefix	magicprefix.txt	1097	Sharp	+# to Attack Rating	1	1	yes	221	3	80	56	-24				50	43	-7	att 50-100	misl	
prefix	magicprefix.txt	1098	Jagged	+#% Enhanced Damage	1	1	yes	222	9	1	1	0	85	59	-26	1	1	0	dmg% 5-10	misl	
prefix	magicprefix.txt	1099	Jagged	+#% Enhanced Damage	1	1	yes	222	6	45	31	-14				30	26	-4	dmg% 20-30	misl	
prefix	magicprefix.txt	1100	Jagged	+#% Enhanced Damage	1	1	yes	222	3	80	56	-24				60	51	-9	dmg% 30-50	misl	
prefix	magicprefix.txt	1101	Jagged	+# to Minimum Damage & +# to Maximum Damage	1	1	yes	222	9	1	1	0	85	59	-26	1	1	0	dmg-min 1-3; dmg-max 3-5	misl	
prefix	magicprefix.txt	1102	Jagged	+# to Minimum Damage & +# to Maximum Damage	1	1	yes	222	6	45	31	-14				20	17	-3	dmg-min 3-5; dmg-max 5-10	misl	
prefix	magicprefix.txt	1103	Jagged	+# to Minimum Damage & +# to Maximum Damage	1	1	yes	222	3	80	56	-24				60	51	-9	dmg-min 10-20; dmg-max 20-30	misl	
prefix	magicprefix.txt	1104	Flaming	+# to Minimum Fire Damage & +# to Maximum Fire Damage	1	1	yes	223	9	1	1	0	85	59	-26	1	1	0	fire-min 1-3; fire-max 3-5	misl	
prefix	magicprefix.txt	1105	Flaming	+# to Minimum Fire Damage & +# to Maximum Fire Damage	1	1	yes	223	6	45	31	-14				20	17	-3	fire-min 3-5; fire-max 5-10	misl	
prefix	magicprefix.txt	1106	Flaming	+# to Minimum Fire Damage & +# to Maximum Fire Damage	1	1	yes	223	3	80	56	-24				60	51	-9	fire-min 10-20; fire-max 20-30	misl	
prefix	magicprefix.txt	1107	Shivering	+# to Minimum Cold Damage & +# to Maximum Cold Damage	1	1	yes	224	9	1	1	0	85	59	-26	1	1	0	cold-min 1-3; cold-max 3-5	misl	
prefix	magicprefix.txt	1108	Shivering	+# to Minimum Cold Damage & +# to Maximum Cold Damage	1	1	yes	224	6	45	31	-14				20	17	-3	cold-min 3-5; cold-max 5-10	misl	
prefix	magicprefix.txt	1109	Shivering	+# to Minimum Cold Damage & +# to Maximum Cold Damage	1	1	yes	224	3	80	56	-24				60	51	-9	cold-min 10-20; cold-max 20-30	misl	
prefix	magicprefix.txt	1110	Static	+# to Minimum Lightning Damage & +# to Maximum Lightning Damage	1	1	yes	225	9	1	1	0	85	59	-26	1	1	0	ltng-min 1-1; ltng-max 5-10	misl	
prefix	magicprefix.txt	1111	Static	+# to Minimum Lightning Damage & +# to Maximum Lightning Damage	1	1	yes	225	6	45	31	-14				20	17	-3	ltng-min 1-5; ltng-max 10-20	misl	
prefix	magicprefix.txt	1112	Static	+# to Minimum Lightning Damage & +# to Maximum Lightning Damage	1	1	yes	225	3	80	56	-24				60	51	-9	ltng-min 5-10; ltng-max 30-50	misl	
prefix	magicprefix.txt	1113	Corosive	+# to Minimum Poison Damage & +# to Maximum Poison Damage	1	1	yes	226	9	1	1	0	85	59	-26	1	1	0	dmg-pois(100) 30-50	misl	
prefix	magicprefix.txt	1114	Corosive	+# to Minimum Poison Damage & +# to Maximum Poison Damage	1	1	yes	226	6	45	31	-14				20	17	-3	dmg-pois(100) 100-150	misl	
prefix	magicprefix.txt	1115	Corosive	+# to Minimum Poison Damage & +# to Maximum Poison Damage	1	1	yes	226	3	80	56	-24				60	51	-9	dmg-pois(100) 300-600	misl	
prefix	magicprefix.txt	1116	Apprentice	+# to Minimum Magic Damage & +# to Maximum Magic Damage	1	1	yes	227	9	1	1	0	85	59	-26	1	1	0	dmg-mag 1-5	misl	
prefix	magicprefix.txt	1117	Apprentice	+# to Minimum Magic Damage & +# to Maximum Magic Damage	1	1	yes	227	6	45	31	-14				20	17	-3	dmg-mag 5-10	misl	
prefix	magicprefix.txt	1118	Apprentice	+# to Minimum Magic Damage & +# to Maximum Magic Damage	1	1	yes	227	3	80	56	-24				60	51	-9	dmg-mag 10-20	misl	
suffix	magicsuffix.txt	2	of Defense1	+# Defense & +#% Enhanced Damage	1	1	yes	61	60	12	8	-4				8	7	-1	ac 5-10	ring, amul	
suffix	magicsuffix.txt	3	of Defense1	+# Defense & +#% Enhanced Damage	1	1	yes	61	60	33	23	-10				27	23	-4	ac 11-25	ring, amul	
suffix	magicsuffix.txt	4	of Guarding	+# Defense & +#% Enhanced Damage	1	1	yes	61	60	51	36	-15				46	39	-7	ac 26-50	ring, amul	
suffix	magicsuffix.txt	5	of Craftsmanship	+# to Maximum Damage	1	1	yes	14	96	1	1	0	55	39	-16	1	1	0	dmg-max 1-2	amul, ring	
suffix	magicsuffix.txt	6	of Craftsmanship	+# to Maximum Damage	1	1	yes	14	96	22	15	-7				19	16	-3	dmg-max 3-4	amul, ring	
suffix	magicsuffix.txt	7	of Quality	+# to Maximum Damage	1	1	yes	14	96	53	37	-16				49	42	-7	dmg-max 5-7	amul, ring	
suffix	magicsuffix.txt	8	of Quality	+# to Maximum Damage	1	1	yes	14	96	77	54	-23				61	52	-9	dmg-max 8-10	amul, ring	
suffix	magicsuffix.txt	9	of Craftsmanship	+# to Maximum Damage	1	1	yes	14	192	1	1	0	20	14	-6	1	1	0	dmg-max 1-2	weap	wand, orb
suffix	magicsuffix.txt	10	of Quality	+# to Maximum Damage	1	1	yes	14	192	4	3	-1	30	21	-9	3	3	0	dmg-max 3-4	weap	wand, orb
suffix	magicsuffix.txt	11	of Maiming	+# to Maximum Damage	1	1	yes	14	192	7	5	-2	40	28	-12	5	4	-1	dmg-max 5-6	weap	wand, orb
suffix	magicsuffix.txt	12	of Slaying	+# to Maximum Damage	1	1	yes	14	192	11	8	-3	55	39	-16	8	7	-1	dmg-max 7-8	weap	wand, orb
suffix	magicsuffix.txt	13	of Gore	+# to Maximum Damage	1	1	yes	14	192	14	10	-4	65	46	-19	10	9	-1	dmg-max 9-10	weap	wand, orb
suffix	magicsuffix.txt	14	of Carnage	+# to Maximum Damage	1	1	yes	14	176	19	13	-6	80	56	-24	14	12	-2	dmg-max 11-14	weap	wand, orb
suffix	magicsuffix.txt	15	of Slaughter	+# to Maximum Damage	1	1	yes	14	168	25	18	-7				18	15	-3	dmg-max 15-20	weap	wand, orb
suffix	magicsuffix.txt	16	of Butchery	+# to Maximum Damage	1	1	yes	14	160	35	25	-10				27	23	-4	dmg-max 21-40	weap	wand, orb
suffix	magicsuffix.txt	17	of Evisceration	+# to Maximum Damage	1	1	yes	14	144	45	31	-14				37	31	-6	dmg-max 41-63	weap	wand, orb
suffix	magicsuffix.txt	18	of Evisceration	+# to Maximum Damage	1	1	yes	14	128	60	42	-18				50	43	-7	dmg-max 64-80	weap	wand, staf, orb
suffix	magicsuffix.txt	19	of Evisceration	+# to Maximum Damage	1	1	yes	14	112	73	51	-22				65	55	-10	dmg-max 81-100	weap	wand, staf, orb
suffix	magicsuffix.txt	20	of Evisceration	+# to Maximum Damage	1	1	yes	14	88	85	59	-26				79	67	-12	dmg-max 101-120	weap	wand, staf, orb
suffix	magicsuffix.txt	21	of Maiming	+# to Maximum Damage	1	1	yes	14	48	42	29	-13				34	29	-5	dmg-max 1-4	shld	
suffix	magicsuffix.txt	22	of Maiming	+# to Maximum Damage	1	1	yes	14	36	65	46	-19				51	43	-8	dmg-max 5-8	shld	
suffix	magicsuffix.txt	23	of Maiming	+# to Maximum Damage	1	1	yes	14	36	80	56	-24				68	58	-10	dmg-max 9-12	shld	
suffix	magicsuffix.txt	24	of Craftsmanship	+# to Maximum Damage	1	1	yes	14	48	1	1	0	7	5	-2	1	1	0	dmg-max 1-2	circ	
suffix	magicsuffix.txt	25	of Craftsmanship	+# to Maximum Damage	1	1	yes	14	48	12	8	-4	14	10	-4	10	9	-1	dmg-max 2-3	circ	
suffix	magicsuffix.txt	26	of Craftsmanship	+# to Maximum Damage	1	1	yes	14	48	24	17	-7	29	20	-9	22	19	-3	dmg-max 4-5	circ	
suffix	magicsuffix.txt	27	of Quality	+# to Maximum Damage	1	1	yes	14	48	37	26	-11				35	30	-5	dmg-max 6-7	circ	
suffix	magicsuffix.txt	28	of Quality	+# to Maximum Damage	1	1	yes	14	48	48	34	-14				46	39	-7	dmg-max 8-9	circ	
suffix	magicsuffix.txt	29	of Maiming	+# to Maximum Damage	1	1	yes	14	48	66	46	-20				62	53	-9	dmg-max 10-12	circ	
suffix	magicsuffix.txt	30	of Maiming	+# to Maximum Damage	1	1	yes	14	48	79	55	-24				74	63	-11	dmg-max 13-15	circ	
suffix	magicsuffix.txt	31	of Ire	+# to Maximum Damage	1	1	yes	14	48	4	3	-1				3	3	0	dmg-max 2-5	jewl	
suffix	magicsuffix.txt	32	of Wrath	+# to Maximum Damage	1	1	yes	14	48	16	11	-5				11	9	-2	dmg-max 6-9	jewl	
suffix	magicsuffix.txt	33	of Carnage	+# to Maximum Damage	1	1	yes	14	48	35	25	-10				30	26	-4	dmg-max 10-15	jewl	
suffix	magicsuffix.txt	34	of Carnage	+# to Maximum Damage	1	1	yes	14	48	67	47	-20				55	47	-8	dmg-max 16-20	jewl	
suffix	magicsuffix.txt	35	of Worth	+# to Minimum Damage	1	1	yes	15	96	1	1	0	20	14	-6	1	1	0	dmg-min 1-2	weap	orb, wand
suffix	magicsuffix.txt	36	of Measure	+# to Minimum Damage	1	1	yes	15	84	12	8	-4	30	21	-9	9	8	-1	dmg-min 3-4	weap	orb, wand
suffix	magicsuffix.txt	37	of Excellence	+# to Minimum Damage	1	1	yes	15	72	24	17	-7	45	31	-14	18	15	-3	dmg-min 5-8	weap	orb, wand
suffix	magicsuffix.txt	38	of Performance	+# to Minimum Damage	1	1	yes	15	60	48	34	-14	55	39	-16	40	34	-6	dmg-min 9-14	weap	orb, wand
suffix	magicsuffix.txt	39	of Transcendence	+# to Minimum Damage	1	1	yes	15	48	76	53	-23	65	53	-12	68	58	-10	dmg-min 15-20	weap	orb, wand
suffix	magicsuffix.txt	40	of Transcendence	+# to Minimum Damage	1	1	yes	15	36	82	57	-25				75	64	-11	dmg-min 30-40	weap	orb, wand
suffix	magicsuffix.txt	41	of Transcendence	+# to Minimum Damage	1	1	yes	15	24	85	59	-26				83	71	-12	dmg-min 50-60	weap	orb, wand
suffix	magicsuffix.txt	42	of Worth	+# to Minimum Damage	1	1	yes	15	32	15	11	-4				11	9	-2	dmg-min 2-3	ring, amul, circ	
suffix	magicsuffix.txt	43	of Measure	+# to Minimum Damage	1	1	yes	15	32	37	26	-11				29	25	-4	dmg-min 4-5	ring, amul, circ	
suffix	magicsuffix.txt	44	of Excellence	+# to Minimum Damage	1	1	yes	15	32	59	41	-18				51	43	-8	dmg-min 6-9	ring, amul, circ	
suffix	magicsuffix.txt	45	of Performance	+# to Minimum Damage	1	1	yes	15	32	81	57	-24				73	62	-11	dmg-min 10-13	ring, amul, circ	
suffix	magicsuffix.txt	46	of Joyfulness	+# to Minimum Damage	1	1	yes	15	32	5	4	-1	50	35	-15	3	3	0	dmg-min 1-4	jewl	
suffix	magicsuffix.txt	47	of Bliss	+# to Minimum Damage	1	1	yes	15	32	43	30	-13				37	31	-6	dmg-min 5-10	jewl	
suffix	magicsuffix.txt	48	of Frost	+# to Minimum Cold Damage & +# to Maximum Cold Damage & Cold Length # of Frames (25 Frames = 1 Second)	1	1	yes	10	60	4	3	-1	35	25	-10	3	3	0	cold-min 1-1; cold-max 1-2; cold-len 50-50	weap	wand, orb
suffix	magicsuffix.txt	49	of the Icicle	+# to Minimum Cold Damage & +# to Maximum Cold Damage & Cold Length # of Frames (25 Frames = 1 Second)	1	1	yes	10	48	13	9	-4	50	35	-15	9	8	-1	cold-min 1-1; cold-max 3-4; cold-len 75-75	weap	wand, orb
suffix	magicsuffix.txt	50	of the Glacier	+# to Minimum Cold Damage & +# to Maximum Cold Damage & Cold Length # of Frames (25 Frames = 1 Second)	1	1	yes	10	36	27	19	-8	70	49	-21	20	17	-3	cold-min 2-4; cold-max 4-15; cold-len 100-100	weap	wand, orb
suffix	magicsuffix.txt	51	of Winter	+# to Minimum Cold Damage & +# to Maximum Cold Damage & Cold Length # of Frames (25 Frames = 1 Second)	1	1	yes	10	24	45	31	-14				37	31	-6	cold-min 5-9; cold-max 16-50; cold-len 150-150	weap	wand, orb
suffix	magicsuffix.txt	52	of Winter	+# to Minimum Cold Damage & +# to Maximum Cold Damage & Cold Length # of Frames (25 Frames = 1 Second)	1	1	yes	10	12	60	42	-18				50	43	-7	cold-min 20-30; cold-max 75-100; cold-len 150-150	weap	wand, orb
suffix	magicsuffix.txt	53	of Winter	+# to Minimum Cold Damage & +# to Maximum Cold Damage & Cold Length # of Frames (25 Frames = 1 Second)	1	1	yes	10	12	80	56	-24				75	64	-11	cold-min 35-45; cold-max 100-150; cold-len 150-150	weap	wand, orb
suffix	magicsuffix.txt	54	of Frost	+# to Minimum Cold Damage & +# to Maximum Cold Damage & Cold Length # of Frames (25 Frames = 1 Second)	1	1	yes	10	24	55	39	-16				41	35	-6	cold-min 1-1; cold-max 3-6; cold-len 75-75	belt, amul	
suffix	magicsuffix.txt	55	of Frigidity	+# to Minimum Cold Damage & +# to Maximum Cold Damage & Cold Length # of Frames (25 Frames = 1 Second)	1	1	yes	10	24	65	46	-19				55	47	-8	cold-min 1-1; cold-max 7-10; cold-len 100-100	belt, amul	
suffix	magicsuffix.txt	56	of the Icicle	+# to Minimum Cold Damage & +# to Maximum Cold Damage & Cold Length # of Frames (25 Frames = 1 Second)	1	1	yes	10	24	75	53	-22				68	58	-10	cold-min 2-3; cold-max 11-15; cold-len 125-125	belt, amul	
suffix	magicsuffix.txt	57	of the Glacier	+# to Minimum Cold Damage & +# to Maximum Cold Damage & Cold Length # of Frames (25 Frames = 1 Second)	1	1	yes	10	24	85	59	-26				81	69	-12	cold-min 4-5; cold-max 16-25; cold-len 150-150	belt, amul	
suffix	magicsuffix.txt	58	of Frigidity	+# to Minimum Cold Damage & +# to Maximum Cold Damage & Cold Length # of Frames (25 Frames = 1 Second)	1	1	yes	10	24	16	11	-5				12	10	-2	cold-min 1-1; cold-max 3-5; cold-len 50-50	jewl	
suffix	magicsuffix.txt	59	of the Icicle	+# to Minimum Cold Damage & +# to Maximum Cold Damage & Cold Length # of Frames (25 Frames = 1 Second)	1	1	yes	10	24	37	26	-11				29	25	-4	cold-min 2-3; cold-max 6-10; cold-len 75-75	jewl	
suffix	magicsuffix.txt	60	of the Glacier	+# to Minimum Cold Damage & +# to Maximum Cold Damage & Cold Length # of Frames (25 Frames = 1 Second)	1	1	yes	10	24	58	41	-17				50	43	-7	cold-min 4-5; cold-max 11-15; cold-len 100-100	jewl	
suffix	magicsuffix.txt	61	of Flame	+# to Minimum Fire Damage & +# to Maximum Fire Damage	1	1	yes	12	60	4	3	-1	35	25	-10	3	3	0	fire-min 1-1; fire-max 2-5	weap	wand, orb
suffix	magicsuffix.txt	62	of Fire	+# to Minimum Fire Damage & +# to Maximum Fire Damage	1	1	yes	12	48	15	11	-4	50	35	-15	11	9	-2	fire-min 1-4; fire-max 6-11	weap	wand, orb
suffix	magicsuffix.txt	63	of Burning	+# to Minimum Fire Damage & +# to Maximum Fire Damage	1	1	yes	12	36	25	18	-7	70	49	-21	18	15	-3	fire-min 5-9; fire-max 10-20	weap	wand, orb
suffix	magicsuffix.txt	64	of Incineration	+# to Minimum Fire Damage & +# to Maximum Fire Damage	1	1	yes	12	24	43	30	-13				35	30	-5	fire-min 10-20; fire-max 21-75	weap	wand, orb
suffix	magicsuffix.txt	65	of Incineration	+# to Minimum Fire Damage & +# to Maximum Fire Damage	1	1	yes	12	12	60	42	-18				50	43	-7	fire-min 40-60; fire-max 170-200	weap	wand, orb
suffix	magicsuffix.txt	66	of Incineration	+# to Minimum Fire Damage & +# to Maximum Fire Damage	1	1	yes	12	12	80	56	-24				75	64	-11	fire-min 75-100; fire-max 200-250	weap	wand, orb
suffix	magicsuffix.txt	67	of Flame	+# to Minimum Fire Damage & +# to Maximum Fire Damage	1	1	yes	12	24	40	28	-12				30	26	-4	fire-min 1-1; fire-max 2-5	glov, ring, amul	
suffix	magicsuffix.txt	68	of Passion	+# to Minimum Fire Damage & +# to Maximum Fire Damage	1	1	yes	12	24	55	39	-16				51	43	-8	fire-min 1-3; fire-max 6-10	glov, ring, amul	
suffix	magicsuffix.txt	69	of Fire	+# to Minimum Fire Damage & +# to Maximum Fire Damage	1	1	yes	12	24	65	46	-19				62	53	-9	fire-min 4-10; fire-max 11-30	glov, ring, amul	
suffix	magicsuffix.txt	70	of Burning	+# to Minimum Fire Damage & +# to Maximum Fire Damage	1	1	yes	12	24	80	56	-24				74	63	-11	fire-min 11-25; fire-max 31-50	glov, ring, amul	
suffix	magicsuffix.txt	71	of Passion	+# to Minimum Fire Damage & +# to Maximum Fire Damage	1	1	yes	12	24	15	11	-4				11	9	-2	fire-min 1-3; fire-max 6-10	jewl	
suffix	magicsuffix.txt	72	of Fire	+# to Minimum Fire Damage & +# to Maximum Fire Damage	1	1	yes	12	24	36	25	-11				28	24	-4	fire-min 4-10; fire-max 11-30	jewl	
suffix	magicsuffix.txt	73	of Burning	+# to Minimum Fire Damage & +# to Maximum Fire Damage	1	1	yes	12	24	57	40	-17				49	42	-7	fire-min 11-25; fire-max 31-50	jewl	
suffix	magicsuffix.txt	74	of Shock	+# to Minimum Lightning Damage & +# to Maximum Lightning Damage	1	1	yes	13	60	4	3	-1	35	25	-10	3	3	0	ltng-min 1-1; ltng-max 6-8	weap	wand, orb
suffix	magicsuffix.txt	75	of Lightning	+# to Minimum Lightning Damage & +# to Maximum Lightning Damage	1	1	yes	13	48	15	11	-4	50	35	-15	11	9	-2	ltng-min 1-1; ltng-max 9-16	weap	wand, orb
suffix	magicsuffix.txt	76	of Thunder	+# to Minimum Lightning Damage & +# to Maximum Lightning Damage	1	1	yes	13	36	25	18	-7	70	49	-21	18	15	-3	ltng-min 1-1; ltng-max 17-40	weap	wand, orb
suffix	magicsuffix.txt	77	of Storms	+# to Minimum Lightning Damage & +# to Maximum Lightning Damage	1	1	yes	13	24	34	24	-10				26	22	-4	ltng-min 1-6; ltng-max 41-120	weap	wand, orb
suffix	magicsuffix.txt	78	of Storms	+# to Minimum Lightning Damage & +# to Maximum Lightning Damage	1	1	yes	13	12	50	35	-15				49	42	-7	ltng-min 1-12; ltng-max 250-300	weap	wand, orb
suffix	magicsuffix.txt	79	of Storms	+# to Minimum Lightning Damage & +# to Maximum Lightning Damage	1	1	yes	13	12	75	53	-22				68	58	-10	ltng-min 1-20; ltng-max 300-350	weap	wand, orb
suffix	magicsuffix.txt	80	of Shock	+# to Minimum Lightning Damage & +# to Maximum Lightning Damage	1	1	yes	13	24	50	35	-15				37	31	-6	ltng-min 1-1; ltng-max 11-23	boot, ring, amul	
suffix	magicsuffix.txt	81	of Lightning	+# to Minimum Lightning Damage & +# to Maximum Lightning Damage	1	1	yes	13	24	65	46	-19				57	48	-9	ltng-min 1-1; ltng-max 24-50	boot, ring, amul	
suffix	magicsuffix.txt	82	of Thunder	+# to Minimum Lightning Damage & +# to Maximum Lightning Damage	1	1	yes	13	24	75	53	-22				70	60	-10	ltng-min 1-1; ltng-max 51-75	boot, ring, amul	
suffix	magicsuffix.txt	83	of Storms	+# to Minimum Lightning Damage & +# to Maximum Lightning Damage	1	1	yes	13	24	86	60	-26				80	68	-12	ltng-min 1-1; ltng-max 76-100	boot, ring, amul	
suffix	magicsuffix.txt	84	of Ennui	+# to Minimum Lightning Damage & +# to Maximum Lightning Damage	1	1	yes	13	24	15	11	-4				11	9	-2	ltng-min 1-1; ltng-max 10-20	jewl	
suffix	magicsuffix.txt	85	of Lightning	+# to Minimum Lightning Damage & +# to Maximum Lightning Damage	1	1	yes	13	24	36	25	-11				28	24	-4	ltng-min 1-1; ltng-max 21-60	jewl	
suffix	magicsuffix.txt	86	of Thunder	+# to Minimum Lightning Damage & +# to Maximum Lightning Damage	1	1	yes	13	24	57	40	-17				49	42	-7	ltng-min 1-1; ltng-max 61-100	jewl	
suffix	magicsuffix.txt	87	of Blight	+# to Minimum Poison Damage & +# to Maximum Poison Damage	1	1	yes	16	60	5	4	-1	35	25	-10	3	3	0	dmg-pois(75) 24-24	weap, circ	rod, orb
suffix	magicsuffix.txt	88	of Venom	+# to Minimum Poison Damage & +# to Maximum Poison Damage	1	1	yes	16	48	15	11	-4	50	35	-15	11	9	-2	dmg-pois(100) 54-54	weap, circ	rod, orb
suffix	magicsuffix.txt	89	of Pestilence	+# to Minimum Poison Damage & +# to Maximum Poison Damage	1	1	yes	16	36	25	18	-7	70	49	-21	18	15	-3	dmg-pois(125) 103-103	weap, circ	rod, orb
suffix	magicsuffix.txt	90	of Anthrax	+# to Minimum Poison Damage & +# to Maximum Poison Damage	1	1	yes	16	24	33	23	-10				25	21	-4	dmg-pois(150) 171-171	weap, circ	rod, orb
suffix	magicsuffix.txt	91	of Blight	+# to Minimum Poison Damage & +# to Maximum Poison Damage	1	1	yes	16	24	45	31	-14				33	28	-5	dmg-pois(75) 171-171	ring, amul	
suffix	magicsuffix.txt	92	of Venom	+# to Minimum Poison Damage & +# to Maximum Poison Damage	1	1	yes	16	12	65	46	-19				55	47	-8	dmg-pois(75) 266-266	ring, amul	
suffix	magicsuffix.txt	93	of Blight	+# to Minimum Poison Damage & +# to Maximum Poison Damage	1	1	yes	16	12	85	59	-26				72	61	-11	dmg-pois(75) 377-377	ring, amul	
suffix	magicsuffix.txt	94	of Anthrax	+# to Minimum Poison Damage & +# to Maximum Poison Damage	1	1	yes	16	24	1	1	0				1	1	0	dmg-pois(50) 103-103	jewl	
suffix	magicsuffix.txt	95	of Anthrax	+# to Minimum Poison Damage & +# to Maximum Poison Damage	1	1	yes	16	24	44	31	-13				33	28	-5	dmg-pois(50) 206-206	jewl	
suffix	magicsuffix.txt	96	of Anthrax	+# to Minimum Poison Damage & +# to Maximum Poison Damage	1	1	yes	16	24	77	54	-23				66	56	-10	dmg-pois(50) 309-309	jewl	
suffix	magicsuffix.txt	97	of Warmth	Half Freeze Duration	1	1	yes	11	48	10	7	-3				7	6	-1	half-freeze 1-1	shld, boot, glov, ring, amul, circ, orb	
suffix	magicsuffix.txt	98	of Warmth	Cannot Be Frozen	1	1	yes	11	24	77	54	-23				69	59	-10	nofreeze 1-1	shld, boot, glov, ring, amul, circ, orb	
suffix	magicsuffix.txt	99	of Defiance	Poison Length Reduced by #%	1	1	yes	29	24	44	31	-13				39	33	-6	res-pois-len 75-90	tors, shld, amul, circ	
suffix	magicsuffix.txt	100	of Amelioration	Poison Length Reduced by #%	1	1	yes	29	36	25	18	-7				18	15	-3	res-pois-len 50-74	tors, shld, amul, circ	
suffix	magicsuffix.txt	101	of Remedy	Poison Length Reduced by #%	1	1	yes	29	36	18	13	-5	50	35	-15	13	11	-2	res-pois-len 25-49	armo, ring, amul, circ	
suffix	magicsuffix.txt	102	of Remedy	Poison Length Reduced by #%	1	1	yes	29	36	1	1	0	25	18	-7	1	1	0	res-pois-len 10-24	armo, ring, amul, circ	
suffix	magicsuffix.txt	103	of the Leech	#% Life stolen per hit	1	1	yes	27	84	6	4	-2				4	3	-1	lifesteal 4-5	weap	orb
suffix	magicsuffix.txt	104	of the Locust	#% Life stolen per hit	1	1	yes	27	84	20	14	-6				15	13	-2	lifesteal 6-7	weap	orb
suffix	magicsuffix.txt	105	of the Lamprey	#% Life stolen per hit	1	1	yes	27	84	55	39	-16				43	37	-6	lifesteal 8-9	mele	orb
suffix	magicsuffix.txt	106	of the Leech	#% Life stolen per hit	1	1	yes	27	48	14	10	-4				10	9	-1	lifesteal 3-4	ring, circ	
suffix	magicsuffix.txt	107	of the Locust	#% Life stolen per hit	1	1	yes	27	48	47	33	-14				35	30	-5	lifesteal 5-6	ring, circ	
suffix	magicsuffix.txt	108	of the Lamprey	#% Life stolen per hit	1	1	yes	27	48	77	54	-23				65	55	-10	lifesteal 7-8	ring, circ	
suffix	magicsuffix.txt	109	of the Leech	#% Life stolen per hit	1	1	yes	27	48	34	24	-10				26	22	-4	lifesteal 3-3	glov	
suffix	magicsuffix.txt	110	of the Leech	#% Life stolen per hit	1	1	yes	27	24	24	17	-7				20	17	-3	lifesteal 2-3	amul	
suffix	magicsuffix.txt	111	of the Locust	#% Life stolen per hit	1	1	yes	27	24	57	40	-17				45	38	-7	lifesteal 4-5	amul	
suffix	magicsuffix.txt	112	of the Lamprey	#% Life stolen per hit	1	1	yes	27	24	85	59	-26				73	62	-11	lifesteal 6-6	amul	
suffix	magicsuffix.txt	113	of the Bat	#% Mana stolen per hit	1	1	yes	28	84	7	5	-2				4	3	-1	manasteal 4-5	weap	orb
suffix	magicsuffix.txt	114	of the Wraith	#% Mana stolen per hit	1	1	yes	28	84	21	15	-6				16	14	-2	manasteal 6-7	weap	
suffix	magicsuffix.txt	115	of the Vampire	#% Mana stolen per hit	1	1	yes	28	84	56	39	-17				48	41	-7	manasteal 8-9	mele	
suffix	magicsuffix.txt	116	of the Bat	#% Mana stolen per hit	1	1	yes	28	48	15	11	-4				11	9	-2	manasteal 3-4	amul, circ	
suffix	magicsuffix.txt	117	of the Wraith	#% Mana stolen per hit	1	1	yes	28	48	58	41	-17				40	34	-6	manasteal 5-6	amul, circ	
suffix	magicsuffix.txt	118	of the Vampire	#% Mana stolen per hit	1	1	yes	28	48	78	55	-23				66	56	-10	manasteal 7-8	amul, circ	
suffix	magicsuffix.txt	119	of the Bat	#% Mana stolen per hit	1	1	yes	28	48	35	25	-10				27	23	-4	manasteal 3-3	glov	
suffix	magicsuffix.txt	120	of the Bat	#% Mana stolen per hit	1	1	yes	28	24	25	18	-7				21	18	-3	manasteal 2-3	ring	
suffix	magicsuffix.txt	121	of the Wraith	#% Mana stolen per hit	1	1	yes	28	24	58	41	-17				46	39	-7	manasteal 4-5	ring	
suffix	magicsuffix.txt	122	of the Vampire	#% Mana stolen per hit	1	1	yes	28	24	86	60	-26				74	63	-11	manasteal 6-8	ring	
suffix	magicsuffix.txt	123	of the Lich	#% Mana stolen per hit & #% Life stolen per hit	1	1	yes	60	12	44	31	-13				38	32	-6	manasteal 3-5; lifesteal 5-7	ring, amul	
suffix	magicsuffix.txt	124	of the Lich	#% Mana stolen per hit & #% Life stolen per hit	1	1	yes	60	12	66	46	-20				60	51	-9	manasteal 6-7; lifesteal 8-9	ring, amul	
suffix	magicsuffix.txt	125	of the Lich	#% Mana stolen per hit & #% Life stolen per hit	1	1	yes	60	12	87	61	-26				84	71	-13	manasteal 8-9; lifesteal 10-12	ring, amul	
suffix	magicsuffix.txt	126	of Health	Damage Reduced by #	1	1	yes	1	48	7	5	-2	20	14	-6	5	4	-1	red-dmg 1-1	tors, shld, ring, amul, circ	
suffix	magicsuffix.txt	127	of Protection	Damage Reduced by #	1	1	yes	1	48	18	13	-5	40	28	-12	13	11	-2	red-dmg 2-2	ring, amul, circ	
suffix	magicsuffix.txt	128	of Absorption	Damage Reduced by #	1	1	yes	1	48	26	18	-8	50	35	-15	19	16	-3	red-dmg 3-5	amul, circ, ring	
suffix	magicsuffix.txt	129	of Life	Damage Reduced by #	1	1	yes	1	48	35	25	-10				26	22	-4	red-dmg 6-10	amul, circ, ring	
suffix	magicsuffix.txt	130	of Life Everlasting	Damage Reduced by #	1	1	yes	1	48	45	31	-14				37	31	-6	red-dmg 10-25	amul, circ	
suffix	magicsuffix.txt	131	of Protection	Damage Reduced by #	1	1	yes	1	48	24	17	-7	25	18	-7	18	15	-3	red-dmg 2-3	tors, shld, circ	
suffix	magicsuffix.txt	132	of Absorption	Damage Reduced by #	1	1	yes	1	48	32	22	-10	55	39	-16	24	20	-4	red-dmg 4-5	tors, shld, circ	
suffix	magicsuffix.txt	133	of Life	Damage Reduced by #	1	1	yes	1	48	41	29	-12				33	28	-5	red-dmg 6-7	tors, shld, circ	
suffix	magicsuffix.txt	134	of Anima	Damage Reduced by #	1	1	yes	1	48	51	36	-15				43	37	-6	red-dmg 8-15	tors, shld, circ	
suffix	magicsuffix.txt	135	of Warding	Magic Damage Reduced by #	1	1	yes	2	48	7	5	-2	25	18	-7	5	4	-1	red-mag 1-2	tors, shld, ring, amul, orb, circ	
suffix	magicsuffix.txt	136	of the Sentinel	Magic Damage Reduced by #	1	1	yes	2	48	18	13	-5				12	10	-2	red-mag 3-4	ring, amul, orb, circ	
suffix	magicsuffix.txt	137	of Guarding	Magic Damage Reduced by #	1	1	yes	2	48	26	18	-8				19	16	-3	red-mag 5-6	amul, orb, circ, ring	
suffix	magicsuffix.txt	138	of Negation	Magic Damage Reduced by #	1	1	yes	2	48	42	29	-13				35	30	-5	red-mag 7-8	amul, orb, circ, ring	
suffix	magicsuffix.txt	139	of the Sentinel	Magic Damage Reduced by #	1	1	yes	2	48	24	17	-7	40	28	-12	18	15	-3	red-mag 2-4	tors, shld, circ	
suffix	magicsuffix.txt	140	of Guarding	Magic Damage Reduced by #	1	1	yes	2	48	32	22	-10				24	20	-4	red-mag 5-8	tors, shld, circ	
suffix	magicsuffix.txt	141	of Negation	Magic Damage Reduced by #	1	1	yes	2	48	41	29	-12				33	28	-5	red-mag 9-15	tors, shld, circ	
suffix	magicsuffix.txt	142	of Warding	Magic Resist +#%	1	1	yes	2	48	26	18	-8	37	26	-11	19	16	-3	res-mag 2-5	tors, shld, ring, amul, orb, circ	
suffix	magicsuffix.txt	143	of the Sentinel	Magic Resist +#%	1	1	yes	2	48	42	29	-13				31	26	-5	res-mag 6-9	ring, amul, orb, circ, tors, shld	
suffix	magicsuffix.txt	144	of Guarding	Magic Resist +#%	1	1	yes	2	48	66	46	-20				53	45	-8	res-mag 10-13	amul, orb, circ, tors, shld	
suffix	magicsuffix.txt	145	of Negation	Magic Resist +#%	1	1	yes	2	48	84	59	-25				72	61	-11	res-mag 14-20	shld, orb, circ, tors	
suffix	magicsuffix.txt	146	of Coolness	Fire Absorb #%	1	1	yes	3	12	11	8	-3	35	25	-10	8	7	-1	abs-fire 2-3	tors, shld, boot, circ	
suffix	magicsuffix.txt	147	of Incombustibility	Fire Absorb #%	1	1	yes	3	12	19	13	-6	70	49	-21	17	14	-3	abs-fire 4-6	tors, shld, boot, circ	
suffix	magicsuffix.txt	148	of Amianthus	Fire Absorb #%	1	1	yes	3	12	35	25	-10				29	25	-4	abs-fire 7-9	tors, shld, boot, circ	
suffix	magicsuffix.txt	149	of Fire Quenching	Fire Absorb #%	1	1	yes	3	12	50	35	-15				47	40	-7	abs-fire 10-15	tors, shld, boot, circ	
suffix	magicsuffix.txt	150	of Coolness	Fire Absorb #%	1	1	yes	3	12	13	9	-4				9	8	-1	abs-fire 1-2	ring, amul, orb, circ	
suffix	magicsuffix.txt	151	of Incombustibility	Fire Absorb #%	1	1	yes	3	12	22	15	-7				16	14	-2	abs-fire 3-4	amul, orb, circ, ring	
suffix	magicsuffix.txt	152	of Amianthus	Fire Absorb #%	1	1	yes	3	12	33	23	-10				25	21	-4	abs-fire 5-6	amul, orb, circ, ring	
suffix	magicsuffix.txt	153	of Fire Quenching	Fire Absorb #%	1	1	yes	3	12	46	32	-14				38	32	-6	abs-fire 8-10	amul, orb, circ, ring	
suffix	magicsuffix.txt	154	of Faith	Fire Absorb #%	1	1	yes	3	12	23	16	-7				17	14	-3	abs-fire 2-3	jewl	
suffix	magicsuffix.txt	155	of Faith	Fire Absorb #%	1	1	yes	3	12	56	39	-17				50	43	-7	abs-fire 4-7	jewl	
suffix	magicsuffix.txt	156	of Fire Coalescence1	+# Fire Absorb	1	1	yes	3	12	33	23	-10				29	25	-4	abs-fire% 3-7	weap, amul, ring, shld	
suffix	magicsuffix.txt	157	of Fire Coalescence1	+# Fire Absorb	1	1	yes	3	12	66	46	-20				54	46	-8	abs-fire% 8-15	weap, amul, ring, shld	
suffix	magicsuffix.txt	158	of Fire Coalescence1	+# Fire Absorb	1	1	yes	3	12	87	61	-26				80	68	-12	abs-fire% 16-25	weap, amul, ring, shld	
suffix	magicsuffix.txt	159	of Resistance	Lightning Absorb #%	1	1	yes	3	12	11	8	-3	35	25	-10	8	7	-1	abs-ltng 2-3	tors, shld, boot, circ	
suffix	magicsuffix.txt	160	of Insulation	Lightning Absorb #%	1	1	yes	3	12	19	13	-6	70	49	-21	14	12	-2	abs-ltng 4-6	tors, shld, boot, circ	
suffix	magicsuffix.txt	161	of Grounding	Lightning Absorb #%	1	1	yes	3	12	35	25	-10				29	25	-4	abs-ltng 7-9	tors, shld, boot, circ	
suffix	magicsuffix.txt	162	of the Dynamo	Lightning Absorb #%	1	1	yes	3	12	50	35	-15				47	40	-7	abs-ltng 10-15	tors, shld, boot, circ	
suffix	magicsuffix.txt	163	of Resistance	Lightning Absorb #%	1	1	yes	3	12	13	9	-4				9	8	-1	abs-ltng 1-2	ring, amul, orb, circ	
suffix	magicsuffix.txt	164	of Insulation	Lightning Absorb #%	1	1	yes	3	12	22	15	-7				16	14	-2	abs-ltng 3-4	amul, orb, circ, ring	
suffix	magicsuffix.txt	165	of Grounding	Lightning Absorb #%	1	1	yes	3	12	33	23	-10				25	21	-4	abs-ltng 5-6	amul, orb, circ, ring	
suffix	magicsuffix.txt	166	of the Dynamo	Lightning Absorb #%	1	1	yes	3	12	46	32	-14				38	32	-6	abs-ltng 8-10	amul, orb, circ, ring	
suffix	magicsuffix.txt	167	of Stoicism	Lightning Absorb #%	1	1	yes	3	12	22	15	-7				16	14	-2	abs-ltng 2-3	jewl	
suffix	magicsuffix.txt	168	of Stoicism	Lightning Absorb #%	1	1	yes	3	12	56	39	-17				50	43	-7	abs-ltng 4-7	jewl	
suffix	magicsuffix.txt	169	of Lightning Coalescence1	+# Lightning Absorb	1	1	yes	3	12	33	23	-10				29	25	-4	abs-ltng% 3-7	weap, amul, ring, shld	
suffix	magicsuffix.txt	170	of Lightning Coalescence1	+# Lightning Absorb	1	1	yes	3	12	66	46	-20				54	46	-8	abs-ltng% 8-15	weap, amul, ring, shld	
suffix	magicsuffix.txt	171	of Lightning Coalescence1	+# Lightning Absorb	1	1	yes	3	12	87	61	-26				80	68	-12	abs-ltng% 16-25	weap, amul, ring, shld	
suffix	magicsuffix.txt	172	of Warming	Cold Absorb #%	1	1	yes	3	12	11	8	-3	35	25	-10	8	7	-1	abs-cold 2-3	tors, shld, boot, circ	
suffix	magicsuffix.txt	173	of Thawing	Cold Absorb #%	1	1	yes	3	12	19	13	-6	70	49	-21	14	12	-2	abs-cold 4-6	tors, shld, boot, circ	
suffix	magicsuffix.txt	174	of the Dunes	Cold Absorb #%	1	1	yes	3	12	35	25	-10				29	25	-4	abs-cold 7-9	tors, shld, boot, circ	
suffix	magicsuffix.txt	175	of the Sirocco	Cold Absorb #%	1	1	yes	3	12	50	35	-15				47	40	-7	abs-cold 10-15	tors, shld, boot, circ	
suffix	magicsuffix.txt	176	of Warming	Cold Absorb #%	1	1	yes	3	12	13	9	-4				9	8	-1	abs-cold 1-2	ring, amul, orb, circ	
suffix	magicsuffix.txt	177	of Thawing	Cold Absorb #%	1	1	yes	3	12	22	15	-7				16	14	-2	abs-cold 3-4	amul, orb, circ, ring	
suffix	magicsuffix.txt	178	of the Dunes	Cold Absorb #%	1	1	yes	3	12	33	23	-10				25	21	-4	abs-cold 5-6	amul, orb, circ, ring	
suffix	magicsuffix.txt	179	of the Sirocco	Cold Absorb #%	1	1	yes	3	12	46	32	-14				38	32	-6	abs-cold 8-10	amul, orb, circ, ring	
suffix	magicsuffix.txt	180	of Desire	Cold Absorb #%	1	1	yes	3	12	23	16	-7				17	14	-3	abs-cold 2-3	jewl	
suffix	magicsuffix.txt	181	of Desire	Cold Absorb #%	1	1	yes	3	12	56	39	-17				50	43	-7	abs-cold 4-7	jewl	
suffix	magicsuffix.txt	182	of Chilling Coalescence1	+# Cold Absorb	1	1	yes	3	12	33	23	-10				29	25	-4	abs-cold% 3-7	weap, amul, ring, shld	
suffix	magicsuffix.txt	183	of Chilling Coalescence1	+# Cold Absorb	1	1	yes	3	12	66	46	-20				54	46	-8	abs-cold% 8-15	weap, amul, ring, shld	
suffix	magicsuffix.txt	184	of Chilling Coalescence1	+# Cold Absorb	1	1	yes	3	12	87	61	-26				80	68	-12	abs-cold% 16-25	weap, amul, ring, shld	
suffix	magicsuffix.txt	185	of the Yeti	Cold Resist +#% (Based on Character Level)	1	1	yes	43	12	1	1	0	20	14	-6	1	1	0	res-cold/lvl(4) -	armo, ring, amul	
suffix	magicsuffix.txt	186	of the Yeti	Cold Resist +#% (Based on Character Level)	1	1	yes	43	12	20	14	-6				1	1	0	res-cold/lvl(6) -	armo, ring, amul	
suffix	magicsuffix.txt	187	of the Phoenix	Fire Resist +#% (Based on Character Level)	1	1	yes	43	12	1	1	0	20	14	-6	1	1	0	res-fire/lvl(4) -	armo, ring, amul	
suffix	magicsuffix.txt	188	of the Phoenix	Fire Resist +#% (Based on Character Level)	1	1	yes	43	12	20	14	-6				1	1	0	res-fire/lvl(6) -	armo, ring, amul	
suffix	magicsuffix.txt	189	of the Efreeti	Lightning Resist +#% (Based on Character Level)	1	1	yes	43	12	1	1	0	20	14	-6	1	1	0	res-ltng/lvl(4) -	armo, ring, amul	
suffix	magicsuffix.txt	190	of the Efreeti	Lightning Resist +#% (Based on Character Level)	1	1	yes	43	12	20	14	-6				1	1	0	res-ltng/lvl(6) -	armo, ring, amul	
suffix	magicsuffix.txt	191	of the Cobra	Poison Resist +#% (Based on Character Level)	1	1	yes	43	12	1	1	0	20	14	-6	1	1	0	res-pois/lvl(4) -	armo, ring, amul	
suffix	magicsuffix.txt	192	of the Cobra	Poison Resist +#% (Based on Character Level)	1	1	yes	43	12	20	14	-6				1	1	0	res-pois/lvl(6) -	armo, ring, amul	
suffix	magicsuffix.txt	193	of the Elements	Cold Resist +#% (Based on Character Level) & Fire Resist +#% (Based on Character Level) & Lightning Resist +#% (Based on Character Level)	1	1	yes	43	24	1	1	0				1	1	0	res-cold/lvl(2) -; res-fire/lvl(2) -; res-ltng/lvl(2) -	circ, shld	
suffix	magicsuffix.txt	194	of the Elements	Cold Resist +#% (Based on Character Level) & Fire Resist +#% (Based on Character Level) & Lightning Resist +#% (Based on Character Level)	1	1	yes	43	24	44	31	-13				41	35	-6	res-cold/lvl(4) -; res-fire/lvl(4) -; res-ltng/lvl(4) -	circ, shld	
suffix	magicsuffix.txt	195	of the Elements	Cold Resist +#% (Based on Character Level) & Fire Resist +#% (Based on Character Level) & Lightning Resist +#% (Based on Character Level)	1	1	yes	43	24	77	54	-23				71	60	-11	res-cold/lvl(5) -; res-fire/lvl(5) -; res-ltng/lvl(5) -	circ, shld	
suffix	magicsuffix.txt	196	of Winter2	+#% to Maximum Cold Resist	1	1	yes	67	24	54	38	-16				45	38	-7	res-cold-max 1-10	armo, shld, ring, amul	
suffix	magicsuffix.txt	197	of Summer2	+#% to Maximum Fire Resist	1	1	yes	67	24	54	38	-16				45	38	-7	res-fire-max 1-10	armo, shld, ring, amul	
suffix	magicsuffix.txt	198	of Spring2	+#% to Maximum Lightning Resist	1	1	yes	67	24	54	38	-16				45	38	-7	res-ltng-max 1-10	armo, shld, ring, amul	
suffix	magicsuffix.txt	199	of Autumn2	+#% to Maximum Poison Resist	1	1	yes	67	24	54	38	-16				45	38	-7	res-pois-max 1-10	armo, shld, ring, amul	
suffix	magicsuffix.txt	200	of the Four Seasons2	#% All Maximum Resistances	1	1	yes	67	24	68	48	-20				58	49	-9	res-all-max 1-3	armo, shld, ring, amul	
suffix	magicsuffix.txt	201	of the Four Seasons2	#% All Maximum Resistances	1	1	yes	67	12	87	61	-26				75	64	-11	res-all-max 4-6	armo, shld, ring, amul	
suffix	magicsuffix.txt	202	of Dexterity	+# to Dexterity	1	1	yes	17	48	1	1	0	20	14	-6	1	1	0	dex 1-2	amul, miss, circ	
suffix	magicsuffix.txt	203	of Skill	+# to Dexterity	1	1	yes	17	36	11	8	-3	40	28	-12	8	7	-1	dex 3-5	amul, miss, circ	
suffix	magicsuffix.txt	204	of Accuracy	+# to Dexterity	1	1	yes	17	36	27	19	-8	55	39	-16	20	17	-3	dex 6-9	amul, miss, circ	
suffix	magicsuffix.txt	205	of Precision	+# to Dexterity	1	1	yes	17	36	43	30	-13	75	53	-22	35	30	-5	dex 10-15	amul, miss, circ	
suffix	magicsuffix.txt	206	of Perfection	+# to Dexterity	1	1	yes	17	36	59	41	-18				51	43	-8	dex 16-20	amul, miss, circ	
suffix	magicsuffix.txt	207	of Nirvana	+# to Dexterity	1	1	yes	17	36	72	50	-22				64	54	-10	dex 21-30	amul, miss, circ	
suffix	magicsuffix.txt	208	of Dexterity	+# to Dexterity	1	1	yes	17	48	6	4	-2	30	21	-9	4	3	-1	dex 1-2	ring, glov	
suffix	magicsuffix.txt	209	of Skill	+# to Dexterity	1	1	yes	17	36	22	15	-7	50	35	-15	16	14	-2	dex 3-5	ring, glov	
suffix	magicsuffix.txt	210	of Accuracy	+# to Dexterity	1	1	yes	17	36	39	27	-12	70	49	-21	31	26	-5	dex 6-9	ring, glov	
suffix	magicsuffix.txt	211	of Precision	+# to Dexterity	1	1	yes	17	36	56	39	-17				48	41	-7	dex 10-15	ring, glov	
suffix	magicsuffix.txt	212	of Perfection	+# to Dexterity	1	1	yes	17	36	75	53	-22				67	57	-10	dex 16-20	ring, glov	
suffix	magicsuffix.txt	213	of Dexterity	+# to Dexterity	1	1	yes	17	36	13	9	-4	35	25	-10	9	8	-1	dex 2-3	tors, boot	glov
suffix	magicsuffix.txt	214	of Skill	+# to Dexterity	1	1	yes	17	36	34	24	-10	55	39	-16	26	22	-4	dex 4-5	tors, boot	glov
suffix	magicsuffix.txt	215	of Accuracy	+# to Dexterity	1	1	yes	17	36	46	32	-14	75	53	-22	38	32	-6	dex 6-9	tors, boot	glov
suffix	magicsuffix.txt	216	of Precision	+# to Dexterity	1	1	yes	17	36	60	42	-18				52	44	-8	dex 10-15	tors, boot	glov
suffix	magicsuffix.txt	217	of Daring	+# to Dexterity	1	1	yes	17	48	7	5	-2				5	4	-1	dex 1-5	jewl	
suffix	magicsuffix.txt	218	of Daring	+# to Dexterity	1	1	yes	17	48	19	13	-6				14	12	-2	dex 4-6	jewl	
suffix	magicsuffix.txt	219	of Daring	+# to Dexterity	1	1	yes	17	48	36	25	-11				28	24	-4	dex 7-9	jewl	
suffix	magicsuffix.txt	220	of Dexterity	+# to Dexterity	1	1	yes	17	48	1	1	0	12	8	-4	1	1	0	dex 1-1	boot, glov	
suffix	magicsuffix.txt	221	of Dexterity	+# to Dexterity	1	1	yes	17	48	1	1	0	5	4	-1	1	1	0	dex 1-1	ring	
suffix	magicsuffix.txt	222	of Perfection	+# to Dexterity	1	1	yes	17	36	80	56	-24				75	64	-11	dex 20-30	tors, boot	glov
suffix	magicsuffix.txt	223	of Strength	+# to Strength	1	1	yes	31	48	1	1	0	25	18	-7	1	1	0	str 1-2	amul, belt, club, hamm, circ	
suffix	magicsuffix.txt	224	of Might	+# to Strength	1	1	yes	31	36	10	7	-3	40	28	-12	8	7	-1	str 3-5	amul, belt, club, hamm, circ	
suffix	magicsuffix.txt	225	of the Ox	+# to Strength	1	1	yes	31	48	26	18	-8	70	49	-21	19	16	-3	str 6-9	amul, belt, club, hamm, circ	
suffix	magicsuffix.txt	226	of the Giant	+# to Strength	1	1	yes	31	36	42	29	-13				34	29	-5	str 10-15	amul, belt, club, hamm, circ	
suffix	magicsuffix.txt	227	of the Titan	+# to Strength	1	1	yes	31	36	58	41	-17				50	43	-7	str 16-20	amul, belt, club, hamm, circ	
suffix	magicsuffix.txt	228	of Atlus	+# to Strength	1	1	yes	31	36	71	50	-21				63	54	-9	str 21-30	amul, belt, club, hamm, circ	
suffix	magicsuffix.txt	229	of Strength	+# to Strength	1	1	yes	31	48	5	4	-1	30	21	-9	3	3	0	str 1-2	ring, scep, mace, tors	
suffix	magicsuffix.txt	230	of Might	+# to Strength	1	1	yes	31	36	21	15	-6	65	46	-19	15	13	-2	str 3-5	ring, scep, mace, tors	
suffix	magicsuffix.txt	231	of the Ox	+# to Strength	1	1	yes	31	36	38	27	-11				30	26	-4	str 6-9	ring, scep, mace, tors	
suffix	magicsuffix.txt	232	of the Giant	+# to Strength	1	1	yes	31	36	55	39	-16				47	40	-7	str 10-15	ring, scep, mace, tors	
suffix	magicsuffix.txt	233	of the Titan	+# to Strength	1	1	yes	31	36	74	52	-22				66	56	-10	str 16-20	ring, scep, mace, tors	
suffix	magicsuffix.txt	234	of Strength	+# to Strength	1	1	yes	31	36	12	8	-4	30	21	-9	8	7	-1	str 1-2	mele, glov, shld	blun
suffix	magicsuffix.txt	235	of Might	+# to Strength	1	1	yes	31	36	33	23	-10	60	42	-18	25	21	-4	str 3-5	mele, glov, shld	blun
suffix	magicsuffix.txt	236	of the Ox	+# to Strength	1	1	yes	31	36	45	31	-14				37	31	-6	str 6-9	mele, glov, shld	blun
suffix	magicsuffix.txt	237	of the Giant	+# to Strength	1	1	yes	31	36	59	41	-18				51	43	-8	str 10-15	mele, glov	blun
suffix	magicsuffix.txt	238	of Virility	+# to Strength	1	1	yes	31	48	18	13	-5				13	11	-2	str 1-5	jewl	
suffix	magicsuffix.txt	239	of Virility	+# to Strength	1	1	yes	31	48	33	23	-10				25	21	-4	str 5-6	jewl	
suffix	magicsuffix.txt	240	of Virility	+# to Strength	1	1	yes	31	48	50	35	-15				42	36	-6	str 7-9	jewl	
suffix	magicsuffix.txt	241	of Strength	+# to Strength	1	1	yes	31	48	1	1	0	11	8	-3	1	1	0	str 1-1	glov	
suffix	magicsuffix.txt	242	of Strength	+# to Strength	1	1	yes	31	48	1	1	0	4	3	-1	1	1	0	str 1-1	ring	
suffix	magicsuffix.txt	243	of Energy	+# to Energy	1	1	yes	23	48	1	1	0	25	18	-7	1	1	0	enr 1-3	amul, orb, circ, wand, staf	
suffix	magicsuffix.txt	244	of the Mind	+# to Energy	1	1	yes	23	48	7	5	-2	50	35	-15	3	3	0	enr 4-6	amul, orb, circ, wand, staf	
suffix	magicsuffix.txt	245	of Brilliance	+# to Energy	1	1	yes	23	36	13	9	-4	75	53	-22	9	8	-1	enr 7-10	amul, orb, circ, wand, staf	
suffix	magicsuffix.txt	246	of Sorcery	+# to Energy	1	1	yes	23	36	21	15	-6				16	14	-2	enr 11-15	amul, orb, circ, wand, staf	
suffix	magicsuffix.txt	247	of Wizardry	+# to Energy	1	1	yes	23	36	31	22	-9				23	20	-3	enr 16-20	amul, orb, circ, wand, staf	
suffix	magicsuffix.txt	248	of Enlightenment	+# to Energy	1	1	yes	23	36	41	29	-12				33	28	-5	enr 21-30	amul, orb, circ, wand, staf	
suffix	magicsuffix.txt	249	of Energy	+# to Energy	1	1	yes	23	48	7	5	-2	25	18	-7	5	4	-1	enr 1-3	ring	
suffix	magicsuffix.txt	250	of the Mind	+# to Energy	1	1	yes	23	36	13	9	-4	50	35	-15	9	8	-1	enr 4-6	ring	
suffix	magicsuffix.txt	251	of Brilliance	+# to Energy	1	1	yes	23	36	21	15	-6	75	53	-22	16	14	-2	enr 7-10	ring	
suffix	magicsuffix.txt	252	of Sorcery	+# to Energy	1	1	yes	23	36	31	22	-9				23	20	-3	enr 11-15	ring	
suffix	magicsuffix.txt	253	of Wizardry	+# to Energy	1	1	yes	23	36	41	29	-12				33	28	-5	enr 16-20	ring	
suffix	magicsuffix.txt	254	of Energy	+# to Energy	1	1	yes	23	36	4	3	-1	25	18	-7	3	3	0	enr 1-3	helm, scep	
suffix	magicsuffix.txt	255	of the Mind	+# to Energy	1	1	yes	23	36	10	7	-3	50	35	-15	7	6	-1	enr 4-6	helm, scep	
suffix	magicsuffix.txt	256	of Brilliance	+# to Energy	1	1	yes	23	36	16	11	-5	70	49	-21	12	10	-2	enr 7-10	helm, scep	
suffix	magicsuffix.txt	257	of Sorcery	+# to Energy	1	1	yes	23	36	26	18	-8				21	18	-3	enr 11-15	helm, scep	
suffix	magicsuffix.txt	258	of Knowledge	+# to Energy	1	1	yes	23	36	9	6	-3	50	35	-15	6	5	-1	enr 1-5	jewl	
suffix	magicsuffix.txt	259	of Knowledge	+# to Energy	1	1	yes	23	36	24	17	-7				18	15	-3	enr 4-6	jewl	
suffix	magicsuffix.txt	260	of Knowledge	+# to Energy	1	1	yes	23	36	41	29	-12				33	28	-5	enr 7-9	jewl	
suffix	magicsuffix.txt	261	of Energy	+# to Energy	1	1	yes	23	48	1	1	0	4	3	-1	1	1	0	enr 1-1	amul, orb, circ, wand, staf, helm, ring	
suffix	magicsuffix.txt	262	of Grace	+# to Dexterity (Based on Character Level)	1	1	yes	42	12	1	1	0				1	1	0	dex/lvl(3) -	helm, amul	
suffix	magicsuffix.txt	263	of Power	+# to Strength (Based on Character Level)	1	1	yes	42	12	1	1	0				1	1	0	str/lvl(3) -	belt, amul	
suffix	magicsuffix.txt	264	of Grace and Power	+# to Strength (Based on Character Level) & +# to Dexterity (Based on Character Level)	1	1	yes	42	12	50	35	-15				48	41	-7	str/lvl(3) -; dex/lvl(3) -	amul	
suffix	magicsuffix.txt	265	of Agility2	+%# to Dexterity	0	1	yes	42	12	35	25	-10	55	39	-16	35	30	-5	dex% 5-10	weap, boot	
suffix	magicsuffix.txt	266	of Agility2	+%# to Dexterity	0	1	yes	42	12	55	39	-16	75	53	-22	55	47	-8	dex% 11-20	weap, boot	
suffix	magicsuffix.txt	267	of Agility2	+%# to Dexterity	0	1	yes	42	12	75	53	-22				75	64	-11	dex% 21-30	weap, boot	
suffix	magicsuffix.txt	268	of Power2	+%# to Strength	0	1	yes	42	12	35	25	-10	55	39	-16	35	30	-5	str% 5-10	weap, glov	
suffix	magicsuffix.txt	269	of Power2	+%# to Strength	0	1	yes	42	12	55	39	-16	75	53	-22	55	47	-8	str% 11-20	weap, glov	
suffix	magicsuffix.txt	270	of Power2	+%# to Strength	0	1	yes	42	12	75	53	-22				75	64	-11	str% 21-30	weap, glov	
suffix	magicsuffix.txt	271	of Endurance2	+%# to Vitality	0	1	yes	42	12	35	25	-10	55	39	-16	35	30	-5	vit% 5-10	weap, glov	
suffix	magicsuffix.txt	272	of Endurance2	+%# to Vitality	0	1	yes	42	12	55	39	-16	75	53	-22	55	47	-8	vit% 11-20	weap, glov	
suffix	magicsuffix.txt	273	of Endurance2	+%# to Vitality	0	1	yes	42	12	75	53	-22				75	64	-11	vit% 21-30	weap, glov	
suffix	magicsuffix.txt	274	of Spirit2	+%# to Energy	0	1	yes	42	12	35	25	-10	55	39	-16	35	30	-5	enr% 5-10	weap, glov	
suffix	magicsuffix.txt	275	of Spirit2	+%# to Energy	0	1	yes	42	12	55	39	-16	75	53	-22	55	47	-8	enr% 11-20	weap, glov	
suffix	magicsuffix.txt	276	of Spirit2	+%# to Energy	0	1	yes	42	12	75	53	-22				75	64	-11	enr% 21-30	weap, glov	
suffix	magicsuffix.txt	277	of the Sky	+# to all Attributes	1	1	yes	42	12	20	14	-6				18	15	-3	all-stats 5-10	amul, ring, circ, orb, staf, wand	
suffix	magicsuffix.txt	278	of the Stars	+# to all Attributes	1	1	yes	42	12	44	31	-13				40	34	-6	all-stats 11-15	amul, ring, circ, orb, staf, wand	
suffix	magicsuffix.txt	279	of the Heavens	+# to all Attributes	1	1	yes	42	12	69	48	-21				64	54	-10	all-stats 16-20	amul, ring, circ, orb, staf, wand	
suffix	magicsuffix.txt	280	of the Zodiac	+# to all Attributes	1	1	yes	42	12	86	60	-26				83	71	-12	all-stats 21-30	amul, ring, circ, orb, staf, wand	
suffix	magicsuffix.txt	281	of the Jackal	+# to Life	1	1	yes	26	36	1	1	0	20	14	-6	1	1	0	hp 1-5	tors, belt, amul, phlm, circ	
suffix	magicsuffix.txt	282	of the Fox	+# to Life	1	1	yes	26	36	7	5	-2	30	21	-9	5	4	-1	hp 6-10	tors, belt, amul, phlm, circ	
suffix	magicsuffix.txt	283	of the Wolf	+# to Life	1	1	yes	26	36	15	11	-4	50	35	-15	11	9	-2	hp 11-20	tors, belt, amul, phlm, circ	
suffix	magicsuffix.txt	284	of the Tiger	+# to Life	1	1	yes	26	36	20	14	-6	65	46	-19	15	13	-2	hp 21-30	tors, belt, amul, phlm, circ	
suffix	magicsuffix.txt	285	of the Mammoth	+# to Life	1	1	yes	26	36	25	18	-7				18	15	-3	hp 31-40	tors, belt, amul, phlm, circ	
suffix	magicsuffix.txt	286	of the Colosuss	+# to Life	1	1	yes	26	36	30	21	-9				22	19	-3	hp 41-60	tors, belt, amul, phlm, circ	
suffix	magicsuffix.txt	287	of the Squid	+# to Life	1	1	yes	26	36	40	28	-12				30	26	-4	hp 61-80	tors, belt, amul, phlm, circ	
suffix	magicsuffix.txt	288	of the Whale	+# to Life	1	1	yes	26	36	50	35	-15				37	31	-6	hp 81-100	tors, belt, amul, phlm, circ	
suffix	magicsuffix.txt	289	of the Jackal	+# to Life	1	1	yes	26	36	4	3	-1	25	18	-7	3	3	0	hp 1-5	shld, pelt	
suffix	magicsuffix.txt	290	of the Fox	+# to Life	1	1	yes	26	36	11	8	-3	50	35	-15	8	7	-1	hp 6-10	shld, pelt	
suffix	magicsuffix.txt	291	of the Wolf	+# to Life	1	1	yes	26	36	27	19	-8	75	53	-22	20	17	-3	hp 11-20	shld, pelt	
suffix	magicsuffix.txt	292	of the Tiger	+# to Life	1	1	yes	26	36	43	30	-13				35	30	-5	hp 21-30	shld, pelt	
suffix	magicsuffix.txt	293	of the Mammoth	+# to Life	1	1	yes	26	36	59	41	-18				51	43	-8	hp 31-40	shld, pelt	
suffix	magicsuffix.txt	294	of the Colosuss	+# to Life	1	1	yes	26	36	75	53	-22				67	57	-10	hp 41-60	shld, pelt	
suffix	magicsuffix.txt	295	of the Jackal	+# to Life	1	1	yes	26	36	8	6	-2	40	28	-12	6	5	-1	hp 1-5	club, hamm, mace, ring, helm	
suffix	magicsuffix.txt	296	of the Fox	+# to Life	1	1	yes	26	36	17	12	-5	70	49	-21	13	11	-2	hp 6-10	club, hamm, mace, ring, helm	
suffix	magicsuffix.txt	297	of the Wolf	+# to Life	1	1	yes	26	36	34	24	-10				26	22	-4	hp 11-20	club, hamm, mace, ring, helm	
suffix	magicsuffix.txt	298	of the Tiger	+# to Life	1	1	yes	26	36	51	36	-15				43	37	-6	hp 21-30	club, hamm, mace, ring, helm	
suffix	magicsuffix.txt	299	of the Mammoth	+# to Life	1	1	yes	26	36	68	48	-20				60	51	-9	hp 31-40	club, hamm, mace, ring, helm	
suffix	magicsuffix.txt	300	of Spirit	+# to Life	1	1	yes	26	48	1	1	0	50	35	-15	1	1	0	hp 3-8	jewl	
suffix	magicsuffix.txt	301	of Hope	+# to Life	1	1	yes	26	48	45	31	-14				37	31	-6	hp 9-20	jewl	
suffix	magicsuffix.txt	302	of the Elephant	+# to Life (Based on Character Level) & +# to Mana (Based on Character Level)	1	1	yes	41	24	66	46	-20				58	49	-9	hp/lvl(4) -; mana/lvl(2) -	ring, amul	
suffix	magicsuffix.txt	303	of the Elephant	+# to Life (Based on Character Level) & +# to Mana (Based on Character Level)	1	1	yes	41	24	37	26	-11				7	6	-1	hp/lvl(4) -; mana/lvl(2) -	circ, pelt	
suffix	magicsuffix.txt	304	of the Kraken	+# to Life (Based on Character Level)	1	1	yes	41	12	20	14	-6				1	1	0	hp/lvl(6) -	tors, amul, pelt, phlm	
suffix	magicsuffix.txt	305	of Memory	+# to Mana (Based on Character Level)	1	1	yes	41	12	20	14	-6				1	1	0	mana/lvl(6) -	circ, amul, pelt	
suffix	magicsuffix.txt	306	of Regeneration	Replenish Life +#	1	1	yes	19	48	10	7	-3	35	25	-10	7	6	-1	regen 3-5	scep, belt, ring, amul, circ	
suffix	magicsuffix.txt	307	of Regeneration	Replenish Life +#	1	1	yes	19	48	40	28	-12				30	26	-4	regen 3-5	shld, glov	
suffix	magicsuffix.txt	308	of Regeneration	Replenish Life +#	1	1	yes	19	48	70	49	-21				52	44	-8	regen 3-5	tors, weap, boot	scep
suffix	magicsuffix.txt	309	of Regrowth	Replenish Life +#	1	1	yes	19	48	17	12	-5				12	10	-2	regen 6-10	scep, amul, circ	
suffix	magicsuffix.txt	310	of Regrowth	Replenish Life +#	1	1	yes	19	48	55	39	-16				41	35	-6	regen 6-9	belt, ring	
suffix	magicsuffix.txt	311	of Revivification	Replenish Life +#	1	1	yes	19	48	38	27	-11				30	26	-4	regen 11-15	scep, amul, circ	
suffix	magicsuffix.txt	312	of Honor	Replenish Life +#	1	1	yes	19	48	47	33	-14				35	30	-5	regen 1-4	jewl	
suffix	magicsuffix.txt	313	of Regeneration	Replenish Life +#	1	1	yes	19	36	1	1	0	9	6	-3	1	1	0	regen 2-2	amul, circ	
suffix	magicsuffix.txt	314	of Vampiric Essence2	+# Life after each Kill	1	1	yes	67	24	22	15	-7				18	15	-3	heal-kill 3-5	weap, belt, ring, amul, circ	
suffix	magicsuffix.txt	315	of the Wight2	+# Life after each Kill	1	1	yes	67	24	39	27	-12				31	26	-5	heal-kill 6-8	weap, belt, ring, amul, circ	
suffix	magicsuffix.txt	316	of the Dragon's Spirit2	+# Life after each Kill	1	1	yes	67	24	55	39	-16				48	41	-7	heal-kill 9-15	weap, belt, ring, amul, circ	
suffix	magicsuffix.txt	317	of the Soul2	+# Life after each Kill	1	1	yes	67	24	75	53	-22				75	64	-11	heal-kill 16-25	weap, belt, ring, amul, circ	
suffix	magicsuffix.txt	318	of Pacing	+#% Faster Run/Walk	1	1	yes	35	36	12	8	-4	50	35	-15	8	7	-1	move1 10-10	boot, circ	
suffix	magicsuffix.txt	319	of Haste	+#% Faster Run/Walk	1	1	yes	35	48	22	15	-7				16	14	-2	move2 20-20	boot, circ	
suffix	magicsuffix.txt	320	of Speed	+#% Faster Run/Walk	1	1	yes	35	48	37	26	-11				29	25	-4	move3 30-30	boot, circ	
suffix	magicsuffix.txt	321	of Traveling	+#% Faster Run/Walk	0	1	yes	35	48	65	46	-19				57	48	-9	move3 30-30; stamdrain 80-90	boot	
suffix	magicsuffix.txt	322	of Acceleration	+#% Faster Run/Walk	1	1	yes	35	48	51	36	-15				43	37	-6	move3 40-40	boot	
suffix	magicsuffix.txt	323	of Balance	+#% Faster Hit Recovery	1	1	yes	18	48	5	4	-1				3	3	0	balance1 10-10	armo	glov
suffix	magicsuffix.txt	324	of Equilibrium	+#% Faster Hit Recovery	1	1	yes	18	48	9	6	-3				6	5	-1	balance2 20-20	tors, belt, shld	
suffix	magicsuffix.txt	325	of Stability	+#% Faster Hit Recovery	1	1	yes	18	48	18	13	-5				13	11	-2	balance3 25-25	tors, belt	
suffix	magicsuffix.txt	326	of Truth	+#% Faster Hit Recovery	1	1	yes	18	48	44	31	-13				36	31	-5	balance1 7-7	jewl	
suffix	magicsuffix.txt	327	of Readiness	+#% Increased Attack Speed	1	1	yes	7	72	5	4	-1				3	3	0	swing1 10-10	weap	wand, orb
suffix	magicsuffix.txt	328	of Alacrity	+#% Increased Attack Speed	1	1	yes	7	72	25	18	-7				17	14	-3	swing2 20-20	weap	wand, orb
suffix	magicsuffix.txt	329	of Swiftness	+#% Increased Attack Speed	1	1	yes	7	72	34	24	-10				26	22	-4	swing2 30-30	mele	wand, staf, orb
suffix	magicsuffix.txt	330	of Quickness	+#% Increased Attack Speed	1	1	yes	7	60	46	32	-14				38	32	-6	swing3 40-40	mele	wand, staf, orb
suffix	magicsuffix.txt	331	of Alacrity	+#% Increased Attack Speed	1	1	yes	7	48	43	30	-13				35	30	-5	swing2 20-20	glov	
suffix	magicsuffix.txt	332	of Fervor	+#% Increased Attack Speed	1	1	yes	7	48	39	27	-12				31	26	-5	swing1 15-15	glov	
suffix	magicsuffix.txt	333	of Readiness	+#% Increased Attack Speed	1	1	yes	7	24	20	14	-6				15	13	-2	swing1 10-10	glov	
suffix	magicsuffix.txt	334	of Fervor	+#% Increased Attack Speed	1	1	yes	7	48	39	27	-12				31	26	-5	swing1 15-15	jewl	
suffix	magicsuffix.txt	335	of Thorns	Attacker Takes Damage of #	1	1	yes	6	48	14	10	-4	35	25	-10	10	9	-1	thorns 1-3	tors, shld, belt, circ	
suffix	magicsuffix.txt	336	of Spikes	Attacker Takes Damage of #	1	1	yes	6	48	21	15	-6	60	42	-18	15	13	-2	thorns 4-6	tors, shld, belt, circ	
suffix	magicsuffix.txt	337	of Razors	Attacker Takes Damage of #	1	1	yes	6	48	34	24	-10	80	56	-24	26	22	-4	thorns 7-9	tors, shld, circ, belt	
suffix	magicsuffix.txt	338	of Swords	Attacker Takes Damage of #	1	1	yes	6	48	47	33	-14				39	33	-6	thorns 10-20	tors, shld, circ, belt	
suffix	magicsuffix.txt	339	of Thorns	Attacker Takes Damage of # (Based on Character Level)	1	1	yes	6	48	40	28	-12				35	30	-5	thorns/lvl(8) -	tors, shld	
suffix	magicsuffix.txt	340	of Thorns	Attacker Takes Damage of # (Based on Character Level)	1	1	yes	6	48	67	47	-20				62	53	-9	thorns/lvl(12) -	tors, shld	
suffix	magicsuffix.txt	341	of Malice	Attacker Takes Damage of #	1	1	yes	6	48	37	26	-11	40	28	-12	29	25	-4	thorns 1-5	jewl	
suffix	magicsuffix.txt	342	of Thorns	Attacker Takes Damage of #	1	1	yes	6	48	1	1	0	13	9	-4	1	1	0	thorns 1-1	tors, belt, shld	
suffix	magicsuffix.txt	343	of Swords	Attacker Takes Damage of #	1	1	yes	6	36	55	39	-16				45	38	-7	thorns 21-40	tors, shld, circ, belt	
suffix	magicsuffix.txt	344	of Swords	Attacker Takes Damage of #	1	1	yes	6	24	65	46	-19				55	47	-8	thorns 41-50	tors, shld, circ, belt	
suffix	magicsuffix.txt	345	of Malice	Attacker Takes Damage of #	1	1	yes	6	48	60	42	-18				48	41	-7	thorns 8-15	jewl	
suffix	magicsuffix.txt	346	of Light	+# to Light Radius & +# to Attack Rating	1	1	yes	25	48	1	1	0	5	4	-1	1	1	0	light 1-1; att 10-10	ring, amul, rod, armo	
suffix	magicsuffix.txt	347	of Light	+# to Light Radius & +# to Attack Rating	1	1	yes	25	12	6	4	-2	45	31	-14	4	3	-1	light 1-1; att 15-15	armo, rod, ring, amul	
suffix	magicsuffix.txt	348	of Radiance	+# to Light Radius & +# to Attack Rating	1	1	yes	25	12	15	11	-4	65	46	-19	11	9	-2	light 3-3; att 30-30	rod, armo, ring, amul	
suffix	magicsuffix.txt	349	of the Sun	+# to Light Radius & #% Bonus to Attack Rating	1	1	yes	25	12	17	12	-5				12	10	-2	light 5-5; att% 5-5	rod, armo, amul, ring	
suffix	magicsuffix.txt	350	of Chance	#% Better Chance of Getting Magic Items	1	1	yes	22	48	12	8	-4	50	35	-15	9	8	-1	mag% 5-12	boot, glov, ring, amul, circ	
suffix	magicsuffix.txt	351	of Fortune	#% Better Chance of Getting Magic Items	1	1	yes	22	48	16	11	-5				12	10	-2	mag% 13-20	boot, glov, amul, circ, ring	
suffix	magicsuffix.txt	352	of Fortune	#% Better Chance of Getting Magic Items	1	1	yes	22	48	26	18	-8				19	16	-3	mag% 21-25	boot, glov, amul, circ, ring	
suffix	magicsuffix.txt	353	of Luck	#% Better Chance of Getting Magic Items	1	1	yes	22	48	36	25	-11				31	26	-5	mag% 26-35	boot, amul, circ	
suffix	magicsuffix.txt	354	of Luck	#% Better Chance of Getting Magic Items	1	1	yes	22	48	53	37	-16				48	41	-7	mag% 36-50	amul, circ	
suffix	magicsuffix.txt	355	of Prosperity	#% Better Chance of Getting Magic Items	1	1	yes	22	24	26	18	-8	35	25	-10	19	16	-3	mag% 5-10	jewl	
suffix	magicsuffix.txt	356	of Prosperity	#% Better Chance of Getting Magic Items	1	1	yes	22	24	50	35	-15				47	40	-7	mag% 11-15	jewl	
suffix	magicsuffix.txt	357	of Prosperity	#% Better Chance of Getting Magic Items	1	1	yes	22	12	80	56	-24				75	64	-11	mag% 16-20	jewl	
suffix	magicsuffix.txt	358	of Greed	#% Extra Gold from Monsters	1	1	yes	21	48	1	1	0				1	1	0	gold% 25-40	ring, amul, circ	
suffix	magicsuffix.txt	359	of Wealth	#% Extra Gold from Monsters	1	1	yes	21	48	17	12	-5				12	10	-2	gold% 41-80	boot, glov, belt, amul, circ	
suffix	magicsuffix.txt	360	of Avarice	#% Extra Gold from Monsters	1	1	yes	21	48	1	1	0				1	1	0	gold% 10-30	jewl	
suffix	magicsuffix.txt	361	of Simplicity	Requirements -#%	1	1	yes	30	24	25	18	-7				18	15	-3	ease -30--30	tors, weap, shld	rod, orb
suffix	magicsuffix.txt	362	of Ease	Requirements -#%	1	1	yes	30	36	15	11	-4				11	9	-2	ease -20--20	tors, weap, shld	rod, orb
suffix	magicsuffix.txt	363	of Freedom	Requirements -#%	1	1	yes	30	36	1	1	0				1	1	0	ease -15--15	jewl	
suffix	magicsuffix.txt	364	of Self-Repair	Repairs 1 durability in # seconds	1	1	yes	37	36	3	2	-1	40	28	-12	1	1	0	rep-dur(3) -	weap, armo, shld	thro, miss
suffix	magicsuffix.txt	365	of Fast Repair	Repairs 1 durability in # seconds	1	1	yes	37	12	20	14	-6				12	10	-2	rep-dur(5) -	weap, armo, shld	thro, miss
suffix	magicsuffix.txt	366	of Ages	Indestructible	1	1	yes	39	12	50	35	-15				42	36	-6	indestruct 1-1	weap, armo, shld	thro, miss
suffix	magicsuffix.txt	367	of Replenishing	Replenishes quantity	1	1	yes	39	72	5	4	-1				3	3	0	rep-quant(25) -	thro	
suffix	magicsuffix.txt	368	of Propogation	Replenishes quantity	1	1	yes	39	60	24	17	-7				18	15	-3	rep-quant(25) -	thro	
suffix	magicsuffix.txt	369	of Piercing	Ignore Target's Defense	1	1	yes	4	24	25	18	-7				18	15	-3	ignore-ac 1-1	rod, knif, h2h	
suffix	magicsuffix.txt	370	of Piercing	Ignore Target's Defense	1	1	yes	4	24	77	54	-23				70	60	-10	ignore-ac 1-1	weap	
suffix	magicsuffix.txt	371	of Bashing	-#% Target Defense	1	1	yes	5	48	16	11	-5				12	10	-2	reduce-ac 5-10	blun, miss	wand, staf, orb
suffix	magicsuffix.txt	372	of Puncturing	-#% Target Defense	1	1	yes	5	48	6	4	-2				4	3	-1	reduce-ac 11-20	spea, knif, h2h, miss	
suffix	magicsuffix.txt	373	of Blocking	#% Increased Chance of Blocking	1	1	yes	8	84	1	1	0				1	1	0	block 10-19; block2 15-15	shld	
suffix	magicsuffix.txt	374	of Deflecting	#% Increased Chance of Blocking	1	1	yes	8	76	11	8	-3				8	7	-1	block 20-30; block2 30-30	shld	
suffix	magicsuffix.txt	375	of the Apprentice	+#% Faster Cast Rate	1	1	yes	9	72	5	4	-1				3	3	0	cast1 10-10	rod, ring, amul, orb, circ	
suffix	magicsuffix.txt	376	of the Magus	+#% Faster Cast Rate	1	1	yes	9	60	29	20	-9				21	18	-3	cast3 20-20	rod, orb, circ	scep
suffix	magicsuffix.txt	377	of Vileness	Prevent Monster Heal	1	1	yes	20	36	9	6	-3				6	5	-1	noheal 1-1	weap	rod, orb
suffix	magicsuffix.txt	378	of Vileness	Prevent Monster Heal	1	1	yes	20	36	44	31	-13				37	31	-6	noheal 1-1	glov, belt	
suffix	magicsuffix.txt	379	of the Bear	Knockback	1	1	yes	24	36	8	6	-2				6	5	-1	knock 1-1	weap	
suffix	magicsuffix.txt	380	of Bartering1	Reduces all Vendor Prices #%	1	1	yes	63	12	13	9	-4				9	8	-1	cheap 1-2	weap, ring, amul	
suffix	magicsuffix.txt	381	of Haggling1	Reduces all Vendor Prices #%	1	1	yes	63	8	33	23	-10				28	24	-4	cheap 3-4	weap, ring, amul	
suffix	magicsuffix.txt	382	of Charming1	Reduces all Vendor Prices #%	1	1	yes	63	6	57	40	-17				45	38	-7	cheap 5-6	weap, ring, amul	
suffix	magicsuffix.txt	383	Startling	Slows Target by #%	1	1	yes	64	24	16	11	-5				13	11	-2	slow 5-10	weap, glov	
suffix	magicsuffix.txt	384	Stunning1	Slows Target by #%	1	1	yes	64	24	32	22	-10				27	23	-4	slow 11-15	weap, glov	
suffix	magicsuffix.txt	385	Daze1	Slows Target by #%	1	1	yes	64	24	46	32	-14				41	35	-6	slow 16-20	weap, glov	
suffix	magicsuffix.txt	386	Paralysis1	Slows Target by #%	1	1	yes	64	24	62	43	-19				56	48	-8	slow 21-25	weap	
suffix	magicsuffix.txt	387	of Blindness1	Hit Blinds Target +#	1	1	yes	65	12	23	16	-7				20	17	-3	stupidity 1-1	weap	
suffix	magicsuffix.txt	388	of Blindness1	Hit Blinds Target +#	1	1	yes	65	12	44	31	-13				38	32	-6	stupidity 2-2	weap	
suffix	magicsuffix.txt	389	of Blindness1	Hit Blinds Target +#	1	1	yes	65	12	61	43	-18				57	48	-9	stupidity 3-3	weap	
suffix	magicsuffix.txt	390	of Reanimation1	Reanimate As: [Returned]	1	1	yes	66	12	51	36	-15				47	40	-7	reanimate(5) 3-5	weap, glov, amul	
suffix	magicsuffix.txt	391	of Inner Sight	#% Chance to cast level # [Skill] when struck	1	1	yes	77	1	19	13	-6				19	16	-3	gethit-skill(8) 4-6	amul, amaz, circ, glov	
suffix	magicsuffix.txt	392	of Slow Missiles	#% Chance to cast level # [Skill] when struck	1	1	yes	77	1	12	8	-4	34	24	-10	12	10	-2	gethit-skill(17) 5-1	amaz, glov, amul	
suffix	magicsuffix.txt	393	of Slow Missiles	#% Chance to cast level # [Skill] when struck	1	1	yes	77	1	34	24	-10	65	46	-19	33	28	-5	gethit-skill(17) 8-5	amaz, glov, amul	
suffix	magicsuffix.txt	394	of Slow Missiles	#% Chance to cast level # [Skill] when struck	1	1	yes	77	1	65	46	-19				33	28	-5	gethit-skill(17) 10-8	amaz, glov, amul	
suffix	magicsuffix.txt	395	of Freezing Arrows	#% Chance to cast level # [Skill] when struck	1	1	yes	77	1	30	21	-9	65	46	-19	33	28	-5	gethit-skill(31) 25-3	miss, abow, glov	
suffix	magicsuffix.txt	396	of Freezing Arrows	#% Chance to cast level # [Skill] when struck	1	1	yes	77	1	65	46	-19				67	57	-10	gethit-skill(31) 100-5	abow, miss	
suffix	magicsuffix.txt	397	of Fire Bolts	#% Chance to cast level # [Skill] when struck	1	1	yes	77	1	1	1	0	11	8	-3	1	1	0	gethit-skill(36) 3-1	weap, ring, circ	
suffix	magicsuffix.txt	398	of Fire Bolts	#% Chance to cast level # [Skill] when struck	1	1	yes	77	1	11	8	-3	22	15	-7	10	9	-1	gethit-skill(36) 5-4	weap, ring, circ	
suffix	magicsuffix.txt	399	of Fire Bolts	#% Chance to cast level # [Skill] when struck	1	1	yes	77	1	22	15	-7	36	25	-11	20	17	-3	gethit-skill(36) 7-7	weap, ring, circ	
suffix	magicsuffix.txt	400	of Charged Bolts	#% Chance to cast level # [Skill] when struck	1	1	yes	77	1	1	1	0	11	8	-3	1	1	0	gethit-skill(38) 3-1	weap, ring, circ	
suffix	magicsuffix.txt	401	of Charged Bolts	#% Chance to cast level # [Skill] when struck	1	1	yes	77	1	11	8	-3	22	15	-7	10	9	-1	gethit-skill(38) 5-4	weap, ring, circ	
suffix	magicsuffix.txt	402	of Charged Bolts	#% Chance to cast level # [Skill] when struck	1	1	yes	77	1	22	15	-7	36	25	-11	20	17	-3	gethit-skill(38) 7-7	weap, ring, circ	
suffix	magicsuffix.txt	403	of Ice Bolts	#% Chance to cast level # [Skill] when struck	1	1	yes	77	1	1	1	0	11	8	-3	1	1	0	gethit-skill(39) 3-1	weap, ring, circ	
suffix	magicsuffix.txt	404	of Ice Bolts	#% Chance to cast level # [Skill] when struck	1	1	yes	77	1	11	8	-3	22	15	-7	10	9	-1	gethit-skill(39) 5-4	weap, ring, circ	
suffix	magicsuffix.txt	405	of Ice Bolts	#% Chance to cast level # [Skill] when struck	1	1	yes	77	1	22	15	-7	36	25	-11	20	17	-3	gethit-skill(39) 7-7	weap, ring, circ	
suffix	magicsuffix.txt	406	of Frozen Armor	#% Chance to cast level # [Skill] when struck	1	1	yes	77	1	1	1	0	30	21	-9	1	1	0	gethit-skill(40) 8-1	orb, tors	
suffix	magicsuffix.txt	407	of Frozen Armor	#% Chance to cast level # [Skill] when struck	1	1	yes	77	1	30	21	-9				35	30	-5	gethit-skill(40) 13-4	orb, tors	
suffix	magicsuffix.txt	408	of Static Field	#% Chance to cast level # [Skill] when struck	1	1	yes	77	1	6	4	-2	40	28	-12	6	5	-1	gethit-skill(42) 3-4	weap, ring, circ	
suffix	magicsuffix.txt	409	of Static Field	#% Chance to cast level # [Skill] when struck	1	1	yes	77	1	40	28	-12				45	38	-7	gethit-skill(42) 7-9	weap, ring, circ	
suffix	magicsuffix.txt	410	of Frost Novas	#% Chance to cast level # [Skill] when struck	1	1	yes	77	1	6	4	-2	24	17	-7	6	5	-1	gethit-skill(44) 6-3	weap, amul, circ	
suffix	magicsuffix.txt	411	of Frost Novas	#% Chance to cast level # [Skill] when struck	1	1	yes	77	1	24	17	-7				23	20	-3	gethit-skill(44) 8-7	weap, amul, circ	
suffix	magicsuffix.txt	412	of Ice Blasts	#% Chance to cast level # [Skill] when struck	1	1	yes	77	1	6	4	-2	24	17	-7	6	5	-1	gethit-skill(45) 4-2	weap, ring, circ	
suffix	magicsuffix.txt	413	of Ice Blasts	#% Chance to cast level # [Skill] when struck	1	1	yes	77	1	24	17	-7				24	20	-4	gethit-skill(45) 9-8	weap, ring, circ	
suffix	magicsuffix.txt	414	of Blazing	#% Chance to cast level # [Skill] when struck	1	1	yes	77	1	18	13	-5	34	24	-10	18	15	-3	gethit-skill(46) 20-4	staf, orb, boot	
suffix	magicsuffix.txt	415	of Fire Balls	#% Chance to cast level # [Skill] when struck	1	1	yes	77	1	18	13	-5	32	22	-10	18	15	-3	gethit-skill(47) 5-5	weap	
suffix	magicsuffix.txt	416	of Fire Balls	#% Chance to cast level # [Skill] when struck	1	1	yes	77	1	32	22	-10	60	42	-18	33	28	-5	gethit-skill(47) 7-12	weap	
suffix	magicsuffix.txt	417	of Fire Balls	#% Chance to cast level # [Skill] when struck	1	1	yes	77	1	60	42	-18				63	54	-9	gethit-skill(47) 8-20	weap	
suffix	magicsuffix.txt	418	of Novas	#% Chance to cast level # [Skill] when struck	1	1	yes	77	1	28	20	-8	60	42	-18	32	27	-5	gethit-skill(48) 6-9	weap, shld	
suffix	magicsuffix.txt	419	of Novas	#% Chance to cast level # [Skill] when struck	1	1	yes	77	1	60	42	-18				61	52	-9	gethit-skill(48) 12-15	weap, shld	
suffix	magicsuffix.txt	420	of Lightning	#% Chance to cast level # [Skill] when struck	1	1	yes	77	1	24	17	-7	48	34	-14	18	15	-3	gethit-skill(49) 8-7	weap	
suffix	magicsuffix.txt	421	of Lightning	#% Chance to cast level # [Skill] when struck	1	1	yes	77	1	48	34	-14	40	34	-6	48	41	-7	gethit-skill(49) 8-17	weap	
suffix	magicsuffix.txt	422	of Shiver Armor	#% Chance to cast level # [Skill] when struck	1	1	yes	77	1	20	14	-6				20	17	-3	gethit-skill(50) 12-9	weap, tors	
suffix	magicsuffix.txt	423	of Fire Walls	#% Chance to cast level # [Skill] when struck	1	1	yes	77	1	24	17	-7	45	31	-14	24	20	-4	gethit-skill(51) 4-7	weap	
suffix	magicsuffix.txt	424	of Fire Walls	#% Chance to cast level # [Skill] when struck	1	1	yes	77	1	45	31	-14				45	38	-7	gethit-skill(51) 7-16	weap	
suffix	magicsuffix.txt	425	of Enchantment	#% Chance to cast level # [Skill] when struck	1	1	yes	77	1	18	13	-5	36	25	-11	18	15	-3	gethit-skill(52) 8-11	weap	
suffix	magicsuffix.txt	426	of Enchantment	#% Chance to cast level # [Skill] when struck	1	1	yes	77	1	36	25	-11				36	31	-5	gethit-skill(52) 11-19	weap	
suffix	magicsuffix.txt	427	of Chain Lightning	#% Chance to cast level # [Skill] when struck	1	1	yes	77	1	24	17	-7	46	32	-14	24	20	-4	gethit-skill(53) 6-6	weap	
suffix	magicsuffix.txt	428	of Chain Lightning	#% Chance to cast level # [Skill] when struck	1	1	yes	77	1	46	32	-14				45	38	-7	gethit-skill(53) 9-17	weap	
suffix	magicsuffix.txt	429	of Teleportation	#% Chance to cast level # [Skill] when struck	1	1	yes	77	1	30	21	-9				30	26	-4	gethit-skill(54) 10-1	weap, amul	
suffix	magicsuffix.txt	430	of Glacial Spikes	#% Chance to cast level # [Skill] when struck	1	1	yes	77	1	18	13	-5	40	28	-12	18	15	-3	gethit-skill(55) 6-9	weap	
suffix	magicsuffix.txt	431	of Glacial Spikes	#% Chance to cast level # [Skill] when struck	1	1	yes	77	1	40	28	-12				40	34	-6	gethit-skill(55) 9-16	weap	
suffix	magicsuffix.txt	432	of Meteors	#% Chance to cast level # [Skill] when struck	1	1	yes	77	1	32	22	-10	62	43	-19	32	27	-5	gethit-skill(56) 4-7	weap	
suffix	magicsuffix.txt	433	of Meteors	#% Chance to cast level # [Skill] when struck	1	1	yes	77	1	62	43	-19				65	55	-10	gethit-skill(56) 8-18	weap	
suffix	magicsuffix.txt	434	of Thunder Storm	#% Chance to cast level # [Skill] when struck	1	1	yes	77	1	24	17	-7	55	39	-16	25	21	-4	gethit-skill(57) 12-9	weap	
suffix	magicsuffix.txt	435	of Energy Shield	#% Chance to cast level # [Skill] when struck	1	1	yes	77	1	24	17	-7	45	31	-14	25	21	-4	gethit-skill(58) 7-6	weap, helm	
suffix	magicsuffix.txt	436	of Energy Shield	#% Chance to cast level # [Skill] when struck	1	1	yes	77	1	45	31	-14				45	38	-7	gethit-skill(58) 10-13	helm, weap	
suffix	magicsuffix.txt	437	of Blizzards	#% Chance to cast level # [Skill] when struck	1	1	yes	77	1	29	20	-9	57	40	-17	29	25	-4	gethit-skill(59) 9-6	weap	
suffix	magicsuffix.txt	438	of Blizzards	#% Chance to cast level # [Skill] when struck	1	1	yes	77	1	57	40	-17				60	51	-9	gethit-skill(59) 14-17	weap	
suffix	magicsuffix.txt	439	of Chilling Armor	#% Chance to cast level # [Skill] when struck	1	1	yes	77	1	36	25	-11				38	32	-6	gethit-skill(60) 15-12	weap, tors	
suffix	magicsuffix.txt	440	of Hydras	#% Chance to cast level # [Skill] when struck	1	1	yes	77	1	34	24	-10	80	56	-24	34	29	-5	gethit-skill(62) 6-3	weap	
suffix	magicsuffix.txt	441	of Hydras	#% Chance to cast level # [Skill] when struck	1	1	yes	77	1	80	56	-24				85	72	-13	gethit-skill(62) 12-19	weap	
suffix	magicsuffix.txt	442	of Frozen Orbs	#% Chance to cast level # [Skill] when struck	1	1	yes	77	1	30	21	-9	80	56	-24	33	28	-5	gethit-skill(64) 4-3	weap	
suffix	magicsuffix.txt	443	of Frozen Orbs	#% Chance to cast level # [Skill] when struck	1	1	yes	77	1	80	56	-24				85	72	-13	gethit-skill(64) 4-22	weap	
suffix	magicsuffix.txt	444	of Amplify Damage	#% Chance to cast level # [Skill] when struck	1	1	yes	77	1	1	1	0	18	13	-5	1	1	0	gethit-skill(66) 4-1	weap, head	
suffix	magicsuffix.txt	445	of Amplify Damage	#% Chance to cast level # [Skill] when struck	1	1	yes	77	1	18	13	-5				20	17	-3	gethit-skill(66) 8-12	weap, head	
suffix	magicsuffix.txt	446	of Teeth	#% Chance to cast level # [Skill] when struck	1	1	yes	77	1	1	1	0	18	13	-5	1	1	0	gethit-skill(67) 17-1	weap, head	
suffix	magicsuffix.txt	447	of Teeth	#% Chance to cast level # [Skill] when struck	1	1	yes	77	1	18	13	-5				18	15	-3	gethit-skill(67) 8-20	weap, head	
suffix	magicsuffix.txt	448	of Bone Armor	#% Chance to cast level # [Skill] when struck	1	1	yes	77	1	1	1	0	30	21	-9	1	1	0	gethit-skill(68) 5-1	weap, tors, head	
suffix	magicsuffix.txt	449	of Bone Armor	#% Chance to cast level # [Skill] when struck	1	1	yes	77	1	30	21	-9				35	30	-5	gethit-skill(68) 9-15	tors, weap, head	
suffix	magicsuffix.txt	450	of Dim Vision	#% Chance to cast level # [Skill] when struck	1	1	yes	77	1	6	4	-2	24	17	-7	6	5	-1	gethit-skill(71) 5-1	ring, circ, head, weap	
suffix	magicsuffix.txt	451	of Dim Vision	#% Chance to cast level # [Skill] when struck	1	1	yes	77	1	24	17	-7				20	17	-3	gethit-skill(71) 7-10	ring, circ, head, weap	
suffix	magicsuffix.txt	452	of Weaken	#% Chance to cast level # [Skill] when struck	1	1	yes	77	1	6	4	-2	24	17	-7	6	5	-1	gethit-skill(72) 5-1	weap, glov, head	
suffix	magicsuffix.txt	453	of Weaken	#% Chance to cast level # [Skill] when struck	1	1	yes	77	1	24	17	-7				24	20	-4	gethit-skill(72) 8-12	glov, weap, head	
suffix	magicsuffix.txt	454	of Corpse Explosions	#% Chance to cast level # [Skill] when struck	1	1	yes	77	1	6	4	-2	40	28	-12	6	5	-1	gethit-skill(74) 4-1	weap, head	
suffix	magicsuffix.txt	455	of Corpse Explosions	#% Chance to cast level # [Skill] when struck	1	1	yes	77	1	40	28	-12				45	38	-7	gethit-skill(74) 7-18	weap, head	
suffix	magicsuffix.txt	456	of Iron Maiden	#% Chance to cast level # [Skill] when struck	1	1	yes	77	1	12	8	-4	30	21	-9	12	10	-2	gethit-skill(76) 3-1	shld, weap, head	
suffix	magicsuffix.txt	457	of Iron Maiden	#% Chance to cast level # [Skill] when struck	1	1	yes	77	1	30	21	-9				30	26	-4	gethit-skill(76) 6-10	shld, weap, head	
suffix	magicsuffix.txt	458	of Terror	#% Chance to cast level # [Skill] when struck	1	1	yes	77	1	12	8	-4	30	21	-9	12	10	-2	gethit-skill(77) 4-1	shld, weap, head	
suffix	magicsuffix.txt	459	of Terror	#% Chance to cast level # [Skill] when struck	1	1	yes	77	1	30	21	-9				30	26	-4	gethit-skill(77) 9-12	shld, weap, head	
suffix	magicsuffix.txt	460	of Bone Walls	#% Chance to cast level # [Skill] when struck	0	1	yes	77	1	12	8	-4	35	25	-10	12	10	-2	gethit-skill(78) 5-1	weap, head	
suffix	magicsuffix.txt	461	of Bone Walls	#% Chance to cast level # [Skill] when struck	0	1	yes	77	1	35	25	-10				37	31	-6	gethit-skill(78) 4-25	weap, head	
suffix	magicsuffix.txt	462	of Confusion	#% Chance to cast level # [Skill] when struck	1	1	yes	77	1	18	13	-5	36	25	-11	18	15	-3	gethit-skill(81) 35-1	ring, circ, head, weap	
suffix	magicsuffix.txt	463	of Confusion	#% Chance to cast level # [Skill] when struck	1	1	yes	77	1	36	25	-11				35	30	-5	gethit-skill(81) 35-5	ring, circ, head, weap	
suffix	magicsuffix.txt	464	of Life Tap	#% Chance to cast level # [Skill] when struck	1	1	yes	77	1	18	13	-5	40	28	-12	18	15	-3	gethit-skill(82) 12-1	weap, ring, head	
suffix	magicsuffix.txt	465	of Life Tap	#% Chance to cast level # [Skill] when struck	1	1	yes	77	1	40	28	-12				41	35	-6	gethit-skill(82) 19-5	weap, ring, head	
suffix	magicsuffix.txt	466	of Poison Explosion	#% Chance to cast level # [Skill] when struck	1	1	yes	77	1	18	13	-5	36	25	-11	18	15	-3	gethit-skill(83) 4-1	weap, head	
suffix	magicsuffix.txt	467	of Poison Explosion	#% Chance to cast level # [Skill] when struck	1	1	yes	77	1	36	25	-11				36	31	-5	gethit-skill(83) 5-10	weap, head	
suffix	magicsuffix.txt	468	of Bone Spears	#% Chance to cast level # [Skill] when struck	1	1	yes	77	1	18	13	-5	55	39	-16	18	15	-3	gethit-skill(84) 7-1	weap, head	
suffix	magicsuffix.txt	469	of Bone Spears	#% Chance to cast level # [Skill] when struck	1	1	yes	77	1	55	39	-16				55	47	-8	gethit-skill(84) 11-20	weap, head	
suffix	magicsuffix.txt	470	of Attraction	#% Chance to cast level # [Skill] when struck	1	1	yes	77	1	24	17	-7	48	34	-14	25	21	-4	gethit-skill(86) 5-2	ring, amul, head, circ, weap	
suffix	magicsuffix.txt	471	of Attraction	#% Chance to cast level # [Skill] when struck	1	1	yes	77	1	48	34	-14	77	54	-23	44	37	-7	gethit-skill(86) 7-16	ring, amul, circ, head, weap	
suffix	magicsuffix.txt	472	of Decrepification	#% Chance to cast level # [Skill] when struck	1	1	yes	77	1	24	17	-7	70	49	-21	25	21	-4	gethit-skill(87) 11-2	weap, shld, head	
suffix	magicsuffix.txt	473	of Decrepification	#% Chance to cast level # [Skill] when struck	1	1	yes	77	1	70	49	-21				75	64	-11	gethit-skill(87) 10-15	shld, weap, head	
suffix	magicsuffix.txt	474	of Bone Imprisonment	#% Chance to cast level # [Skill] when struck	0	1	yes	77	1	24	17	-7	46	32	-14	25	21	-4	gethit-skill(88) 8-2	weap, ring, head	
suffix	magicsuffix.txt	475	of Bone Imprisonment	#% Chance to cast level # [Skill] when struck	0	1	yes	77	1	46	32	-14				44	37	-7	gethit-skill(88) 8-14	weap, ring, head	
suffix	magicsuffix.txt	476	of Lower Resistance	#% Chance to cast level # [Skill] when struck	1	1	yes	77	1	30	21	-9	77	54	-23	33	28	-5	gethit-skill(91) 6-3	weap, head	
suffix	magicsuffix.txt	477	of Lower Resistance	#% Chance to cast level # [Skill] when struck	1	1	yes	77	1	77	54	-23				80	68	-12	gethit-skill(91) 6-18	weap, head	
suffix	magicsuffix.txt	478	of Poison Novas	#% Chance to cast level # [Skill] when struck	1	1	yes	77	1	30	21	-9	48	34	-14	33	28	-5	gethit-skill(92) 5-3	weap, glov, head	
suffix	magicsuffix.txt	479	of Poison Novas	#% Chance to cast level # [Skill] when struck	1	1	yes	77	1	48	34	-14				48	41	-7	gethit-skill(92) 7-14	glov, weap, glov	
suffix	magicsuffix.txt	480	of Bone Spirits	#% Chance to cast level # [Skill] when struck	1	1	yes	77	1	30	21	-9	48	34	-14	33	28	-5	gethit-skill(93) 4-3	amul, circ, head, weap	
suffix	magicsuffix.txt	481	of Bone Spirits	#% Chance to cast level # [Skill] when struck	1	1	yes	77	1	48	34	-14				48	41	-7	gethit-skill(93) 6-23	amul, circ, head, weap	
suffix	magicsuffix.txt	482	of Revivification	#% Chance to cast level # [Skill] when struck	0	1	yes	77	1	30	21	-9	80	56	-24	33	28	-5	gethit-skill(95) 4-3	weap, head	
suffix	magicsuffix.txt	483	of Revivification	#% Chance to cast level # [Skill] when struck	0	1	yes	77	1	80	56	-24				85	72	-13	gethit-skill(95) 7-10	weap, head	
suffix	magicsuffix.txt	484	of Holy Bolts	#% Chance to cast level # [Skill] when struck	1	1	yes	77	1	6	4	-2	24	17	-7	6	5	-1	gethit-skill(101) 12-1	mele, ashd, amul, circ	
suffix	magicsuffix.txt	485	of Holy Bolts	#% Chance to cast level # [Skill] when struck	1	1	yes	77	1	24	17	-7	50	35	-15	24	20	-4	gethit-skill(101) 12-16	amul, circ, mele, circ	
suffix	magicsuffix.txt	486	of Blessed Hammers	#% Chance to cast level # [Skill] when struck	1	1	yes	77	1	18	13	-5	50	35	-15	18	15	-3	gethit-skill(112) 5-1	mele, ashd	
suffix	magicsuffix.txt	487	of Blessed Hammers	#% Chance to cast level # [Skill] when struck	1	1	yes	77	1	50	35	-15				45	38	-7	gethit-skill(112) 9-20	mele, ashd	
suffix	magicsuffix.txt	488	of Fist of the Heavens	#% Chance to cast level # [Skill] when struck	1	1	yes	77	1	30	21	-9	60	42	-18	33	28	-5	gethit-skill(121) 4-3	mele, ashd, glov	
suffix	magicsuffix.txt	489	of Fist of the Heavens	#% Chance to cast level # [Skill] when struck	1	1	yes	77	1	60	42	-18				60	51	-9	gethit-skill(121) 7-14	glov, mele, glov	
suffix	magicsuffix.txt	490	of Howling	#% Chance to cast level # [Skill] when struck	1	1	yes	77	1	1	1	0	18	13	-5	1	1	0	gethit-skill(130) 7-1	phlm, mele	
suffix	magicsuffix.txt	491	of Howling	#% Chance to cast level # [Skill] when struck	1	1	yes	77	1	18	13	-5	55	39	-16	18	15	-3	gethit-skill(130) 8-12	phlm, mele	
suffix	magicsuffix.txt	492	of Taunting	#% Chance to cast level # [Skill] when struck	1	1	yes	77	1	6	4	-2	24	17	-7	6	5	-1	gethit-skill(137) 4-1	phlm, mele	
suffix	magicsuffix.txt	493	of Taunting	#% Chance to cast level # [Skill] when struck	1	1	yes	77	1	24	17	-7	51	36	-15	24	20	-4	gethit-skill(137) 8-13	phlm, mele	
suffix	magicsuffix.txt	494	of Shouting	#% Chance to cast level # [Skill] when struck	1	1	yes	77	1	6	4	-2	40	28	-12	6	5	-1	gethit-skill(138) 6-3	phlm, mele	
suffix	magicsuffix.txt	495	of Shouting	#% Chance to cast level # [Skill] when struck	1	1	yes	77	1	40	28	-12				45	38	-7	gethit-skill(138) 8-17	phlm, mele	
suffix	magicsuffix.txt	496	of Battle Cry	#% Chance to cast level # [Skill] when struck	1	1	yes	77	1	18	13	-5	36	25	-11	18	15	-3	gethit-skill(146) 20-1	phlm, mele	
suffix	magicsuffix.txt	497	of Battle Cry	#% Chance to cast level # [Skill] when struck	1	1	yes	77	1	36	25	-11	65	46	-19	36	31	-5	gethit-skill(146) 15-18	phlm, mele	
suffix	magicsuffix.txt	498	of Battle Orders	#% Chance to cast level # [Skill] when struck	1	1	yes	77	1	24	17	-7	55	39	-16	25	21	-4	gethit-skill(149) 5-2	phlm, mele	
suffix	magicsuffix.txt	499	of Battle Orders	#% Chance to cast level # [Skill] when struck	1	1	yes	77	1	55	39	-16				55	47	-8	gethit-skill(149) 7-22	phlm, mele	
suffix	magicsuffix.txt	500	of Korlics Fury	#% Chance to cast level # [Skill] when struck	1	1	yes	77	1	24	17	-7	50	35	-15	25	21	-4	gethit-skill(150) 4-2	phlm, mele, amul	
suffix	magicsuffix.txt	501	of Korlics Fury	#% Chance to cast level # [Skill] when struck	1	1	yes	77	1	50	35	-15				55	47	-8	gethit-skill(150) 8-15	amul, phlm, mele	
suffix	magicsuffix.txt	502	of War Cry	#% Chance to cast level # [Skill] when struck	1	1	yes	77	1	30	21	-9	55	39	-16	33	28	-5	gethit-skill(154) 7-3	phlm, mele	
suffix	magicsuffix.txt	503	of War Cry	#% Chance to cast level # [Skill] when struck	1	1	yes	77	1	55	39	-16				63	54	-9	gethit-skill(154) 10-13	phlm, mele	
suffix	magicsuffix.txt	504	of Battle Command	#% Chance to cast level # [Skill] when struck	1	1	yes	77	1	30	21	-9	48	34	-14	33	28	-5	gethit-skill(155) 4-3	phlm, mele	
suffix	magicsuffix.txt	505	of Battle Command	#% Chance to cast level # [Skill] when struck	1	1	yes	77	1	48	34	-14				53	45	-8	gethit-skill(155) 8-10	phlm, mele	
suffix	magicsuffix.txt	506	of Firestorms	#% Chance to cast level # [Skill] when struck	1	1	yes	77	1	1	1	0	18	13	-5	1	1	0	gethit-skill(225) 33-1	mele	
suffix	magicsuffix.txt	507	of Firestorms	#% Chance to cast level # [Skill] when struck	1	1	yes	77	1	18	13	-5	56	39	-17	18	15	-3	gethit-skill(225) 33-9	mele	
suffix	magicsuffix.txt	508	of Molten Boulders	#% Chance to cast level # [Skill] when struck	1	1	yes	77	1	6	4	-2	24	17	-7	6	5	-1	gethit-skill(229) 4-1	mele	
suffix	magicsuffix.txt	509	of Molten Boulders	#% Chance to cast level # [Skill] when struck	1	1	yes	77	1	24	17	-7	53	37	-16	21	18	-3	gethit-skill(229) 7-9	mele	
suffix	magicsuffix.txt	510	of Eruption	#% Chance to cast level # [Skill] when struck	1	1	yes	77	1	12	8	-4	36	25	-11	12	10	-2	gethit-skill(234) 5-1	mele	
suffix	magicsuffix.txt	511	of Eruption	#% Chance to cast level # [Skill] when struck	1	1	yes	77	1	36	25	-11	68	48	-20	36	31	-5	gethit-skill(234) 8-15	mele	
suffix	magicsuffix.txt	512	of Cyclone Armor	#% Chance to cast level # [Skill] when struck	1	1	yes	77	1	12	8	-4	35	25	-10	12	10	-2	gethit-skill(235) 6-1	mele, tors	
suffix	magicsuffix.txt	513	of Cyclone Armor	#% Chance to cast level # [Skill] when struck	1	1	yes	77	1	35	25	-10				37	31	-6	gethit-skill(235) 9-14	tors, mele	
suffix	magicsuffix.txt	514	of Twister	#% Chance to cast level # [Skill] when struck	1	1	yes	77	1	18	13	-5	36	25	-11	18	15	-3	gethit-skill(240) 4-1	mele, amul, circ	
suffix	magicsuffix.txt	515	of Twister	#% Chance to cast level # [Skill] when struck	1	1	yes	77	1	36	25	-11				38	32	-6	gethit-skill(240) 8-17	amul, circ, mele	
suffix	magicsuffix.txt	516	of Volcano	#% Chance to cast level # [Skill] when struck	1	1	yes	77	1	24	17	-7	42	29	-13	25	21	-4	gethit-skill(244) 4-2	mele	
suffix	magicsuffix.txt	517	of Volcano	#% Chance to cast level # [Skill] when struck	1	1	yes	77	1	42	29	-13				44	37	-7	gethit-skill(244) 7-15	mele	
suffix	magicsuffix.txt	518	of Tornado	#% Chance to cast level # [Skill] when struck	1	1	yes	77	1	24	17	-7	49	34	-15	25	21	-4	gethit-skill(245) 6-2	mele, amul, circ	
suffix	magicsuffix.txt	519	of Tornado	#% Chance to cast level # [Skill] when struck	1	1	yes	77	1	49	34	-15				50	43	-7	gethit-skill(245) 7-16	amul, circ, mele	
suffix	magicsuffix.txt	520	of Armageddon	#% Chance to cast level # [Skill] when struck	1	1	yes	77	1	30	21	-9	60	42	-18	33	28	-5	gethit-skill(249) 4-4	mele	
suffix	magicsuffix.txt	521	of Armageddon	#% Chance to cast level # [Skill] when struck	1	1	yes	77	1	60	42	-18				70	60	-10	gethit-skill(249) 6-19	mele	
suffix	magicsuffix.txt	522	of Hurricane	#% Chance to cast level # [Skill] when struck	1	1	yes	77	1	30	21	-9	65	46	-19	33	28	-5	gethit-skill(250) 11-3	mele, amul, circ	
suffix	magicsuffix.txt	523	of Hurricane	#% Chance to cast level # [Skill] when struck	1	1	yes	77	1	65	46	-19				65	55	-10	gethit-skill(250) 8-21	amul, circ, mele	
suffix	magicsuffix.txt	524	of Burst of Speed2	#% Chance to cast level # [Skill] when struck	1	1	yes	77	1	6	4	-2	40	28	-12	6	5	-1	gethit-skill(258) 5-2	boot, mele	
suffix	magicsuffix.txt	525	of Burst of Speed2	#% Chance to cast level # [Skill] when struck	1	1	yes	77	1	40	28	-12				45	38	-7	gethit-skill(258) 8-8	boot, mele	
suffix	magicsuffix.txt	526	of Snowlash	#% Chance to cast level # [Skill] when struck	0	1	yes	77	1	18	13	-5	36	25	-11	18	15	-3	gethit-skill(264) 5-1	amul, mele	
suffix	magicsuffix.txt	527	of Snowlash	#% Chance to cast level # [Skill] when struck	0	1	yes	77	1	36	25	-11				38	32	-6	gethit-skill(264) 9-13	amul, mele	
suffix	magicsuffix.txt	528	of Fading2	#% Chance to cast level # [Skill] when struck	1	1	yes	77	1	18	13	-5	50	35	-15	18	15	-3	gethit-skill(267) 4-1	tors, amul, mele	
suffix	magicsuffix.txt	529	of Fading2	#% Chance to cast level # [Skill] when struck	1	1	yes	77	1	50	35	-15				53	45	-8	gethit-skill(267) 8-12	tors, amul, mele	
suffix	magicsuffix.txt	530	of Mind Blasting2	#% Chance to cast level # [Skill] when struck	0	1	yes	77	1	24	17	-7	48	34	-14	25	21	-4	gethit-skill(273) 3-2	helm, mele	
suffix	magicsuffix.txt	531	of Mind Blasting2	#% Chance to cast level # [Skill] when struck	0	1	yes	77	1	48	34	-14				48	41	-7	gethit-skill(273) 7-18	helm, mele	
suffix	magicsuffix.txt	532	of Blade Shield2	#% Chance to cast level # [Skill] when struck	1	1	yes	77	1	30	21	-9	48	34	-14	33	28	-5	gethit-skill(277) 6-3	tors, mele	
suffix	magicsuffix.txt	533	of Blade Shield2	#% Chance to cast level # [Skill] when struck	1	1	yes	77	1	48	34	-14				50	43	-7	gethit-skill(277) 9-17	tors, mele	
suffix	magicsuffix.txt	534	of Venom	#% Chance to cast level # [Skill] when struck	1	1	yes	77	1	30	21	-9	57	40	-17	33	28	-5	gethit-skill(278) 12-3	glov, mele	
suffix	magicsuffix.txt	535	of Venom	#% Chance to cast level # [Skill] when struck	1	1	yes	77	1	57	40	-17				61	52	-9	gethit-skill(278) 8-19	glov, mele	
suffix	magicsuffix.txt	536	of Inner Sight	#% Chance to cast level # [Skill] on striking	1	1	yes	78	1	1	1	0	46	32	-14	1	1	0	hit-skill(8) 3-3	amul, amaz, circ, glov	
suffix	magicsuffix.txt	537	of Inner Sight	#% Chance to cast level # [Skill] on striking	1	1	yes	78	1	46	32	-14				46	39	-7	hit-skill(8) 10-11	amul, amaz, circ, glov	
suffix	magicsuffix.txt	538	of Slow Missiles	#% Chance to cast level # [Skill] on striking	1	1	yes	78	1	34	24	-10				33	28	-5	hit-skill(17) 4-2	amaz, glov, amul	
suffix	magicsuffix.txt	539	of Lightning Fury	#% Chance to cast level # [Skill] on striking	1	1	yes	78	1	30	21	-9	70	49	-21	33	28	-5	hit-skill(35) 5-7	jave	
suffix	magicsuffix.txt	540	of Lightning Fury	#% Chance to cast level # [Skill] on striking	1	1	yes	78	1	70	49	-21				71	60	-11	hit-skill(35) 9-15	jave	
suffix	magicsuffix.txt	541	of Fire Bolts	#% Chance to cast level # [Skill] on striking	1	1	yes	78	1	1	1	0	11	8	-3	1	1	0	hit-skill(36) 5-2	weap, ring, circ	
suffix	magicsuffix.txt	542	of Fire Bolts	#% Chance to cast level # [Skill] on striking	1	1	yes	78	1	11	8	-3	44	31	-13	11	9	-2	hit-skill(36) 8-9	weap, ring, circ	
suffix	magicsuffix.txt	543	of Charged Bolts	#% Chance to cast level # [Skill] on striking	1	1	yes	78	1	1	1	0	11	8	-3	1	1	0	hit-skill(38) 5-2	weap, ring, circ	
suffix	magicsuffix.txt	544	of Charged Bolts	#% Chance to cast level # [Skill] on striking	1	1	yes	78	1	11	8	-3	44	31	-13	11	9	-2	hit-skill(38) 8-9	weap, ring, circ	
suffix	magicsuffix.txt	545	of Ice Bolts	#% Chance to cast level # [Skill] on striking	1	1	yes	78	1	1	1	0	11	8	-3	1	1	0	hit-skill(39) 5-2	weap, ring, circ	
suffix	magicsuffix.txt	546	of Ice Bolts	#% Chance to cast level # [Skill] on striking	1	1	yes	78	1	11	8	-3	44	31	-13	11	9	-2	hit-skill(39) 8-9	weap, ring, circ	
suffix	magicsuffix.txt	547	of Static Field	#% Chance to cast level # [Skill] on striking	1	1	yes	78	1	18	13	-5	40	28	-12	18	15	-3	hit-skill(42) 3-4	weap, ring, circ	
suffix	magicsuffix.txt	548	of Static Field	#% Chance to cast level # [Skill] on striking	1	1	yes	78	1	40	28	-12				41	35	-6	hit-skill(42) 6-9	weap, ring, circ	
suffix	magicsuffix.txt	549	of Frost Novas	#% Chance to cast level # [Skill] on striking	1	1	yes	78	1	6	4	-2	42	29	-13	6	5	-1	hit-skill(44) 6-3	weap, amul, circ	
suffix	magicsuffix.txt	550	of Frost Novas	#% Chance to cast level # [Skill] on striking	1	1	yes	78	1	42	29	-13				42	36	-6	hit-skill(44) 6-13	weap, amul, circ	
suffix	magicsuffix.txt	551	of Ice Blasts	#% Chance to cast level # [Skill] on striking	1	1	yes	78	1	6	4	-2	32	22	-10	6	5	-1	hit-skill(45) 4-2	weap, ring, circ	
suffix	magicsuffix.txt	552	of Ice Blasts	#% Chance to cast level # [Skill] on striking	1	1	yes	78	1	32	22	-10				32	27	-5	hit-skill(45) 7-12	weap, ring, circ	
suffix	magicsuffix.txt	553	of Fire Balls	#% Chance to cast level # [Skill] on striking	1	1	yes	78	1	18	13	-5	32	22	-10	18	15	-3	hit-skill(47) 5-5	weap	
suffix	magicsuffix.txt	554	of Fire Balls	#% Chance to cast level # [Skill] on striking	1	1	yes	78	1	32	22	-10				32	27	-5	hit-skill(47) 5-19	weap	
suffix	magicsuffix.txt	555	of Novas	#% Chance to cast level # [Skill] on striking	1	1	yes	78	1	28	20	-8	60	42	-18	32	27	-5	hit-skill(48) 6-9	weap, shld	
suffix	magicsuffix.txt	556	of Novas	#% Chance to cast level # [Skill] on striking	1	1	yes	78	1	60	42	-18				60	51	-9	hit-skill(48) 6-21	weap, shld	
suffix	magicsuffix.txt	557	of Lightning	#% Chance to cast level # [Skill] on striking	1	1	yes	78	1	48	34	-14				48	41	-7	hit-skill(49) 8-14	weap	
suffix	magicsuffix.txt	558	of Fire Walls	#% Chance to cast level # [Skill] on striking	1	1	yes	78	1	24	17	-7	45	31	-14	24	20	-4	hit-skill(51) 4-7	weap	
suffix	magicsuffix.txt	559	of Fire Walls	#% Chance to cast level # [Skill] on striking	1	1	yes	78	1	45	31	-14				45	38	-7	hit-skill(51) 6-14	weap	
suffix	magicsuffix.txt	560	of Chain Lightning	#% Chance to cast level # [Skill] on striking	1	1	yes	78	1	46	32	-14				46	39	-7	hit-skill(53) 6-16	weap	
suffix	magicsuffix.txt	561	of Glacial Spikes	#% Chance to cast level # [Skill] on striking	1	1	yes	78	1	18	13	-5	40	28	-12	18	15	-3	hit-skill(55) 6-2	weap	
suffix	magicsuffix.txt	562	of Glacial Spikes	#% Chance to cast level # [Skill] on striking	1	1	yes	78	1	40	28	-12				40	34	-6	hit-skill(55) 7-11	weap	
suffix	magicsuffix.txt	563	of Meteors	#% Chance to cast level # [Skill] on striking	1	1	yes	78	1	32	22	-10	62	43	-19	32	27	-5	hit-skill(56) 4-7	weap	
suffix	magicsuffix.txt	564	of Meteors	#% Chance to cast level # [Skill] on striking	1	1	yes	78	1	62	43	-19				62	53	-9	hit-skill(56) 5-19	weap	
suffix	magicsuffix.txt	565	of Blizzards	#% Chance to cast level # [Skill] on striking	1	1	yes	78	1	29	20	-9	57	40	-17	29	25	-4	hit-skill(59) 9-6	weap	
suffix	magicsuffix.txt	566	of Blizzards	#% Chance to cast level # [Skill] on striking	1	1	yes	78	1	57	40	-17				57	48	-9	hit-skill(59) 5-18	weap	
suffix	magicsuffix.txt	567	of Hydras	#% Chance to cast level # [Skill] on striking	1	1	yes	78	1	34	24	-10	80	56	-24	34	29	-5	hit-skill(62) 3-3	weap	
suffix	magicsuffix.txt	568	of Hydras	#% Chance to cast level # [Skill] on striking	1	1	yes	78	1	80	56	-24				80	68	-12	hit-skill(62) 2-21	weap	
suffix	magicsuffix.txt	569	of Frozen Orbs	#% Chance to cast level # [Skill] on striking	1	1	yes	78	1	48	34	-14				48	41	-7	hit-skill(64) 7-12	weap	
suffix	magicsuffix.txt	570	of Amplify Damage	#% Chance to cast level # [Skill] on striking	1	1	yes	78	1	1	1	0	35	25	-10	1	1	0	hit-skill(66) 4-2	weap, head	
suffix	magicsuffix.txt	571	of Amplify Damage	#% Chance to cast level # [Skill] on striking	1	1	yes	78	1	35	25	-10				35	30	-5	hit-skill(66) 5-9	weap, head	
suffix	magicsuffix.txt	572	of Teeth	#% Chance to cast level # [Skill] on striking	1	1	yes	78	1	1	1	0	18	13	-5	4	3	-1	hit-skill(67) 10-4	weap, head	
suffix	magicsuffix.txt	573	of Dim Vision	#% Chance to cast level # [Skill] on striking	1	1	yes	78	1	24	17	-7				24	20	-4	hit-skill(71) 5-9	ring, circ, head, weap	
suffix	magicsuffix.txt	574	of Weaken	#% Chance to cast level # [Skill] on striking	1	1	yes	78	1	24	17	-7				24	20	-4	hit-skill(72) 5-10	weap, glov, head	
suffix	magicsuffix.txt	575	of Corpse Explosions	#% Chance to cast level # [Skill] on striking	1	1	yes	78	1	30	21	-9				30	26	-4	hit-skill(74) 4-11	weap, head	
suffix	magicsuffix.txt	576	of Iron Maiden	#% Chance to cast level # [Skill] on striking	1	1	yes	78	1	30	21	-9				30	26	-4	hit-skill(76) 5-8	shld, weap, head	
suffix	magicsuffix.txt	577	of Terror	#% Chance to cast level # [Skill] on striking	1	1	yes	78	1	24	17	-7				24	20	-4	hit-skill(77) 4-7	shld, weap, head	
suffix	magicsuffix.txt	578	of Confusion	#% Chance to cast level # [Skill] on striking	1	1	yes	78	1	22	15	-7				22	19	-3	hit-skill(81) 7-5	ring, circ, head, weap	
suffix	magicsuffix.txt	579	of Life Tap	#% Chance to cast level # [Skill] on striking	1	1	yes	78	1	32	22	-10				32	27	-5	hit-skill(82) 8-7	weap, ring, head	
suffix	magicsuffix.txt	580	of Poison Explosion	#% Chance to cast level # [Skill] on striking	1	1	yes	78	1	27	19	-8				27	23	-4	hit-skill(83) 4-9	weap, head	
suffix	magicsuffix.txt	581	of Bone Spears	#% Chance to cast level # [Skill] on striking	1	1	yes	78	1	30	21	-9				30	26	-4	hit-skill(84) 4-11	weap, head	
suffix	magicsuffix.txt	582	of Decrepification	#% Chance to cast level # [Skill] on striking	1	1	yes	78	1	38	27	-11				38	32	-6	hit-skill(87) 6-9	weap, shld, head	
suffix	magicsuffix.txt	583	of Bone Imprisonment	#% Chance to cast level # [Skill] on striking	0	1	yes	78	1	30	21	-9				30	26	-4	hit-skill(88) 5-5	weap, ring, head	
suffix	magicsuffix.txt	584	of Lower Resistance	#% Chance to cast level # [Skill] on striking	1	1	yes	78	1	45	31	-14				45	38	-7	hit-skill(91) 6-13	weap, head	
suffix	magicsuffix.txt	585	of Poison Novas	#% Chance to cast level # [Skill] on striking	1	1	yes	78	1	55	39	-16				55	47	-8	hit-skill(92) 5-22	weap, glov, head	
suffix	magicsuffix.txt	586	of Bone Spirits	#% Chance to cast level # [Skill] on striking	1	1	yes	78	1	48	34	-14				48	41	-7	hit-skill(93) 4-18	amul, circ, head, weap	
suffix	magicsuffix.txt	587	of Revivification	#% Chance to cast level # [Skill] on striking	0	1	yes	78	1	51	36	-15				51	43	-8	hit-skill(95) 3-8	weap, head	
suffix	magicsuffix.txt	588	of Firestorms	#% Chance to cast level # [Skill] on striking	1	1	yes	78	1	1	1	0	18	13	-5	1	1	0	hit-skill(225) 12-4	mele	
suffix	magicsuffix.txt	589	of Firestorms	#% Chance to cast level # [Skill] on striking	1	1	yes	78	1	18	13	-5	36	25	-11	18	15	-3	hit-skill(225) 6-12	mele	
suffix	magicsuffix.txt	590	of Molten Boulders	#% Chance to cast level # [Skill] on striking	1	1	yes	78	1	18	13	-5				18	15	-3	hit-skill(229) 4-9	mele	
suffix	magicsuffix.txt	591	of Eruption	#% Chance to cast level # [Skill] on striking	1	1	yes	78	1	36	25	-11				36	31	-5	hit-skill(234) 5-21	mele	
suffix	magicsuffix.txt	592	of Twister	#% Chance to cast level # [Skill] on striking	1	1	yes	78	1	24	17	-7	48	34	-14	24	20	-4	hit-skill(240) 7-7	mele, amul, circ	
suffix	magicsuffix.txt	593	of Volcano	#% Chance to cast level # [Skill] on striking	1	1	yes	78	1	48	34	-14				48	41	-7	hit-skill(244) 3-22	mele	
suffix	magicsuffix.txt	594	of Tornado	#% Chance to cast level # [Skill] on striking	1	1	yes	78	1	36	25	-11				36	31	-5	hit-skill(245) 7-12	mele, amul, circ	
suffix	magicsuffix.txt	595	of Armageddon	#% Chance to cast level # [Skill] on striking	1	1	yes	78	1	60	42	-18				60	51	-9	hit-skill(249) 3-24	mele	
suffix	magicsuffix.txt	596	of Snowlash	#% Chance to cast level # [Skill] on striking	0	1	yes	78	1	18	13	-5				18	15	-3	hit-skill(264) 5-3	amul, mele	
suffix	magicsuffix.txt	597	of Mind Blasting2	#% Chance to cast level # [Skill] on striking	0	1	yes	78	1	30	21	-9				30	26	-4	hit-skill(273) 3-7	helm, mele	
suffix	magicsuffix.txt	598	of Inner Sight	#% Chance to cast level # [Skill] when you Level-Up	1	1	yes	79	4	6	4	-2				6	5	-1	levelup-skill(Inner Sight) 100-17	amul, amaz, circ, glov	
suffix	magicsuffix.txt	599	of Enchantment	#% Chance to cast level # [Skill] when you Level-Up	1	1	yes	79	4	18	13	-5				18	15	-3	levelup-skill(Enchant) 100-27	weap	
suffix	magicsuffix.txt	600	of Thunder Storm	#% Chance to cast level # [Skill] when you Level-Up	1	1	yes	79	4	24	17	-7				24	20	-4	levelup-skill(Thunder Storm) 100-24	weap	
suffix	magicsuffix.txt	601	of Chilling Armor	#% Chance to cast level # [Skill] when you Level-Up	1	1	yes	79	4	24	17	-7				24	20	-4	levelup-skill(Chilling Armor) 100-17	weap, tors	
suffix	magicsuffix.txt	602	of Bone Armor	#% Chance to cast level # [Skill] when you Level-Up	1	1	yes	79	4	20	14	-6				20	17	-3	levelup-skill(Bone Armor) 100-20	weap, tors, head	
suffix	magicsuffix.txt	603	of Shouting	#% Chance to cast level # [Skill] when you Level-Up	1	1	yes	79	4	6	4	-2				6	5	-1	levelup-skill(Shout) 100-9	phlm, mele	
suffix	magicsuffix.txt	604	of Shouting	#% Chance to cast level # [Skill] when you Level-Up	1	1	yes	79	4	36	25	-11				36	31	-5	levelup-skill(Shout) 100-20	phlm, mele	
suffix	magicsuffix.txt	605	of Battle Orders	#% Chance to cast level # [Skill] when you Level-Up	1	1	yes	79	4	30	21	-9				30	26	-4	levelup-skill(Battle Orders) 100-7	phlm, mele	
suffix	magicsuffix.txt	606	of Battle Orders	#% Chance to cast level # [Skill] when you Level-Up	1	1	yes	79	4	55	39	-16				55	47	-8	levelup-skill(Battle Orders) 100-39	phlm, mele	
suffix	magicsuffix.txt	607	of Battle Command	#% Chance to cast level # [Skill] when you Level-Up	1	1	yes	79	4	39	27	-12				39	33	-6	levelup-skill(Battle Command) 100-28	phlm, mele	
suffix	magicsuffix.txt	608	of Cyclone Armor	#% Chance to cast level # [Skill] when you Level-Up	1	1	yes	79	4	24	17	-7				24	20	-4	levelup-skill(Cyclone Armor) 100-24	mele, tors	
suffix	magicsuffix.txt	609	of Hurricane	#% Chance to cast level # [Skill] when you Level-Up	1	1	yes	79	4	55	39	-16				55	47	-8	levelup-skill(Hurricane) 100-22	mele, amul, circ	
suffix	magicsuffix.txt	610	of Burst of Speed2	#% Chance to cast level # [Skill] when you Level-Up	1	1	yes	79	4	6	4	-2				6	5	-1	levelup-skill(Quickness) 100-4	boot, mele	
suffix	magicsuffix.txt	611	of Burst of Speed2	#% Chance to cast level # [Skill] when you Level-Up	1	1	yes	79	4	36	25	-11				36	31	-5	levelup-skill(Quickness) 100-30	boot, mele	
suffix	magicsuffix.txt	612	of Fading2	#% Chance to cast level # [Skill] when you Level-Up	1	1	yes	79	4	30	21	-9				30	26	-4	levelup-skill(Fade) 100-14	tors, amul, mele	
suffix	magicsuffix.txt	613	of Frost Novas	#% Chance to cast level # [Skill] when you Die	1	1	yes	79	2	36	25	-11				36	31	-5	death-skill(Frost Nova) 100-48	weap, amul, circ	
suffix	magicsuffix.txt	614	of Novas	#% Chance to cast level # [Skill] when you Die	1	1	yes	79	2	36	25	-11				36	31	-5	death-skill(Nova) 100-48	weap, shld	
suffix	magicsuffix.txt	615	of Chain Lightning	#% Chance to cast level # [Skill] when you Die	1	1	yes	79	2	36	25	-11				36	31	-5	death-skill(Chain Lightning) 100-48	weap	
suffix	magicsuffix.txt	616	of Meteors	#% Chance to cast level # [Skill] when you Die	1	1	yes	79	2	42	29	-13				42	36	-6	death-skill(Meteor) 100-48	weap	
suffix	magicsuffix.txt	617	of Blizzards	#% Chance to cast level # [Skill] when you Die	1	1	yes	79	2	42	29	-13				42	36	-6	death-skill(Blizzard) 100-48	weap	
suffix	magicsuffix.txt	618	of Frozen Orbs	#% Chance to cast level # [Skill] when you Die	1	1	yes	79	2	48	34	-14				48	41	-7	death-skill(Frozen Orb) 100-48	weap	
suffix	magicsuffix.txt	619	of Corpse Explosions	#% Chance to cast level # [Skill] when you Die	1	1	yes	79	2	36	25	-11				36	31	-5	death-skill(Corpse Explosion) 100-36	weap, head	
suffix	magicsuffix.txt	620	of Poison Novas	#% Chance to cast level # [Skill] when you Die	1	1	yes	79	2	48	34	-14				48	41	-7	death-skill(Poison Nova) 100-48	weap, glov, head	
suffix	magicsuffix.txt	621	of Armageddon	#% Chance to cast level # [Skill] when you Die	1	1	yes	79	2	48	34	-14				48	41	-7	death-skill(Armageddon) 100-48	mele, amaz	
suffix	magicsuffix.txt	622	of Draining	Life gained after each hit	1	1	yes	80	8	20	14	-6				20	17	-3	healperhit 1-3	mele, amaz	
suffix	magicsuffix.txt	623	of Funneling	Life gained after each hit	1	1	yes	80	6	20	14	-6				20	17	-3	healperhit 4-6	mele, amaz	
suffix	magicsuffix.txt	624	of Pumping	Life gained after each hit	1	1	yes	80	4	20	14	-6				20	17	-3	healperhit 7-9	mele, amaz	
suffix	magicsuffix.txt	625	of Siphoning	Life gained after each hit	1	1	yes	80	2	20	14	-6				20	17	-3	healperhit 10-12	mele, amaz	
suffix	magicsuffix.txt	626	of Splitting	+# Bone Spear Projectiles	1	1	yes	81	64	30	21	-9				30	26	-4	extra_bonespears 1-1	head, wand	
suffix	magicsuffix.txt	627	of Splitting	+# Holy Bolt Projectiles	1	1	yes	81	64	30	21	-9				30	26	-4	extra_holybolt 1-1	scep, ashd	
suffix	magicsuffix.txt	628	of Craftsmanship	+# to Maximum Damage	1	0	no	14	20	21	21	0	70	70	0	15	15	0	dmg-max 3-3	scha	
suffix	magicsuffix.txt	629	of Quality	+# to Maximum Damage	1	0	no	14	10	36	36	0				45	45	0	dmg-max 5-5	scha	
suffix	magicsuffix.txt	630	of Maiming	+# to Maximum Damage	1	0	no	14	3	60	60	0				75	75	0	dmg-max 10-10	scha	
suffix	magicsuffix.txt	631	of Frost	+# to Minimum Cold Damage & +# to Maximum Cold Damage & Cold Length # of Frames (25 Frames = 1 Second)	1	0	no	10	20	14	14	0	70	70	0	10	10	0	cold-min 1-1; cold-max 1-5; cold-len 25-25	scha	
suffix	magicsuffix.txt	632	of the Icicle	+# to Minimum Cold Damage & +# to Maximum Cold Damage & Cold Length # of Frames (25 Frames = 1 Second)	1	0	no	10	10	21	21	0				25	25	0	cold-min 2-5; cold-max 5-10; cold-len 25-25	scha	
suffix	magicsuffix.txt	633	of the Glacier	+# to Minimum Cold Damage & +# to Maximum Cold Damage & Cold Length # of Frames (25 Frames = 1 Second)	1	0	no	10	3	60	60	0				40	40	0	cold-min 3-10; cold-max 10-20; cold-len 25-25	scha	
suffix	magicsuffix.txt	634	of Winter	+# to Minimum Cold Damage & +# to Maximum Cold Damage & Cold Length # of Frames (25 Frames = 1 Second)	1	0	no	10	1	81	81	0				75	75	0	cold-min 5-20; cold-max 20-40; cold-len 25-25	scha	
suffix	magicsuffix.txt	635	of Flame	+# to Minimum Fire Damage & +# to Maximum Fire Damage	1	0	no	12	20	14	14	0	70	70	0	10	10	0	fire-min 1-1; fire-max 1-5	scha	
suffix	magicsuffix.txt	636	of Fire	+# to Minimum Fire Damage & +# to Maximum Fire Damage	1	0	no	12	10	21	21	0				25	25	0	fire-min 2-5; fire-max 5-10	scha	
suffix	magicsuffix.txt	637	of Burning	+# to Minimum Fire Damage & +# to Maximum Fire Damage	1	0	no	12	3	60	60	0				40	40	0	fire-min 3-10; fire-max 10-20	scha	
suffix	magicsuffix.txt	638	of Incineration	+# to Minimum Fire Damage & +# to Maximum Fire Damage	1	0	no	12	1	81	81	0				75	75	0	fire-min 5-20; fire-max 20-40	scha	
suffix	magicsuffix.txt	639	of Shock	+# to Minimum Lightning Damage & +# to Maximum Lightning Damage	1	0	no	13	20	14	14	0	70	70	0	10	10	0	ltng-min 1-1; ltng-max 1-5	scha	
suffix	magicsuffix.txt	640	of Lightning	+# to Minimum Lightning Damage & +# to Maximum Lightning Damage	1	0	no	13	10	21	21	0				25	25	0	ltng-min 2-5; ltng-max 5-10	scha	
suffix	magicsuffix.txt	641	of Thunder	+# to Minimum Lightning Damage & +# to Maximum Lightning Damage	1	0	no	13	3	60	60	0				40	40	0	ltng-min 3-10; ltng-max 10-20	scha	
suffix	magicsuffix.txt	642	of Storms	+# to Minimum Lightning Damage & +# to Maximum Lightning Damage	1	0	no	13	1	81	81	0				75	75	0	ltng-min 5-20; ltng-max 20-40	scha	
suffix	magicsuffix.txt	643	of Blight	+# to Minimum Poison Damage & +# to Maximum Poison Damage	1	0	no	16	20	15	15	0	70	70	0	10	10	0	dmg-pois(75) 20-20; res-pois-len 2-3	scha	
suffix	magicsuffix.txt	644	of Venom	+# to Minimum Poison Damage & +# to Maximum Poison Damage	1	0	no	16	10	30	30	0				25	25	0	dmg-pois(75) 60-60; res-pois-len 4-5	scha	
suffix	magicsuffix.txt	645	of Pestilence	+# to Minimum Poison Damage & +# to Maximum Poison Damage	1	0	no	16	3	45	45	0				40	40	0	dmg-pois(100) 180-180; res-pois-len 6-7	scha	
suffix	magicsuffix.txt	646	of Anthrax	+# to Minimum Poison Damage & +# to Maximum Poison Damage	1	0	no	16	1	81	81	0				75	75	0	dmg-pois(125) 360-360; res-pois-len 8-9	scha	
suffix	magicsuffix.txt	647	of Life	+# to Life	1	0	no	26	20	1	1	0	70	70	0	14	14	0	hp 5-10	scha	
suffix	magicsuffix.txt	648	of Substinence	+# to Life	1	0	no	26	10	23	23	0				17	17	0	hp 10-15	scha	
suffix	magicsuffix.txt	649	of Vita	+# to Life	1	0	no	26	3	47	47	0				39	39	0	hp 15-20	scha	
suffix	magicsuffix.txt	650	of Inertia	+#% Faster Run/Walk	1	0	no	35	5	35	35	0				27	27	0	move1 3-3	scha	
suffix	magicsuffix.txt	651	of Balance	+#% Faster Hit Recovery	1	0	no	18	5	37	37	0				29	29	0	balance1 5-5	scha	
suffix	magicsuffix.txt	652	of Fortune	#% Better Chance of Getting Magic Items	1	0	no	22	5	20	20	0				20	20	0	mag% 3-6	scha	
suffix	magicsuffix.txt	653	of Good Luck	#% Better Chance of Getting Magic Items	1	0	no	22	1	60	60	0				60	60	0	mag% 6-10	scha	
suffix	magicsuffix.txt	654	of Defense1	+# Defense	1	0	no	31	10	7	7	0	70	70	0	10	10	0	ac 5-10	scha	
suffix	magicsuffix.txt	655	of Defense1	+# Defense	1	0	no	31	5	25	25	0				30	30	0	ac 10-15	scha	
suffix	magicsuffix.txt	656	of Guarding	+# Defense	1	0	no	31	1	60	60	0				60	60	0	ac 15-25	scha	
suffix	magicsuffix.txt	657	of Energy	+# Mana	1	0	no	31	10	7	7	0	70	70	0	10	10	0	mana 5-10	scha	
suffix	magicsuffix.txt	658	of Energy	+# Mana	1	0	no	31	5	25	25	0				30	30	0	mana 10-15	scha	
suffix	magicsuffix.txt	659	of Sorcery	+# Mana	1	0	no	31	1	60	60	0				60	60	0	mana 15-20	scha	
suffix	magicsuffix.txt	660	of the Weasel	+# Attack Rating	1	0	no	31	10	7	7	0	70	70	0	10	10	0	att 5-10	scha	
suffix	magicsuffix.txt	661	of the Fox	+# Attack Rating	1	0	no	31	5	25	25	0				30	30	0	att 10-15	scha	
suffix	magicsuffix.txt	662	of the Jackal	+# Attack Rating	1	0	no	31	1	60	60	0				60	60	0	att 15-25	scha	
suffix	magicsuffix.txt	663	of Defense1	+# Defense	1	0	no	31	10	1	1	0	70	70	0	10	10	0	ac 10-15	mcha	
suffix	magicsuffix.txt	664	of Defense1	+# Defense	1	0	no	31	5	25	25	0				30	30	0	ac 20-30	mcha	
suffix	magicsuffix.txt	665	of Guarding	+# Defense	1	0	no	31	1	60	60	0				60	60	0	ac 40-50	mcha	
suffix	magicsuffix.txt	666	of the Mind	+# Mana	1	0	no	31	10	7	7	0	70	70	0	10	10	0	mana 5-10	mcha	
suffix	magicsuffix.txt	667	of the Mind	+# Mana	1	0	no	31	5	25	25	0				30	30	0	mana 10-20	mcha	
suffix	magicsuffix.txt	668	of Wizardry	+# Mana	1	0	no	31	1	60	60	0				60	60	0	mana 25-40	mcha	
suffix	magicsuffix.txt	669	of the Wolf	+# Attack Rating	1	0	no	31	10	7	7	0	70	70	0	10	10	0	att 10-15	mcha	
suffix	magicsuffix.txt	670	of the Tiger	+# Attack Rating	1	0	no	31	5	25	25	0				30	30	0	att 20-30	mcha	
suffix	magicsuffix.txt	671	of the Bear	+# Attack Rating	1	0	no	31	1	60	60	0				60	60	0	att 40-50	mcha	
suffix	magicsuffix.txt	672	of Dexterity	+# to Dexterity	1	0	no	31	10	7	7	0				10	10	0	dex 2-4	mcha	
suffix	magicsuffix.txt	673	of Dexterity	+# to Dexterity	1	0	no	31	10	25	25	0				30	30	0	dex 4-6	mcha	
suffix	magicsuffix.txt	674	of Strength	+# to Strength	1	0	no	31	10	7	7	0				10	10	0	str 2-4	mcha	
suffix	magicsuffix.txt	675	of Strength	+# to Strength	1	0	no	31	10	25	25	0				30	30	0	str 4-6	mcha	
suffix	magicsuffix.txt	676	of Vitality	+# to Vitality	1	0	no	31	10	7	7	0				10	10	0	vit 2-4	mcha	
suffix	magicsuffix.txt	677	of Vitality	+# to Vitality	1	0	no	31	10	25	25	0				30	30	0	vit 4-6	mcha	
suffix	magicsuffix.txt	678	of Energy	+# to Energy	1	0	no	31	10	7	7	0				10	10	0	enr 2-4	mcha	
suffix	magicsuffix.txt	679	of Energy	+# to Energy	1	0	no	31	10	25	25	0				30	30	0	enr 4-6	mcha	
suffix	magicsuffix.txt	680	of the Swordsman	+# to Dexterity	1	0	no	31	1	7	7	0				10	10	0	dex 2-4; str(2) 4-	mcha	
suffix	magicsuffix.txt	681	of the Rogue	+# to Dexterity	1	0	no	31	1	7	7	0				10	10	0	dex 4-6; vit(4) 6-	mcha	
suffix	magicsuffix.txt	682	of the Monk	+# to Dexterity	1	0	no	31	1	7	7	0				10	10	0	dex 2-4; enr(2) 4-	mcha	
suffix	magicsuffix.txt	683	of the Stalwart	+# to Strength	1	0	no	31	1	7	7	0				10	10	0	str 4-6; vit(4) 6-	mcha	
suffix	magicsuffix.txt	684	of the Proud	+# to Strength	1	0	no	31	1	7	7	0				10	10	0	str 2-4; enr(2) 4-	mcha	
suffix	magicsuffix.txt	685	of the Young	+# to Vitality	1	0	no	31	1	7	7	0				10	10	0	vit 4-6; enr(4) 6-	mcha	
suffix	magicsuffix.txt	686	of the Swift	+#% Faster Run/Walk	1	0	no	32	10	12	12	0				10	10	0	move2 5-5	mcha	
suffix	magicsuffix.txt	687	of the Nimble	+#% Faster Hit Recovery	1	0	no	32	10	12	12	0				10	10	0	balance2 5-5	mcha	
suffix	magicsuffix.txt	688	of the Stoic	+#% Faster Block Rate	1	0	no	32	10	12	12	0				10	10	0	block2 5-5	mcha	
suffix	magicsuffix.txt	689	of the Blitz	+#% Faster Attack Speed	1	0	no	32	10	18	18	0				18	18	0	swing2 5-5	mcha	
suffix	magicsuffix.txt	690	of the Fluent	+#% Faster Cast Rate	1	0	no	32	10	18	18	0				18	18	0	cast2 5-5	mcha	
suffix	magicsuffix.txt	691	of Life	+# to Life	1	0	no	31	20	12	12	0	70	70	0	9	9	0	hp 11-15	mcha	
suffix	magicsuffix.txt	692	of Substinence	+# to Life	1	0	no	31	10	42	42	0				34	34	0	hp 21-25	mcha	
suffix	magicsuffix.txt	693	of Vita	+# to Life	1	0	no	31	5	74	74	0				66	66	0	hp 31-35	mcha	
suffix	magicsuffix.txt	694	of Mastery	-#% to Enemy Fire Resistance	1	0	no	82	1	65	65	0				81	81	0	pierce-fire 3-5	mcha	
suffix	magicsuffix.txt	695	of Mastery	-#% to Enemy Lightning Resistance	1	0	no	82	1	65	65	0				81	81	0	pierce-ltng 3-5	mcha	
suffix	magicsuffix.txt	696	of Mastery	-#% to Enemy Cold Resistance	1	0	no	82	1	65	65	0				81	81	0	pierce-cold 3-5	mcha	
suffix	magicsuffix.txt	697	of Mastery	-#% to Enemy Poison Resistance	1	0	no	82	1	65	65	0				81	81	0	pierce-pois 3-5	mcha	
suffix	magicsuffix.txt	698	of Mastery	+#% to Fire Skill Damage	1	0	no	83	1	65	65	0				81	81	0	extra-fire 3-5	mcha	
suffix	magicsuffix.txt	699	of Mastery	+#% to Lightning Skill Damage	1	0	no	83	1	65	65	0				81	81	0	extra-ltng 3-5	mcha	
suffix	magicsuffix.txt	700	of Mastery	+#% to Cold Skill Damage	1	0	no	83	1	65	65	0				81	81	0	extra-cold 3-5	mcha	
suffix	magicsuffix.txt	701	of Mastery	+#% to Poison Skill Damage	1	0	no	83	1	65	65	0				81	81	0	extra-pois 3-5	mcha	
suffix	magicsuffix.txt	702	of Frost	+# to Minimum Cold Damage & +# to Maximum Cold Damage & Cold Length # of Frames (25 Frames = 1 Second)	1	0	no	10	24	5	5	0	60	60	0	5	5	0	cold-min 4-6; cold-max 6-8	lcha	
suffix	magicsuffix.txt	703	of the Icicle	+# to Minimum Cold Damage & +# to Maximum Cold Damage & Cold Length # of Frames (25 Frames = 1 Second)	1	0	no	10	12	35	35	0	81	81	0	35	35	0	cold-min 6-8; cold-max 10-15	lcha	
suffix	magicsuffix.txt	704	of the Glacier	+# to Minimum Cold Damage & +# to Maximum Cold Damage & Cold Length # of Frames (25 Frames = 1 Second)	1	1	yes	10	6	61	43	-18				61	52	-9	cold-min 8-10; cold-max 12-18	lcha	
suffix	magicsuffix.txt	705	of Winter	+# to Minimum Cold Damage & +# to Maximum Cold Damage & Cold Length # of Frames (25 Frames = 1 Second)	1	1	yes	10	6	81	57	-24				81	69	-12	cold-min 12-14; cold-max 20-25	lcha	
suffix	magicsuffix.txt	706	of Flame	+# to Minimum Fire Damage & +# to Maximum Fire Damage	1	0	no	10	24	5	5	0	60	60	0	5	5	0	fire-min 2-4; fire-max 6-8	lcha	
suffix	magicsuffix.txt	707	of Fire	+# to Minimum Fire Damage & +# to Maximum Fire Damage	1	0	no	10	12	35	35	0	81	81	0	35	35	0	fire-min 4-6; fire-max 10-15	lcha	
suffix	magicsuffix.txt	708	of Burning	+# to Minimum Fire Damage & +# to Maximum Fire Damage	1	1	yes	10	6	61	43	-18				61	52	-9	fire-min 6-8; fire-max 12-18	lcha	
suffix	magicsuffix.txt	709	of Incineration	+# to Minimum Fire Damage & +# to Maximum Fire Damage	1	1	yes	10	6	81	57	-24				81	69	-12	fire-min 10-15; fire-max 20-25	lcha	
suffix	magicsuffix.txt	710	of Shock	+# to Minimum Lightning Damage & +# to Maximum Lightning Damage	1	0	no	10	24	5	5	0	60	60	0	5	5	0	ltng-min 2-4; ltng-max 6-8	lcha	
suffix	magicsuffix.txt	711	of Lightning	+# to Minimum Lightning Damage & +# to Maximum Lightning Damage	1	0	no	10	12	35	35	0	81	81	0	35	35	0	ltng-min 4-6; ltng-max 10-15	lcha	
suffix	magicsuffix.txt	712	of Thunder	+# to Minimum Lightning Damage & +# to Maximum Lightning Damage	1	1	yes	10	6	61	43	-18				61	52	-9	ltng-min 6-8; ltng-max 12-18	lcha	
suffix	magicsuffix.txt	713	of Storms	+# to Minimum Lightning Damage & +# to Maximum Lightning Damage	1	1	yes	10	6	81	57	-24				81	69	-12	ltng-min 10-15; ltng-max 20-25	lcha	
suffix	magicsuffix.txt	714	of Blight	+# to Minimum Poison Damage & +# to Maximum Poison Damage	1	0	no	10	24	5	5	0	60	60	0	5	5	0	dmg-pois(75) 60-80	lcha	
suffix	magicsuffix.txt	715	of Venom	+# to Minimum Poison Damage & +# to Maximum Poison Damage	1	0	no	10	12	35	35	0	81	81	0	35	35	0	dmg-pois(75) 80-100	lcha	
suffix	magicsuffix.txt	716	of Pestilence	+# to Minimum Poison Damage & +# to Maximum Poison Damage	1	1	yes	10	6	61	43	-18				61	52	-9	dmg-pois(100) 100-120	lcha	
suffix	magicsuffix.txt	717	of Anthrax	+# to Minimum Poison Damage & +# to Maximum Poison Damage	1	1	yes	10	6	81	57	-24				81	69	-12	dmg-pois(125) 120-140	lcha	
suffix	magicsuffix.txt	718	of Dexterity	+# to Dexterity	1	0	no	31	12	1	1	0	60	60	0	1	1	0	dex 2-3	lcha	
suffix	magicsuffix.txt	719	of Dexterity	+# to Dexterity	1	1	yes	31	6	35	25	-10	81	57	-24	35	30	-5	dex 3-5	lcha	
suffix	magicsuffix.txt	720	of Strength	+# to Strength	1	0	no	31	12	1	1	0	60	60	0	1	1	0	str 2-3	lcha	
suffix	magicsuffix.txt	721	of Strength	+# to Strength	1	1	yes	31	6	35	25	-10	81	57	-24	35	30	-5	str 3-5	lcha	
suffix	magicsuffix.txt	722	of Life	+# to Life	1	0	no	26	24	10	10	0	60	60	0	10	10	0	hp 10-15	lcha	
suffix	magicsuffix.txt	723	of Life	+# to Life	1	0	no	26	24	20	20	0	60	60	0	20	20	0	hp 15-20	lcha	
suffix	magicsuffix.txt	724	of Life	+# to Life	1	0	no	26	24	35	35	0	60	60	0	35	35	0	hp 20-25	lcha	
suffix	magicsuffix.txt	725	of Substinence	+# to Life	1	0	no	26	24	45	45	0	81	81	0	45	45	0	hp 25-30	lcha	
suffix	magicsuffix.txt	726	of Substinence	+# to Life	1	0	no	26	12	55	55	0	81	81	0	55	55	0	hp 30-35	lcha	
suffix	magicsuffix.txt	727	of Substinence	+# to Life	1	0	no	26	12	61	61	0				61	61	0	hp 35-40	lcha	
suffix	magicsuffix.txt	728	of Vita	+# to Life	1	0	no	26	6	75	75	0				70	70	0	hp 40-50	lcha	
suffix	magicsuffix.txt	729	of Vita	+# to Life	1	1	yes	26	6	81	57	-24				81	69	-12	hp 50-60	lcha	
suffix	magicsuffix.txt	730	of Vita	+# to Life	1	1	yes	26	6	88	62	-26				88	75	-13	hp 60-70	lcha	
suffix	magicsuffix.txt	731	of Inertia	+#% Faster Run/Walk	1	1	yes	35	6	15	11	-4				15	13	-2	move3 5-5	lcha	
suffix	magicsuffix.txt	732	of Balance	+#% Faster Hit Recovery	1	1	yes	18	6	10	7	-3				10	9	-1	balance3 5-5	lcha	
suffix	magicsuffix.txt	733	of Mosaic	+#% chance for finishing moves to not consume charges	1	1	yes	81	64	30	21	-9				30	26	-4	charge-noconsume 50-50	h2h	
suffix	magicsuffix.txt	734	of Vitality	+# to Vitality	1	0	no	31	12	1	1	0	60	60	0	1	1	0	vit 2-3	lcha	
suffix	magicsuffix.txt	735	of Vitality	+# to Vitality	1	1	yes	31	6	35	25	-10	81	57	-24	35	30	-5	vit 3-5	lcha	
suffix	magicsuffix.txt	736	of Energy	+# to Energy	1	0	no	31	12	1	1	0	60	60	0	1	1	0	enr 2-3	lcha	
suffix	magicsuffix.txt	737	of Energy	+# to Energy	1	1	yes	31	6	35	25	-10	81	57	-24	35	30	-5	enr 3-5	lcha	
suffix	magicsuffix.txt	738	of Dexterity	+# to Dexterity	1	0	no	31	4	61	61	0				61	61	0	dex 5-8	lcha	
suffix	magicsuffix.txt	739	of Strength	+# to Strength	1	0	no	31	4	61	61	0				61	61	0	str 5-8	lcha	
suffix	magicsuffix.txt	740	of Vitality	+# to Vitality	1	0	no	31	4	61	61	0				61	61	0	vit 5-8	lcha	
suffix	magicsuffix.txt	741	of Energy	+# to Energy	1	1	yes	31	4	61	43	-18				61	52	-9	enr 5-8	lcha	
suffix	magicsuffix.txt	742	of Inertia	+#% Faster Run/Walk	1	1	yes	35	6	81	57	-24				81	69	-12	move3 10-10	lcha	
suffix	magicsuffix.txt	743	of Balance	+#% Faster Hit Recovery	1	1	yes	18	6	81	57	-24				81	69	-12	balance3 10-10	lcha	
suffix	magicsuffix.txt	744	of Acidity	-# Enemy Poison Resistance	0	1	yes	307	1	92	64	-28				75	64	-11	pierce-pois(1) 1-1	scha	
suffix	magicsuffix.txt	745	of Acidity	-# Enemy Poison Resistance	0	1	yes	307	1	92	64	-28				75	64	-11	pierce-pois(1) 1-2	ring, mcha	
suffix	magicsuffix.txt	746	of Acidity	-# Enemy Poison Resistance	0	1	yes	307	1	92	64	-28				75	64	-11	pierce-pois(1) 1-3	amul, glov, boot, belt, helm, lcha	
suffix	magicsuffix.txt	747	of Acidity	-# Enemy Poison Resistance	0	1	yes	307	1	92	64	-28				75	64	-11	pierce-pois(1) 1-4	shld, weap	
suffix	magicsuffix.txt	748	of Acidity	-# Enemy Poison Resistance	0	1	yes	307	1	92	64	-28				75	64	-11	pierce-pois(1) 2-8	tors	
suffix	magicsuffix.txt	749	of Kindling	-# Enemy Poison Resistance	0	1	yes	307	1	92	64	-28				75	64	-11	pierce-fire(1) 1-1	scha	
suffix	magicsuffix.txt	750	of Kindling	-# Enemy Fire Resistance	0	1	yes	307	1	92	64	-28				75	64	-11	pierce-fire(1) 1-2	ring, mcha	
suffix	magicsuffix.txt	751	of Kindling	-# Enemy Fire Resistance	0	1	yes	307	1	92	64	-28				75	64	-11	pierce-fire(1) 1-3	amul, glov, boot, belt, helm, lcha	
suffix	magicsuffix.txt	752	of Kindling	-# Enemy Fire Resistance	0	1	yes	307	1	92	64	-28				75	64	-11	pierce-fire(1) 1-4	shld, weap	
suffix	magicsuffix.txt	753	of Kindling	-# Enemy Fire Resistance	0	1	yes	307	1	92	64	-28				75	64	-11	pierce-fire(1) 2-8	tors	
suffix	magicsuffix.txt	754	of Numbing	-# Enemy Cold Resistance	0	1	yes	307	1	92	64	-28				75	64	-11	pierce-cold(1) 1-1	scha	
suffix	magicsuffix.txt	755	of Numbing	-# Enemy Cold Resistance	0	1	yes	307	1	92	64	-28				75	64	-11	pierce-cold(1) 1-2	ring, mcha	
suffix	magicsuffix.txt	756	of Numbing	-# Enemy Cold Resistance	0	1	yes	307	1	92	64	-28				75	64	-11	pierce-cold(1) 1-3	amul, glov, boot, belt, helm, lcha	
suffix	magicsuffix.txt	757	of Numbing	-# Enemy Cold Resistance	0	1	yes	307	1	92	64	-28				75	64	-11	pierce-cold(1) 1-4	shld, weap	
suffix	magicsuffix.txt	758	of Numbing	-# Enemy Cold Resistance	0	1	yes	307	1	92	64	-28				75	64	-11	pierce-cold(1) 2-8	tors	
suffix	magicsuffix.txt	759	of Conductivity	-# Enemy Lightning Resistance	0	1	yes	307	1	92	64	-28				75	64	-11	pierce-ltng(1) 1-1	scha	
suffix	magicsuffix.txt	760	of Conductivity	-# Enemy Lightning Resistance	0	1	yes	307	1	92	64	-28				75	64	-11	pierce-ltng(1) 1-2	ring, mcha	
suffix	magicsuffix.txt	761	of Conductivity	-# Enemy Lightning Resistance	0	1	yes	307	1	92	64	-28				75	64	-11	pierce-ltng(1) 1-3	amul, glov, boot, belt, helm, lcha	
suffix	magicsuffix.txt	762	of Conductivity	-# Enemy Lightning Resistance	0	1	yes	307	1	92	64	-28				75	64	-11	pierce-ltng(1) 1-4	shld, weap	
suffix	magicsuffix.txt	763	of Conductivity	-# Enemy Lightning Resistance	0	1	yes	307	1	92	64	-28				75	64	-11	pierce-ltng(1) 2-8	tors	
suffix	magicsuffix.txt	764	of Thaumaturgy	-# Enemy Magic Resistance	0	1	yes	307	1	92	64	-28				75	64	-11	pierce-mag(1) 1-1	scha	
suffix	magicsuffix.txt	765	of Thaumaturgy	-# Enemy Magic Resistance	0	1	yes	307	1	92	64	-28				75	64	-11	pierce-mag(1) 1-2	ring, mcha	
suffix	magicsuffix.txt	766	of Thaumaturgy	-# Enemy Magic Resistance	0	1	yes	307	1	92	64	-28				75	64	-11	pierce-mag(1) 1-3	amul, glov, boot, belt, helm, lcha	
suffix	magicsuffix.txt	767	of Thaumaturgy	-# Enemy Magic Resistance	0	1	yes	307	1	92	64	-28				75	64	-11	pierce-mag(1) 1-4	shld, weap	
suffix	magicsuffix.txt	768	of Thaumaturgy	-# Enemy Magic Resistance	0	1	yes	307	1	92	64	-28				75	64	-11	pierce-mag(1) 2-8	tors	
suffix	magicsuffix.txt	769	of Force	-# Enemy Physical Resistance	0	1	yes	307	1	92	64	-28				75	64	-11	pierce-dmg(1) 1-1	scha	
suffix	magicsuffix.txt	770	of Force	-# Enemy Physical Resistance	0	1	yes	307	1	92	64	-28				75	64	-11	pierce-dmg(1) 1-2	ring, mcha	
suffix	magicsuffix.txt	771	of Force	-# Enemy Physical Resistance	0	1	yes	307	1	92	64	-28				75	64	-11	pierce-dmg(1) 1-3	amul, glov, boot, belt, helm, lcha	
suffix	magicsuffix.txt	772	of Force	-# Enemy Physical Resistance	0	1	yes	307	1	92	64	-28				75	64	-11	pierce-dmg(1) 1-4	shld, weap	
suffix	magicsuffix.txt	773	of Force	-# Enemy Physical Resistance	0	1	yes	307	1	92	64	-28				75	64	-11	pierce-dmg(1) 2-8	tors	
suffix	magicsuffix.txt	774	of Miasma Bolt	Charged Skill	1	1	yes	44	1	7	5	-2				7	6	-1	charged(395) -60--10	pole, knif, head	
suffix	magicsuffix.txt	775	of Miasma Bolt	Charged Skill	1	1	yes	44	1	14	10	-4				14	12	-2	charged(395) -20--6	swor	
suffix	magicsuffix.txt	776	of Lethargy	Charged Skill	1	1	yes	44	1	12	8	-4				12	10	-2	charged(393) -60--8	pole, knif, head	
suffix	magicsuffix.txt	777	of Lethargy	Charged Skill	1	1	yes	44	1	24	17	-7				24	20	-4	charged(393) -20--5	ring, circ	
suffix	magicsuffix.txt	778	of Rancor	Charged Skill	1	1	yes	44	1	18	13	-5				18	15	-3	charged(396) -60--7	pole, knif, head	
suffix	magicsuffix.txt	779	of Rancor	Charged Skill	1	1	yes	44	1	36	25	-11				36	31	-5	charged(396) -20--4	shld	
suffix	magicsuffix.txt	780	of Apocalypse	Charged Skill	1	1	yes	44	1	36	25	-11				36	31	-5	charged(401) -60--3	staf, knif, head	
suffix	magicsuffix.txt	781	of Apocalypse	Charged Skill	1	1	yes	44	1	72	50	-22				72	61	-11	charged(401) -20--1	glov	
suffix	magicsuffix.txt	782	of Mastery	-# Enemy Magic Resistance	1	0	no	83	1	65	65	0				81	81	0	pierce-mag 3-5	mcha	
suffix	magicsuffix.txt	783	of the Swift	+#% Faster Attack Speed	1	1	yes	200	9	1	1	0	85	59	-26	1	1	0	swing1 5-10	misl	
suffix	magicsuffix.txt	784	of the Swift	+#% Faster Attack Speed	1	1	yes	200	6	45	31	-14				30	26	-4	swing1 10-20	misl	
suffix	magicsuffix.txt	785	of the Swift	+#% Faster Attack Speed	1	1	yes	200	3	80	56	-24				50	43	-7	swing1 20-30	misl	
suffix	magicsuffix.txt	786	of Slaying	#% Deadly Strike	1	1	yes	201	9	1	1	0	85	59	-26	1	1	0	deadly 5-10	misl	
suffix	magicsuffix.txt	787	of Slaying	#% Deadly Strike	1	1	yes	201	6	45	31	-14				30	26	-4	deadly 10-15	misl	
suffix	magicsuffix.txt	788	of Slaying	#% Deadly Strike	1	1	yes	201	3	80	56	-24				50	43	-7	deadly 15-20	misl	
suffix	magicsuffix.txt	789	of Maiming	#% Open Wounds	1	1	yes	201	9	1	1	0	85	59	-26	1	1	0	openwounds 5-10	misl	
suffix	magicsuffix.txt	790	of Maiming	#% Open Wounds	1	1	yes	201	6	45	31	-14				30	26	-4	openwounds 10-15	misl	
suffix	magicsuffix.txt	791	of Maiming	#% Open Wounds	1	1	yes	201	3	80	56	-24				50	43	-7	openwounds 15-20	misl	
suffix	magicsuffix.txt	792	of Piercing	Piercing Attack	1	1	yes	201	9	1	1	0	85	59	-26	1	1	0	pierce 10-10	misl	
suffix	magicsuffix.txt	793	of Piercing	Piercing Attack	1	1	yes	201	6	45	31	-14				30	26	-4	pierce 10-20	misl	
suffix	magicsuffix.txt	794	of Piercing	Piercing Attack	1	1	yes	201	3	80	56	-24				50	43	-7	pierce 20-30	misl	
suffix	magicsuffix.txt	795	of the Vampire	#% Life stolen per hit	1	1	yes	202	9	1	1	0	85	59	-26	1	1	0	lifesteal 2-3	misl	
suffix	magicsuffix.txt	796	of the Vampire	#% Life stolen per hit	1	1	yes	202	6	45	31	-14				20	17	-3	lifesteal 3-5	misl	
suffix	magicsuffix.txt	797	of the Vampire	#% Life stolen per hit	1	1	yes	202	3	80	56	-24				40	34	-6	lifesteal 5-10	misl	
suffix	magicsuffix.txt	798	of the Bat	#% Mana stolen per hit	1	1	yes	203	9	1	1	0	85	59	-26	1	1	0	manasteal 2-3	misl	
suffix	magicsuffix.txt	799	of the Bat	#% Mana stolen per hit	1	1	yes	203	6	45	31	-14				20	17	-3	manasteal 3-5	misl	
suffix	magicsuffix.txt	800	of the Bat	#% Mana stolen per hit	1	1	yes	203	3	80	56	-24				40	34	-6	manasteal 5-10	misl	
suffix	magicsuffix.txt	801	of Resistance	Fire Resist	1	1	yes	204	9	1	1	0	85	59	-26	1	1	0	res-fire 5-10	misl	
suffix	magicsuffix.txt	802	of Resistance	Fire Resist	1	1	yes	204	6	45	31	-14				20	17	-3	res-fire 10-20	misl	
suffix	magicsuffix.txt	803	of Resistance	Fire Resist	1	1	yes	204	3	80	56	-24				40	34	-6	res-fire 20-30	misl	
suffix	magicsuffix.txt	804	of Resistance	Cold Resist	1	1	yes	204	9	1	1	0	85	59	-26	1	1	0	res-cold 5-10	misl	
suffix	magicsuffix.txt	805	of Resistance	Cold Resist	1	1	yes	204	6	45	31	-14				20	17	-3	res-cold 10-20	misl	
suffix	magicsuffix.txt	806	of Resistance	Cold Resist	1	1	yes	204	3	80	56	-24				40	34	-6	res-cold 20-30	misl	
suffix	magicsuffix.txt	807	of Resistance	Lightning Resist	1	1	yes	204	9	1	1	0	85	59	-26	1	1	0	res-ltng 5-10	misl	
suffix	magicsuffix.txt	808	of Resistance	Lightning Resist	1	1	yes	204	6	45	31	-14				20	17	-3	res-ltng 10-20	misl	
suffix	magicsuffix.txt	809	of Resistance	Lightning Resist	1	1	yes	204	3	80	56	-24				40	34	-6	res-ltng 20-30	misl	
suffix	magicsuffix.txt	810	of Resistance	Poison Resist	1	1	yes	204	9	1	1	0	85	59	-26	1	1	0	res-pois 5-10	misl	
suffix	magicsuffix.txt	811	of Resistance	Poison Resist	1	1	yes	204	6	45	31	-14				20	17	-3	res-pois 10-20	misl	
suffix	magicsuffix.txt	812	of Resistance	Poison Resist	1	1	yes	204	3	80	56	-24				40	34	-6	res-pois 20-30	misl	
suffix	magicsuffix.txt	813	of Resistance	All Resist	1	1	yes	204	9	1	1	0	85	59	-26	1	1	0	res-all 3-5	misl	
suffix	magicsuffix.txt	814	of Resistance	All Resist	1	1	yes	204	6	45	31	-14				20	17	-3	res-all 5-8	misl	
suffix	magicsuffix.txt	815	of Resistance	All Resist	1	1	yes	204	3	80	56	-24				40	34	-6	res-all 8-12	misl	
suffix	magicsuffix.txt	816	of Fortune	magic and gold find	1	1	yes	205	9	1	1	0	85	59	-26	1	1	0	mag% 10-15; gold% 20-30	misl	
suffix	magicsuffix.txt	817	of Fortune	magic and gold find	1	1	yes	205	6	45	31	-14				30	26	-4	mag% 15-25; gold% 30-50	misl	
suffix	magicsuffix.txt	818	of Fortune	magic and gold find	1	1	yes	205	3	50	35	-15				50	43	-7	mag% 25-40; gold% 50-80	misl	
suffix	magicsuffix.txt	819	of Transcendence	ctc lower resist	1	1	yes	206	3	50	35	-15				50	43	-7	hit-skill(Lower Resist) 10-5	misl	
suffix	magicsuffix.txt	820	of Transcendence	ctc amp damage	1	1	yes	206	3	50	35	-15				50	43	-7	hit-skill(Amplify Damage) 10-5	misl	
suffix	magicsuffix.txt	821	of Transcendence	ctc weaken	1	1	yes	206	3	50	35	-15				50	43	-7	hit-skill(Weaken) 10-5	misl	
suffix	magicsuffix.txt	822	of Transcendence	ctc lower resist	1	1	yes	206	1	85	59	-26				80	68	-12	hit-skill(Lower Resist) 10-10; pierce-elem 10-15	misl	
suffix	magicsuffix.txt	823	of Transcendence	ctc amp damage	1	1	yes	206	1	85	59	-26				80	68	-12	hit-skill(Amplify Damage) 10-10; pierce-dmg 10-15	misl	
suffix	magicsuffix.txt	824	of Transcendence	ctc weaken	1	1	yes	206	1	85	59	-26				80	68	-12	hit-skill(Weaken) 10-10; pierce-mag 10-15	misl	
