side	line	greater_affix	description	band	group	level	maxlevel	levelreq	frequency	itypes	etypes	greater_exact_mods	greater_property_stats	apex_affix	apex_line	apex_description	apex_level	apex_maxlevel	apex_levelreq	apex_frequency	apex_exact_mods	apex_mapping_note
prefix	1289	Greater Grandmaster's	Greater +# to Attack Rating & +#% Enhanced Damage [early; marker=property]	early	111	50	65	75	1	weap	orb,wand	greater_m_att 350-350; greater_dmg% 500-500	greater_m_att: func1=1/stat1=greater_tohit/val1= | func2=1/stat2=item_greaterAffixMarker/val2= | tooltip=+# to Attack Rating; greater_dmg%: func1=7/stat1=/val1= | tooltip=+#% Enhanced Damage	Grandmaster's	78	+# to Attack Rating & +#% Enhanced Damage	84		75	40	att 276-300; dmg% 301-350	exact base-name match
prefix	1290	Greater Grandmaster's	Greater +# to Attack Rating & +#% Enhanced Damage [mid; marker=property]	mid	111	66	80	75	3	weap	orb,wand	greater_m_att 350-350; greater_dmg% 500-500	greater_m_att: func1=1/stat1=greater_tohit/val1= | func2=1/stat2=item_greaterAffixMarker/val2= | tooltip=+# to Attack Rating; greater_dmg%: func1=7/stat1=/val1= | tooltip=+#% Enhanced Damage	Grandmaster's	78	+# to Attack Rating & +#% Enhanced Damage	84		75	40	att 276-300; dmg% 301-350	exact base-name match
prefix	1291	Greater Grandmaster's	Greater +# to Attack Rating & +#% Enhanced Damage [late; marker=property]	late	111	81		75	4	weap	orb,wand	greater_m_att 350-350; greater_dmg% 500-500	greater_m_att: func1=1/stat1=greater_tohit/val1= | func2=1/stat2=item_greaterAffixMarker/val2= | tooltip=+# to Attack Rating; greater_dmg%: func1=7/stat1=/val1= | tooltip=+#% Enhanced Damage	Grandmaster's	78	+# to Attack Rating & +#% Enhanced Damage	84		75	40	att 276-300; dmg% 301-350	exact base-name match
prefix	1292	Greater Grandmaster's	Greater #% Deadly Strike & +#% Enhanced Damage [early; marker=property]	early	111	50	65	75	1	weap	orb,wand	greater_m_deadly 40-40; greater_dmg% 500-500	greater_m_deadly: func1=1/stat1=greater_item_deadlystrike/val1= | func2=1/stat2=item_greaterAffixMarker/val2= | tooltip=#% Deadly Strike; greater_dmg%: func1=7/stat1=/val1= | tooltip=+#% Enhanced Damage	Grandmaster's	80	#% Deadly Strike & +#% Enhanced Damage	86		75	20	deadly 15-30; dmg% 301-350	exact base-name match
prefix	1293	Greater Grandmaster's	Greater #% Deadly Strike & +#% Enhanced Damage [mid; marker=property]	mid	111	66	80	75	1	weap	orb,wand	greater_m_deadly 40-40; greater_dmg% 500-500	greater_m_deadly: func1=1/stat1=greater_item_deadlystrike/val1= | func2=1/stat2=item_greaterAffixMarker/val2= | tooltip=#% Deadly Strike; greater_dmg%: func1=7/stat1=/val1= | tooltip=+#% Enhanced Damage	Grandmaster's	80	#% Deadly Strike & +#% Enhanced Damage	86		75	20	deadly 15-30; dmg% 301-350	exact base-name match
prefix	1294	Greater Grandmaster's	Greater #% Deadly Strike & +#% Enhanced Damage [late; marker=property]	late	111	81		75	2	weap	orb,wand	greater_m_deadly 40-40; greater_dmg% 500-500	greater_m_deadly: func1=1/stat1=greater_item_deadlystrike/val1= | func2=1/stat2=item_greaterAffixMarker/val2= | tooltip=#% Deadly Strike; greater_dmg%: func1=7/stat1=/val1= | tooltip=+#% Enhanced Damage	Grandmaster's	80	#% Deadly Strike & +#% Enhanced Damage	86		75	20	deadly 15-30; dmg% 301-350	exact base-name match
prefix	1295	Greater Grandmaster's	Greater #% Crushing Blow & +#% Enhanced Damage [early; marker=property]	early	111	50	65	75	1	weap	orb,wand	greater_m_crush 40-40; greater_dmg% 500-500	greater_m_crush: func1=1/stat1=greater_item_crushingblow/val1= | func2=1/stat2=item_greaterAffixMarker/val2= | tooltip=#% Chance of Crushing Blow; greater_dmg%: func1=7/stat1=/val1= | tooltip=+#% Enhanced Damage	Grandmaster's	82	#% Crushing Blow & +#% Enhanced Damage	86		75	20	crush 15-30; dmg% 301-350	exact base-name match
prefix	1296	Greater Grandmaster's	Greater #% Crushing Blow & +#% Enhanced Damage [mid; marker=property]	mid	111	66	80	75	1	weap	orb,wand	greater_m_crush 40-40; greater_dmg% 500-500	greater_m_crush: func1=1/stat1=greater_item_crushingblow/val1= | func2=1/stat2=item_greaterAffixMarker/val2= | tooltip=#% Chance of Crushing Blow; greater_dmg%: func1=7/stat1=/val1= | tooltip=+#% Enhanced Damage	Grandmaster's	82	#% Crushing Blow & +#% Enhanced Damage	86		75	20	crush 15-30; dmg% 301-350	exact base-name match
prefix	1297	Greater Grandmaster's	Greater #% Crushing Blow & +#% Enhanced Damage [late; marker=property]	late	111	81		75	2	weap	orb,wand	greater_m_crush 40-40; greater_dmg% 500-500	greater_m_crush: func1=1/stat1=greater_item_crushingblow/val1= | func2=1/stat2=item_greaterAffixMarker/val2= | tooltip=#% Chance of Crushing Blow; greater_dmg%: func1=7/stat1=/val1= | tooltip=+#% Enhanced Damage	Grandmaster's	82	#% Crushing Blow & +#% Enhanced Damage	86		75	20	crush 15-30; dmg% 301-350	exact base-name match
prefix	1298	Greater Grandmaster's	Greater #% Open Wounds & +#% Enhanced Damage [early; marker=property]	early	111	50	65	75	1	weap	orb,wand	greater_m_openwounds 100-100; greater_dmg% 500-500	greater_m_openwounds: func1=1/stat1=greater_item_openwounds/val1= | func2=1/stat2=item_greaterAffixMarker/val2= | tooltip=#% Chance of Open Wounds; greater_dmg%: func1=7/stat1=/val1= | tooltip=+#% Enhanced Damage	Grandmaster's	84	#% Open Wounds & +#% Enhanced Damage	86		75	20	openwounds 94-100; dmg% 301-350	exact base-name match
prefix	1299	Greater Grandmaster's	Greater #% Open Wounds & +#% Enhanced Damage [mid; marker=property]	mid	111	66	80	75	1	weap	orb,wand	greater_m_openwounds 100-100; greater_dmg% 500-500	greater_m_openwounds: func1=1/stat1=greater_item_openwounds/val1= | func2=1/stat2=item_greaterAffixMarker/val2= | tooltip=#% Chance of Open Wounds; greater_dmg%: func1=7/stat1=/val1= | tooltip=+#% Enhanced Damage	Grandmaster's	84	#% Open Wounds & +#% Enhanced Damage	86		75	20	openwounds 94-100; dmg% 301-350	exact base-name match
prefix	1300	Greater Grandmaster's	Greater #% Open Wounds & +#% Enhanced Damage [late; marker=property]	late	111	81		75	2	weap	orb,wand	greater_m_openwounds 100-100; greater_dmg% 500-500	greater_m_openwounds: func1=1/stat1=greater_item_openwounds/val1= | func2=1/stat2=item_greaterAffixMarker/val2= | tooltip=#% Chance of Open Wounds; greater_dmg%: func1=7/stat1=/val1= | tooltip=+#% Enhanced Damage	Grandmaster's	84	#% Open Wounds & +#% Enhanced Damage	86		75	20	openwounds 94-100; dmg% 301-350	exact base-name match
prefix	1301	Greater Grandmaster's	Greater +#% Enhanced Damage & Ethereal & Repairs 1 durability in # seconds [early; marker=property]	early	111	50	65	68	1	weap	orb,wand	greater_m_dmg% 500-500; greater_ethereal 1-1; greater_rep-dur(param=10)	greater_m_dmg%: func1=7/stat1=/val1= | func2=1/stat2=item_greaterAffixMarker/val2= | tooltip=+#% Enhanced Damage; greater_ethereal: func1=23/stat1=/val1= | tooltip=Ethereal; greater_rep-dur: func1=17/stat1=greater_item_replenish_durability/val1= | tooltip=Repairs 1 durability in # seconds	Grandmaster's	84	#% Open Wounds & +#% Enhanced Damage	86		75	20	openwounds 94-100; dmg% 301-350	exact base-name match
prefix	1302	Greater Grandmaster's	Greater +#% Enhanced Damage & Ethereal & Repairs 1 durability in # seconds [mid; marker=property]	mid	111	66	80	68	3	weap	orb,wand	greater_m_dmg% 500-500; greater_ethereal 1-1; greater_rep-dur(param=10)	greater_m_dmg%: func1=7/stat1=/val1= | func2=1/stat2=item_greaterAffixMarker/val2= | tooltip=+#% Enhanced Damage; greater_ethereal: func1=23/stat1=/val1= | tooltip=Ethereal; greater_rep-dur: func1=17/stat1=greater_item_replenish_durability/val1= | tooltip=Repairs 1 durability in # seconds	Grandmaster's	84	#% Open Wounds & +#% Enhanced Damage	86		75	20	openwounds 94-100; dmg% 301-350	exact base-name match
prefix	1303	Greater Grandmaster's	Greater +#% Enhanced Damage & Ethereal & Repairs 1 durability in # seconds [late; marker=property]	late	111	81		68	4	weap	orb,wand	greater_m_dmg% 500-500; greater_ethereal 1-1; greater_rep-dur(param=10)	greater_m_dmg%: func1=7/stat1=/val1= | func2=1/stat2=item_greaterAffixMarker/val2= | tooltip=+#% Enhanced Damage; greater_ethereal: func1=23/stat1=/val1= | tooltip=Ethereal; greater_rep-dur: func1=17/stat1=greater_item_replenish_durability/val1= | tooltip=Repairs 1 durability in # seconds	Grandmaster's	84	#% Open Wounds & +#% Enhanced Damage	86		75	20	openwounds 94-100; dmg% 301-350	exact base-name match
prefix	1304	Greater Godly	Greater +#% Enhanced Defense [early; marker=property]	early	101	50	65	64	37	armo,shld		greater_m_ac% 300-300; greater_red-dmg% 30-30	greater_m_ac%: func1=2/stat1=greater_item_armor_percent/val1= | func2=1/stat2=item_greaterAffixMarker/val2= | tooltip=+#% Enhanced Defense; greater_red-dmg%: func1=1/stat1=greater_damageresist/val1= | tooltip=Damage Reduced by #%	Godly	196	+#% Enhanced Defense	86		64	1100	ac% 201-225	exact base-name match
prefix	1305	Greater Godly	Greater +#% Enhanced Defense [mid; marker=property]	mid	101	66	80	64	73	armo,shld		greater_m_ac% 300-300; greater_red-dmg% 30-30	greater_m_ac%: func1=2/stat1=greater_item_armor_percent/val1= | func2=1/stat2=item_greaterAffixMarker/val2= | tooltip=+#% Enhanced Defense; greater_red-dmg%: func1=1/stat1=greater_damageresist/val1= | tooltip=Damage Reduced by #%	Godly	196	+#% Enhanced Defense	86		64	1100	ac% 201-225	exact base-name match
prefix	1306	Greater Godly	Greater +#% Enhanced Defense [late; marker=property]	late	101	81		64	110	armo,shld		greater_m_ac% 300-300; greater_red-dmg% 30-30	greater_m_ac%: func1=2/stat1=greater_item_armor_percent/val1= | func2=1/stat2=item_greaterAffixMarker/val2= | tooltip=+#% Enhanced Defense; greater_red-dmg%: func1=1/stat1=greater_damageresist/val1= | tooltip=Damage Reduced by #%	Godly	196	+#% Enhanced Defense	86		64	1100	ac% 201-225	exact base-name match
prefix	1307	Greater Godly	Greater +#% Enhanced Defense & Ethereal & Repairs 1 durability in # seconds [early; marker=property]	early	101	50	65	64	1	armo		greater_m_ac% 300-300; greater_ethereal 1-1; greater_rep-dur(param=10)	greater_m_ac%: func1=2/stat1=greater_item_armor_percent/val1= | func2=1/stat2=item_greaterAffixMarker/val2= | tooltip=+#% Enhanced Defense; greater_ethereal: func1=23/stat1=/val1= | tooltip=Ethereal; greater_rep-dur: func1=17/stat1=greater_item_replenish_durability/val1= | tooltip=Repairs 1 durability in # seconds	Godly	196	+#% Enhanced Defense	86		64	1100	ac% 201-225	exact base-name match
prefix	1308	Greater Godly	Greater +#% Enhanced Defense & Ethereal & Repairs 1 durability in # seconds [mid; marker=property]	mid	101	66	80	64	3	armo		greater_m_ac% 300-300; greater_ethereal 1-1; greater_rep-dur(param=10)	greater_m_ac%: func1=2/stat1=greater_item_armor_percent/val1= | func2=1/stat2=item_greaterAffixMarker/val2= | tooltip=+#% Enhanced Defense; greater_ethereal: func1=23/stat1=/val1= | tooltip=Ethereal; greater_rep-dur: func1=17/stat1=greater_item_replenish_durability/val1= | tooltip=Repairs 1 durability in # seconds	Godly	196	+#% Enhanced Defense	86		64	1100	ac% 201-225	exact base-name match
prefix	1309	Greater Godly	Greater +#% Enhanced Defense & Ethereal & Repairs 1 durability in # seconds [late; marker=property]	late	101	81		64	4	armo		greater_m_ac% 300-300; greater_ethereal 1-1; greater_rep-dur(param=10)	greater_m_ac%: func1=2/stat1=greater_item_armor_percent/val1= | func2=1/stat2=item_greaterAffixMarker/val2= | tooltip=+#% Enhanced Defense; greater_ethereal: func1=23/stat1=/val1= | tooltip=Ethereal; greater_rep-dur: func1=17/stat1=greater_item_replenish_durability/val1= | tooltip=Repairs 1 durability in # seconds	Godly	196	+#% Enhanced Defense	86		64	1100	ac% 201-225	exact base-name match
prefix	1310	Greater Godly	Greater +#% Enhanced Defense & Damage Reduced by #% [early; marker=property]	early	101	50	65	71	1	tors,shld		greater_m_ac% 300-300; greater_red-dmg% 30-30	greater_m_ac%: func1=2/stat1=greater_item_armor_percent/val1= | func2=1/stat2=item_greaterAffixMarker/val2= | tooltip=+#% Enhanced Defense; greater_red-dmg%: func1=1/stat1=greater_damageresist/val1= | tooltip=Damage Reduced by #%	Godly	196	+#% Enhanced Defense	86		64	1100	ac% 201-225	exact base-name match
prefix	1311	Greater Godly	Greater +#% Enhanced Defense & Damage Reduced by #% [mid; marker=property]	mid	101	66	80	71	3	tors,shld		greater_m_ac% 300-300; greater_red-dmg% 30-30	greater_m_ac%: func1=2/stat1=greater_item_armor_percent/val1= | func2=1/stat2=item_greaterAffixMarker/val2= | tooltip=+#% Enhanced Defense; greater_red-dmg%: func1=1/stat1=greater_damageresist/val1= | tooltip=Damage Reduced by #%	Godly	196	+#% Enhanced Defense	86		64	1100	ac% 201-225	exact base-name match
prefix	1312	Greater Godly	Greater +#% Enhanced Defense & Damage Reduced by #% [late; marker=property]	late	101	81		71	4	tors,shld		greater_m_ac% 300-300; greater_red-dmg% 30-30	greater_m_ac%: func1=2/stat1=greater_item_armor_percent/val1= | func2=1/stat2=item_greaterAffixMarker/val2= | tooltip=+#% Enhanced Defense; greater_red-dmg%: func1=1/stat1=greater_damageresist/val1= | tooltip=Damage Reduced by #%	Godly	196	+#% Enhanced Defense	86		64	1100	ac% 201-225	exact base-name match
prefix	1313	Greater Antimagic	Greater Magic Resist +#% [early; marker=property]	early	102	50	65	68	3	shld,tors,orb,wand,staf		greater_m_res-mag 30-30	greater_m_res-mag: func1=1/stat1=greater_magicresist/val1= | func2=1/stat2=item_greaterAffixMarker/val2= | tooltip=Magic Resist +#%	Antimagic	549	Magic Resist +#%	86		68	80	res-mag 16-20	exact base-name match
prefix	1314	Greater Antimagic	Greater Magic Resist +#% [mid; marker=property]	mid	102	66	80	68	5	shld,tors,orb,wand,staf		greater_m_res-mag 30-30	greater_m_res-mag: func1=1/stat1=greater_magicresist/val1= | func2=1/stat2=item_greaterAffixMarker/val2= | tooltip=Magic Resist +#%	Antimagic	549	Magic Resist +#%	86		68	80	res-mag 16-20	exact base-name match
prefix	1315	Greater Antimagic	Greater Magic Resist +#% [late; marker=property]	late	102	81		68	8	shld,tors,orb,wand,staf		greater_m_res-mag 30-30	greater_m_res-mag: func1=1/stat1=greater_magicresist/val1= | func2=1/stat2=item_greaterAffixMarker/val2= | tooltip=Magic Resist +#%	Antimagic	549	Magic Resist +#%	86		68	80	res-mag 16-20	exact base-name match
prefix	1316	Greater Bloody	Greater +# to Minimum Damage & +# to Maximum Damage [early; marker=property]	early	103	50	65	75	3	jewl		greater_m_dmg-min 12-12; greater_dmg-max 24-24	greater_m_dmg-min: func1=5/stat1=/val1= | func2=1/stat2=item_greaterAffixMarker/val2= | tooltip=+# to Minimum Damage; greater_dmg-max: func1=6/stat1=/val1= | tooltip=+# to Maximum Damage	Bloody	161	+# to Minimum Damage & +# to Maximum Damage	86		75	80	dmg-min 6-8; dmg-max 13-15	exact base-name match
prefix	1317	Greater Bloody	Greater +# to Minimum Damage & +# to Maximum Damage [mid; marker=property]	mid	103	66	80	75	5	jewl		greater_m_dmg-min 12-12; greater_dmg-max 24-24	greater_m_dmg-min: func1=5/stat1=/val1= | func2=1/stat2=item_greaterAffixMarker/val2= | tooltip=+# to Minimum Damage; greater_dmg-max: func1=6/stat1=/val1= | tooltip=+# to Maximum Damage	Bloody	161	+# to Minimum Damage & +# to Maximum Damage	86		75	80	dmg-min 6-8; dmg-max 13-15	exact base-name match
prefix	1318	Greater Bloody	Greater +# to Minimum Damage & +# to Maximum Damage [late; marker=property]	late	103	81		75	8	jewl		greater_m_dmg-min 12-12; greater_dmg-max 24-24	greater_m_dmg-min: func1=5/stat1=/val1= | func2=1/stat2=item_greaterAffixMarker/val2= | tooltip=+# to Minimum Damage; greater_dmg-max: func1=6/stat1=/val1= | tooltip=+# to Maximum Damage	Bloody	161	+# to Minimum Damage & +# to Maximum Damage	86		75	80	dmg-min 6-8; dmg-max 13-15	exact base-name match
prefix	1319	Greater Bloody	Greater +# to Minimum Damage & +# to Maximum Damage [early; marker=property]	early	103	50	65	75	1	lcha		greater_m_dmg-min 12-12; greater_dmg-max 24-24	greater_m_dmg-min: func1=5/stat1=/val1= | func2=1/stat2=item_greaterAffixMarker/val2= | tooltip=+# to Minimum Damage; greater_dmg-max: func1=6/stat1=/val1= | tooltip=+# to Maximum Damage	Bloody	1083	+# to Minimum Damage & +# to Maximum Damage	86		75	30	dmg-min 6-8; dmg-max 13-15	exact base-name match
prefix	1320	Greater Bloody	Greater +# to Minimum Damage & +# to Maximum Damage [mid; marker=property]	mid	103	66	80	75	2	lcha		greater_m_dmg-min 12-12; greater_dmg-max 24-24	greater_m_dmg-min: func1=5/stat1=/val1= | func2=1/stat2=item_greaterAffixMarker/val2= | tooltip=+# to Minimum Damage; greater_dmg-max: func1=6/stat1=/val1= | tooltip=+# to Maximum Damage	Bloody	1083	+# to Minimum Damage & +# to Maximum Damage	86		75	30	dmg-min 6-8; dmg-max 13-15	exact base-name match
prefix	1321	Greater Bloody	Greater +# to Minimum Damage & +# to Maximum Damage [late; marker=property]	late	103	81		75	3	lcha		greater_m_dmg-min 12-12; greater_dmg-max 24-24	greater_m_dmg-min: func1=5/stat1=/val1= | func2=1/stat2=item_greaterAffixMarker/val2= | tooltip=+# to Minimum Damage; greater_dmg-max: func1=6/stat1=/val1= | tooltip=+# to Maximum Damage	Bloody	1083	+# to Minimum Damage & +# to Maximum Damage	86		75	30	dmg-min 6-8; dmg-max 13-15	exact base-name match
prefix	1322	Greater Vermillion	Greater +# to Maximum Damage [early; marker=property]	early	104	50	65	43	3	jewl		greater_m_dmg-max 20-20	greater_m_dmg-max: func1=6/stat1=/val1= | func2=1/stat2=item_greaterAffixMarker/val2= | tooltip=+# to Maximum Damage	Vermillion	157	+# to Maximum Damage	58		43	80	dmg-max 11-15	exact base-name match
prefix	1323	Greater Vermillion	Greater +# to Maximum Damage [mid; marker=property]	mid	104	66	80	43	5	jewl		greater_m_dmg-max 20-20	greater_m_dmg-max: func1=6/stat1=/val1= | func2=1/stat2=item_greaterAffixMarker/val2= | tooltip=+# to Maximum Damage	Vermillion	157	+# to Maximum Damage	58		43	80	dmg-max 11-15	exact base-name match
prefix	1324	Greater Vermillion	Greater +# to Maximum Damage [late; marker=property]	late	104	81		43	8	jewl		greater_m_dmg-max 20-20	greater_m_dmg-max: func1=6/stat1=/val1= | func2=1/stat2=item_greaterAffixMarker/val2= | tooltip=+# to Maximum Damage	Vermillion	157	+# to Maximum Damage	58		43	80	dmg-max 11-15	exact base-name match
prefix	1325	Greater Serrated	Greater +#% Enhanced Damage [early; marker=property]	early	104	50	65	69	1	lcha		greater_m_dmg% 35-35	greater_m_dmg%: func1=7/stat1=/val1= | func2=1/stat2=item_greaterAffixMarker/val2= | tooltip=+#% Enhanced Damage	Serrated	1054	+#% Enhanced Damage	81		69	30	dmg% 20-25	exact base-name match
prefix	1326	Greater Serrated	Greater +#% Enhanced Damage [mid; marker=property]	mid	104	66	80	69	2	lcha		greater_m_dmg% 35-35	greater_m_dmg%: func1=7/stat1=/val1= | func2=1/stat2=item_greaterAffixMarker/val2= | tooltip=+#% Enhanced Damage	Serrated	1054	+#% Enhanced Damage	81		69	30	dmg% 20-25	exact base-name match
prefix	1327	Greater Serrated	Greater +#% Enhanced Damage [late; marker=property]	late	104	81		69	3	lcha		greater_m_dmg% 35-35	greater_m_dmg%: func1=7/stat1=/val1= | func2=1/stat2=item_greaterAffixMarker/val2= | tooltip=+#% Enhanced Damage	Serrated	1054	+#% Enhanced Damage	81		69	30	dmg% 20-25	exact base-name match
prefix	1328	Greater Gritty	Greater +# to Maximum Damage (Based on Character Level) [early; marker=property]	early	105	50	65	55	5	weap	orb,wand,orb	greater_m_dmg/lvl(param=21)	greater_m_dmg/lvl: func1=17/stat1=item_maxdamage_perlevel/val1= | func2=1/stat2=item_greaterAffixMarker/val2= | tooltip=+# to Maximum Damage (Based on Character Level)	Gritty	172	+# to Maximum Damage (Based on Character Level)	75		55	140	dmg/lvl(param=16)	exact base-name match
prefix	1329	Greater Gritty	Greater +# to Maximum Damage (Based on Character Level) [mid; marker=property]	mid	105	66	80	55	9	weap	orb,wand,orb	greater_m_dmg/lvl(param=21)	greater_m_dmg/lvl: func1=17/stat1=item_maxdamage_perlevel/val1= | func2=1/stat2=item_greaterAffixMarker/val2= | tooltip=+# to Maximum Damage (Based on Character Level)	Gritty	172	+# to Maximum Damage (Based on Character Level)	75		55	140	dmg/lvl(param=16)	exact base-name match
prefix	1330	Greater Gritty	Greater +# to Maximum Damage (Based on Character Level) [late; marker=property]	late	105	81		55	14	weap	orb,wand,orb	greater_m_dmg/lvl(param=21)	greater_m_dmg/lvl: func1=17/stat1=item_maxdamage_perlevel/val1= | func2=1/stat2=item_greaterAffixMarker/val2= | tooltip=+# to Maximum Damage (Based on Character Level)	Gritty	172	+# to Maximum Damage (Based on Character Level)	75		55	140	dmg/lvl(param=16)	exact base-name match
prefix	1331	Greater Vicious	Greater +#% Enhanced Damage [early; marker=property]	early	105	50	65	54	8	circ		greater_m_dmg% 52-52	greater_m_dmg%: func1=7/stat1=/val1= | func2=1/stat2=item_greaterAffixMarker/val2= | tooltip=+#% Enhanced Damage	Vicious	18	+#% Enhanced Damage	70		54	240	dmg% 26-40	exact base-name match
prefix	1332	Greater Vicious	Greater +#% Enhanced Damage [mid; marker=property]	mid	105	66	80	54	16	circ		greater_m_dmg% 52-52	greater_m_dmg%: func1=7/stat1=/val1= | func2=1/stat2=item_greaterAffixMarker/val2= | tooltip=+#% Enhanced Damage	Vicious	18	+#% Enhanced Damage	70		54	240	dmg% 26-40	exact base-name match
prefix	1333	Greater Vicious	Greater +#% Enhanced Damage [late; marker=property]	late	105	81		54	24	circ		greater_m_dmg% 52-52	greater_m_dmg%: func1=7/stat1=/val1= | func2=1/stat2=item_greaterAffixMarker/val2= | tooltip=+#% Enhanced Damage	Vicious	18	+#% Enhanced Damage	70		54	240	dmg% 26-40	exact base-name match
prefix	1334	Greater Ruby	Greater +#% Enhanced Damage [early; marker=property]	early	105	50	65	49	3	jewl		greater_m_dmg% 52-52	greater_m_dmg%: func1=7/stat1=/val1= | func2=1/stat2=item_greaterAffixMarker/val2= | tooltip=+#% Enhanced Damage	Ruby	23	+#% Enhanced Damage	66		49	100	dmg% 31-40	exact base-name match
prefix	1335	Greater Ruby	Greater +#% Enhanced Damage [mid; marker=property]	mid	105	66	80	49	7	jewl		greater_m_dmg% 52-52	greater_m_dmg%: func1=7/stat1=/val1= | func2=1/stat2=item_greaterAffixMarker/val2= | tooltip=+#% Enhanced Damage	Ruby	23	+#% Enhanced Damage	66		49	100	dmg% 31-40	exact base-name match
prefix	1336	Greater Ruby	Greater +#% Enhanced Damage [late; marker=property]	late	105	81		49	10	jewl		greater_m_dmg% 52-52	greater_m_dmg%: func1=7/stat1=/val1= | func2=1/stat2=item_greaterAffixMarker/val2= | tooltip=+#% Enhanced Damage	Ruby	23	+#% Enhanced Damage	66		49	100	dmg% 31-40	exact base-name match
prefix	1337	Greater Vulpine	Greater #% Damage Taken Goes To Mana [early; marker=property]	early	107	50	65	5	2	shld,amul,orb,staf		greater_m_dmg-to-mana 20-20	greater_m_dmg-to-mana: func1=1/stat1=greater_item_damagetomana/val1= | func2=1/stat2=item_greaterAffixMarker/val2= | tooltip=#% Damage Taken Goes To Mana	Vulpine	524	#% Damage Taken Goes To Mana	9		5	60	dmg-to-mana 7-12	exact base-name match
prefix	1338	Greater Vulpine	Greater #% Damage Taken Goes To Mana [mid; marker=property]	mid	107	66	80	5	4	shld,amul,orb,staf		greater_m_dmg-to-mana 20-20	greater_m_dmg-to-mana: func1=1/stat1=greater_item_damagetomana/val1= | func2=1/stat2=item_greaterAffixMarker/val2= | tooltip=#% Damage Taken Goes To Mana	Vulpine	524	#% Damage Taken Goes To Mana	9		5	60	dmg-to-mana 7-12	exact base-name match
prefix	1339	Greater Vulpine	Greater #% Damage Taken Goes To Mana [late; marker=property]	late	107	81		5	6	shld,amul,orb,staf		greater_m_dmg-to-mana 20-20	greater_m_dmg-to-mana: func1=1/stat1=greater_item_damagetomana/val1= | func2=1/stat2=item_greaterAffixMarker/val2= | tooltip=#% Damage Taken Goes To Mana	Vulpine	524	#% Damage Taken Goes To Mana	9		5	60	dmg-to-mana 7-12	exact base-name match
prefix	1340	Greater Dun	Greater #% Damage Taken Goes To Mana [early; marker=property]	early	107	50	65	4	2	jewl		greater_m_dmg-to-mana 20-20	greater_m_dmg-to-mana: func1=1/stat1=greater_item_damagetomana/val1= | func2=1/stat2=item_greaterAffixMarker/val2= | tooltip=#% Damage Taken Goes To Mana	Dun	526	#% Damage Taken Goes To Mana	7		4	60	dmg-to-mana 7-12	exact base-name match
prefix	1341	Greater Dun	Greater #% Damage Taken Goes To Mana [mid; marker=property]	mid	107	66	80	4	4	jewl		greater_m_dmg-to-mana 20-20	greater_m_dmg-to-mana: func1=1/stat1=greater_item_damagetomana/val1= | func2=1/stat2=item_greaterAffixMarker/val2= | tooltip=#% Damage Taken Goes To Mana	Dun	526	#% Damage Taken Goes To Mana	7		4	60	dmg-to-mana 7-12	exact base-name match
prefix	1342	Greater Dun	Greater #% Damage Taken Goes To Mana [late; marker=property]	late	107	81		4	6	jewl		greater_m_dmg-to-mana 20-20	greater_m_dmg-to-mana: func1=1/stat1=greater_item_damagetomana/val1= | func2=1/stat2=item_greaterAffixMarker/val2= | tooltip=#% Damage Taken Goes To Mana	Dun	526	#% Damage Taken Goes To Mana	7		4	60	dmg-to-mana 7-12	exact base-name match
prefix	1343	Greater Weird	Greater +# to Attack Rating [early; marker=property]	early	110	50	65	34	3	weap	orb,wand	greater_m_att 450-450	greater_m_att: func1=1/stat1=greater_tohit/val1= | func2=1/stat2=item_greaterAffixMarker/val2= | tooltip=+# to Attack Rating	Weird	134	+# to Attack Rating	44		34	80	att 301-450	exact base-name match
prefix	1344	Greater Weird	Greater +# to Attack Rating [mid; marker=property]	mid	110	66	80	34	5	weap	orb,wand	greater_m_att 450-450	greater_m_att: func1=1/stat1=greater_tohit/val1= | func2=1/stat2=item_greaterAffixMarker/val2= | tooltip=+# to Attack Rating	Weird	134	+# to Attack Rating	44		34	80	att 301-450	exact base-name match
prefix	1345	Greater Weird	Greater +# to Attack Rating [late; marker=property]	late	110	81		34	8	weap	orb,wand	greater_m_att 450-450	greater_m_att: func1=1/stat1=greater_tohit/val1= | func2=1/stat2=item_greaterAffixMarker/val2= | tooltip=+# to Attack Rating	Weird	134	+# to Attack Rating	44		34	80	att 301-450	exact base-name match
prefix	1346	Greater Gold	Greater +# to Attack Rating [early; marker=property]	early	110	50	65	14	4	weap,ring,circ,glov,amul	orb,wand	greater_m_att 450-450	greater_m_att: func1=1/stat1=greater_tohit/val1= | func2=1/stat2=item_greaterAffixMarker/val2= | tooltip=+# to Attack Rating	Gold	128	+# to Attack Rating	19		14	120	att 81-100	exact base-name match
prefix	1347	Greater Gold	Greater +# to Attack Rating [mid; marker=property]	mid	110	66	80	14	8	weap,ring,circ,glov,amul	orb,wand	greater_m_att 450-450	greater_m_att: func1=1/stat1=greater_tohit/val1= | func2=1/stat2=item_greaterAffixMarker/val2= | tooltip=+# to Attack Rating	Gold	128	+# to Attack Rating	19		14	120	att 81-100	exact base-name match
prefix	1348	Greater Gold	Greater +# to Attack Rating [late; marker=property]	late	110	81		14	12	weap,ring,circ,glov,amul	orb,wand	greater_m_att 450-450	greater_m_att: func1=1/stat1=greater_tohit/val1= | func2=1/stat2=item_greaterAffixMarker/val2= | tooltip=+# to Attack Rating	Gold	128	+# to Attack Rating	19		14	120	att 81-100	exact base-name match
prefix	1349	Greater Platinum	Greater +# to Attack Rating [early; marker=property]	early	110	50	65	19	4	weap,ring,circ	orb,wand	greater_m_att 450-450	greater_m_att: func1=1/stat1=greater_tohit/val1= | func2=1/stat2=item_greaterAffixMarker/val2= | tooltip=+# to Attack Rating	Platinum	130	+# to Attack Rating	25		19	120	att 101-125	exact base-name match
prefix	1350	Greater Platinum	Greater +# to Attack Rating [mid; marker=property]	mid	110	66	80	19	8	weap,ring,circ	orb,wand	greater_m_att 450-450	greater_m_att: func1=1/stat1=greater_tohit/val1= | func2=1/stat2=item_greaterAffixMarker/val2= | tooltip=+# to Attack Rating	Platinum	130	+# to Attack Rating	25		19	120	att 101-125	exact base-name match
prefix	1351	Greater Platinum	Greater +# to Attack Rating [late; marker=property]	late	110	81		19	12	weap,ring,circ	orb,wand	greater_m_att 450-450	greater_m_att: func1=1/stat1=greater_tohit/val1= | func2=1/stat2=item_greaterAffixMarker/val2= | tooltip=+# to Attack Rating	Platinum	130	+# to Attack Rating	25		19	120	att 101-125	exact base-name match
prefix	1352	Greater Argent	Greater +# to Attack Rating [early; marker=property]	early	110	50	65	31	3	jewl		greater_m_att 450-450	greater_m_att: func1=1/stat1=greater_tohit/val1= | func2=1/stat2=item_greaterAffixMarker/val2= | tooltip=+# to Attack Rating	Argent	139	+# to Attack Rating	44		31	80	att 61-100	exact base-name match
prefix	1353	Greater Argent	Greater +# to Attack Rating [mid; marker=property]	mid	110	66	80	31	5	jewl		greater_m_att 450-450	greater_m_att: func1=1/stat1=greater_tohit/val1= | func2=1/stat2=item_greaterAffixMarker/val2= | tooltip=+# to Attack Rating	Argent	139	+# to Attack Rating	44		31	80	att 61-100	exact base-name match
prefix	1354	Greater Argent	Greater +# to Attack Rating [late; marker=property]	late	110	81		31	8	jewl		greater_m_att 450-450	greater_m_att: func1=1/stat1=greater_tohit/val1= | func2=1/stat2=item_greaterAffixMarker/val2= | tooltip=+# to Attack Rating	Argent	139	+# to Attack Rating	44		31	80	att 61-100	exact base-name match
prefix	1355	Greater Steel	Greater +# to Attack Rating [early; marker=property]	early	110	50	65	69	2	lcha		greater_m_att 450-450	greater_m_att: func1=1/stat1=greater_tohit/val1= | func2=1/stat2=item_greaterAffixMarker/val2= | tooltip=+# to Attack Rating	Steel	1064	+# to Attack Rating	81		69	60	att 118-132	exact base-name match
prefix	1356	Greater Steel	Greater +# to Attack Rating [mid; marker=property]	mid	110	66	80	69	4	lcha		greater_m_att 450-450	greater_m_att: func1=1/stat1=greater_tohit/val1= | func2=1/stat2=item_greaterAffixMarker/val2= | tooltip=+# to Attack Rating	Steel	1064	+# to Attack Rating	81		69	60	att 118-132	exact base-name match
prefix	1357	Greater Steel	Greater +# to Attack Rating [late; marker=property]	late	110	81		69	6	lcha		greater_m_att 450-450	greater_m_att: func1=1/stat1=greater_tohit/val1= | func2=1/stat2=item_greaterAffixMarker/val2= | tooltip=+# to Attack Rating	Steel	1064	+# to Attack Rating	81		69	60	att 118-132	exact base-name match
prefix	1358	Greater Fortuitous	Greater #% Better Chance of Getting Magic Items [early; marker=property]	early	114	50	65	7	3	ring,amul,circ		greater_m_mag% 35-35	greater_m_mag%: func1=1/stat1=greater_item_magicbonus/val1= | func2=1/stat2=item_greaterAffixMarker/val2= | tooltip=#% Better Chance of Getting Magic Items	Fortuitous	532	#% Better Chance of Getting Magic Items	12		7	80	mag% 11-15	exact base-name match
prefix	1359	Greater Fortuitous	Greater #% Better Chance of Getting Magic Items [mid; marker=property]	mid	114	66	80	7	5	ring,amul,circ		greater_m_mag% 35-35	greater_m_mag%: func1=1/stat1=greater_item_magicbonus/val1= | func2=1/stat2=item_greaterAffixMarker/val2= | tooltip=#% Better Chance of Getting Magic Items	Fortuitous	532	#% Better Chance of Getting Magic Items	12		7	80	mag% 11-15	exact base-name match
prefix	1360	Greater Fortuitous	Greater #% Better Chance of Getting Magic Items [late; marker=property]	late	114	81		7	8	ring,amul,circ		greater_m_mag% 35-35	greater_m_mag%: func1=1/stat1=greater_item_magicbonus/val1= | func2=1/stat2=item_greaterAffixMarker/val2= | tooltip=#% Better Chance of Getting Magic Items	Fortuitous	532	#% Better Chance of Getting Magic Items	12		7	80	mag% 11-15	exact base-name match
prefix	1361	Greater Emerald	Greater #% Better Chance of Getting Magic Items [early; marker=property]	early	114	50	65	10	3	jewl		greater_m_mag% 35-35	greater_m_mag%: func1=1/stat1=greater_item_magicbonus/val1= | func2=1/stat2=item_greaterAffixMarker/val2= | tooltip=#% Better Chance of Getting Magic Items	Emerald	534	#% Better Chance of Getting Magic Items	16		10	80	mag% 3-7	exact base-name match
prefix	1362	Greater Emerald	Greater #% Better Chance of Getting Magic Items [mid; marker=property]	mid	114	66	80	10	5	jewl		greater_m_mag% 35-35	greater_m_mag%: func1=1/stat1=greater_item_magicbonus/val1= | func2=1/stat2=item_greaterAffixMarker/val2= | tooltip=#% Better Chance of Getting Magic Items	Emerald	534	#% Better Chance of Getting Magic Items	16		10	80	mag% 3-7	exact base-name match
prefix	1363	Greater Emerald	Greater #% Better Chance of Getting Magic Items [late; marker=property]	late	114	81		10	8	jewl		greater_m_mag% 35-35	greater_m_mag%: func1=1/stat1=greater_item_magicbonus/val1= | func2=1/stat2=item_greaterAffixMarker/val2= | tooltip=#% Better Chance of Getting Magic Items	Emerald	534	#% Better Chance of Getting Magic Items	16		10	80	mag% 3-7	exact base-name match
prefix	1364	Greater Lucky	Greater #% Better Chance of Getting Magic Items [early; marker=property]	early	114	50	65	43	2	lcha		greater_m_mag% 35-35; greater_gold% 70-70	greater_m_mag%: func1=1/stat1=greater_item_magicbonus/val1= | func2=1/stat2=item_greaterAffixMarker/val2= | tooltip=#% Better Chance of Getting Magic Items; greater_gold%: func1=1/stat1=greater_item_goldbonus/val1= | tooltip=#% Extra Gold from Monsters	Lucky	1178	#% Better Chance of Getting Magic Items	55		43	60	mag% 20-25; gold% 40-50	exact base-name match
prefix	1365	Greater Lucky	Greater #% Better Chance of Getting Magic Items [mid; marker=property]	mid	114	66	80	43	4	lcha		greater_m_mag% 35-35; greater_gold% 70-70	greater_m_mag%: func1=1/stat1=greater_item_magicbonus/val1= | func2=1/stat2=item_greaterAffixMarker/val2= | tooltip=#% Better Chance of Getting Magic Items; greater_gold%: func1=1/stat1=greater_item_goldbonus/val1= | tooltip=#% Extra Gold from Monsters	Lucky	1178	#% Better Chance of Getting Magic Items	55		43	60	mag% 20-25; gold% 40-50	exact base-name match
prefix	1366	Greater Lucky	Greater #% Better Chance of Getting Magic Items [late; marker=property]	late	114	81		43	6	lcha		greater_m_mag% 35-35; greater_gold% 70-70	greater_m_mag%: func1=1/stat1=greater_item_magicbonus/val1= | func2=1/stat2=item_greaterAffixMarker/val2= | tooltip=#% Better Chance of Getting Magic Items; greater_gold%: func1=1/stat1=greater_item_goldbonus/val1= | tooltip=#% Extra Gold from Monsters	Lucky	1178	#% Better Chance of Getting Magic Items	55		43	60	mag% 20-25; gold% 40-50	exact base-name match
prefix	1367	Greater Serpent's	Greater +# to Mana [early; marker=property]	early	115	50	65	23	1	tors,boot,glov,weap,orb	rod	greater_m_mana 85-85	greater_m_mana: func1=1/stat1=greater_maxmana/val1= | func2=1/stat2=item_greaterAffixMarker/val2= | tooltip=+# to Mana	Serpent's	503	+# to Mana	37		23	40	mana 11-20	exact base-name match
prefix	1368	Greater Serpent's	Greater +# to Mana [mid; marker=property]	mid	115	66	80	23	3	tors,boot,glov,weap,orb	rod	greater_m_mana 85-85	greater_m_mana: func1=1/stat1=greater_maxmana/val1= | func2=1/stat2=item_greaterAffixMarker/val2= | tooltip=+# to Mana	Serpent's	503	+# to Mana	37		23	40	mana 11-20	exact base-name match
prefix	1369	Greater Serpent's	Greater +# to Mana [late; marker=property]	late	115	81		23	4	tors,boot,glov,weap,orb	rod	greater_m_mana 85-85	greater_m_mana: func1=1/stat1=greater_maxmana/val1= | func2=1/stat2=item_greaterAffixMarker/val2= | tooltip=+# to Mana	Serpent's	503	+# to Mana	37		23	40	mana 11-20	exact base-name match
prefix	1370	Greater Bahamut's	Greater +# to Mana [early; marker=property]	early	115	50	65	31	1	rod,ring,amul,orb,circ		greater_m_mana 85-85	greater_m_mana: func1=1/stat1=greater_maxmana/val1= | func2=1/stat2=item_greaterAffixMarker/val2= | tooltip=+# to Mana	Bahamut's	511	+# to Mana	45		31	40	mana 91-120	exact base-name match
prefix	1371	Greater Bahamut's	Greater +# to Mana [mid; marker=property]	mid	115	66	80	31	3	rod,ring,amul,orb,circ		greater_m_mana 85-85	greater_m_mana: func1=1/stat1=greater_maxmana/val1= | func2=1/stat2=item_greaterAffixMarker/val2= | tooltip=+# to Mana	Bahamut's	511	+# to Mana	45		31	40	mana 91-120	exact base-name match
prefix	1372	Greater Bahamut's	Greater +# to Mana [late; marker=property]	late	115	81		31	4	rod,ring,amul,orb,circ		greater_m_mana 85-85	greater_m_mana: func1=1/stat1=greater_maxmana/val1= | func2=1/stat2=item_greaterAffixMarker/val2= | tooltip=+# to Mana	Bahamut's	511	+# to Mana	45		31	40	mana 91-120	exact base-name match
prefix	1373	Greater Serpent's	Greater +# to Mana [early; marker=property]	early	115	1	65	9	2	shld,rod,belt,ring,amul,circ		greater_m_mana 85-85	greater_m_mana: func1=1/stat1=greater_maxmana/val1= | func2=1/stat2=item_greaterAffixMarker/val2= | tooltip=+# to Mana	Serpent's	501	+# to Mana	14		9	60	mana 11-20	exact base-name match
prefix	1374	Greater Serpent's	Greater +# to Mana [mid; marker=property]	mid	115	66	80	9	4	shld,rod,belt,ring,amul,circ		greater_m_mana 85-85	greater_m_mana: func1=1/stat1=greater_maxmana/val1= | func2=1/stat2=item_greaterAffixMarker/val2= | tooltip=+# to Mana	Serpent's	501	+# to Mana	14		9	60	mana 11-20	exact base-name match
prefix	1375	Greater Serpent's	Greater +# to Mana [late; marker=property]	late	115	81		9	6	shld,rod,belt,ring,amul,circ		greater_m_mana 85-85	greater_m_mana: func1=1/stat1=greater_maxmana/val1= | func2=1/stat2=item_greaterAffixMarker/val2= | tooltip=+# to Mana	Serpent's	501	+# to Mana	14		9	60	mana 11-20	exact base-name match
prefix	1376	Greater Dragon's	Greater +# to Mana [early; marker=property]	early	115	50	65	33	1	tors,boot,glov		greater_m_mana 85-85	greater_m_mana: func1=1/stat1=greater_maxmana/val1= | func2=1/stat2=item_greaterAffixMarker/val2= | tooltip=+# to Mana	Dragon's	507	+# to Mana	52		33	40	mana 31-40	exact base-name match
prefix	1377	Greater Dragon's	Greater +# to Mana [mid; marker=property]	mid	115	66	80	33	3	tors,boot,glov		greater_m_mana 85-85	greater_m_mana: func1=1/stat1=greater_maxmana/val1= | func2=1/stat2=item_greaterAffixMarker/val2= | tooltip=+# to Mana	Dragon's	507	+# to Mana	52		33	40	mana 31-40	exact base-name match
prefix	1378	Greater Dragon's	Greater +# to Mana [late; marker=property]	late	115	81		33	4	tors,boot,glov		greater_m_mana 85-85	greater_m_mana: func1=1/stat1=greater_maxmana/val1= | func2=1/stat2=item_greaterAffixMarker/val2= | tooltip=+# to Mana	Dragon's	507	+# to Mana	52		33	40	mana 31-40	exact base-name match
prefix	1379	Greater Turquoise	Greater +# to Mana [early; marker=property]	early	115	50	65	18	1	jewl		greater_m_mana 85-85	greater_m_mana: func1=1/stat1=greater_maxmana/val1= | func2=1/stat2=item_greaterAffixMarker/val2= | tooltip=+# to Mana	Turquoise	515	+# to Mana	29		18	40	mana 16-20	exact base-name match
prefix	1380	Greater Turquoise	Greater +# to Mana [mid; marker=property]	mid	115	66	80	18	3	jewl		greater_m_mana 85-85	greater_m_mana: func1=1/stat1=greater_maxmana/val1= | func2=1/stat2=item_greaterAffixMarker/val2= | tooltip=+# to Mana	Turquoise	515	+# to Mana	29		18	40	mana 16-20	exact base-name match
prefix	1381	Greater Turquoise	Greater +# to Mana [late; marker=property]	late	115	81		18	4	jewl		greater_m_mana 85-85	greater_m_mana: func1=1/stat1=greater_maxmana/val1= | func2=1/stat2=item_greaterAffixMarker/val2= | tooltip=+# to Mana	Turquoise	515	+# to Mana	29		18	40	mana 16-20	exact base-name match
prefix	1382	Greater Mnemonic	Greater +# to Mana (Based on Character Level) [early; marker=property]	early	115	50	65	15	1	helm		greater_m_mana/lvl(param=8)	greater_m_mana/lvl: func1=17/stat1=greater_item_mana_perlevel/val1= | func2=1/stat2=item_greaterAffixMarker/val2= | tooltip=+# to Mana (Based on Character Level)	Mnemonic	517	+# to Mana (Based on Character Level)	25		15	20	mana/lvl(param=6)	exact base-name match
prefix	1383	Greater Mnemonic	Greater +# to Mana (Based on Character Level) [mid; marker=property]	mid	115	66	80	15	1	helm		greater_m_mana/lvl(param=8)	greater_m_mana/lvl: func1=17/stat1=greater_item_mana_perlevel/val1= | func2=1/stat2=item_greaterAffixMarker/val2= | tooltip=+# to Mana (Based on Character Level)	Mnemonic	517	+# to Mana (Based on Character Level)	25		15	20	mana/lvl(param=6)	exact base-name match
prefix	1384	Greater Mnemonic	Greater +# to Mana (Based on Character Level) [late; marker=property]	late	115	81		15	2	helm		greater_m_mana/lvl(param=8)	greater_m_mana/lvl: func1=17/stat1=greater_item_mana_perlevel/val1= | func2=1/stat2=item_greaterAffixMarker/val2= | tooltip=+# to Mana (Based on Character Level)	Mnemonic	517	+# to Mana (Based on Character Level)	25		15	20	mana/lvl(param=6)	exact base-name match
prefix	1385	Greater Serpent's	Greater +# to Mana [early; marker=property]	early	115	50	65	72	1	lcha		greater_m_mana 85-85	greater_m_mana: func1=1/stat1=greater_maxmana/val1= | func2=1/stat2=item_greaterAffixMarker/val2= | tooltip=+# to Mana	Serpent's	1174	+# to Mana	85		72	30	mana 53-59	exact base-name match
prefix	1386	Greater Serpent's	Greater +# to Mana [mid; marker=property]	mid	115	66	80	72	2	lcha		greater_m_mana 85-85	greater_m_mana: func1=1/stat1=greater_maxmana/val1= | func2=1/stat2=item_greaterAffixMarker/val2= | tooltip=+# to Mana	Serpent's	1174	+# to Mana	85		72	30	mana 53-59	exact base-name match
prefix	1387	Greater Serpent's	Greater +# to Mana [late; marker=property]	late	115	81		72	3	lcha		greater_m_mana 85-85	greater_m_mana: func1=1/stat1=greater_maxmana/val1= | func2=1/stat2=item_greaterAffixMarker/val2= | tooltip=+# to Mana	Serpent's	1174	+# to Mana	85		72	30	mana 53-59	exact base-name match
prefix	1388	Greater Chromatic	Greater All Resistances +# [early; marker=property]	early	116	50	65	35	2	amul,circ		greater_m_res-all 40-40	greater_m_res-all: func1=1/stat1=greater_fireresist/val1= | func2=3/stat2=greater_lightresist/val2= | func3=3/stat3=greater_coldresist/val3= | func4=3/stat4=greater_poisonresist/val4= | func5=1/stat5=item_greaterAffixMarker/val5= | tooltip=All Resistances +#	Chromatic	490	All Resistances +#	55		35	60	res-all 21-30	exact base-name match
prefix	1389	Greater Chromatic	Greater All Resistances +# [mid; marker=property]	mid	116	66	80	35	4	amul,circ		greater_m_res-all 40-40	greater_m_res-all: func1=1/stat1=greater_fireresist/val1= | func2=3/stat2=greater_lightresist/val2= | func3=3/stat3=greater_coldresist/val3= | func4=3/stat4=greater_poisonresist/val4= | func5=1/stat5=item_greaterAffixMarker/val5= | tooltip=All Resistances +#	Chromatic	490	All Resistances +#	55		35	60	res-all 21-30	exact base-name match
prefix	1390	Greater Chromatic	Greater All Resistances +# [late; marker=property]	late	116	81		35	6	amul,circ		greater_m_res-all 40-40	greater_m_res-all: func1=1/stat1=greater_fireresist/val1= | func2=3/stat2=greater_lightresist/val2= | func3=3/stat3=greater_coldresist/val3= | func4=3/stat4=greater_poisonresist/val4= | func5=1/stat5=item_greaterAffixMarker/val5= | tooltip=All Resistances +#	Chromatic	490	All Resistances +#	55		35	60	res-all 21-30	exact base-name match
prefix	1391	Greater Chromatic	Greater All Resistances +# [early; marker=property]	early	116	50	65	36	3	shld		greater_m_res-all 40-40	greater_m_res-all: func1=1/stat1=greater_fireresist/val1= | func2=3/stat2=greater_lightresist/val2= | func3=3/stat3=greater_coldresist/val3= | func4=3/stat4=greater_poisonresist/val4= | func5=1/stat5=item_greaterAffixMarker/val5= | tooltip=All Resistances +#	Chromatic	484	All Resistances +#	50		36	80	res-all 21-30	exact base-name match
prefix	1392	Greater Chromatic	Greater All Resistances +# [mid; marker=property]	mid	116	66	80	36	5	shld		greater_m_res-all 40-40	greater_m_res-all: func1=1/stat1=greater_fireresist/val1= | func2=3/stat2=greater_lightresist/val2= | func3=3/stat3=greater_coldresist/val3= | func4=3/stat4=greater_poisonresist/val4= | func5=1/stat5=item_greaterAffixMarker/val5= | tooltip=All Resistances +#	Chromatic	484	All Resistances +#	50		36	80	res-all 21-30	exact base-name match
prefix	1393	Greater Chromatic	Greater All Resistances +# [late; marker=property]	late	116	81		36	8	shld		greater_m_res-all 40-40	greater_m_res-all: func1=1/stat1=greater_fireresist/val1= | func2=3/stat2=greater_lightresist/val2= | func3=3/stat3=greater_coldresist/val3= | func4=3/stat4=greater_poisonresist/val4= | func5=1/stat5=item_greaterAffixMarker/val5= | tooltip=All Resistances +#	Chromatic	484	All Resistances +#	50		36	80	res-all 21-30	exact base-name match
prefix	1394	Greater Scintillating	Greater All Resistances +# [early; marker=property]	early	116	50	65	22	1	jewl		greater_m_res-all 25-25	greater_m_res-all: func1=1/stat1=greater_fireresist/val1= | func2=3/stat2=greater_lightresist/val2= | func3=3/stat3=greater_coldresist/val3= | func4=3/stat4=greater_poisonresist/val4= | func5=1/stat5=item_greaterAffixMarker/val5= | tooltip=All Resistances +#	Scintillating	497	All Resistances +#	34		22	20	res-all 11-15	exact base-name match
prefix	1395	Greater Scintillating	Greater All Resistances +# [mid; marker=property]	mid	116	66	80	22	1	jewl		greater_m_res-all 25-25	greater_m_res-all: func1=1/stat1=greater_fireresist/val1= | func2=3/stat2=greater_lightresist/val2= | func3=3/stat3=greater_coldresist/val3= | func4=3/stat4=greater_poisonresist/val4= | func5=1/stat5=item_greaterAffixMarker/val5= | tooltip=All Resistances +#	Scintillating	497	All Resistances +#	34		22	20	res-all 11-15	exact base-name match
prefix	1396	Greater Scintillating	Greater All Resistances +# [late; marker=property]	late	116	81		22	2	jewl		greater_m_res-all 25-25	greater_m_res-all: func1=1/stat1=greater_fireresist/val1= | func2=3/stat2=greater_lightresist/val2= | func3=3/stat3=greater_coldresist/val3= | func4=3/stat4=greater_poisonresist/val4= | func5=1/stat5=item_greaterAffixMarker/val5= | tooltip=All Resistances +#	Scintillating	497	All Resistances +#	34		22	20	res-all 11-15	exact base-name match
prefix	1397	Greater Shimmering	Greater All Resistances +# [early; marker=property]	early	116	50	65	69	1	lcha		greater_m_res-all 18-18	greater_m_res-all: func1=1/stat1=greater_fireresist/val1= | func2=3/stat2=greater_lightresist/val2= | func3=3/stat3=greater_coldresist/val3= | func4=3/stat4=greater_poisonresist/val4= | func5=1/stat5=item_greaterAffixMarker/val5= | tooltip=All Resistances +#	Shimmering	1180	All Resistances +#	81		69	30	res-all 10-12	exact base-name match
prefix	1398	Greater Shimmering	Greater All Resistances +# [mid; marker=property]	mid	116	66	80	69	2	lcha		greater_m_res-all 18-18	greater_m_res-all: func1=1/stat1=greater_fireresist/val1= | func2=3/stat2=greater_lightresist/val2= | func3=3/stat3=greater_coldresist/val3= | func4=3/stat4=greater_poisonresist/val4= | func5=1/stat5=item_greaterAffixMarker/val5= | tooltip=All Resistances +#	Shimmering	1180	All Resistances +#	81		69	30	res-all 10-12	exact base-name match
prefix	1399	Greater Shimmering	Greater All Resistances +# [late; marker=property]	late	116	81		69	3	lcha		greater_m_res-all 18-18	greater_m_res-all: func1=1/stat1=greater_fireresist/val1= | func2=3/stat2=greater_lightresist/val2= | func3=3/stat3=greater_coldresist/val3= | func4=3/stat4=greater_poisonresist/val4= | func5=1/stat5=item_greaterAffixMarker/val5= | tooltip=All Resistances +#	Shimmering	1180	All Resistances +#	81		69	30	res-all 10-12	exact base-name match
prefix	1400	Greater Scintillating	Greater All Resistances +# [early; marker=property]	early	116	50	65	50	1	ring		greater_m_res-all 25-25	greater_m_res-all: func1=1/stat1=greater_fireresist/val1= | func2=3/stat2=greater_lightresist/val2= | func3=3/stat3=greater_coldresist/val3= | func4=3/stat4=greater_poisonresist/val4= | func5=1/stat5=item_greaterAffixMarker/val5= | tooltip=All Resistances +#	Scintillating	494	All Resistances +#	67		50	40	res-all 13-17	exact base-name match
prefix	1401	Greater Scintillating	Greater All Resistances +# [mid; marker=property]	mid	116	66	80	50	3	ring		greater_m_res-all 25-25	greater_m_res-all: func1=1/stat1=greater_fireresist/val1= | func2=3/stat2=greater_lightresist/val2= | func3=3/stat3=greater_coldresist/val3= | func4=3/stat4=greater_poisonresist/val4= | func5=1/stat5=item_greaterAffixMarker/val5= | tooltip=All Resistances +#	Scintillating	494	All Resistances +#	67		50	40	res-all 13-17	exact base-name match
prefix	1402	Greater Scintillating	Greater All Resistances +# [late; marker=property]	late	116	81		50	4	ring		greater_m_res-all 25-25	greater_m_res-all: func1=1/stat1=greater_fireresist/val1= | func2=3/stat2=greater_lightresist/val2= | func3=3/stat3=greater_coldresist/val3= | func4=3/stat4=greater_poisonresist/val4= | func5=1/stat5=item_greaterAffixMarker/val5= | tooltip=All Resistances +#	Scintillating	494	All Resistances +#	67		50	40	res-all 13-17	exact base-name match
prefix	1403	Greater Cobalt	Greater Cold Resist +#% [early; marker=property]	early	117	50	65	35	1	weap	orb	greater_m_res-cold 40-40	greater_m_res-cold: func1=1/stat1=greater_coldresist/val1= | func2=1/stat2=item_greaterAffixMarker/val2= | tooltip=Cold Resist +#%	Cobalt	439	Cold Resist +#%	55		35	40	res-cold 21-30	exact base-name match
prefix	1404	Greater Cobalt	Greater Cold Resist +#% [mid; marker=property]	mid	117	66	80	35	3	weap	orb	greater_m_res-cold 40-40	greater_m_res-cold: func1=1/stat1=greater_coldresist/val1= | func2=1/stat2=item_greaterAffixMarker/val2= | tooltip=Cold Resist +#%	Cobalt	439	Cold Resist +#%	55		35	40	res-cold 21-30	exact base-name match
prefix	1405	Greater Cobalt	Greater Cold Resist +#% [late; marker=property]	late	117	81		35	4	weap	orb	greater_m_res-cold 40-40	greater_m_res-cold: func1=1/stat1=greater_coldresist/val1= | func2=1/stat2=item_greaterAffixMarker/val2= | tooltip=Cold Resist +#%	Cobalt	439	Cold Resist +#%	55		35	40	res-cold 21-30	exact base-name match
prefix	1406	Greater Garnet	Greater Fire Resist +#% [early; marker=property]	early	118	50	65	35	1	weap	orb	greater_m_res-fire 40-40	greater_m_res-fire: func1=1/stat1=greater_fireresist/val1= | func2=1/stat2=item_greaterAffixMarker/val2= | tooltip=Fire Resist +#%	Garnet	450	Fire Resist +#%	55		35	20	res-fire 21-30	exact base-name match
prefix	1407	Greater Garnet	Greater Fire Resist +#% [mid; marker=property]	mid	118	66	80	35	1	weap	orb	greater_m_res-fire 40-40	greater_m_res-fire: func1=1/stat1=greater_fireresist/val1= | func2=1/stat2=item_greaterAffixMarker/val2= | tooltip=Fire Resist +#%	Garnet	450	Fire Resist +#%	55		35	20	res-fire 21-30	exact base-name match
prefix	1408	Greater Garnet	Greater Fire Resist +#% [late; marker=property]	late	118	81		35	2	weap	orb	greater_m_res-fire 40-40	greater_m_res-fire: func1=1/stat1=greater_fireresist/val1= | func2=1/stat2=item_greaterAffixMarker/val2= | tooltip=Fire Resist +#%	Garnet	450	Fire Resist +#%	55		35	20	res-fire 21-30	exact base-name match
prefix	1409	Greater Coral	Greater Lightning Resist +#% [early; marker=property]	early	119	50	65	35	1	weap	orb	greater_m_res-ltng 40-40	greater_m_res-ltng: func1=1/stat1=greater_lightresist/val1= | func2=1/stat2=item_greaterAffixMarker/val2= | tooltip=Lightning Resist +#%	Coral	461	Lightning Resist +#%	55		35	20	res-ltng 21-30	exact base-name match
prefix	1410	Greater Coral	Greater Lightning Resist +#% [mid; marker=property]	mid	119	66	80	35	1	weap	orb	greater_m_res-ltng 40-40	greater_m_res-ltng: func1=1/stat1=greater_lightresist/val1= | func2=1/stat2=item_greaterAffixMarker/val2= | tooltip=Lightning Resist +#%	Coral	461	Lightning Resist +#%	55		35	20	res-ltng 21-30	exact base-name match
prefix	1411	Greater Coral	Greater Lightning Resist +#% [late; marker=property]	late	119	81		35	2	weap	orb	greater_m_res-ltng 40-40	greater_m_res-ltng: func1=1/stat1=greater_lightresist/val1= | func2=1/stat2=item_greaterAffixMarker/val2= | tooltip=Lightning Resist +#%	Coral	461	Lightning Resist +#%	55		35	20	res-ltng 21-30	exact base-name match
prefix	1412	Greater Jade	Greater Poison Resist +#% [early; marker=property]	early	120	50	65	35	1	weap	orb	greater_m_res-pois 40-40	greater_m_res-pois: func1=1/stat1=greater_poisonresist/val1= | func2=1/stat2=item_greaterAffixMarker/val2= | tooltip=Poison Resist +#%	Jade	473	Poison Resist +#%	55		35	20	res-pois 21-30	exact base-name match
prefix	1413	Greater Jade	Greater Poison Resist +#% [mid; marker=property]	mid	120	66	80	35	1	weap	orb	greater_m_res-pois 40-40	greater_m_res-pois: func1=1/stat1=greater_poisonresist/val1= | func2=1/stat2=item_greaterAffixMarker/val2= | tooltip=Poison Resist +#%	Jade	473	Poison Resist +#%	55		35	20	res-pois 21-30	exact base-name match
prefix	1414	Greater Jade	Greater Poison Resist +#% [late; marker=property]	late	120	81		35	2	weap	orb	greater_m_res-pois 40-40	greater_m_res-pois: func1=1/stat1=greater_poisonresist/val1= | func2=1/stat2=item_greaterAffixMarker/val2= | tooltip=Poison Resist +#%	Jade	473	Poison Resist +#%	55		35	20	res-pois 21-30	exact base-name match
prefix	1415	Greater Sapphire	Greater Cold Resist +#% [early; marker=property]	early	117	50	65	15	2	rod,boot,amul,orb,circ		greater_m_res-cold 40-40	greater_m_res-cold: func1=1/stat1=greater_coldresist/val1= | func2=1/stat2=item_greaterAffixMarker/val2= | tooltip=Cold Resist +#%	Sapphire	441	Cold Resist +#%	25		15	60	res-cold 31-40	exact base-name match
prefix	1416	Greater Sapphire	Greater Cold Resist +#% [mid; marker=property]	mid	117	66	80	15	4	rod,boot,amul,orb,circ		greater_m_res-cold 40-40	greater_m_res-cold: func1=1/stat1=greater_coldresist/val1= | func2=1/stat2=item_greaterAffixMarker/val2= | tooltip=Cold Resist +#%	Sapphire	441	Cold Resist +#%	25		15	60	res-cold 31-40	exact base-name match
prefix	1417	Greater Sapphire	Greater Cold Resist +#% [late; marker=property]	late	117	81		15	6	rod,boot,amul,orb,circ		greater_m_res-cold 40-40	greater_m_res-cold: func1=1/stat1=greater_coldresist/val1= | func2=1/stat2=item_greaterAffixMarker/val2= | tooltip=Cold Resist +#%	Sapphire	441	Cold Resist +#%	25		15	60	res-cold 31-40	exact base-name match
prefix	1418	Greater Ruby	Greater Fire Resist +#% [early; marker=property]	early	118	50	65	15	2	rod,boot,amul,orb,circ		greater_m_res-fire 40-40	greater_m_res-fire: func1=1/stat1=greater_fireresist/val1= | func2=1/stat2=item_greaterAffixMarker/val2= | tooltip=Fire Resist +#%	Ruby	452	Fire Resist +#%	25		15	60	res-fire 31-40	exact base-name match
prefix	1419	Greater Ruby	Greater Fire Resist +#% [mid; marker=property]	mid	118	66	80	15	4	rod,boot,amul,orb,circ		greater_m_res-fire 40-40	greater_m_res-fire: func1=1/stat1=greater_fireresist/val1= | func2=1/stat2=item_greaterAffixMarker/val2= | tooltip=Fire Resist +#%	Ruby	452	Fire Resist +#%	25		15	60	res-fire 31-40	exact base-name match
prefix	1420	Greater Ruby	Greater Fire Resist +#% [late; marker=property]	late	118	81		15	6	rod,boot,amul,orb,circ		greater_m_res-fire 40-40	greater_m_res-fire: func1=1/stat1=greater_fireresist/val1= | func2=1/stat2=item_greaterAffixMarker/val2= | tooltip=Fire Resist +#%	Ruby	452	Fire Resist +#%	25		15	60	res-fire 31-40	exact base-name match
prefix	1421	Greater Amber	Greater Lightning Resist +#% [early; marker=property]	early	119	50	65	15	2	rod,boot,amul,orb,circ		greater_m_res-ltng 40-40	greater_m_res-ltng: func1=1/stat1=greater_lightresist/val1= | func2=1/stat2=item_greaterAffixMarker/val2= | tooltip=Lightning Resist +#%	Amber	463	Lightning Resist +#%	25		15	60	res-ltng 31-40	exact base-name match
prefix	1422	Greater Amber	Greater Lightning Resist +#% [mid; marker=property]	mid	119	66	80	15	4	rod,boot,amul,orb,circ		greater_m_res-ltng 40-40	greater_m_res-ltng: func1=1/stat1=greater_lightresist/val1= | func2=1/stat2=item_greaterAffixMarker/val2= | tooltip=Lightning Resist +#%	Amber	463	Lightning Resist +#%	25		15	60	res-ltng 31-40	exact base-name match
prefix	1423	Greater Amber	Greater Lightning Resist +#% [late; marker=property]	late	119	81		15	6	rod,boot,amul,orb,circ		greater_m_res-ltng 40-40	greater_m_res-ltng: func1=1/stat1=greater_lightresist/val1= | func2=1/stat2=item_greaterAffixMarker/val2= | tooltip=Lightning Resist +#%	Amber	463	Lightning Resist +#%	25		15	60	res-ltng 31-40	exact base-name match
prefix	1424	Greater Emerald	Greater Poison Resist +#% [early; marker=property]	early	120	50	65	15	2	rod,boot,amul,orb,circ		greater_m_res-pois 40-40	greater_m_res-pois: func1=1/stat1=greater_poisonresist/val1= | func2=1/stat2=item_greaterAffixMarker/val2= | tooltip=Poison Resist +#%	Emerald	475	Poison Resist +#%	25		15	60	res-pois 31-40	exact base-name match
prefix	1425	Greater Emerald	Greater Poison Resist +#% [mid; marker=property]	mid	120	66	80	15	4	rod,boot,amul,orb,circ		greater_m_res-pois 40-40	greater_m_res-pois: func1=1/stat1=greater_poisonresist/val1= | func2=1/stat2=item_greaterAffixMarker/val2= | tooltip=Poison Resist +#%	Emerald	475	Poison Resist +#%	25		15	60	res-pois 31-40	exact base-name match
prefix	1426	Greater Emerald	Greater Poison Resist +#% [late; marker=property]	late	120	81		15	6	rod,boot,amul,orb,circ		greater_m_res-pois 40-40	greater_m_res-pois: func1=1/stat1=greater_poisonresist/val1= | func2=1/stat2=item_greaterAffixMarker/val2= | tooltip=Poison Resist +#%	Emerald	475	Poison Resist +#%	25		15	60	res-pois 31-40	exact base-name match
prefix	1427	Greater Cobalt	Greater Cold Resist +#% [early; marker=property]	early	117	50	65	11	2	armo,ring,amul,orb,circ		greater_m_res-cold 40-40	greater_m_res-cold: func1=1/stat1=greater_coldresist/val1= | func2=1/stat2=item_greaterAffixMarker/val2= | tooltip=Cold Resist +#%	Cobalt	437	Cold Resist +#%	18		11	60	res-cold 21-30	exact base-name match
prefix	1428	Greater Cobalt	Greater Cold Resist +#% [mid; marker=property]	mid	117	66	80	11	4	armo,ring,amul,orb,circ		greater_m_res-cold 40-40	greater_m_res-cold: func1=1/stat1=greater_coldresist/val1= | func2=1/stat2=item_greaterAffixMarker/val2= | tooltip=Cold Resist +#%	Cobalt	437	Cold Resist +#%	18		11	60	res-cold 21-30	exact base-name match
prefix	1429	Greater Cobalt	Greater Cold Resist +#% [late; marker=property]	late	117	81		11	6	armo,ring,amul,orb,circ		greater_m_res-cold 40-40	greater_m_res-cold: func1=1/stat1=greater_coldresist/val1= | func2=1/stat2=item_greaterAffixMarker/val2= | tooltip=Cold Resist +#%	Cobalt	437	Cold Resist +#%	18		11	60	res-cold 21-30	exact base-name match
prefix	1430	Greater Garnet	Greater Fire Resist +#% [early; marker=property]	early	118	50	65	11	2	armo,ring,amul,orb,circ		greater_m_res-fire 40-40	greater_m_res-fire: func1=1/stat1=greater_fireresist/val1= | func2=1/stat2=item_greaterAffixMarker/val2= | tooltip=Fire Resist +#%	Garnet	448	Fire Resist +#%	18		11	60	res-fire 21-30	exact base-name match
prefix	1431	Greater Garnet	Greater Fire Resist +#% [mid; marker=property]	mid	118	66	80	11	4	armo,ring,amul,orb,circ		greater_m_res-fire 40-40	greater_m_res-fire: func1=1/stat1=greater_fireresist/val1= | func2=1/stat2=item_greaterAffixMarker/val2= | tooltip=Fire Resist +#%	Garnet	448	Fire Resist +#%	18		11	60	res-fire 21-30	exact base-name match
prefix	1432	Greater Garnet	Greater Fire Resist +#% [late; marker=property]	late	118	81		11	6	armo,ring,amul,orb,circ		greater_m_res-fire 40-40	greater_m_res-fire: func1=1/stat1=greater_fireresist/val1= | func2=1/stat2=item_greaterAffixMarker/val2= | tooltip=Fire Resist +#%	Garnet	448	Fire Resist +#%	18		11	60	res-fire 21-30	exact base-name match
prefix	1433	Greater Coral	Greater Lightning Resist +#% [early; marker=property]	early	119	50	65	11	2	armo,ring,amul,orb,circ		greater_m_res-ltng 40-40	greater_m_res-ltng: func1=1/stat1=greater_lightresist/val1= | func2=1/stat2=item_greaterAffixMarker/val2= | tooltip=Lightning Resist +#%	Coral	459	Lightning Resist +#%	18		11	60	res-ltng 21-30	exact base-name match
prefix	1434	Greater Coral	Greater Lightning Resist +#% [mid; marker=property]	mid	119	66	80	11	4	armo,ring,amul,orb,circ		greater_m_res-ltng 40-40	greater_m_res-ltng: func1=1/stat1=greater_lightresist/val1= | func2=1/stat2=item_greaterAffixMarker/val2= | tooltip=Lightning Resist +#%	Coral	459	Lightning Resist +#%	18		11	60	res-ltng 21-30	exact base-name match
prefix	1435	Greater Coral	Greater Lightning Resist +#% [late; marker=property]	late	119	81		11	6	armo,ring,amul,orb,circ		greater_m_res-ltng 40-40	greater_m_res-ltng: func1=1/stat1=greater_lightresist/val1= | func2=1/stat2=item_greaterAffixMarker/val2= | tooltip=Lightning Resist +#%	Coral	459	Lightning Resist +#%	18		11	60	res-ltng 21-30	exact base-name match
prefix	1436	Greater Jade	Greater Poison Resist +#% [early; marker=property]	early	120	50	65	11	2	armo,ring,amul,orb,circ		greater_m_res-pois 40-40	greater_m_res-pois: func1=1/stat1=greater_poisonresist/val1= | func2=1/stat2=item_greaterAffixMarker/val2= | tooltip=Poison Resist +#%	Jade	471	Poison Resist +#%	18		11	60	res-pois 21-30	exact base-name match
prefix	1437	Greater Jade	Greater Poison Resist +#% [mid; marker=property]	mid	120	66	80	11	4	armo,ring,amul,orb,circ		greater_m_res-pois 40-40	greater_m_res-pois: func1=1/stat1=greater_poisonresist/val1= | func2=1/stat2=item_greaterAffixMarker/val2= | tooltip=Poison Resist +#%	Jade	471	Poison Resist +#%	18		11	60	res-pois 21-30	exact base-name match
prefix	1438	Greater Jade	Greater Poison Resist +#% [late; marker=property]	late	120	81		11	6	armo,ring,amul,orb,circ		greater_m_res-pois 40-40	greater_m_res-pois: func1=1/stat1=greater_poisonresist/val1= | func2=1/stat2=item_greaterAffixMarker/val2= | tooltip=Poison Resist +#%	Jade	471	Poison Resist +#%	18		11	60	res-pois 21-30	exact base-name match
prefix	1439	Greater Sapphire	Greater Cold Resist +#% [early; marker=property]	early	117	50	65	12	3	jewl		greater_m_res-cold 40-40	greater_m_res-cold: func1=1/stat1=greater_coldresist/val1= | func2=1/stat2=item_greaterAffixMarker/val2= | tooltip=Cold Resist +#%	Sapphire	444	Cold Resist +#%	19		12	80	res-cold 16-30	exact base-name match
prefix	1440	Greater Sapphire	Greater Cold Resist +#% [mid; marker=property]	mid	117	66	80	12	5	jewl		greater_m_res-cold 40-40	greater_m_res-cold: func1=1/stat1=greater_coldresist/val1= | func2=1/stat2=item_greaterAffixMarker/val2= | tooltip=Cold Resist +#%	Sapphire	444	Cold Resist +#%	19		12	80	res-cold 16-30	exact base-name match
prefix	1441	Greater Sapphire	Greater Cold Resist +#% [late; marker=property]	late	117	81		12	8	jewl		greater_m_res-cold 40-40	greater_m_res-cold: func1=1/stat1=greater_coldresist/val1= | func2=1/stat2=item_greaterAffixMarker/val2= | tooltip=Cold Resist +#%	Sapphire	444	Cold Resist +#%	19		12	80	res-cold 16-30	exact base-name match
prefix	1442	Greater Ambergris	Greater Lightning Resist +#% [early; marker=property]	early	117	50	65	12	3	jewl		greater_m_res-ltng 40-40	greater_m_res-ltng: func1=1/stat1=greater_lightresist/val1= | func2=1/stat2=item_greaterAffixMarker/val2= | tooltip=Lightning Resist +#%	Ambergris	466	Lightning Resist +#%	19		12	80	res-ltng 16-30	exact base-name match
prefix	1443	Greater Ambergris	Greater Lightning Resist +#% [mid; marker=property]	mid	117	66	80	12	5	jewl		greater_m_res-ltng 40-40	greater_m_res-ltng: func1=1/stat1=greater_lightresist/val1= | func2=1/stat2=item_greaterAffixMarker/val2= | tooltip=Lightning Resist +#%	Ambergris	466	Lightning Resist +#%	19		12	80	res-ltng 16-30	exact base-name match
prefix	1444	Greater Ambergris	Greater Lightning Resist +#% [late; marker=property]	late	117	81		12	8	jewl		greater_m_res-ltng 40-40	greater_m_res-ltng: func1=1/stat1=greater_lightresist/val1= | func2=1/stat2=item_greaterAffixMarker/val2= | tooltip=Lightning Resist +#%	Ambergris	466	Lightning Resist +#%	19		12	80	res-ltng 16-30	exact base-name match
prefix	1445	Greater Jade	Greater Poison Resist +#% [early; marker=property]	early	117	50	65	12	3	jewl		greater_m_res-pois 40-40	greater_m_res-pois: func1=1/stat1=greater_poisonresist/val1= | func2=1/stat2=item_greaterAffixMarker/val2= | tooltip=Poison Resist +#%	Jade	478	Poison Resist +#%	19		12	80	res-pois 16-30	exact base-name match
prefix	1446	Greater Jade	Greater Poison Resist +#% [mid; marker=property]	mid	117	66	80	12	5	jewl		greater_m_res-pois 40-40	greater_m_res-pois: func1=1/stat1=greater_poisonresist/val1= | func2=1/stat2=item_greaterAffixMarker/val2= | tooltip=Poison Resist +#%	Jade	478	Poison Resist +#%	19		12	80	res-pois 16-30	exact base-name match
prefix	1447	Greater Jade	Greater Poison Resist +#% [late; marker=property]	late	117	81		12	8	jewl		greater_m_res-pois 40-40	greater_m_res-pois: func1=1/stat1=greater_poisonresist/val1= | func2=1/stat2=item_greaterAffixMarker/val2= | tooltip=Poison Resist +#%	Jade	478	Poison Resist +#%	19		12	80	res-pois 16-30	exact base-name match
prefix	1448	Greater Sapphire	Greater Cold Resist +#% [early; marker=property]	early	117	50	65	47	2	lcha		greater_m_res-cold 40-40	greater_m_res-cold: func1=1/stat1=greater_coldresist/val1= | func2=1/stat2=item_greaterAffixMarker/val2= | tooltip=Cold Resist +#%	Sapphire	1146	Cold Resist +#%	60		47	60	res-cold 26-30	exact base-name match
prefix	1449	Greater Sapphire	Greater Cold Resist +#% [mid; marker=property]	mid	117	66	80	47	4	lcha		greater_m_res-cold 40-40	greater_m_res-cold: func1=1/stat1=greater_coldresist/val1= | func2=1/stat2=item_greaterAffixMarker/val2= | tooltip=Cold Resist +#%	Sapphire	1146	Cold Resist +#%	60		47	60	res-cold 26-30	exact base-name match
prefix	1450	Greater Sapphire	Greater Cold Resist +#% [late; marker=property]	late	117	81		47	6	lcha		greater_m_res-cold 40-40	greater_m_res-cold: func1=1/stat1=greater_coldresist/val1= | func2=1/stat2=item_greaterAffixMarker/val2= | tooltip=Cold Resist +#%	Sapphire	1146	Cold Resist +#%	60		47	60	res-cold 26-30	exact base-name match
prefix	1451	Greater Ruby	Greater Fire Resist +#% [early; marker=property]	early	118	50	65	47	2	lcha		greater_m_res-fire 40-40	greater_m_res-fire: func1=1/stat1=greater_fireresist/val1= | func2=1/stat2=item_greaterAffixMarker/val2= | tooltip=Fire Resist +#%	Ruby	1151	Fire Resist +#%	60		47	60	res-fire 26-30	exact base-name match
prefix	1452	Greater Ruby	Greater Fire Resist +#% [mid; marker=property]	mid	118	66	80	47	4	lcha		greater_m_res-fire 40-40	greater_m_res-fire: func1=1/stat1=greater_fireresist/val1= | func2=1/stat2=item_greaterAffixMarker/val2= | tooltip=Fire Resist +#%	Ruby	1151	Fire Resist +#%	60		47	60	res-fire 26-30	exact base-name match
prefix	1453	Greater Ruby	Greater Fire Resist +#% [late; marker=property]	late	118	81		47	6	lcha		greater_m_res-fire 40-40	greater_m_res-fire: func1=1/stat1=greater_fireresist/val1= | func2=1/stat2=item_greaterAffixMarker/val2= | tooltip=Fire Resist +#%	Ruby	1151	Fire Resist +#%	60		47	60	res-fire 26-30	exact base-name match
prefix	1454	Greater Amber	Greater Lightning Resist +#% [early; marker=property]	early	119	50	65	47	2	lcha		greater_m_res-ltng 40-40	greater_m_res-ltng: func1=1/stat1=greater_lightresist/val1= | func2=1/stat2=item_greaterAffixMarker/val2= | tooltip=Lightning Resist +#%	Amber	1156	Lightning Resist +#%	60		47	60	res-ltng 26-30	exact base-name match
prefix	1455	Greater Amber	Greater Lightning Resist +#% [mid; marker=property]	mid	119	66	80	47	4	lcha		greater_m_res-ltng 40-40	greater_m_res-ltng: func1=1/stat1=greater_lightresist/val1= | func2=1/stat2=item_greaterAffixMarker/val2= | tooltip=Lightning Resist +#%	Amber	1156	Lightning Resist +#%	60		47	60	res-ltng 26-30	exact base-name match
prefix	1456	Greater Amber	Greater Lightning Resist +#% [late; marker=property]	late	119	81		47	6	lcha		greater_m_res-ltng 40-40	greater_m_res-ltng: func1=1/stat1=greater_lightresist/val1= | func2=1/stat2=item_greaterAffixMarker/val2= | tooltip=Lightning Resist +#%	Amber	1156	Lightning Resist +#%	60		47	60	res-ltng 26-30	exact base-name match
prefix	1457	Greater Emerald	Greater Poison Resist +#% [early; marker=property]	early	120	50	65	47	2	lcha		greater_m_res-pois 40-40	greater_m_res-pois: func1=1/stat1=greater_poisonresist/val1= | func2=1/stat2=item_greaterAffixMarker/val2= | tooltip=Poison Resist +#%	Emerald	1161	Poison Resist +#%	60		47	60	res-pois 26-30	exact base-name match
prefix	1458	Greater Emerald	Greater Poison Resist +#% [mid; marker=property]	mid	120	66	80	47	4	lcha		greater_m_res-pois 40-40	greater_m_res-pois: func1=1/stat1=greater_poisonresist/val1= | func2=1/stat2=item_greaterAffixMarker/val2= | tooltip=Poison Resist +#%	Emerald	1161	Poison Resist +#%	60		47	60	res-pois 26-30	exact base-name match
prefix	1459	Greater Emerald	Greater Poison Resist +#% [late; marker=property]	late	120	81		47	6	lcha		greater_m_res-pois 40-40	greater_m_res-pois: func1=1/stat1=greater_poisonresist/val1= | func2=1/stat2=item_greaterAffixMarker/val2= | tooltip=Poison Resist +#%	Emerald	1161	Poison Resist +#%	60		47	60	res-pois 26-30	exact base-name match
prefix	1460	Greater Victorious	Greater +# to Mana after each Kill [early; marker=property]	early	121	50	65	10	3	weap		greater_m_mana-kill 5-5	greater_m_mana-kill: func1=1/stat1=greater_item_manaafterkill/val1= | func2=1/stat2=item_greaterAffixMarker/val2= | tooltip=+# to Mana after each Kill	Victorious	520	+# to Mana after each Kill	17		10	80	mana-kill 2-5	exact base-name match
prefix	1461	Greater Victorious	Greater +# to Mana after each Kill [mid; marker=property]	mid	121	66	80	10	5	weap		greater_m_mana-kill 5-5	greater_m_mana-kill: func1=1/stat1=greater_item_manaafterkill/val1= | func2=1/stat2=item_greaterAffixMarker/val2= | tooltip=+# to Mana after each Kill	Victorious	520	+# to Mana after each Kill	17		10	80	mana-kill 2-5	exact base-name match
prefix	1462	Greater Victorious	Greater +# to Mana after each Kill [late; marker=property]	late	121	81		10	8	weap		greater_m_mana-kill 5-5	greater_m_mana-kill: func1=1/stat1=greater_item_manaafterkill/val1= | func2=1/stat2=item_greaterAffixMarker/val2= | tooltip=+# to Mana after each Kill	Victorious	520	+# to Mana after each Kill	17		10	80	mana-kill 2-5	exact base-name match
prefix	1463	Greater Aureolin	Greater +# to Mana after each Kill [early; marker=property]	early	121	50	65	14	3	jewl		greater_m_mana-kill 5-5	greater_m_mana-kill: func1=1/stat1=greater_item_manaafterkill/val1= | func2=1/stat2=item_greaterAffixMarker/val2= | tooltip=+# to Mana after each Kill	Aureolin	522	+# to Mana after each Kill	22		14	80	mana-kill 1-3	exact base-name match
prefix	1464	Greater Aureolin	Greater +# to Mana after each Kill [mid; marker=property]	mid	121	66	80	14	5	jewl		greater_m_mana-kill 5-5	greater_m_mana-kill: func1=1/stat1=greater_item_manaafterkill/val1= | func2=1/stat2=item_greaterAffixMarker/val2= | tooltip=+# to Mana after each Kill	Aureolin	522	+# to Mana after each Kill	22		14	80	mana-kill 1-3	exact base-name match
prefix	1465	Greater Aureolin	Greater +# to Mana after each Kill [late; marker=property]	late	121	81		14	8	jewl		greater_m_mana-kill 5-5	greater_m_mana-kill: func1=1/stat1=greater_item_manaafterkill/val1= | func2=1/stat2=item_greaterAffixMarker/val2= | tooltip=+# to Mana after each Kill	Aureolin	522	+# to Mana after each Kill	22		14	80	mana-kill 1-3	exact base-name match
prefix	1466	Greater Celestial	Greater +# to Attack Rating against Demons & +#% Damage to Demons [early; marker=property]	early	123	50	65	35	1	weap	wand,orb	greater_m_att-demon 550-550; greater_dmg-demon 425-425	greater_m_att-demon: func1=1/stat1=greater_item_demon_tohit/val1= | func2=1/stat2=item_greaterAffixMarker/val2= | tooltip=+# to Attack Rating against Demons; greater_dmg-demon: func1=1/stat1=greater_item_demondamage_percent/val1= | tooltip=+#% Damage to Demons	Celestial	112	+# to Attack Rating against Demons & +#% Damage to Demons	55		35	20	att-demon 301-400; dmg-demon 201-300	exact base-name match
prefix	1467	Greater Celestial	Greater +# to Attack Rating against Demons & +#% Damage to Demons [mid; marker=property]	mid	123	66	80	35	1	weap	wand,orb	greater_m_att-demon 550-550; greater_dmg-demon 425-425	greater_m_att-demon: func1=1/stat1=greater_item_demon_tohit/val1= | func2=1/stat2=item_greaterAffixMarker/val2= | tooltip=+# to Attack Rating against Demons; greater_dmg-demon: func1=1/stat1=greater_item_demondamage_percent/val1= | tooltip=+#% Damage to Demons	Celestial	112	+# to Attack Rating against Demons & +#% Damage to Demons	55		35	20	att-demon 301-400; dmg-demon 201-300	exact base-name match
prefix	1468	Greater Celestial	Greater +# to Attack Rating against Demons & +#% Damage to Demons [late; marker=property]	late	123	81		35	2	weap	wand,orb	greater_m_att-demon 550-550; greater_dmg-demon 425-425	greater_m_att-demon: func1=1/stat1=greater_item_demon_tohit/val1= | func2=1/stat2=item_greaterAffixMarker/val2= | tooltip=+# to Attack Rating against Demons; greater_dmg-demon: func1=1/stat1=greater_item_demondamage_percent/val1= | tooltip=+#% Damage to Demons	Celestial	112	+# to Attack Rating against Demons & +#% Damage to Demons	55		35	20	att-demon 301-400; dmg-demon 201-300	exact base-name match
prefix	1469	Greater Diamond	Greater +# to Attack Rating against Demons & +#% Damage to Demons [early; marker=property]	early	123	50	65	16	1	jewl		greater_m_att-demon 550-550; greater_dmg-demon 425-425	greater_m_att-demon: func1=1/stat1=greater_item_demon_tohit/val1= | func2=1/stat2=item_greaterAffixMarker/val2= | tooltip=+# to Attack Rating against Demons; greater_dmg-demon: func1=1/stat1=greater_item_demondamage_percent/val1= | tooltip=+#% Damage to Demons	Diamond	114	+# to Attack Rating against Demons & +#% Damage to Demons	26		16	20	att-demon 25-50; dmg-demon 25-40	exact base-name match
prefix	1470	Greater Diamond	Greater +# to Attack Rating against Demons & +#% Damage to Demons [mid; marker=property]	mid	123	66	80	16	1	jewl		greater_m_att-demon 550-550; greater_dmg-demon 425-425	greater_m_att-demon: func1=1/stat1=greater_item_demon_tohit/val1= | func2=1/stat2=item_greaterAffixMarker/val2= | tooltip=+# to Attack Rating against Demons; greater_dmg-demon: func1=1/stat1=greater_item_demondamage_percent/val1= | tooltip=+#% Damage to Demons	Diamond	114	+# to Attack Rating against Demons & +#% Damage to Demons	26		16	20	att-demon 25-50; dmg-demon 25-40	exact base-name match
prefix	1471	Greater Diamond	Greater +# to Attack Rating against Demons & +#% Damage to Demons [late; marker=property]	late	123	81		16	2	jewl		greater_m_att-demon 550-550; greater_dmg-demon 425-425	greater_m_att-demon: func1=1/stat1=greater_item_demon_tohit/val1= | func2=1/stat2=item_greaterAffixMarker/val2= | tooltip=+# to Attack Rating against Demons; greater_dmg-demon: func1=1/stat1=greater_item_demondamage_percent/val1= | tooltip=+#% Damage to Demons	Diamond	114	+# to Attack Rating against Demons & +#% Damage to Demons	26		16	20	att-demon 25-50; dmg-demon 25-40	exact base-name match
prefix	1472	Greater Omniscient	Greater +# to All Skills [early; marker=property]	early	125	50	65	68	1	tors,amul		greater_m_allskills 3-3	greater_m_allskills: func1=1/stat1=greater_item_allskills/val1= | func2=1/stat2=item_greaterAffixMarker/val2= | tooltip=+# to All Skills	Omniscient	217	+# to All Skills	86		68	20	allskills 2-2	exact base-name match
prefix	1473	Greater Omniscient	Greater +# to All Skills [mid; marker=property]	mid	125	66	80	68	1	tors,amul		greater_m_allskills 3-3	greater_m_allskills: func1=1/stat1=greater_item_allskills/val1= | func2=1/stat2=item_greaterAffixMarker/val2= | tooltip=+# to All Skills	Omniscient	217	+# to All Skills	86		68	20	allskills 2-2	exact base-name match
prefix	1474	Greater Omniscient	Greater +# to All Skills [late; marker=property]	late	125	81		68	2	tors,amul		greater_m_allskills 3-3	greater_m_allskills: func1=1/stat1=greater_item_allskills/val1= | func2=1/stat2=item_greaterAffixMarker/val2= | tooltip=+# to All Skills	Omniscient	217	+# to All Skills	86		68	20	allskills 2-2	exact base-name match
prefix	1475	Greater Sage's	Greater +# to All Skills [early; marker=property]	early	125	50	65	43	1	amul,tors,shld		greater_m_allskills 3-3	greater_m_allskills: func1=1/stat1=greater_item_allskills/val1= | func2=1/stat2=item_greaterAffixMarker/val2= | tooltip=+# to All Skills	Sage's	213	+# to All Skills	59		43	20	allskills 1-1	exact base-name match
prefix	1476	Greater Sage's	Greater +# to All Skills [mid; marker=property]	mid	125	66	80	43	1	amul,tors,shld		greater_m_allskills 3-3	greater_m_allskills: func1=1/stat1=greater_item_allskills/val1= | func2=1/stat2=item_greaterAffixMarker/val2= | tooltip=+# to All Skills	Sage's	213	+# to All Skills	59		43	20	allskills 1-1	exact base-name match
prefix	1477	Greater Sage's	Greater +# to All Skills [late; marker=property]	late	125	81		43	2	amul,tors,shld		greater_m_allskills 3-3	greater_m_allskills: func1=1/stat1=greater_item_allskills/val1= | func2=1/stat2=item_greaterAffixMarker/val2= | tooltip=+# to All Skills	Sage's	213	+# to All Skills	59		43	20	allskills 1-1	exact base-name match
prefix	1478	Greater Sage's	Greater +# to All Skills [early; marker=property]	early	125	50	65	68	1	ring		greater_m_allskills 3-3	greater_m_allskills: func1=1/stat1=greater_item_allskills/val1= | func2=1/stat2=item_greaterAffixMarker/val2= | tooltip=+# to All Skills	Sage's	215	+# to All Skills	85		68	20	allskills 1-1	exact base-name match
prefix	1479	Greater Sage's	Greater +# to All Skills [mid; marker=property]	mid	125	66	80	68	1	ring		greater_m_allskills 3-3	greater_m_allskills: func1=1/stat1=greater_item_allskills/val1= | func2=1/stat2=item_greaterAffixMarker/val2= | tooltip=+# to All Skills	Sage's	215	+# to All Skills	85		68	20	allskills 1-1	exact base-name match
prefix	1480	Greater Sage's	Greater +# to All Skills [late; marker=property]	late	125	81		68	2	ring		greater_m_allskills 3-3	greater_m_allskills: func1=1/stat1=greater_item_allskills/val1= | func2=1/stat2=item_greaterAffixMarker/val2= | tooltip=+# to All Skills	Sage's	215	+# to All Skills	85		68	20	allskills 1-1	exact base-name match
prefix	1481	Greater Valkyrie's	Greater +# to Amazon Skill Levels [early; marker=property]	early	125	50	65	36	1	miss,spea		greater_m_ama 3-3	greater_m_ama: func1=21/stat1=greater_item_addclassskills/val1=0 | func2=1/stat2=item_greaterAffixMarker/val2= | tooltip=+# to Amazon Skill Levels	Valkyrie's	226	+# to Amazon Skill Levels	50		36	40	ama 2-2	exact base-name match
prefix	1482	Greater Valkyrie's	Greater +# to Amazon Skill Levels [mid; marker=property]	mid	125	66	80	36	3	miss,spea		greater_m_ama 3-3	greater_m_ama: func1=21/stat1=greater_item_addclassskills/val1=0 | func2=1/stat2=item_greaterAffixMarker/val2= | tooltip=+# to Amazon Skill Levels	Valkyrie's	226	+# to Amazon Skill Levels	50		36	40	ama 2-2	exact base-name match
prefix	1483	Greater Valkyrie's	Greater +# to Amazon Skill Levels [late; marker=property]	late	125	81		36	4	miss,spea		greater_m_ama 3-3	greater_m_ama: func1=21/stat1=greater_item_addclassskills/val1=0 | func2=1/stat2=item_greaterAffixMarker/val2= | tooltip=+# to Amazon Skill Levels	Valkyrie's	226	+# to Amazon Skill Levels	50		36	40	ama 2-2	exact base-name match
prefix	1484	Greater Valkyrie's	Greater +# to Amazon Skill Levels [early; marker=property]	early	125	50	65	57	1	amul,circ		greater_m_ama 3-3	greater_m_ama: func1=21/stat1=greater_item_addclassskills/val1=0 | func2=1/stat2=item_greaterAffixMarker/val2= | tooltip=+# to Amazon Skill Levels	Valkyrie's	223	+# to Amazon Skill Levels	86		57	40	ama 2-2	exact base-name match
prefix	1485	Greater Valkyrie's	Greater +# to Amazon Skill Levels [mid; marker=property]	mid	125	66	80	57	3	amul,circ		greater_m_ama 3-3	greater_m_ama: func1=21/stat1=greater_item_addclassskills/val1=0 | func2=1/stat2=item_greaterAffixMarker/val2= | tooltip=+# to Amazon Skill Levels	Valkyrie's	223	+# to Amazon Skill Levels	86		57	40	ama 2-2	exact base-name match
prefix	1486	Greater Valkyrie's	Greater +# to Amazon Skill Levels [late; marker=property]	late	125	81		57	4	amul,circ		greater_m_ama 3-3	greater_m_ama: func1=21/stat1=greater_item_addclassskills/val1=0 | func2=1/stat2=item_greaterAffixMarker/val2= | tooltip=+# to Amazon Skill Levels	Valkyrie's	223	+# to Amazon Skill Levels	86		57	40	ama 2-2	exact base-name match
prefix	1487	Greater Priest's	Greater +# to Paladin Skill Levels [early; marker=property]	early	125	50	65	57	1	amul,circ		greater_m_pal 3-3	greater_m_pal: func1=21/stat1=greater_item_addclassskills/val1=3 | func2=1/stat2=item_greaterAffixMarker/val2= | tooltip=+# to Paladin Skill Levels	Priest's	232	+# to Paladin Skill Levels	86		57	40	pal 2-2	exact base-name match
prefix	1488	Greater Priest's	Greater +# to Paladin Skill Levels [mid; marker=property]	mid	125	66	80	57	3	amul,circ		greater_m_pal 3-3	greater_m_pal: func1=21/stat1=greater_item_addclassskills/val1=3 | func2=1/stat2=item_greaterAffixMarker/val2= | tooltip=+# to Paladin Skill Levels	Priest's	232	+# to Paladin Skill Levels	86		57	40	pal 2-2	exact base-name match
prefix	1489	Greater Priest's	Greater +# to Paladin Skill Levels [late; marker=property]	late	125	81		57	4	amul,circ		greater_m_pal 3-3	greater_m_pal: func1=21/stat1=greater_item_addclassskills/val1=3 | func2=1/stat2=item_greaterAffixMarker/val2= | tooltip=+# to Paladin Skill Levels	Priest's	232	+# to Paladin Skill Levels	86		57	40	pal 2-2	exact base-name match
prefix	1490	Greater Necromancer's	Greater +# to Necromancer Skill Levels [early; marker=property]	early	125	50	65	57	1	amul,circ		greater_m_nec 3-3	greater_m_nec: func1=21/stat1=greater_item_addclassskills/val1=2 | func2=1/stat2=item_greaterAffixMarker/val2= | tooltip=+# to Necromancer Skill Levels	Necromancer's	244	+# to Necromancer Skill Levels	86		57	40	nec 2-2	exact base-name match
prefix	1491	Greater Necromancer's	Greater +# to Necromancer Skill Levels [mid; marker=property]	mid	125	66	80	57	3	amul,circ		greater_m_nec 3-3	greater_m_nec: func1=21/stat1=greater_item_addclassskills/val1=2 | func2=1/stat2=item_greaterAffixMarker/val2= | tooltip=+# to Necromancer Skill Levels	Necromancer's	244	+# to Necromancer Skill Levels	86		57	40	nec 2-2	exact base-name match
prefix	1492	Greater Necromancer's	Greater +# to Necromancer Skill Levels [late; marker=property]	late	125	81		57	4	amul,circ		greater_m_nec 3-3	greater_m_nec: func1=21/stat1=greater_item_addclassskills/val1=2 | func2=1/stat2=item_greaterAffixMarker/val2= | tooltip=+# to Necromancer Skill Levels	Necromancer's	244	+# to Necromancer Skill Levels	86		57	40	nec 2-2	exact base-name match
prefix	1493	Greater Arch-Angel's	Greater +# to Sorceress Skill Levels [early; marker=property]	early	125	50	65	57	1	amul,circ		greater_m_sor 3-3	greater_m_sor: func1=21/stat1=greater_item_addclassskills/val1=1 | func2=1/stat2=item_greaterAffixMarker/val2= | tooltip=+# to Sorceress Skill Levels	Arch-Angel's	253	+# to Sorceress Skill Levels	86		57	40	sor 2-2	exact base-name match
prefix	1494	Greater Arch-Angel's	Greater +# to Sorceress Skill Levels [mid; marker=property]	mid	125	66	80	57	3	amul,circ		greater_m_sor 3-3	greater_m_sor: func1=21/stat1=greater_item_addclassskills/val1=1 | func2=1/stat2=item_greaterAffixMarker/val2= | tooltip=+# to Sorceress Skill Levels	Arch-Angel's	253	+# to Sorceress Skill Levels	86		57	40	sor 2-2	exact base-name match
prefix	1495	Greater Arch-Angel's	Greater +# to Sorceress Skill Levels [late; marker=property]	late	125	81		57	4	amul,circ		greater_m_sor 3-3	greater_m_sor: func1=21/stat1=greater_item_addclassskills/val1=1 | func2=1/stat2=item_greaterAffixMarker/val2= | tooltip=+# to Sorceress Skill Levels	Arch-Angel's	253	+# to Sorceress Skill Levels	86		57	40	sor 2-2	exact base-name match
prefix	1496	Greater Berserker's	Greater +# to Barbarian Skill Levels [early; marker=property]	early	125	50	65	57	1	amul,circ		greater_m_bar 3-3	greater_m_bar: func1=21/stat1=greater_item_addclassskills/val1=4 | func2=1/stat2=item_greaterAffixMarker/val2= | tooltip=+#  to Barbarian Skill Levels	Berserker's	262	+# to Barbarian Skill Levels	86		57	40	bar 2-2	exact base-name match
prefix	1497	Greater Berserker's	Greater +# to Barbarian Skill Levels [mid; marker=property]	mid	125	66	80	57	3	amul,circ		greater_m_bar 3-3	greater_m_bar: func1=21/stat1=greater_item_addclassskills/val1=4 | func2=1/stat2=item_greaterAffixMarker/val2= | tooltip=+#  to Barbarian Skill Levels	Berserker's	262	+# to Barbarian Skill Levels	86		57	40	bar 2-2	exact base-name match
prefix	1498	Greater Berserker's	Greater +# to Barbarian Skill Levels [late; marker=property]	late	125	81		57	4	amul,circ		greater_m_bar 3-3	greater_m_bar: func1=21/stat1=greater_item_addclassskills/val1=4 | func2=1/stat2=item_greaterAffixMarker/val2= | tooltip=+#  to Barbarian Skill Levels	Berserker's	262	+# to Barbarian Skill Levels	86		57	40	bar 2-2	exact base-name match
prefix	1499	Greater Hierophant's	Greater +# to Druid Skill Levels [early; marker=property]	early	125	50	65	57	1	amul,circ		greater_m_dru 3-3	greater_m_dru: func1=21/stat1=greater_item_addclassskills/val1=5 | func2=1/stat2=item_greaterAffixMarker/val2= | tooltip=+# to Druid Skill Levels	Hierophant's	274	+# to Druid Skill Levels	86		57	40	dru 2-2	exact base-name match
prefix	1500	Greater Hierophant's	Greater +# to Druid Skill Levels [mid; marker=property]	mid	125	66	80	57	3	amul,circ		greater_m_dru 3-3	greater_m_dru: func1=21/stat1=greater_item_addclassskills/val1=5 | func2=1/stat2=item_greaterAffixMarker/val2= | tooltip=+# to Druid Skill Levels	Hierophant's	274	+# to Druid Skill Levels	86		57	40	dru 2-2	exact base-name match
prefix	1501	Greater Hierophant's	Greater +# to Druid Skill Levels [late; marker=property]	late	125	81		57	4	amul,circ		greater_m_dru 3-3	greater_m_dru: func1=21/stat1=greater_item_addclassskills/val1=5 | func2=1/stat2=item_greaterAffixMarker/val2= | tooltip=+# to Druid Skill Levels	Hierophant's	274	+# to Druid Skill Levels	86		57	40	dru 2-2	exact base-name match
prefix	1502	Greater Witch-hunter's	Greater +# to Assassin Skill Levels [early; marker=property]	early	125	50	65	57	1	amul,circ		greater_m_ass 3-3	greater_m_ass: func1=21/stat1=greater_item_addclassskills/val1=6 | func2=1/stat2=item_greaterAffixMarker/val2= | tooltip=+# to Assassin Skill Levels	Witch-hunter's	283	+# to Assassin Skill Levels	86		57	40	ass 2-2	exact base-name match
prefix	1503	Greater Witch-hunter's	Greater +# to Assassin Skill Levels [mid; marker=property]	mid	125	66	80	57	3	amul,circ		greater_m_ass 3-3	greater_m_ass: func1=21/stat1=greater_item_addclassskills/val1=6 | func2=1/stat2=item_greaterAffixMarker/val2= | tooltip=+# to Assassin Skill Levels	Witch-hunter's	283	+# to Assassin Skill Levels	86		57	40	ass 2-2	exact base-name match
prefix	1504	Greater Witch-hunter's	Greater +# to Assassin Skill Levels [late; marker=property]	late	125	81		57	4	amul,circ		greater_m_ass 3-3	greater_m_ass: func1=21/stat1=greater_item_addclassskills/val1=6 | func2=1/stat2=item_greaterAffixMarker/val2= | tooltip=+# to Assassin Skill Levels	Witch-hunter's	283	+# to Assassin Skill Levels	86		57	40	ass 2-2	exact base-name match
prefix	1505	Greater Arch-Devil's	Greater +# Warlock Skill Levels [early; marker=property]	early	125	50	65	57	1	amul,circ		greater_m_war 3-3	greater_m_war: func1=21/stat1=greater_item_addclassskills/val1=7 | func2=1/stat2=item_greaterAffixMarker/val2= | tooltip=+# to Warlock Skill Levels	Arch-Devil's	1228	+# Warlock Skill Levels	90		57	20	war 2-2	exact base-name match
prefix	1506	Greater Arch-Devil's	Greater +# Warlock Skill Levels [mid; marker=property]	mid	125	66	80	57	1	amul,circ		greater_m_war 3-3	greater_m_war: func1=21/stat1=greater_item_addclassskills/val1=7 | func2=1/stat2=item_greaterAffixMarker/val2= | tooltip=+# to Warlock Skill Levels	Arch-Devil's	1228	+# Warlock Skill Levels	90		57	20	war 2-2	exact base-name match
prefix	1507	Greater Arch-Devil's	Greater +# Warlock Skill Levels [late; marker=property]	late	125	81		57	2	amul,circ		greater_m_war 3-3	greater_m_war: func1=21/stat1=greater_item_addclassskills/val1=7 | func2=1/stat2=item_greaterAffixMarker/val2= | tooltip=+# to Warlock Skill Levels	Arch-Devil's	1228	+# Warlock Skill Levels	90		57	20	war 2-2	exact base-name match
prefix	1508	Greater Priest's	Greater +# to Paladin Skill Levels [early; marker=property]	early	125	50	65	36	1	scep,ashd		greater_m_pal 3-3	greater_m_pal: func1=21/stat1=greater_item_addclassskills/val1=3 | func2=1/stat2=item_greaterAffixMarker/val2= | tooltip=+# to Paladin Skill Levels	Priest's	235	+# to Paladin Skill Levels	50		36	40	pal 2-2	exact base-name match
prefix	1509	Greater Priest's	Greater +# to Paladin Skill Levels [mid; marker=property]	mid	125	66	80	36	3	scep,ashd		greater_m_pal 3-3	greater_m_pal: func1=21/stat1=greater_item_addclassskills/val1=3 | func2=1/stat2=item_greaterAffixMarker/val2= | tooltip=+# to Paladin Skill Levels	Priest's	235	+# to Paladin Skill Levels	50		36	40	pal 2-2	exact base-name match
prefix	1510	Greater Priest's	Greater +# to Paladin Skill Levels [late; marker=property]	late	125	81		36	4	scep,ashd		greater_m_pal 3-3	greater_m_pal: func1=21/stat1=greater_item_addclassskills/val1=3 | func2=1/stat2=item_greaterAffixMarker/val2= | tooltip=+# to Paladin Skill Levels	Priest's	235	+# to Paladin Skill Levels	50		36	40	pal 2-2	exact base-name match
prefix	1511	Greater Priest's	Greater +# to Paladin Skill Levels [early; marker=property]	early	125	50	65	49	1	swor,mace,hamm,shld		greater_m_pal 3-3	greater_m_pal: func1=21/stat1=greater_item_addclassskills/val1=3 | func2=1/stat2=item_greaterAffixMarker/val2= | tooltip=+# to Paladin Skill Levels	Priest's	238	+# to Paladin Skill Levels	65		49	40	pal 2-2	exact base-name match
prefix	1512	Greater Priest's	Greater +# to Paladin Skill Levels [mid; marker=property]	mid	125	66	80	49	3	swor,mace,hamm,shld		greater_m_pal 3-3	greater_m_pal: func1=21/stat1=greater_item_addclassskills/val1=3 | func2=1/stat2=item_greaterAffixMarker/val2= | tooltip=+# to Paladin Skill Levels	Priest's	238	+# to Paladin Skill Levels	65		49	40	pal 2-2	exact base-name match
prefix	1513	Greater Priest's	Greater +# to Paladin Skill Levels [late; marker=property]	late	125	81		49	4	swor,mace,hamm,shld		greater_m_pal 3-3	greater_m_pal: func1=21/stat1=greater_item_addclassskills/val1=3 | func2=1/stat2=item_greaterAffixMarker/val2= | tooltip=+# to Paladin Skill Levels	Priest's	238	+# to Paladin Skill Levels	65		49	40	pal 2-2	exact base-name match
prefix	1514	Greater Berserker's	Greater +# to Barbarian Skill Levels [early; marker=property]	early	125	50	65	36	1	tkni,axe,spea,club,swor,hamm,mace	jave	greater_m_bar 3-3	greater_m_bar: func1=21/stat1=greater_item_addclassskills/val1=4 | func2=1/stat2=item_greaterAffixMarker/val2= | tooltip=+#  to Barbarian Skill Levels	Berserker's	265	+# to Barbarian Skill Levels	50		36	20	bar 2-2	exact base-name match
prefix	1515	Greater Berserker's	Greater +# to Barbarian Skill Levels [mid; marker=property]	mid	125	66	80	36	1	tkni,axe,spea,club,swor,hamm,mace	jave	greater_m_bar 3-3	greater_m_bar: func1=21/stat1=greater_item_addclassskills/val1=4 | func2=1/stat2=item_greaterAffixMarker/val2= | tooltip=+#  to Barbarian Skill Levels	Berserker's	265	+# to Barbarian Skill Levels	50		36	20	bar 2-2	exact base-name match
prefix	1516	Greater Berserker's	Greater +# to Barbarian Skill Levels [late; marker=property]	late	125	81		36	2	tkni,axe,spea,club,swor,hamm,mace	jave	greater_m_bar 3-3	greater_m_bar: func1=21/stat1=greater_item_addclassskills/val1=4 | func2=1/stat2=item_greaterAffixMarker/val2= | tooltip=+#  to Barbarian Skill Levels	Berserker's	265	+# to Barbarian Skill Levels	50		36	20	bar 2-2	exact base-name match
prefix	1517	Greater Valkyrie's	Greater +# to Amazon Skill Levels [early; marker=property]	early	125	50	65	64	1	tors		greater_m_ama 3-3	greater_m_ama: func1=21/stat1=greater_item_addclassskills/val1=0 | func2=1/stat2=item_greaterAffixMarker/val2= | tooltip=+# to Amazon Skill Levels	Valkyrie's	221	+# to Amazon Skill Levels	86		64	20	ama 2-2	exact base-name match
prefix	1518	Greater Valkyrie's	Greater +# to Amazon Skill Levels [mid; marker=property]	mid	125	66	80	64	1	tors		greater_m_ama 3-3	greater_m_ama: func1=21/stat1=greater_item_addclassskills/val1=0 | func2=1/stat2=item_greaterAffixMarker/val2= | tooltip=+# to Amazon Skill Levels	Valkyrie's	221	+# to Amazon Skill Levels	86		64	20	ama 2-2	exact base-name match
prefix	1519	Greater Valkyrie's	Greater +# to Amazon Skill Levels [late; marker=property]	late	125	81		64	2	tors		greater_m_ama 3-3	greater_m_ama: func1=21/stat1=greater_item_addclassskills/val1=0 | func2=1/stat2=item_greaterAffixMarker/val2= | tooltip=+# to Amazon Skill Levels	Valkyrie's	221	+# to Amazon Skill Levels	86		64	20	ama 2-2	exact base-name match
prefix	1520	Greater Priest's	Greater +# to Paladin Skill Levels [early; marker=property]	early	125	50	65	64	1	tors		greater_m_pal 3-3	greater_m_pal: func1=21/stat1=greater_item_addclassskills/val1=3 | func2=1/stat2=item_greaterAffixMarker/val2= | tooltip=+# to Paladin Skill Levels	Priest's	230	+# to Paladin Skill Levels	86		64	20	pal 2-2	exact base-name match
prefix	1521	Greater Priest's	Greater +# to Paladin Skill Levels [mid; marker=property]	mid	125	66	80	64	1	tors		greater_m_pal 3-3	greater_m_pal: func1=21/stat1=greater_item_addclassskills/val1=3 | func2=1/stat2=item_greaterAffixMarker/val2= | tooltip=+# to Paladin Skill Levels	Priest's	230	+# to Paladin Skill Levels	86		64	20	pal 2-2	exact base-name match
prefix	1522	Greater Priest's	Greater +# to Paladin Skill Levels [late; marker=property]	late	125	81		64	2	tors		greater_m_pal 3-3	greater_m_pal: func1=21/stat1=greater_item_addclassskills/val1=3 | func2=1/stat2=item_greaterAffixMarker/val2= | tooltip=+# to Paladin Skill Levels	Priest's	230	+# to Paladin Skill Levels	86		64	20	pal 2-2	exact base-name match
prefix	1523	Greater Necromancer's	Greater +# to Necromancer Skill Levels [early; marker=property]	early	125	50	65	64	1	tors		greater_m_nec 3-3	greater_m_nec: func1=21/stat1=greater_item_addclassskills/val1=2 | func2=1/stat2=item_greaterAffixMarker/val2= | tooltip=+# to Necromancer Skill Levels	Necromancer's	242	+# to Necromancer Skill Levels	86		64	20	nec 2-2	exact base-name match
prefix	1524	Greater Necromancer's	Greater +# to Necromancer Skill Levels [mid; marker=property]	mid	125	66	80	64	1	tors		greater_m_nec 3-3	greater_m_nec: func1=21/stat1=greater_item_addclassskills/val1=2 | func2=1/stat2=item_greaterAffixMarker/val2= | tooltip=+# to Necromancer Skill Levels	Necromancer's	242	+# to Necromancer Skill Levels	86		64	20	nec 2-2	exact base-name match
prefix	1525	Greater Necromancer's	Greater +# to Necromancer Skill Levels [late; marker=property]	late	125	81		64	2	tors		greater_m_nec 3-3	greater_m_nec: func1=21/stat1=greater_item_addclassskills/val1=2 | func2=1/stat2=item_greaterAffixMarker/val2= | tooltip=+# to Necromancer Skill Levels	Necromancer's	242	+# to Necromancer Skill Levels	86		64	20	nec 2-2	exact base-name match
prefix	1526	Greater Arch-Angel's	Greater +# to Sorceress Skill Levels [early; marker=property]	early	125	50	65	64	1	tors		greater_m_sor 3-3	greater_m_sor: func1=21/stat1=greater_item_addclassskills/val1=1 | func2=1/stat2=item_greaterAffixMarker/val2= | tooltip=+# to Sorceress Skill Levels	Arch-Angel's	251	+# to Sorceress Skill Levels	86		64	20	sor 2-2	exact base-name match
prefix	1527	Greater Arch-Angel's	Greater +# to Sorceress Skill Levels [mid; marker=property]	mid	125	66	80	64	1	tors		greater_m_sor 3-3	greater_m_sor: func1=21/stat1=greater_item_addclassskills/val1=1 | func2=1/stat2=item_greaterAffixMarker/val2= | tooltip=+# to Sorceress Skill Levels	Arch-Angel's	251	+# to Sorceress Skill Levels	86		64	20	sor 2-2	exact base-name match
prefix	1528	Greater Arch-Angel's	Greater +# to Sorceress Skill Levels [late; marker=property]	late	125	81		64	2	tors		greater_m_sor 3-3	greater_m_sor: func1=21/stat1=greater_item_addclassskills/val1=1 | func2=1/stat2=item_greaterAffixMarker/val2= | tooltip=+# to Sorceress Skill Levels	Arch-Angel's	251	+# to Sorceress Skill Levels	86		64	20	sor 2-2	exact base-name match
prefix	1529	Greater Berserker's	Greater +# to Barbarian Skill Levels [early; marker=property]	early	125	50	65	64	1	tors		greater_m_bar 3-3	greater_m_bar: func1=21/stat1=greater_item_addclassskills/val1=4 | func2=1/stat2=item_greaterAffixMarker/val2= | tooltip=+#  to Barbarian Skill Levels	Berserker's	260	+# to Barbarian Skill Levels	86		64	20	bar 2-2	exact base-name match
prefix	1530	Greater Berserker's	Greater +# to Barbarian Skill Levels [mid; marker=property]	mid	125	66	80	64	1	tors		greater_m_bar 3-3	greater_m_bar: func1=21/stat1=greater_item_addclassskills/val1=4 | func2=1/stat2=item_greaterAffixMarker/val2= | tooltip=+#  to Barbarian Skill Levels	Berserker's	260	+# to Barbarian Skill Levels	86		64	20	bar 2-2	exact base-name match
prefix	1531	Greater Berserker's	Greater +# to Barbarian Skill Levels [late; marker=property]	late	125	81		64	2	tors		greater_m_bar 3-3	greater_m_bar: func1=21/stat1=greater_item_addclassskills/val1=4 | func2=1/stat2=item_greaterAffixMarker/val2= | tooltip=+#  to Barbarian Skill Levels	Berserker's	260	+# to Barbarian Skill Levels	86		64	20	bar 2-2	exact base-name match
prefix	1532	Greater Hierophant's	Greater +# to Druid Skill Levels [early; marker=property]	early	125	50	65	64	1	tors		greater_m_dru 3-3	greater_m_dru: func1=21/stat1=greater_item_addclassskills/val1=5 | func2=1/stat2=item_greaterAffixMarker/val2= | tooltip=+# to Druid Skill Levels	Hierophant's	272	+# to Druid Skill Levels	86		64	20	dru 2-2	exact base-name match
prefix	1533	Greater Hierophant's	Greater +# to Druid Skill Levels [mid; marker=property]	mid	125	66	80	64	1	tors		greater_m_dru 3-3	greater_m_dru: func1=21/stat1=greater_item_addclassskills/val1=5 | func2=1/stat2=item_greaterAffixMarker/val2= | tooltip=+# to Druid Skill Levels	Hierophant's	272	+# to Druid Skill Levels	86		64	20	dru 2-2	exact base-name match
prefix	1534	Greater Hierophant's	Greater +# to Druid Skill Levels [late; marker=property]	late	125	81		64	2	tors		greater_m_dru 3-3	greater_m_dru: func1=21/stat1=greater_item_addclassskills/val1=5 | func2=1/stat2=item_greaterAffixMarker/val2= | tooltip=+# to Druid Skill Levels	Hierophant's	272	+# to Druid Skill Levels	86		64	20	dru 2-2	exact base-name match
prefix	1535	Greater Witch-hunter's	Greater +# to Assassin Skill Levels [early; marker=property]	early	125	50	65	64	1	tors		greater_m_ass 3-3	greater_m_ass: func1=21/stat1=greater_item_addclassskills/val1=6 | func2=1/stat2=item_greaterAffixMarker/val2= | tooltip=+# to Assassin Skill Levels	Witch-hunter's	281	+# to Assassin Skill Levels	86		64	20	ass 2-2	exact base-name match
prefix	1536	Greater Witch-hunter's	Greater +# to Assassin Skill Levels [mid; marker=property]	mid	125	66	80	64	1	tors		greater_m_ass 3-3	greater_m_ass: func1=21/stat1=greater_item_addclassskills/val1=6 | func2=1/stat2=item_greaterAffixMarker/val2= | tooltip=+# to Assassin Skill Levels	Witch-hunter's	281	+# to Assassin Skill Levels	86		64	20	ass 2-2	exact base-name match
prefix	1537	Greater Witch-hunter's	Greater +# to Assassin Skill Levels [late; marker=property]	late	125	81		64	2	tors		greater_m_ass 3-3	greater_m_ass: func1=21/stat1=greater_item_addclassskills/val1=6 | func2=1/stat2=item_greaterAffixMarker/val2= | tooltip=+# to Assassin Skill Levels	Witch-hunter's	281	+# to Assassin Skill Levels	86		64	20	ass 2-2	exact base-name match
prefix	1538	Greater Hierophant's	Greater +# to Druid Skill Levels [early; marker=property]	early	125	50	65	36	1	club,pelt		greater_m_dru 3-3	greater_m_dru: func1=21/stat1=greater_item_addclassskills/val1=5 | func2=1/stat2=item_greaterAffixMarker/val2= | tooltip=+# to Druid Skill Levels	Hierophant's	277	+# to Druid Skill Levels	50		36	40	dru 2-2	exact base-name match
prefix	1539	Greater Hierophant's	Greater +# to Druid Skill Levels [mid; marker=property]	mid	125	66	80	36	3	club,pelt		greater_m_dru 3-3	greater_m_dru: func1=21/stat1=greater_item_addclassskills/val1=5 | func2=1/stat2=item_greaterAffixMarker/val2= | tooltip=+# to Druid Skill Levels	Hierophant's	277	+# to Druid Skill Levels	50		36	40	dru 2-2	exact base-name match
prefix	1540	Greater Hierophant's	Greater +# to Druid Skill Levels [late; marker=property]	late	125	81		36	4	club,pelt		greater_m_dru 3-3	greater_m_dru: func1=21/stat1=greater_item_addclassskills/val1=5 | func2=1/stat2=item_greaterAffixMarker/val2= | tooltip=+# to Druid Skill Levels	Hierophant's	277	+# to Druid Skill Levels	50		36	40	dru 2-2	exact base-name match
prefix	1541	Greater Arch-Devil's	Greater +# Warlock Skill Levels [early; marker=property]	early	125	50	65	36	1	knif,grim		greater_m_war 3-3	greater_m_war: func1=21/stat1=greater_item_addclassskills/val1=7 | func2=1/stat2=item_greaterAffixMarker/val2= | tooltip=+# to Warlock Skill Levels	Arch-Devil's	1231	+# Warlock Skill Levels	50		36	20	war 2-2	exact base-name match
prefix	1542	Greater Arch-Devil's	Greater +# Warlock Skill Levels [mid; marker=property]	mid	125	66	80	36	1	knif,grim		greater_m_war 3-3	greater_m_war: func1=21/stat1=greater_item_addclassskills/val1=7 | func2=1/stat2=item_greaterAffixMarker/val2= | tooltip=+# to Warlock Skill Levels	Arch-Devil's	1231	+# Warlock Skill Levels	50		36	20	war 2-2	exact base-name match
prefix	1543	Greater Arch-Devil's	Greater +# Warlock Skill Levels [late; marker=property]	late	125	81		36	2	knif,grim		greater_m_war 3-3	greater_m_war: func1=21/stat1=greater_item_addclassskills/val1=7 | func2=1/stat2=item_greaterAffixMarker/val2= | tooltip=+# to Warlock Skill Levels	Arch-Devil's	1231	+# Warlock Skill Levels	50		36	20	war 2-2	exact base-name match
prefix	1544	Greater Witch-hunter's	Greater +# to Assassin Skill Levels [early; marker=property]	early	125	50	65	36	1	h2h		greater_m_ass 3-3	greater_m_ass: func1=21/stat1=greater_item_addclassskills/val1=6 | func2=1/stat2=item_greaterAffixMarker/val2= | tooltip=+# to Assassin Skill Levels	Witch-hunter's	286	+# to Assassin Skill Levels	50		36	40	ass 2-2	exact base-name match
prefix	1545	Greater Witch-hunter's	Greater +# to Assassin Skill Levels [mid; marker=property]	mid	125	66	80	36	3	h2h		greater_m_ass 3-3	greater_m_ass: func1=21/stat1=greater_item_addclassskills/val1=6 | func2=1/stat2=item_greaterAffixMarker/val2= | tooltip=+# to Assassin Skill Levels	Witch-hunter's	286	+# to Assassin Skill Levels	50		36	40	ass 2-2	exact base-name match
prefix	1546	Greater Witch-hunter's	Greater +# to Assassin Skill Levels [late; marker=property]	late	125	81		36	4	h2h		greater_m_ass 3-3	greater_m_ass: func1=21/stat1=greater_item_addclassskills/val1=6 | func2=1/stat2=item_greaterAffixMarker/val2= | tooltip=+# to Assassin Skill Levels	Witch-hunter's	286	+# to Assassin Skill Levels	50		36	40	ass 2-2	exact base-name match
prefix	1547	Greater Necromancer's	Greater +# to Necromancer Skill Levels [early; marker=property]	early	125	50	65	36	1	wand,knif,head		greater_m_nec 3-3	greater_m_nec: func1=21/stat1=greater_item_addclassskills/val1=2 | func2=1/stat2=item_greaterAffixMarker/val2= | tooltip=+# to Necromancer Skill Levels	Necromancer's	247	+# to Necromancer Skill Levels	50		36	40	nec 2-2	exact base-name match
prefix	1548	Greater Necromancer's	Greater +# to Necromancer Skill Levels [mid; marker=property]	mid	125	66	80	36	3	wand,knif,head		greater_m_nec 3-3	greater_m_nec: func1=21/stat1=greater_item_addclassskills/val1=2 | func2=1/stat2=item_greaterAffixMarker/val2= | tooltip=+# to Necromancer Skill Levels	Necromancer's	247	+# to Necromancer Skill Levels	50		36	40	nec 2-2	exact base-name match
prefix	1549	Greater Necromancer's	Greater +# to Necromancer Skill Levels [late; marker=property]	late	125	81		36	4	wand,knif,head		greater_m_nec 3-3	greater_m_nec: func1=21/stat1=greater_item_addclassskills/val1=2 | func2=1/stat2=item_greaterAffixMarker/val2= | tooltip=+# to Necromancer Skill Levels	Necromancer's	247	+# to Necromancer Skill Levels	50		36	40	nec 2-2	exact base-name match
prefix	1550	Greater Arch-Angel's	Greater +# to Sorceress Skill Levels [early; marker=property]	early	125	50	65	36	1	staf,orb		greater_m_sor 3-3	greater_m_sor: func1=21/stat1=greater_item_addclassskills/val1=1 | func2=1/stat2=item_greaterAffixMarker/val2= | tooltip=+# to Sorceress Skill Levels	Arch-Angel's	256	+# to Sorceress Skill Levels	50		36	40	sor 2-2	exact base-name match
prefix	1551	Greater Arch-Angel's	Greater +# to Sorceress Skill Levels [mid; marker=property]	mid	125	66	80	36	3	staf,orb		greater_m_sor 3-3	greater_m_sor: func1=21/stat1=greater_item_addclassskills/val1=1 | func2=1/stat2=item_greaterAffixMarker/val2= | tooltip=+# to Sorceress Skill Levels	Arch-Angel's	256	+# to Sorceress Skill Levels	50		36	40	sor 2-2	exact base-name match
prefix	1552	Greater Arch-Angel's	Greater +# to Sorceress Skill Levels [late; marker=property]	late	125	81		36	4	staf,orb		greater_m_sor 3-3	greater_m_sor: func1=21/stat1=greater_item_addclassskills/val1=1 | func2=1/stat2=item_greaterAffixMarker/val2= | tooltip=+# to Sorceress Skill Levels	Arch-Angel's	256	+# to Sorceress Skill Levels	50		36	40	sor 2-2	exact base-name match
prefix	1553	Greater Berserker's	Greater +# to Barbarian Skill Levels [early; marker=property]	early	125	50	65	36	1	phlm		greater_m_bar 3-3	greater_m_bar: func1=21/stat1=greater_item_addclassskills/val1=4 | func2=1/stat2=item_greaterAffixMarker/val2= | tooltip=+#  to Barbarian Skill Levels	Berserker's	268	+# to Barbarian Skill Levels	50		36	40	bar 2-2	exact base-name match
prefix	1554	Greater Berserker's	Greater +# to Barbarian Skill Levels [mid; marker=property]	mid	125	66	80	36	3	phlm		greater_m_bar 3-3	greater_m_bar: func1=21/stat1=greater_item_addclassskills/val1=4 | func2=1/stat2=item_greaterAffixMarker/val2= | tooltip=+#  to Barbarian Skill Levels	Berserker's	268	+# to Barbarian Skill Levels	50		36	40	bar 2-2	exact base-name match
prefix	1555	Greater Berserker's	Greater +# to Barbarian Skill Levels [late; marker=property]	late	125	81		36	4	phlm		greater_m_bar 3-3	greater_m_bar: func1=21/stat1=greater_item_addclassskills/val1=4 | func2=1/stat2=item_greaterAffixMarker/val2= | tooltip=+#  to Barbarian Skill Levels	Berserker's	268	+# to Barbarian Skill Levels	50		36	40	bar 2-2	exact base-name match
prefix	1556	Greater Archer's	Greater +# to Bow and Crossbow Skills [early; marker=property]	early	125	50	65	38	1	miss,glov		greater_m_skilltab(param=0) 4-4	greater_m_skilltab: func1=10/stat1=greater_item_addskill_tab/val1= | func2=1/stat2=item_greaterAffixMarker/val2= | tooltip=+# to [Class Skill Tab] Skills	Archer's	290	+# to Bow and Crossbow Skills	60		38	20	skilltab(param=0) 3-3	exact base-name match
prefix	1557	Greater Archer's	Greater +# to Bow and Crossbow Skills [mid; marker=property]	mid	125	66	80	38	1	miss,glov		greater_m_skilltab(param=0) 4-4	greater_m_skilltab: func1=10/stat1=greater_item_addskill_tab/val1= | func2=1/stat2=item_greaterAffixMarker/val2= | tooltip=+# to [Class Skill Tab] Skills	Archer's	290	+# to Bow and Crossbow Skills	60		38	20	skilltab(param=0) 3-3	exact base-name match
prefix	1558	Greater Archer's	Greater +# to Bow and Crossbow Skills [late; marker=property]	late	125	81		38	2	miss,glov		greater_m_skilltab(param=0) 4-4	greater_m_skilltab: func1=10/stat1=greater_item_addskill_tab/val1= | func2=1/stat2=item_greaterAffixMarker/val2= | tooltip=+# to [Class Skill Tab] Skills	Archer's	290	+# to Bow and Crossbow Skills	60		38	20	skilltab(param=0) 3-3	exact base-name match
prefix	1559	Greater Master's	Greater +# to Masteries [early; marker=property]	early	125	50	65	38	1	phlm,weap,helm	miss,rod	greater_m_skilltab(param=12) 4-4	greater_m_skilltab: func1=10/stat1=greater_item_addskill_tab/val1= | func2=1/stat2=item_greaterAffixMarker/val2= | tooltip=+# to [Class Skill Tab] Skills	Master's	338	+# to Masteries	60		38	20	skilltab(param=12) 3-3	exact base-name match
prefix	1560	Greater Master's	Greater +# to Masteries [mid; marker=property]	mid	125	66	80	38	1	phlm,weap,helm	miss,rod	greater_m_skilltab(param=12) 4-4	greater_m_skilltab: func1=10/stat1=greater_item_addskill_tab/val1= | func2=1/stat2=item_greaterAffixMarker/val2= | tooltip=+# to [Class Skill Tab] Skills	Master's	338	+# to Masteries	60		38	20	skilltab(param=12) 3-3	exact base-name match
prefix	1561	Greater Master's	Greater +# to Masteries [late; marker=property]	late	125	81		38	2	phlm,weap,helm	miss,rod	greater_m_skilltab(param=12) 4-4	greater_m_skilltab: func1=10/stat1=greater_item_addskill_tab/val1= | func2=1/stat2=item_greaterAffixMarker/val2= | tooltip=+# to [Class Skill Tab] Skills	Master's	338	+# to Masteries	60		38	20	skilltab(param=12) 3-3	exact base-name match
prefix	1562	Greater Furious	Greater +# to Combat Skills [early; marker=property]	early	125	50	65	38	1	phlm,weap,amul	miss,rod	greater_m_skilltab(param=13) 4-4	greater_m_skilltab: func1=10/stat1=greater_item_addskill_tab/val1= | func2=1/stat2=item_greaterAffixMarker/val2= | tooltip=+# to [Class Skill Tab] Skills	Furious	342	+# to Combat Skills	60		38	20	skilltab(param=13) 3-3	exact base-name match
prefix	1563	Greater Furious	Greater +# to Combat Skills [mid; marker=property]	mid	125	66	80	38	1	phlm,weap,amul	miss,rod	greater_m_skilltab(param=13) 4-4	greater_m_skilltab: func1=10/stat1=greater_item_addskill_tab/val1= | func2=1/stat2=item_greaterAffixMarker/val2= | tooltip=+# to [Class Skill Tab] Skills	Furious	342	+# to Combat Skills	60		38	20	skilltab(param=13) 3-3	exact base-name match
prefix	1564	Greater Furious	Greater +# to Combat Skills [late; marker=property]	late	125	81		38	2	phlm,weap,amul	miss,rod	greater_m_skilltab(param=13) 4-4	greater_m_skilltab: func1=10/stat1=greater_item_addskill_tab/val1= | func2=1/stat2=item_greaterAffixMarker/val2= | tooltip=+# to [Class Skill Tab] Skills	Furious	342	+# to Combat Skills	60		38	20	skilltab(param=13) 3-3	exact base-name match
prefix	1565	Greater Echoing	Greater +# to Warcries [early; marker=property]	early	125	50	65	38	1	phlm,weap,amul	miss,rod	greater_m_skilltab(param=14) 4-4	greater_m_skilltab: func1=10/stat1=greater_item_addskill_tab/val1= | func2=1/stat2=item_greaterAffixMarker/val2= | tooltip=+# to [Class Skill Tab] Skills	Echoing	346	+# to Warcries	60		38	20	skilltab(param=14) 3-3	exact base-name match
prefix	1566	Greater Echoing	Greater +# to Warcries [mid; marker=property]	mid	125	66	80	38	1	phlm,weap,amul	miss,rod	greater_m_skilltab(param=14) 4-4	greater_m_skilltab: func1=10/stat1=greater_item_addskill_tab/val1= | func2=1/stat2=item_greaterAffixMarker/val2= | tooltip=+# to [Class Skill Tab] Skills	Echoing	346	+# to Warcries	60		38	20	skilltab(param=14) 3-3	exact base-name match
prefix	1567	Greater Echoing	Greater +# to Warcries [late; marker=property]	late	125	81		38	2	phlm,weap,amul	miss,rod	greater_m_skilltab(param=14) 4-4	greater_m_skilltab: func1=10/stat1=greater_item_addskill_tab/val1= | func2=1/stat2=item_greaterAffixMarker/val2= | tooltip=+# to [Class Skill Tab] Skills	Echoing	346	+# to Warcries	60		38	20	skilltab(param=14) 3-3	exact base-name match
prefix	1568	Greater Athlete's	Greater +# to Passive and Magic Skills [early; marker=property]	early	125	50	65	38	1	glov,amul,circ		greater_m_skilltab(param=1) 4-4	greater_m_skilltab: func1=10/stat1=greater_item_addskill_tab/val1= | func2=1/stat2=item_greaterAffixMarker/val2= | tooltip=+# to [Class Skill Tab] Skills	Athlete's	294	+# to Passive and Magic Skills	60		38	20	skilltab(param=1) 3-3	exact base-name match
prefix	1569	Greater Athlete's	Greater +# to Passive and Magic Skills [mid; marker=property]	mid	125	66	80	38	1	glov,amul,circ		greater_m_skilltab(param=1) 4-4	greater_m_skilltab: func1=10/stat1=greater_item_addskill_tab/val1= | func2=1/stat2=item_greaterAffixMarker/val2= | tooltip=+# to [Class Skill Tab] Skills	Athlete's	294	+# to Passive and Magic Skills	60		38	20	skilltab(param=1) 3-3	exact base-name match
prefix	1570	Greater Athlete's	Greater +# to Passive and Magic Skills [late; marker=property]	late	125	81		38	2	glov,amul,circ		greater_m_skilltab(param=1) 4-4	greater_m_skilltab: func1=10/stat1=greater_item_addskill_tab/val1= | func2=1/stat2=item_greaterAffixMarker/val2= | tooltip=+# to [Class Skill Tab] Skills	Athlete's	294	+# to Passive and Magic Skills	60		38	20	skilltab(param=1) 3-3	exact base-name match
prefix	1571	Greater Volcanic	Greater +# to Fire Skills [early; marker=property]	early	125	50	65	38	1	staf,orb,amul,circ		greater_m_skilltab(param=3) 4-4	greater_m_skilltab: func1=10/stat1=greater_item_addskill_tab/val1= | func2=1/stat2=item_greaterAffixMarker/val2= | tooltip=+# to [Class Skill Tab] Skills	Volcanic	302	+# to Fire Skills	60		38	20	skilltab(param=3) 3-3	exact base-name match
prefix	1572	Greater Volcanic	Greater +# to Fire Skills [mid; marker=property]	mid	125	66	80	38	1	staf,orb,amul,circ		greater_m_skilltab(param=3) 4-4	greater_m_skilltab: func1=10/stat1=greater_item_addskill_tab/val1= | func2=1/stat2=item_greaterAffixMarker/val2= | tooltip=+# to [Class Skill Tab] Skills	Volcanic	302	+# to Fire Skills	60		38	20	skilltab(param=3) 3-3	exact base-name match
prefix	1573	Greater Volcanic	Greater +# to Fire Skills [late; marker=property]	late	125	81		38	2	staf,orb,amul,circ		greater_m_skilltab(param=3) 4-4	greater_m_skilltab: func1=10/stat1=greater_item_addskill_tab/val1= | func2=1/stat2=item_greaterAffixMarker/val2= | tooltip=+# to [Class Skill Tab] Skills	Volcanic	302	+# to Fire Skills	60		38	20	skilltab(param=3) 3-3	exact base-name match
prefix	1574	Greater Powered	Greater +# to Lightning Skills [early; marker=property]	early	125	50	65	38	1	staf,orb,amul,circ		greater_m_skilltab(param=4) 4-4	greater_m_skilltab: func1=10/stat1=greater_item_addskill_tab/val1= | func2=1/stat2=item_greaterAffixMarker/val2= | tooltip=+# to [Class Skill Tab] Skills	Powered	306	+# to Lightning Skills	60		38	20	skilltab(param=4) 3-3	exact base-name match
prefix	1575	Greater Powered	Greater +# to Lightning Skills [mid; marker=property]	mid	125	66	80	38	1	staf,orb,amul,circ		greater_m_skilltab(param=4) 4-4	greater_m_skilltab: func1=10/stat1=greater_item_addskill_tab/val1= | func2=1/stat2=item_greaterAffixMarker/val2= | tooltip=+# to [Class Skill Tab] Skills	Powered	306	+# to Lightning Skills	60		38	20	skilltab(param=4) 3-3	exact base-name match
prefix	1576	Greater Powered	Greater +# to Lightning Skills [late; marker=property]	late	125	81		38	2	staf,orb,amul,circ		greater_m_skilltab(param=4) 4-4	greater_m_skilltab: func1=10/stat1=greater_item_addskill_tab/val1= | func2=1/stat2=item_greaterAffixMarker/val2= | tooltip=+# to [Class Skill Tab] Skills	Powered	306	+# to Lightning Skills	60		38	20	skilltab(param=4) 3-3	exact base-name match
prefix	1577	Greater Glacial	Greater +# to Cold Skills [early; marker=property]	early	125	50	65	38	1	staf,orb,amul,circ		greater_m_skilltab(param=5) 4-4	greater_m_skilltab: func1=10/stat1=greater_item_addskill_tab/val1= | func2=1/stat2=item_greaterAffixMarker/val2= | tooltip=+# to [Class Skill Tab] Skills	Glacial	310	+# to Cold Skills	60		38	20	skilltab(param=5) 3-3	exact base-name match
prefix	1578	Greater Glacial	Greater +# to Cold Skills [mid; marker=property]	mid	125	66	80	38	1	staf,orb,amul,circ		greater_m_skilltab(param=5) 4-4	greater_m_skilltab: func1=10/stat1=greater_item_addskill_tab/val1= | func2=1/stat2=item_greaterAffixMarker/val2= | tooltip=+# to [Class Skill Tab] Skills	Glacial	310	+# to Cold Skills	60		38	20	skilltab(param=5) 3-3	exact base-name match
prefix	1579	Greater Glacial	Greater +# to Cold Skills [late; marker=property]	late	125	81		38	2	staf,orb,amul,circ		greater_m_skilltab(param=5) 4-4	greater_m_skilltab: func1=10/stat1=greater_item_addskill_tab/val1= | func2=1/stat2=item_greaterAffixMarker/val2= | tooltip=+# to [Class Skill Tab] Skills	Glacial	310	+# to Cold Skills	60		38	20	skilltab(param=5) 3-3	exact base-name match
prefix	1580	Greater Accursed	Greater +# to Curses [early; marker=property]	early	125	50	65	38	1	wand,head,amul,circ		greater_m_skilltab(param=6) 4-4	greater_m_skilltab: func1=10/stat1=greater_item_addskill_tab/val1= | func2=1/stat2=item_greaterAffixMarker/val2= | tooltip=+# to [Class Skill Tab] Skills	Accursed	314	+# to Curses	60		38	20	skilltab(param=6) 3-3	exact base-name match
prefix	1581	Greater Accursed	Greater +# to Curses [mid; marker=property]	mid	125	66	80	38	1	wand,head,amul,circ		greater_m_skilltab(param=6) 4-4	greater_m_skilltab: func1=10/stat1=greater_item_addskill_tab/val1= | func2=1/stat2=item_greaterAffixMarker/val2= | tooltip=+# to [Class Skill Tab] Skills	Accursed	314	+# to Curses	60		38	20	skilltab(param=6) 3-3	exact base-name match
prefix	1582	Greater Accursed	Greater +# to Curses [late; marker=property]	late	125	81		38	2	wand,head,amul,circ		greater_m_skilltab(param=6) 4-4	greater_m_skilltab: func1=10/stat1=greater_item_addskill_tab/val1= | func2=1/stat2=item_greaterAffixMarker/val2= | tooltip=+# to [Class Skill Tab] Skills	Accursed	314	+# to Curses	60		38	20	skilltab(param=6) 3-3	exact base-name match
prefix	1583	Greater Venomous	Greater +# to Poison and Bone Skills [early; marker=property]	early	125	50	65	38	1	wand,head,amul,knif,circ	tkni	greater_m_skilltab(param=7) 4-4	greater_m_skilltab: func1=10/stat1=greater_item_addskill_tab/val1= | func2=1/stat2=item_greaterAffixMarker/val2= | tooltip=+# to [Class Skill Tab] Skills	Venomous	318	+# to Poison and Bone Skills	60		38	20	skilltab(param=7) 3-3	exact base-name match
prefix	1584	Greater Venomous	Greater +# to Poison and Bone Skills [mid; marker=property]	mid	125	66	80	38	1	wand,head,amul,knif,circ	tkni	greater_m_skilltab(param=7) 4-4	greater_m_skilltab: func1=10/stat1=greater_item_addskill_tab/val1= | func2=1/stat2=item_greaterAffixMarker/val2= | tooltip=+# to [Class Skill Tab] Skills	Venomous	318	+# to Poison and Bone Skills	60		38	20	skilltab(param=7) 3-3	exact base-name match
prefix	1585	Greater Venomous	Greater +# to Poison and Bone Skills [late; marker=property]	late	125	81		38	2	wand,head,amul,knif,circ	tkni	greater_m_skilltab(param=7) 4-4	greater_m_skilltab: func1=10/stat1=greater_item_addskill_tab/val1= | func2=1/stat2=item_greaterAffixMarker/val2= | tooltip=+# to [Class Skill Tab] Skills	Venomous	318	+# to Poison and Bone Skills	60		38	20	skilltab(param=7) 3-3	exact base-name match
prefix	1586	Greater Golemlord's	Greater +# to Summoning Skills [early; marker=property]	early	125	50	65	38	1	wand,head,amul,circ		greater_m_skilltab(param=8) 4-4	greater_m_skilltab: func1=10/stat1=greater_item_addskill_tab/val1= | func2=1/stat2=item_greaterAffixMarker/val2= | tooltip=+# to [Class Skill Tab] Skills	Golemlord's	322	+# to Summoning Skills	60		38	20	skilltab(param=8) 3-3	exact base-name match
prefix	1587	Greater Golemlord's	Greater +# to Summoning Skills [mid; marker=property]	mid	125	66	80	38	1	wand,head,amul,circ		greater_m_skilltab(param=8) 4-4	greater_m_skilltab: func1=10/stat1=greater_item_addskill_tab/val1= | func2=1/stat2=item_greaterAffixMarker/val2= | tooltip=+# to [Class Skill Tab] Skills	Golemlord's	322	+# to Summoning Skills	60		38	20	skilltab(param=8) 3-3	exact base-name match
prefix	1588	Greater Golemlord's	Greater +# to Summoning Skills [late; marker=property]	late	125	81		38	2	wand,head,amul,circ		greater_m_skilltab(param=8) 4-4	greater_m_skilltab: func1=10/stat1=greater_item_addskill_tab/val1= | func2=1/stat2=item_greaterAffixMarker/val2= | tooltip=+# to [Class Skill Tab] Skills	Golemlord's	322	+# to Summoning Skills	60		38	20	skilltab(param=8) 3-3	exact base-name match
prefix	1589	Greater Rose Branded	Greater +# to Combat Skills [early; marker=property]	early	125	50	65	38	1	scep,swor,mace,shld,ashd,amul,circ		greater_m_skilltab(param=9) 4-4	greater_m_skilltab: func1=10/stat1=greater_item_addskill_tab/val1= | func2=1/stat2=item_greaterAffixMarker/val2= | tooltip=+# to [Class Skill Tab] Skills	Rose Branded	326	+# to Combat Skills	60		38	20	skilltab(param=9) 3-3	exact base-name match
prefix	1590	Greater Rose Branded	Greater +# to Combat Skills [mid; marker=property]	mid	125	66	80	38	1	scep,swor,mace,shld,ashd,amul,circ		greater_m_skilltab(param=9) 4-4	greater_m_skilltab: func1=10/stat1=greater_item_addskill_tab/val1= | func2=1/stat2=item_greaterAffixMarker/val2= | tooltip=+# to [Class Skill Tab] Skills	Rose Branded	326	+# to Combat Skills	60		38	20	skilltab(param=9) 3-3	exact base-name match
prefix	1591	Greater Rose Branded	Greater +# to Combat Skills [late; marker=property]	late	125	81		38	2	scep,swor,mace,shld,ashd,amul,circ		greater_m_skilltab(param=9) 4-4	greater_m_skilltab: func1=10/stat1=greater_item_addskill_tab/val1= | func2=1/stat2=item_greaterAffixMarker/val2= | tooltip=+# to [Class Skill Tab] Skills	Rose Branded	326	+# to Combat Skills	60		38	20	skilltab(param=9) 3-3	exact base-name match
prefix	1592	Greater Marshal's	Greater +# to Offensive Auras [early; marker=property]	early	125	50	65	38	1	scep,swor,mace,shld,ashd,amul,circ		greater_m_skilltab(param=10) 4-4	greater_m_skilltab: func1=10/stat1=greater_item_addskill_tab/val1= | func2=1/stat2=item_greaterAffixMarker/val2= | tooltip=+# to [Class Skill Tab] Skills	Marshal's	330	+# to Offensive Auras	60		38	20	skilltab(param=10) 3-3	exact base-name match
prefix	1593	Greater Marshal's	Greater +# to Offensive Auras [mid; marker=property]	mid	125	66	80	38	1	scep,swor,mace,shld,ashd,amul,circ		greater_m_skilltab(param=10) 4-4	greater_m_skilltab: func1=10/stat1=greater_item_addskill_tab/val1= | func2=1/stat2=item_greaterAffixMarker/val2= | tooltip=+# to [Class Skill Tab] Skills	Marshal's	330	+# to Offensive Auras	60		38	20	skilltab(param=10) 3-3	exact base-name match
prefix	1594	Greater Marshal's	Greater +# to Offensive Auras [late; marker=property]	late	125	81		38	2	scep,swor,mace,shld,ashd,amul,circ		greater_m_skilltab(param=10) 4-4	greater_m_skilltab: func1=10/stat1=greater_item_addskill_tab/val1= | func2=1/stat2=item_greaterAffixMarker/val2= | tooltip=+# to [Class Skill Tab] Skills	Marshal's	330	+# to Offensive Auras	60		38	20	skilltab(param=10) 3-3	exact base-name match
prefix	1595	Greater Guardian's	Greater +# to Defensive Auras [early; marker=property]	early	125	50	65	38	1	shld,ashd,amul,circ		greater_m_skilltab(param=11) 4-4	greater_m_skilltab: func1=10/stat1=greater_item_addskill_tab/val1= | func2=1/stat2=item_greaterAffixMarker/val2= | tooltip=+# to [Class Skill Tab] Skills	Guardian's	334	+# to Defensive Auras	60		38	20	skilltab(param=11) 3-3	exact base-name match
prefix	1596	Greater Guardian's	Greater +# to Defensive Auras [mid; marker=property]	mid	125	66	80	38	1	shld,ashd,amul,circ		greater_m_skilltab(param=11) 4-4	greater_m_skilltab: func1=10/stat1=greater_item_addskill_tab/val1= | func2=1/stat2=item_greaterAffixMarker/val2= | tooltip=+# to [Class Skill Tab] Skills	Guardian's	334	+# to Defensive Auras	60		38	20	skilltab(param=11) 3-3	exact base-name match
prefix	1597	Greater Guardian's	Greater +# to Defensive Auras [late; marker=property]	late	125	81		38	2	shld,ashd,amul,circ		greater_m_skilltab(param=11) 4-4	greater_m_skilltab: func1=10/stat1=greater_item_addskill_tab/val1= | func2=1/stat2=item_greaterAffixMarker/val2= | tooltip=+# to [Class Skill Tab] Skills	Guardian's	334	+# to Defensive Auras	60		38	20	skilltab(param=11) 3-3	exact base-name match
prefix	1598	Greater Keeper's	Greater +# to Summoning Skills [early; marker=property]	early	125	50	65	38	1	club,pelt,amul,circ		greater_m_skilltab(param=15) 4-4	greater_m_skilltab: func1=10/stat1=greater_item_addskill_tab/val1= | func2=1/stat2=item_greaterAffixMarker/val2= | tooltip=+# to [Class Skill Tab] Skills	Keeper's	350	+# to Summoning Skills	60		38	20	skilltab(param=15) 3-3	exact base-name match
prefix	1599	Greater Keeper's	Greater +# to Summoning Skills [mid; marker=property]	mid	125	66	80	38	1	club,pelt,amul,circ		greater_m_skilltab(param=15) 4-4	greater_m_skilltab: func1=10/stat1=greater_item_addskill_tab/val1= | func2=1/stat2=item_greaterAffixMarker/val2= | tooltip=+# to [Class Skill Tab] Skills	Keeper's	350	+# to Summoning Skills	60		38	20	skilltab(param=15) 3-3	exact base-name match
prefix	1600	Greater Keeper's	Greater +# to Summoning Skills [late; marker=property]	late	125	81		38	2	club,pelt,amul,circ		greater_m_skilltab(param=15) 4-4	greater_m_skilltab: func1=10/stat1=greater_item_addskill_tab/val1= | func2=1/stat2=item_greaterAffixMarker/val2= | tooltip=+# to [Class Skill Tab] Skills	Keeper's	350	+# to Summoning Skills	60		38	20	skilltab(param=15) 3-3	exact base-name match
prefix	1601	Greater Communal	Greater +# to Shape Shifting Skills [early; marker=property]	early	125	50	65	38	1	club,pelt,amul,circ		greater_m_skilltab(param=16) 4-4	greater_m_skilltab: func1=10/stat1=greater_item_addskill_tab/val1= | func2=1/stat2=item_greaterAffixMarker/val2= | tooltip=+# to [Class Skill Tab] Skills	Communal	354	+# to Shape Shifting Skills	60		38	20	skilltab(param=16) 3-3	exact base-name match
prefix	1602	Greater Communal	Greater +# to Shape Shifting Skills [mid; marker=property]	mid	125	66	80	38	1	club,pelt,amul,circ		greater_m_skilltab(param=16) 4-4	greater_m_skilltab: func1=10/stat1=greater_item_addskill_tab/val1= | func2=1/stat2=item_greaterAffixMarker/val2= | tooltip=+# to [Class Skill Tab] Skills	Communal	354	+# to Shape Shifting Skills	60		38	20	skilltab(param=16) 3-3	exact base-name match
prefix	1603	Greater Communal	Greater +# to Shape Shifting Skills [late; marker=property]	late	125	81		38	2	club,pelt,amul,circ		greater_m_skilltab(param=16) 4-4	greater_m_skilltab: func1=10/stat1=greater_item_addskill_tab/val1= | func2=1/stat2=item_greaterAffixMarker/val2= | tooltip=+# to [Class Skill Tab] Skills	Communal	354	+# to Shape Shifting Skills	60		38	20	skilltab(param=16) 3-3	exact base-name match
prefix	1604	Greater Gaea's	Greater +# to Elemental Skills [early; marker=property]	early	125	50	65	38	1	club,pelt,amul,circ		greater_m_skilltab(param=17) 4-4	greater_m_skilltab: func1=10/stat1=greater_item_addskill_tab/val1= | func2=1/stat2=item_greaterAffixMarker/val2= | tooltip=+# to [Class Skill Tab] Skills	Gaea's	358	+# to Elemental Skills	60		38	20	skilltab(param=17) 3-3	exact base-name match
prefix	1605	Greater Gaea's	Greater +# to Elemental Skills [mid; marker=property]	mid	125	66	80	38	1	club,pelt,amul,circ		greater_m_skilltab(param=17) 4-4	greater_m_skilltab: func1=10/stat1=greater_item_addskill_tab/val1= | func2=1/stat2=item_greaterAffixMarker/val2= | tooltip=+# to [Class Skill Tab] Skills	Gaea's	358	+# to Elemental Skills	60		38	20	skilltab(param=17) 3-3	exact base-name match
prefix	1606	Greater Gaea's	Greater +# to Elemental Skills [late; marker=property]	late	125	81		38	2	club,pelt,amul,circ		greater_m_skilltab(param=17) 4-4	greater_m_skilltab: func1=10/stat1=greater_item_addskill_tab/val1= | func2=1/stat2=item_greaterAffixMarker/val2= | tooltip=+# to [Class Skill Tab] Skills	Gaea's	358	+# to Elemental Skills	60		38	20	skilltab(param=17) 3-3	exact base-name match
prefix	1607	Greater Cunning	Greater +# to Traps [early; marker=property]	early	125	50	65	38	1	h2h,amul,circ		greater_m_skilltab(param=18) 4-4	greater_m_skilltab: func1=10/stat1=greater_item_addskill_tab/val1= | func2=1/stat2=item_greaterAffixMarker/val2= | tooltip=+# to [Class Skill Tab] Skills	Cunning	362	+# to Traps	60		38	20	skilltab(param=18) 3-3	exact base-name match
prefix	1608	Greater Cunning	Greater +# to Traps [mid; marker=property]	mid	125	66	80	38	1	h2h,amul,circ		greater_m_skilltab(param=18) 4-4	greater_m_skilltab: func1=10/stat1=greater_item_addskill_tab/val1= | func2=1/stat2=item_greaterAffixMarker/val2= | tooltip=+# to [Class Skill Tab] Skills	Cunning	362	+# to Traps	60		38	20	skilltab(param=18) 3-3	exact base-name match
prefix	1609	Greater Cunning	Greater +# to Traps [late; marker=property]	late	125	81		38	2	h2h,amul,circ		greater_m_skilltab(param=18) 4-4	greater_m_skilltab: func1=10/stat1=greater_item_addskill_tab/val1= | func2=1/stat2=item_greaterAffixMarker/val2= | tooltip=+# to [Class Skill Tab] Skills	Cunning	362	+# to Traps	60		38	20	skilltab(param=18) 3-3	exact base-name match
prefix	1610	Greater Shadow	Greater +# to Shadow Disciplines [early; marker=property]	early	125	50	65	38	1	h2h,amul,helm,circ		greater_m_skilltab(param=19) 4-4	greater_m_skilltab: func1=10/stat1=greater_item_addskill_tab/val1= | func2=1/stat2=item_greaterAffixMarker/val2= | tooltip=+# to [Class Skill Tab] Skills	Shadow	366	+# to Shadow Disciplines	60		38	20	skilltab(param=19) 3-3	exact base-name match
prefix	1611	Greater Shadow	Greater +# to Shadow Disciplines [mid; marker=property]	mid	125	66	80	38	1	h2h,amul,helm,circ		greater_m_skilltab(param=19) 4-4	greater_m_skilltab: func1=10/stat1=greater_item_addskill_tab/val1= | func2=1/stat2=item_greaterAffixMarker/val2= | tooltip=+# to [Class Skill Tab] Skills	Shadow	366	+# to Shadow Disciplines	60		38	20	skilltab(param=19) 3-3	exact base-name match
prefix	1612	Greater Shadow	Greater +# to Shadow Disciplines [late; marker=property]	late	125	81		38	2	h2h,amul,helm,circ		greater_m_skilltab(param=19) 4-4	greater_m_skilltab: func1=10/stat1=greater_item_addskill_tab/val1= | func2=1/stat2=item_greaterAffixMarker/val2= | tooltip=+# to [Class Skill Tab] Skills	Shadow	366	+# to Shadow Disciplines	60		38	20	skilltab(param=19) 3-3	exact base-name match
prefix	1613	Greater Kenshi's	Greater +# to Martial Arts [early; marker=property]	early	125	50	65	38	1	h2h,amul,glov,circ		greater_m_skilltab(param=20) 4-4	greater_m_skilltab: func1=10/stat1=greater_item_addskill_tab/val1= | func2=1/stat2=item_greaterAffixMarker/val2= | tooltip=+# to [Class Skill Tab] Skills	Kenshi's	370	+# to Martial Arts	60		38	20	skilltab(param=20) 3-3	exact base-name match
prefix	1614	Greater Kenshi's	Greater +# to Martial Arts [mid; marker=property]	mid	125	66	80	38	1	h2h,amul,glov,circ		greater_m_skilltab(param=20) 4-4	greater_m_skilltab: func1=10/stat1=greater_item_addskill_tab/val1= | func2=1/stat2=item_greaterAffixMarker/val2= | tooltip=+# to [Class Skill Tab] Skills	Kenshi's	370	+# to Martial Arts	60		38	20	skilltab(param=20) 3-3	exact base-name match
prefix	1615	Greater Kenshi's	Greater +# to Martial Arts [late; marker=property]	late	125	81		38	2	h2h,amul,glov,circ		greater_m_skilltab(param=20) 4-4	greater_m_skilltab: func1=10/stat1=greater_item_addskill_tab/val1= | func2=1/stat2=item_greaterAffixMarker/val2= | tooltip=+# to [Class Skill Tab] Skills	Kenshi's	370	+# to Martial Arts	60		38	20	skilltab(param=20) 3-3	exact base-name match
prefix	1616	Greater Torrid	Greater +# Skill Tab (Class) [early; marker=property]	early	125	50	65	38	1	knif,grim,amul,circ		greater_m_skilltab(param=23) 4-4	greater_m_skilltab: func1=10/stat1=greater_item_addskill_tab/val1= | func2=1/stat2=item_greaterAffixMarker/val2= | tooltip=+# to [Class Skill Tab] Skills	Torrid	1217	+# Skill Tab (Class)	60		38	10	skilltab(param=23) 3-3	exact base-name match
prefix	1617	Greater Torrid	Greater +# Skill Tab (Class) [mid; marker=property]	mid	125	66	80	38	1	knif,grim,amul,circ		greater_m_skilltab(param=23) 4-4	greater_m_skilltab: func1=10/stat1=greater_item_addskill_tab/val1= | func2=1/stat2=item_greaterAffixMarker/val2= | tooltip=+# to [Class Skill Tab] Skills	Torrid	1217	+# Skill Tab (Class)	60		38	10	skilltab(param=23) 3-3	exact base-name match
prefix	1618	Greater Torrid	Greater +# Skill Tab (Class) [late; marker=property]	late	125	81		38	1	knif,grim,amul,circ		greater_m_skilltab(param=23) 4-4	greater_m_skilltab: func1=10/stat1=greater_item_addskill_tab/val1= | func2=1/stat2=item_greaterAffixMarker/val2= | tooltip=+# to [Class Skill Tab] Skills	Torrid	1217	+# Skill Tab (Class)	60		38	10	skilltab(param=23) 3-3	exact base-name match
prefix	1619	Greater Forbidden	Greater +# Skill Tab (Class) [early; marker=property]	early	125	50	65	38	1	knif,grim,amul,swor,circ	tkni	greater_m_skilltab(param=22) 4-4	greater_m_skilltab: func1=10/stat1=greater_item_addskill_tab/val1= | func2=1/stat2=item_greaterAffixMarker/val2= | tooltip=+# to [Class Skill Tab] Skills	Forbidden	1221	+# Skill Tab (Class)	60		38	10	skilltab(param=22) 3-3	exact base-name match
prefix	1620	Greater Forbidden	Greater +# Skill Tab (Class) [mid; marker=property]	mid	125	66	80	38	1	knif,grim,amul,swor,circ	tkni	greater_m_skilltab(param=22) 4-4	greater_m_skilltab: func1=10/stat1=greater_item_addskill_tab/val1= | func2=1/stat2=item_greaterAffixMarker/val2= | tooltip=+# to [Class Skill Tab] Skills	Forbidden	1221	+# Skill Tab (Class)	60		38	10	skilltab(param=22) 3-3	exact base-name match
prefix	1621	Greater Forbidden	Greater +# Skill Tab (Class) [late; marker=property]	late	125	81		38	1	knif,grim,amul,swor,circ	tkni	greater_m_skilltab(param=22) 4-4	greater_m_skilltab: func1=10/stat1=greater_item_addskill_tab/val1= | func2=1/stat2=item_greaterAffixMarker/val2= | tooltip=+# to [Class Skill Tab] Skills	Forbidden	1221	+# Skill Tab (Class)	60		38	10	skilltab(param=22) 3-3	exact base-name match
prefix	1622	Greater Malevolent	Greater +# Skill Tab (Class) [early; marker=property]	early	125	50	65	38	1	knif,grim,amul,circ		greater_m_skilltab(param=21) 4-4	greater_m_skilltab: func1=10/stat1=greater_item_addskill_tab/val1= | func2=1/stat2=item_greaterAffixMarker/val2= | tooltip=+# to [Class Skill Tab] Skills	Malevolent	1225	+# Skill Tab (Class)	60		38	10	skilltab(param=21) 3-3	exact base-name match
prefix	1623	Greater Malevolent	Greater +# Skill Tab (Class) [mid; marker=property]	mid	125	66	80	38	1	knif,grim,amul,circ		greater_m_skilltab(param=21) 4-4	greater_m_skilltab: func1=10/stat1=greater_item_addskill_tab/val1= | func2=1/stat2=item_greaterAffixMarker/val2= | tooltip=+# to [Class Skill Tab] Skills	Malevolent	1225	+# Skill Tab (Class)	60		38	10	skilltab(param=21) 3-3	exact base-name match
prefix	1624	Greater Malevolent	Greater +# Skill Tab (Class) [late; marker=property]	late	125	81		38	1	knif,grim,amul,circ		greater_m_skilltab(param=21) 4-4	greater_m_skilltab: func1=10/stat1=greater_item_addskill_tab/val1= | func2=1/stat2=item_greaterAffixMarker/val2= | tooltip=+# to [Class Skill Tab] Skills	Malevolent	1225	+# Skill Tab (Class)	60		38	10	skilltab(param=21) 3-3	exact base-name match
prefix	1625	Greater Lancer's	Greater +# to Javelin and Spear Skills [early; marker=property]	early	125	50	65	38	1	spea,glov		greater_m_skilltab(param=2) 4-4	greater_m_skilltab: func1=10/stat1=greater_item_addskill_tab/val1= | func2=1/stat2=item_greaterAffixMarker/val2= | tooltip=+# to [Class Skill Tab] Skills	Lancer's	298	+# to Javelin and Spear Skills	60		38	20	skilltab(param=2) 3-3	exact base-name match
prefix	1626	Greater Lancer's	Greater +# to Javelin and Spear Skills [mid; marker=property]	mid	125	66	80	38	1	spea,glov		greater_m_skilltab(param=2) 4-4	greater_m_skilltab: func1=10/stat1=greater_item_addskill_tab/val1= | func2=1/stat2=item_greaterAffixMarker/val2= | tooltip=+# to [Class Skill Tab] Skills	Lancer's	298	+# to Javelin and Spear Skills	60		38	20	skilltab(param=2) 3-3	exact base-name match
prefix	1627	Greater Lancer's	Greater +# to Javelin and Spear Skills [late; marker=property]	late	125	81		38	2	spea,glov		greater_m_skilltab(param=2) 4-4	greater_m_skilltab: func1=10/stat1=greater_item_addskill_tab/val1= | func2=1/stat2=item_greaterAffixMarker/val2= | tooltip=+# to [Class Skill Tab] Skills	Lancer's	298	+# to Javelin and Spear Skills	60		38	20	skilltab(param=2) 3-3	exact base-name match
prefix	1628	Greater Hibernal	Greater Cold Length # of Frames (25 Frames = 1 Second) & +# to Minimum Cold Damage & +# to Maximum Cold Damage [early; marker=property]	early	137	50	65	51	1	weap		greater_m_cold-len 130-130; greater_cold-min 59-59; greater_cold-max 182-182	greater_m_cold-len: func1=1/stat1=coldlength/val1= | func2=1/stat2=item_greaterAffixMarker/val2=; greater_cold-min: func1=1/stat1=greater_coldmindam/val1= | tooltip=+# to Minimum Cold Damage; greater_cold-max: func1=1/stat1=greater_coldmaxdam/val1= | tooltip=+# to Maximum Cold Damage	Hibernal	411	Cold Length # of Frames (25 Frames = 1 Second) & +# to Minimum Cold Damage & +# to Maximum Cold Damage	70		51	20	cold-len 100-100; cold-min 24-45; cold-max 91-140	exact base-name match
prefix	1629	Greater Hibernal	Greater Cold Length # of Frames (25 Frames = 1 Second) & +# to Minimum Cold Damage & +# to Maximum Cold Damage [mid; marker=property]	mid	137	66	80	51	1	weap		greater_m_cold-len 130-130; greater_cold-min 59-59; greater_cold-max 182-182	greater_m_cold-len: func1=1/stat1=coldlength/val1= | func2=1/stat2=item_greaterAffixMarker/val2=; greater_cold-min: func1=1/stat1=greater_coldmindam/val1= | tooltip=+# to Minimum Cold Damage; greater_cold-max: func1=1/stat1=greater_coldmaxdam/val1= | tooltip=+# to Maximum Cold Damage	Hibernal	411	Cold Length # of Frames (25 Frames = 1 Second) & +# to Minimum Cold Damage & +# to Maximum Cold Damage	70		51	20	cold-len 100-100; cold-min 24-45; cold-max 91-140	exact base-name match
prefix	1630	Greater Hibernal	Greater Cold Length # of Frames (25 Frames = 1 Second) & +# to Minimum Cold Damage & +# to Maximum Cold Damage [late; marker=property]	late	137	81		51	2	weap		greater_m_cold-len 130-130; greater_cold-min 59-59; greater_cold-max 182-182	greater_m_cold-len: func1=1/stat1=coldlength/val1= | func2=1/stat2=item_greaterAffixMarker/val2=; greater_cold-min: func1=1/stat1=greater_coldmindam/val1= | tooltip=+# to Minimum Cold Damage; greater_cold-max: func1=1/stat1=greater_coldmaxdam/val1= | tooltip=+# to Maximum Cold Damage	Hibernal	411	Cold Length # of Frames (25 Frames = 1 Second) & +# to Minimum Cold Damage & +# to Maximum Cold Damage	70		51	20	cold-len 100-100; cold-min 24-45; cold-max 91-140	exact base-name match
prefix	1631	Greater Boreal	Greater Cold Length # of Frames (25 Frames = 1 Second) & +# to Minimum Cold Damage & +# to Maximum Cold Damage [early; marker=property]	early	137	50	65	34	1	weap,circ		greater_m_cold-len 98-98; greater_cold-min 30-30; greater_cold-max 117-117	greater_m_cold-len: func1=1/stat1=coldlength/val1= | func2=1/stat2=item_greaterAffixMarker/val2=; greater_cold-min: func1=1/stat1=greater_coldmindam/val1= | tooltip=+# to Minimum Cold Damage; greater_cold-max: func1=1/stat1=greater_coldmaxdam/val1= | tooltip=+# to Maximum Cold Damage	Boreal	409	Cold Length # of Frames (25 Frames = 1 Second) & +# to Minimum Cold Damage & +# to Maximum Cold Damage	50		34	20	cold-len 75-75; cold-min 16-23; cold-max 46-90	exact base-name match
prefix	1632	Greater Boreal	Greater Cold Length # of Frames (25 Frames = 1 Second) & +# to Minimum Cold Damage & +# to Maximum Cold Damage [mid; marker=property]	mid	137	66	80	34	1	weap,circ		greater_m_cold-len 98-98; greater_cold-min 30-30; greater_cold-max 117-117	greater_m_cold-len: func1=1/stat1=coldlength/val1= | func2=1/stat2=item_greaterAffixMarker/val2=; greater_cold-min: func1=1/stat1=greater_coldmindam/val1= | tooltip=+# to Minimum Cold Damage; greater_cold-max: func1=1/stat1=greater_coldmaxdam/val1= | tooltip=+# to Maximum Cold Damage	Boreal	409	Cold Length # of Frames (25 Frames = 1 Second) & +# to Minimum Cold Damage & +# to Maximum Cold Damage	50		34	20	cold-len 75-75; cold-min 16-23; cold-max 46-90	exact base-name match
prefix	1633	Greater Boreal	Greater Cold Length # of Frames (25 Frames = 1 Second) & +# to Minimum Cold Damage & +# to Maximum Cold Damage [late; marker=property]	late	137	81		34	2	weap,circ		greater_m_cold-len 98-98; greater_cold-min 30-30; greater_cold-max 117-117	greater_m_cold-len: func1=1/stat1=coldlength/val1= | func2=1/stat2=item_greaterAffixMarker/val2=; greater_cold-min: func1=1/stat1=greater_coldmindam/val1= | tooltip=+# to Minimum Cold Damage; greater_cold-max: func1=1/stat1=greater_coldmaxdam/val1= | tooltip=+# to Maximum Cold Damage	Boreal	409	Cold Length # of Frames (25 Frames = 1 Second) & +# to Minimum Cold Damage & +# to Maximum Cold Damage	50		34	20	cold-len 75-75; cold-min 16-23; cold-max 46-90	exact base-name match
prefix	1634	Greater Avatar	Greater Adds #-# Fire/Lightning/Cold Damage [early; marker=yes]	early	137	50	65	72	1	lcha		greater_dmg-elem 45-45; greater-affix-marker 1-1	greater_dmg-elem: func1=15/stat1=greater_firemindam/val1= | func2=16/stat2=greater_firemaxdam/val2= | func3=15/stat3=greater_lightmindam/val3= | func4=16/stat4=greater_lightmaxdam/val4= | func5=15/stat5=greater_coldmindam/val5= | func6=16/stat6=greater_coldmaxdam/val6= | func7=17/stat7=coldlength/val7= | tooltip=Adds #-# Fire/Lightning/Cold Damage; greater-affix-marker: func1=1/stat1=item_greaterAffixMarker/val1=	Avatar	1137	Adds #-# Fire/Lightning/Cold Damage	85		72	10	dmg-elem 20-30	exact base-name match
prefix	1635	Greater Avatar	Greater Adds #-# Fire/Lightning/Cold Damage [mid; marker=yes]	mid	137	66	80	72	1	lcha		greater_dmg-elem 45-45; greater-affix-marker 1-1	greater_dmg-elem: func1=15/stat1=greater_firemindam/val1= | func2=16/stat2=greater_firemaxdam/val2= | func3=15/stat3=greater_lightmindam/val3= | func4=16/stat4=greater_lightmaxdam/val4= | func5=15/stat5=greater_coldmindam/val5= | func6=16/stat6=greater_coldmaxdam/val6= | func7=17/stat7=coldlength/val7= | tooltip=Adds #-# Fire/Lightning/Cold Damage; greater-affix-marker: func1=1/stat1=item_greaterAffixMarker/val1=	Avatar	1137	Adds #-# Fire/Lightning/Cold Damage	85		72	10	dmg-elem 20-30	exact base-name match
prefix	1636	Greater Avatar	Greater Adds #-# Fire/Lightning/Cold Damage [late; marker=yes]	late	137	81		72	1	lcha		greater_dmg-elem 45-45; greater-affix-marker 1-1	greater_dmg-elem: func1=15/stat1=greater_firemindam/val1= | func2=16/stat2=greater_firemaxdam/val2= | func3=15/stat3=greater_lightmindam/val3= | func4=16/stat4=greater_lightmaxdam/val4= | func5=15/stat5=greater_coldmindam/val5= | func6=16/stat6=greater_coldmaxdam/val6= | func7=17/stat7=coldlength/val7= | tooltip=Adds #-# Fire/Lightning/Cold Damage; greater-affix-marker: func1=1/stat1=item_greaterAffixMarker/val1=	Avatar	1137	Adds #-# Fire/Lightning/Cold Damage	85		72	10	dmg-elem 20-30	exact base-name match
prefix	1637	Greater Scorching	Greater +# to Minimum Fire Damage & +# to Maximum Fire Damage [early; marker=property]	early	138	50	65	57	1	weap		greater_m_fire-min 221-221; greater_fire-max 312-312	greater_m_fire-min: func1=1/stat1=greater_firemindam/val1= | func2=1/stat2=item_greaterAffixMarker/val2= | tooltip=+# to Minimum Fire Damage; greater_fire-max: func1=1/stat1=greater_firemaxdam/val1= | tooltip=+# to Maximum Fire Damage	Scorching	418	+# to Minimum Fire Damage & +# to Maximum Fire Damage	77		57	20	fire-min 121-170; fire-max 181-240	exact base-name match
prefix	1638	Greater Scorching	Greater +# to Minimum Fire Damage & +# to Maximum Fire Damage [mid; marker=property]	mid	138	66	80	57	1	weap		greater_m_fire-min 221-221; greater_fire-max 312-312	greater_m_fire-min: func1=1/stat1=greater_firemindam/val1= | func2=1/stat2=item_greaterAffixMarker/val2= | tooltip=+# to Minimum Fire Damage; greater_fire-max: func1=1/stat1=greater_firemaxdam/val1= | tooltip=+# to Maximum Fire Damage	Scorching	418	+# to Minimum Fire Damage & +# to Maximum Fire Damage	77		57	20	fire-min 121-170; fire-max 181-240	exact base-name match
prefix	1639	Greater Scorching	Greater +# to Minimum Fire Damage & +# to Maximum Fire Damage [late; marker=property]	late	138	81		57	2	weap		greater_m_fire-min 221-221; greater_fire-max 312-312	greater_m_fire-min: func1=1/stat1=greater_firemindam/val1= | func2=1/stat2=item_greaterAffixMarker/val2= | tooltip=+# to Minimum Fire Damage; greater_fire-max: func1=1/stat1=greater_firemaxdam/val1= | tooltip=+# to Maximum Fire Damage	Scorching	418	+# to Minimum Fire Damage & +# to Maximum Fire Damage	77		57	20	fire-min 121-170; fire-max 181-240	exact base-name match
prefix	1640	Greater Shocking	Greater +# to Minimum Lightning Damage & +# to Maximum Lightning Damage [early; marker=property]	early	139	50	65	56	1	weap		greater_m_ltng-min 2-2; greater_ltng-max 624-624	greater_m_ltng-min: func1=1/stat1=greater_lightmindam/val1= | func2=1/stat2=item_greaterAffixMarker/val2= | tooltip=+# to Minimum Lightning Damage; greater_ltng-max: func1=1/stat1=greater_lightmaxdam/val1= | tooltip=+# to Maximum Lightning Damage	Shocking	425	+# to Minimum Lightning Damage & +# to Maximum Lightning Damage	76		56	20	ltng-min 1-1; ltng-max 361-480	exact base-name match
prefix	1641	Greater Shocking	Greater +# to Minimum Lightning Damage & +# to Maximum Lightning Damage [mid; marker=property]	mid	139	66	80	56	1	weap		greater_m_ltng-min 2-2; greater_ltng-max 624-624	greater_m_ltng-min: func1=1/stat1=greater_lightmindam/val1= | func2=1/stat2=item_greaterAffixMarker/val2= | tooltip=+# to Minimum Lightning Damage; greater_ltng-max: func1=1/stat1=greater_lightmaxdam/val1= | tooltip=+# to Maximum Lightning Damage	Shocking	425	+# to Minimum Lightning Damage & +# to Maximum Lightning Damage	76		56	20	ltng-min 1-1; ltng-max 361-480	exact base-name match
prefix	1642	Greater Shocking	Greater +# to Minimum Lightning Damage & +# to Maximum Lightning Damage [late; marker=property]	late	139	81		56	2	weap		greater_m_ltng-min 2-2; greater_ltng-max 624-624	greater_m_ltng-min: func1=1/stat1=greater_lightmindam/val1= | func2=1/stat2=item_greaterAffixMarker/val2= | tooltip=+# to Minimum Lightning Damage; greater_ltng-max: func1=1/stat1=greater_lightmaxdam/val1= | tooltip=+# to Maximum Lightning Damage	Shocking	425	+# to Minimum Lightning Damage & +# to Maximum Lightning Damage	76		56	20	ltng-min 1-1; ltng-max 361-480	exact base-name match
prefix	1643	Greater Pestilent	Greater +# to Minimum Poison Damage & +# to Maximum Poison Damage [early; marker=property]	early	140	50	65	31	1	weap		greater_m_dmg-pois(param=150) 611-611	greater_m_dmg-pois: func1=15/stat1=greater_poisonmindam/val1= | func2=16/stat2=greater_poisonmaxdam/val2= | func3=17/stat3=poisonlength/val3= | func4=1/stat4=item_greaterAffixMarker/val4= | tooltip=Adds #-# Poison Damage Over # Seconds	Pestilent	432	+# to Minimum Poison Damage & +# to Maximum Poison Damage	50		31	20	dmg-pois(param=150) 470-470	exact base-name match
prefix	1644	Greater Pestilent	Greater +# to Minimum Poison Damage & +# to Maximum Poison Damage [mid; marker=property]	mid	140	66	80	31	1	weap		greater_m_dmg-pois(param=150) 611-611	greater_m_dmg-pois: func1=15/stat1=greater_poisonmindam/val1= | func2=16/stat2=greater_poisonmaxdam/val2= | func3=17/stat3=poisonlength/val3= | func4=1/stat4=item_greaterAffixMarker/val4= | tooltip=Adds #-# Poison Damage Over # Seconds	Pestilent	432	+# to Minimum Poison Damage & +# to Maximum Poison Damage	50		31	20	dmg-pois(param=150) 470-470	exact base-name match
prefix	1645	Greater Pestilent	Greater +# to Minimum Poison Damage & +# to Maximum Poison Damage [late; marker=property]	late	140	81		31	2	weap		greater_m_dmg-pois(param=150) 611-611	greater_m_dmg-pois: func1=15/stat1=greater_poisonmindam/val1= | func2=16/stat2=greater_poisonmaxdam/val2= | func3=17/stat3=poisonlength/val3= | func4=1/stat4=item_greaterAffixMarker/val4= | tooltip=Adds #-# Poison Damage Over # Seconds	Pestilent	432	+# to Minimum Poison Damage & +# to Maximum Poison Damage	50		31	20	dmg-pois(param=150) 470-470	exact base-name match
prefix	1646	Greater Smoking	Greater +# to Minimum Fire Damage & +# to Maximum Fire Damage [early; marker=property]	early	138	50	65	31	1	weap,circ		greater_m_fire-min 104-104; greater_fire-max 169-169	greater_m_fire-min: func1=1/stat1=greater_firemindam/val1= | func2=1/stat2=item_greaterAffixMarker/val2= | tooltip=+# to Minimum Fire Damage; greater_fire-max: func1=1/stat1=greater_firemaxdam/val1= | tooltip=+# to Maximum Fire Damage	Smoking	415	+# to Minimum Fire Damage & +# to Maximum Fire Damage	47		31	20	fire-min 51-80; fire-max 91-130	exact base-name match
prefix	1647	Greater Smoking	Greater +# to Minimum Fire Damage & +# to Maximum Fire Damage [mid; marker=property]	mid	138	66	80	31	1	weap,circ		greater_m_fire-min 104-104; greater_fire-max 169-169	greater_m_fire-min: func1=1/stat1=greater_firemindam/val1= | func2=1/stat2=item_greaterAffixMarker/val2= | tooltip=+# to Minimum Fire Damage; greater_fire-max: func1=1/stat1=greater_firemaxdam/val1= | tooltip=+# to Maximum Fire Damage	Smoking	415	+# to Minimum Fire Damage & +# to Maximum Fire Damage	47		31	20	fire-min 51-80; fire-max 91-130	exact base-name match
prefix	1648	Greater Smoking	Greater +# to Minimum Fire Damage & +# to Maximum Fire Damage [late; marker=property]	late	138	81		31	2	weap,circ		greater_m_fire-min 104-104; greater_fire-max 169-169	greater_m_fire-min: func1=1/stat1=greater_firemindam/val1= | func2=1/stat2=item_greaterAffixMarker/val2= | tooltip=+# to Minimum Fire Damage; greater_fire-max: func1=1/stat1=greater_firemaxdam/val1= | tooltip=+# to Maximum Fire Damage	Smoking	415	+# to Minimum Fire Damage & +# to Maximum Fire Damage	47		31	20	fire-min 51-80; fire-max 91-130	exact base-name match
prefix	1649	Greater Buzzing	Greater +# to Minimum Lightning Damage & +# to Maximum Lightning Damage [early; marker=property]	early	139	50	65	31	1	weap,circ		greater_m_ltng-min 2-2; greater_ltng-max 338-338	greater_m_ltng-min: func1=1/stat1=greater_lightmindam/val1= | func2=1/stat2=item_greaterAffixMarker/val2= | tooltip=+# to Minimum Lightning Damage; greater_ltng-max: func1=1/stat1=greater_lightmaxdam/val1= | tooltip=+# to Maximum Lightning Damage	Buzzing	422	+# to Minimum Lightning Damage & +# to Maximum Lightning Damage	46		31	20	ltng-min 1-1; ltng-max 181-260	exact base-name match
prefix	1650	Greater Buzzing	Greater +# to Minimum Lightning Damage & +# to Maximum Lightning Damage [mid; marker=property]	mid	139	66	80	31	1	weap,circ		greater_m_ltng-min 2-2; greater_ltng-max 338-338	greater_m_ltng-min: func1=1/stat1=greater_lightmindam/val1= | func2=1/stat2=item_greaterAffixMarker/val2= | tooltip=+# to Minimum Lightning Damage; greater_ltng-max: func1=1/stat1=greater_lightmaxdam/val1= | tooltip=+# to Maximum Lightning Damage	Buzzing	422	+# to Minimum Lightning Damage & +# to Maximum Lightning Damage	46		31	20	ltng-min 1-1; ltng-max 181-260	exact base-name match
prefix	1651	Greater Buzzing	Greater +# to Minimum Lightning Damage & +# to Maximum Lightning Damage [late; marker=property]	late	139	81		31	2	weap,circ		greater_m_ltng-min 2-2; greater_ltng-max 338-338	greater_m_ltng-min: func1=1/stat1=greater_lightmindam/val1= | func2=1/stat2=item_greaterAffixMarker/val2= | tooltip=+# to Minimum Lightning Damage; greater_ltng-max: func1=1/stat1=greater_lightmaxdam/val1= | tooltip=+# to Maximum Lightning Damage	Buzzing	422	+# to Minimum Lightning Damage & +# to Maximum Lightning Damage	46		31	20	ltng-min 1-1; ltng-max 181-260	exact base-name match
prefix	1652	Greater Corosive	Greater +# to Minimum Poison Damage & +# to Maximum Poison Damage [early; marker=property]	early	140	50	65	13	1	weap,circ		greater_m_dmg-pois(param=100) 267-267	greater_m_dmg-pois: func1=15/stat1=greater_poisonmindam/val1= | func2=16/stat2=greater_poisonmaxdam/val2= | func3=17/stat3=poisonlength/val3= | func4=1/stat4=item_greaterAffixMarker/val4= | tooltip=Adds #-# Poison Damage Over # Seconds	Corosive	429	+# to Minimum Poison Damage & +# to Maximum Poison Damage	20		13	20	dmg-pois(param=100) 205-205	exact base-name match
prefix	1653	Greater Corosive	Greater +# to Minimum Poison Damage & +# to Maximum Poison Damage [mid; marker=property]	mid	140	66	80	13	1	weap,circ		greater_m_dmg-pois(param=100) 267-267	greater_m_dmg-pois: func1=15/stat1=greater_poisonmindam/val1= | func2=16/stat2=greater_poisonmaxdam/val2= | func3=17/stat3=poisonlength/val3= | func4=1/stat4=item_greaterAffixMarker/val4= | tooltip=Adds #-# Poison Damage Over # Seconds	Corosive	429	+# to Minimum Poison Damage & +# to Maximum Poison Damage	20		13	20	dmg-pois(param=100) 205-205	exact base-name match
prefix	1654	Greater Corosive	Greater +# to Minimum Poison Damage & +# to Maximum Poison Damage [late; marker=property]	late	140	81		13	2	weap,circ		greater_m_dmg-pois(param=100) 267-267	greater_m_dmg-pois: func1=15/stat1=greater_poisonmindam/val1= | func2=16/stat2=greater_poisonmaxdam/val2= | func3=17/stat3=poisonlength/val3= | func4=1/stat4=item_greaterAffixMarker/val4= | tooltip=Adds #-# Poison Damage Over # Seconds	Corosive	429	+# to Minimum Poison Damage & +# to Maximum Poison Damage	20		13	20	dmg-pois(param=100) 205-205	exact base-name match
prefix	1655	Greater Divine	Greater +# to Attack Rating against Undead & +#% Damage to Undead [early; marker=property]	early	142	50	65	31	1	weap	wand,orb	greater_m_att-undead 650-650; greater_dmg-undead 500-500	greater_m_att-undead: func1=1/stat1=greater_item_undead_tohit/val1= | func2=1/stat2=item_greaterAffixMarker/val2= | tooltip=+# to Attack Rating against Undead; greater_dmg-undead: func1=1/stat1=greater_item_undeaddamage_percent/val1= | tooltip=+#% Damage to Undead	Divine	120	+# to Attack Rating against Undead & +#% Damage to Undead	45		31	20	att-undead 326-450; dmg-undead 276-350	exact base-name match
prefix	1656	Greater Divine	Greater +# to Attack Rating against Undead & +#% Damage to Undead [mid; marker=property]	mid	142	66	80	31	1	weap	wand,orb	greater_m_att-undead 650-650; greater_dmg-undead 500-500	greater_m_att-undead: func1=1/stat1=greater_item_undead_tohit/val1= | func2=1/stat2=item_greaterAffixMarker/val2= | tooltip=+# to Attack Rating against Undead; greater_dmg-undead: func1=1/stat1=greater_item_undeaddamage_percent/val1= | tooltip=+#% Damage to Undead	Divine	120	+# to Attack Rating against Undead & +#% Damage to Undead	45		31	20	att-undead 326-450; dmg-undead 276-350	exact base-name match
prefix	1657	Greater Divine	Greater +# to Attack Rating against Undead & +#% Damage to Undead [late; marker=property]	late	142	81		31	2	weap	wand,orb	greater_m_att-undead 650-650; greater_dmg-undead 500-500	greater_m_att-undead: func1=1/stat1=greater_item_undead_tohit/val1= | func2=1/stat2=item_greaterAffixMarker/val2= | tooltip=+# to Attack Rating against Undead; greater_dmg-undead: func1=1/stat1=greater_item_undeaddamage_percent/val1= | tooltip=+#% Damage to Undead	Divine	120	+# to Attack Rating against Undead & +#% Damage to Undead	45		31	20	att-undead 326-450; dmg-undead 276-350	exact base-name match
prefix	1658	Greater Pearl	Greater +# to Attack Rating against Undead & +#% Damage to Undead [early; marker=property]	early	142	50	65	11	1	jewl		greater_m_att-undead 650-650; greater_dmg-undead 500-500	greater_m_att-undead: func1=1/stat1=greater_item_undead_tohit/val1= | func2=1/stat2=item_greaterAffixMarker/val2= | tooltip=+# to Attack Rating against Undead; greater_dmg-undead: func1=1/stat1=greater_item_undeaddamage_percent/val1= | tooltip=+#% Damage to Undead	Pearl	122	+# to Attack Rating against Undead & +#% Damage to Undead	18		11	20	att-undead 25-50; dmg-undead 25-50	exact base-name match
prefix	1659	Greater Pearl	Greater +# to Attack Rating against Undead & +#% Damage to Undead [mid; marker=property]	mid	142	66	80	11	1	jewl		greater_m_att-undead 650-650; greater_dmg-undead 500-500	greater_m_att-undead: func1=1/stat1=greater_item_undead_tohit/val1= | func2=1/stat2=item_greaterAffixMarker/val2= | tooltip=+# to Attack Rating against Undead; greater_dmg-undead: func1=1/stat1=greater_item_undeaddamage_percent/val1= | tooltip=+#% Damage to Undead	Pearl	122	+# to Attack Rating against Undead & +#% Damage to Undead	18		11	20	att-undead 25-50; dmg-undead 25-50	exact base-name match
prefix	1660	Greater Pearl	Greater +# to Attack Rating against Undead & +#% Damage to Undead [late; marker=property]	late	142	81		11	2	jewl		greater_m_att-undead 650-650; greater_dmg-undead 500-500	greater_m_att-undead: func1=1/stat1=greater_item_undead_tohit/val1= | func2=1/stat2=item_greaterAffixMarker/val2= | tooltip=+# to Attack Rating against Undead; greater_dmg-undead: func1=1/stat1=greater_item_undeaddamage_percent/val1= | tooltip=+#% Damage to Undead	Pearl	122	+# to Attack Rating against Undead & +#% Damage to Undead	18		11	20	att-undead 25-50; dmg-undead 25-50	exact base-name match
prefix	1661	Greater Hulking	Greater Adds #-# Damage [early; marker=property]	early	143	50	65	72	2	lcha		greater_m_dmg-norm 85-85	greater_m_dmg-norm: func1=15/stat1=mindamage/val1= | func2=16/stat2=maxdamage/val2= | func3=1/stat3=item_greaterAffixMarker/val3= | tooltip=Adds #-# Damage	Hulking	1141	Adds #-# Damage	85		72	60	dmg-norm 40-60	exact base-name match
prefix	1662	Greater Hulking	Greater Adds #-# Damage [mid; marker=property]	mid	143	66	80	72	4	lcha		greater_m_dmg-norm 85-85	greater_m_dmg-norm: func1=15/stat1=mindamage/val1= | func2=16/stat2=maxdamage/val2= | func3=1/stat3=item_greaterAffixMarker/val3= | tooltip=Adds #-# Damage	Hulking	1141	Adds #-# Damage	85		72	60	dmg-norm 40-60	exact base-name match
prefix	1663	Greater Hulking	Greater Adds #-# Damage [late; marker=property]	late	143	81		72	6	lcha		greater_m_dmg-norm 85-85	greater_m_dmg-norm: func1=15/stat1=mindamage/val1= | func2=16/stat2=maxdamage/val2= | func3=1/stat3=item_greaterAffixMarker/val3= | tooltip=Adds #-# Damage	Hulking	1141	Adds #-# Damage	85		72	60	dmg-norm 40-60	exact base-name match
prefix	1664	Greater Veracious	Greater #% Bonus to Attack Rating [early; marker=property]	early	200	50	65	64	1	weap,glov		greater_m_att% 50-50	greater_m_att%: func1=1/stat1=item_tohit_percent/val1= | func2=1/stat2=item_greaterAffixMarker/val2= | tooltip=#% Bonus to Attack Rating	Veracious1	150	#% Bonus to Attack Rating	85		64	20	att% 25-35	fallback: same group/highest overlap
prefix	1665	Greater Veracious	Greater #% Bonus to Attack Rating [mid; marker=property]	mid	200	66	80	64	1	weap,glov		greater_m_att% 50-50	greater_m_att%: func1=1/stat1=item_tohit_percent/val1= | func2=1/stat2=item_greaterAffixMarker/val2= | tooltip=#% Bonus to Attack Rating	Veracious1	150	#% Bonus to Attack Rating	85		64	20	att% 25-35	fallback: same group/highest overlap
prefix	1666	Greater Veracious	Greater #% Bonus to Attack Rating [late; marker=property]	late	200	81		64	2	weap,glov		greater_m_att% 50-50	greater_m_att%: func1=1/stat1=item_tohit_percent/val1= | func2=1/stat2=item_greaterAffixMarker/val2= | tooltip=#% Bonus to Attack Rating	Veracious1	150	#% Bonus to Attack Rating	85		64	20	att% 25-35	fallback: same group/highest overlap
prefix	1667	Greater Gnostics	Greater +5 to [Skill] (Amazon only) [early; marker=property]	early	201	50	65	64	1	amul,circ,belt,ring		greater_m_skill-rand(param=6) 40-40	greater_m_skill-rand: func1=12/stat1=greater_item_singleskill/val1= | func2=1/stat2=item_greaterAffixMarker/val2= | tooltip=+# to [Skill] ([Class] only)	Gnostics	405	+5 to [Skill] (Assassin only)	85		64	20	skill-rand(param=5) 251-280	exact base-name match
prefix	1668	Greater Gnostics	Greater +5 to [Skill] (Amazon only) [mid; marker=property]	mid	201	66	80	64	1	amul,circ,belt,ring		greater_m_skill-rand(param=6) 40-40	greater_m_skill-rand: func1=12/stat1=greater_item_singleskill/val1= | func2=1/stat2=item_greaterAffixMarker/val2= | tooltip=+# to [Skill] ([Class] only)	Gnostics	405	+5 to [Skill] (Assassin only)	85		64	20	skill-rand(param=5) 251-280	exact base-name match
prefix	1669	Greater Gnostics	Greater +5 to [Skill] (Amazon only) [late; marker=property]	late	201	81		64	2	amul,circ,belt,ring		greater_m_skill-rand(param=6) 40-40	greater_m_skill-rand: func1=12/stat1=greater_item_singleskill/val1= | func2=1/stat2=item_greaterAffixMarker/val2= | tooltip=+# to [Skill] ([Class] only)	Gnostics	405	+5 to [Skill] (Assassin only)	85		64	20	skill-rand(param=5) 251-280	exact base-name match
prefix	1670	Greater Gnostics	Greater +5 to [Skill] (Paladin only) [early; marker=property]	early	201	50	65	64	1	amul,circ,belt,ring		greater_m_skill-rand(param=6) 144-144	greater_m_skill-rand: func1=12/stat1=greater_item_singleskill/val1= | func2=1/stat2=item_greaterAffixMarker/val2= | tooltip=+# to [Skill] ([Class] only)	Gnostics	405	+5 to [Skill] (Assassin only)	85		64	20	skill-rand(param=5) 251-280	exact base-name match
prefix	1671	Greater Gnostics	Greater +5 to [Skill] (Paladin only) [mid; marker=property]	mid	201	66	80	64	1	amul,circ,belt,ring		greater_m_skill-rand(param=6) 144-144	greater_m_skill-rand: func1=12/stat1=greater_item_singleskill/val1= | func2=1/stat2=item_greaterAffixMarker/val2= | tooltip=+# to [Skill] ([Class] only)	Gnostics	405	+5 to [Skill] (Assassin only)	85		64	20	skill-rand(param=5) 251-280	exact base-name match
prefix	1672	Greater Gnostics	Greater +5 to [Skill] (Paladin only) [late; marker=property]	late	201	81		64	2	amul,circ,belt,ring		greater_m_skill-rand(param=6) 144-144	greater_m_skill-rand: func1=12/stat1=greater_item_singleskill/val1= | func2=1/stat2=item_greaterAffixMarker/val2= | tooltip=+# to [Skill] ([Class] only)	Gnostics	405	+5 to [Skill] (Assassin only)	85		64	20	skill-rand(param=5) 251-280	exact base-name match
prefix	1673	Greater Gnostics	Greater +5 to [Skill] (Necromancer only) [early; marker=property]	early	201	50	65	64	1	amul,circ,belt,ring		greater_m_skill-rand(param=6) 109-109	greater_m_skill-rand: func1=12/stat1=greater_item_singleskill/val1= | func2=1/stat2=item_greaterAffixMarker/val2= | tooltip=+# to [Skill] ([Class] only)	Gnostics	405	+5 to [Skill] (Assassin only)	85		64	20	skill-rand(param=5) 251-280	exact base-name match
prefix	1674	Greater Gnostics	Greater +5 to [Skill] (Necromancer only) [mid; marker=property]	mid	201	66	80	64	1	amul,circ,belt,ring		greater_m_skill-rand(param=6) 109-109	greater_m_skill-rand: func1=12/stat1=greater_item_singleskill/val1= | func2=1/stat2=item_greaterAffixMarker/val2= | tooltip=+# to [Skill] ([Class] only)	Gnostics	405	+5 to [Skill] (Assassin only)	85		64	20	skill-rand(param=5) 251-280	exact base-name match
prefix	1675	Greater Gnostics	Greater +5 to [Skill] (Necromancer only) [late; marker=property]	late	201	81		64	2	amul,circ,belt,ring		greater_m_skill-rand(param=6) 109-109	greater_m_skill-rand: func1=12/stat1=greater_item_singleskill/val1= | func2=1/stat2=item_greaterAffixMarker/val2= | tooltip=+# to [Skill] ([Class] only)	Gnostics	405	+5 to [Skill] (Assassin only)	85		64	20	skill-rand(param=5) 251-280	exact base-name match
prefix	1676	Greater Gnostics	Greater +5 to [Skill] (Sorceress only) [early; marker=property]	early	201	50	65	68	1	amul,circ,belt,ring		greater_m_skill-rand(param=6) 75-75	greater_m_skill-rand: func1=12/stat1=greater_item_singleskill/val1= | func2=1/stat2=item_greaterAffixMarker/val2= | tooltip=+# to [Skill] ([Class] only)	Gnostics	405	+5 to [Skill] (Assassin only)	85		64	20	skill-rand(param=5) 251-280	exact base-name match
prefix	1677	Greater Gnostics	Greater +5 to [Skill] (Sorceress only) [mid; marker=property]	mid	201	66	80	68	1	amul,circ,belt,ring		greater_m_skill-rand(param=6) 75-75	greater_m_skill-rand: func1=12/stat1=greater_item_singleskill/val1= | func2=1/stat2=item_greaterAffixMarker/val2= | tooltip=+# to [Skill] ([Class] only)	Gnostics	405	+5 to [Skill] (Assassin only)	85		64	20	skill-rand(param=5) 251-280	exact base-name match
prefix	1678	Greater Gnostics	Greater +5 to [Skill] (Sorceress only) [late; marker=property]	late	201	81		68	2	amul,circ,belt,ring		greater_m_skill-rand(param=6) 75-75	greater_m_skill-rand: func1=12/stat1=greater_item_singleskill/val1= | func2=1/stat2=item_greaterAffixMarker/val2= | tooltip=+# to [Skill] ([Class] only)	Gnostics	405	+5 to [Skill] (Assassin only)	85		64	20	skill-rand(param=5) 251-280	exact base-name match
prefix	1679	Greater Gnostics	Greater +5 to [Skill] (Barbarian only) [early; marker=property]	early	201	50	65	64	1	amul,circ,belt,ring		greater_m_skill-rand(param=6) 178-178	greater_m_skill-rand: func1=12/stat1=greater_item_singleskill/val1= | func2=1/stat2=item_greaterAffixMarker/val2= | tooltip=+# to [Skill] ([Class] only)	Gnostics	405	+5 to [Skill] (Assassin only)	85		64	20	skill-rand(param=5) 251-280	exact base-name match
prefix	1680	Greater Gnostics	Greater +5 to [Skill] (Barbarian only) [mid; marker=property]	mid	201	66	80	64	1	amul,circ,belt,ring		greater_m_skill-rand(param=6) 178-178	greater_m_skill-rand: func1=12/stat1=greater_item_singleskill/val1= | func2=1/stat2=item_greaterAffixMarker/val2= | tooltip=+# to [Skill] ([Class] only)	Gnostics	405	+5 to [Skill] (Assassin only)	85		64	20	skill-rand(param=5) 251-280	exact base-name match
prefix	1681	Greater Gnostics	Greater +5 to [Skill] (Barbarian only) [late; marker=property]	late	201	81		64	2	amul,circ,belt,ring		greater_m_skill-rand(param=6) 178-178	greater_m_skill-rand: func1=12/stat1=greater_item_singleskill/val1= | func2=1/stat2=item_greaterAffixMarker/val2= | tooltip=+# to [Skill] ([Class] only)	Gnostics	405	+5 to [Skill] (Assassin only)	85		64	20	skill-rand(param=5) 251-280	exact base-name match
prefix	1682	Greater Gnostics	Greater +5 to [Skill] (Druid only) [early; marker=property]	early	201	50	65	64	1	ring,amul,circ,belt		greater_m_skill-rand(param=6) 288-288	greater_m_skill-rand: func1=12/stat1=greater_item_singleskill/val1= | func2=1/stat2=item_greaterAffixMarker/val2= | tooltip=+# to [Skill] ([Class] only)	Gnostics	405	+5 to [Skill] (Assassin only)	85		64	20	skill-rand(param=5) 251-280	exact base-name match
prefix	1683	Greater Gnostics	Greater +5 to [Skill] (Druid only) [mid; marker=property]	mid	201	66	80	64	1	ring,amul,circ,belt		greater_m_skill-rand(param=6) 288-288	greater_m_skill-rand: func1=12/stat1=greater_item_singleskill/val1= | func2=1/stat2=item_greaterAffixMarker/val2= | tooltip=+# to [Skill] ([Class] only)	Gnostics	405	+5 to [Skill] (Assassin only)	85		64	20	skill-rand(param=5) 251-280	exact base-name match
prefix	1684	Greater Gnostics	Greater +5 to [Skill] (Druid only) [late; marker=property]	late	201	81		64	2	ring,amul,circ,belt		greater_m_skill-rand(param=6) 288-288	greater_m_skill-rand: func1=12/stat1=greater_item_singleskill/val1= | func2=1/stat2=item_greaterAffixMarker/val2= | tooltip=+# to [Skill] ([Class] only)	Gnostics	405	+5 to [Skill] (Assassin only)	85		64	20	skill-rand(param=5) 251-280	exact base-name match
prefix	1685	Greater Gnostics	Greater +5 to [Skill] (Assassin only) [early; marker=property]	early	201	50	65	64	1	ring,amul,circ,belt		greater_m_skill-rand(param=6) 322-322	greater_m_skill-rand: func1=12/stat1=greater_item_singleskill/val1= | func2=1/stat2=item_greaterAffixMarker/val2= | tooltip=+# to [Skill] ([Class] only)	Gnostics	405	+5 to [Skill] (Assassin only)	85		64	20	skill-rand(param=5) 251-280	exact base-name match
prefix	1686	Greater Gnostics	Greater +5 to [Skill] (Assassin only) [mid; marker=property]	mid	201	66	80	64	1	ring,amul,circ,belt		greater_m_skill-rand(param=6) 322-322	greater_m_skill-rand: func1=12/stat1=greater_item_singleskill/val1= | func2=1/stat2=item_greaterAffixMarker/val2= | tooltip=+# to [Skill] ([Class] only)	Gnostics	405	+5 to [Skill] (Assassin only)	85		64	20	skill-rand(param=5) 251-280	exact base-name match
prefix	1687	Greater Gnostics	Greater +5 to [Skill] (Assassin only) [late; marker=property]	late	201	81		64	2	ring,amul,circ,belt		greater_m_skill-rand(param=6) 322-322	greater_m_skill-rand: func1=12/stat1=greater_item_singleskill/val1= | func2=1/stat2=item_greaterAffixMarker/val2= | tooltip=+# to [Skill] ([Class] only)	Gnostics	405	+5 to [Skill] (Assassin only)	85		64	20	skill-rand(param=5) 251-280	exact base-name match
prefix	1688	Greater Devil's	Greater +5 to [Skill] (Warlock only) [early; marker=property]	early	201	50	65	64	1	amul,circ,belt,ring		greater_m_skill-rand(param=6) 462-462	greater_m_skill-rand: func1=12/stat1=greater_item_singleskill/val1= | func2=1/stat2=item_greaterAffixMarker/val2= | tooltip=+# to [Skill] ([Class] only)	Devil's	1248	+5 to [Skill] (Warlock only)	85		64	20	skill-rand(param=5) 373-402	exact base-name match
prefix	1689	Greater Devil's	Greater +5 to [Skill] (Warlock only) [mid; marker=property]	mid	201	66	80	64	1	amul,circ,belt,ring		greater_m_skill-rand(param=6) 462-462	greater_m_skill-rand: func1=12/stat1=greater_item_singleskill/val1= | func2=1/stat2=item_greaterAffixMarker/val2= | tooltip=+# to [Skill] ([Class] only)	Devil's	1248	+5 to [Skill] (Warlock only)	85		64	20	skill-rand(param=5) 373-402	exact base-name match
prefix	1690	Greater Devil's	Greater +5 to [Skill] (Warlock only) [late; marker=property]	late	201	81		64	2	amul,circ,belt,ring		greater_m_skill-rand(param=6) 462-462	greater_m_skill-rand: func1=12/stat1=greater_item_singleskill/val1= | func2=1/stat2=item_greaterAffixMarker/val2= | tooltip=+# to [Skill] ([Class] only)	Devil's	1248	+5 to [Skill] (Warlock only)	85		64	20	skill-rand(param=5) 373-402	exact base-name match
prefix	1691	Greater Crushing	Greater #% Chance of Crushing Blow [early; marker=property]	early	202	50	65	54	1	glov		greater_m_crush 30-30	greater_m_crush: func1=1/stat1=greater_item_crushingblow/val1= | func2=1/stat2=item_greaterAffixMarker/val2= | tooltip=#% Chance of Crushing Blow	Crushing1	559	#% Chance of Crushing Blow	70		54	40	crush 16-20	fallback: same group/highest overlap
prefix	1692	Greater Crushing	Greater #% Chance of Crushing Blow [mid; marker=property]	mid	202	66	80	54	3	glov		greater_m_crush 30-30	greater_m_crush: func1=1/stat1=greater_item_crushingblow/val1= | func2=1/stat2=item_greaterAffixMarker/val2= | tooltip=#% Chance of Crushing Blow	Crushing1	559	#% Chance of Crushing Blow	70		54	40	crush 16-20	fallback: same group/highest overlap
prefix	1693	Greater Crushing	Greater #% Chance of Crushing Blow [late; marker=property]	late	202	81		54	4	glov		greater_m_crush 30-30	greater_m_crush: func1=1/stat1=greater_item_crushingblow/val1= | func2=1/stat2=item_greaterAffixMarker/val2= | tooltip=#% Chance of Crushing Blow	Crushing1	559	#% Chance of Crushing Blow	70		54	40	crush 16-20	fallback: same group/highest overlap
prefix	1694	Greater Fatal	Greater #% Chance of Deadly Strike [early; marker=property]	early	202	50	65	54	1	glov		greater_m_deadly 30-30	greater_m_deadly: func1=1/stat1=greater_item_deadlystrike/val1= | func2=1/stat2=item_greaterAffixMarker/val2= | tooltip=#% Deadly Strike	Fatal	563	#% Chance of Deadly Strike	70		54	40	deadly 16-20	exact base-name match
prefix	1695	Greater Fatal	Greater #% Chance of Deadly Strike [mid; marker=property]	mid	202	66	80	54	3	glov		greater_m_deadly 30-30	greater_m_deadly: func1=1/stat1=greater_item_deadlystrike/val1= | func2=1/stat2=item_greaterAffixMarker/val2= | tooltip=#% Deadly Strike	Fatal	563	#% Chance of Deadly Strike	70		54	40	deadly 16-20	exact base-name match
prefix	1696	Greater Fatal	Greater #% Chance of Deadly Strike [late; marker=property]	late	202	81		54	4	glov		greater_m_deadly 30-30	greater_m_deadly: func1=1/stat1=greater_item_deadlystrike/val1= | func2=1/stat2=item_greaterAffixMarker/val2= | tooltip=#% Deadly Strike	Fatal	563	#% Chance of Deadly Strike	70		54	40	deadly 16-20	exact base-name match
prefix	1697	Greater Elemental	Greater Adds #-# Fire/Lightning/Cold Damage [early; marker=yes]	early	203	50	65	65	1	weap		greater_dmg-elem(param=125) 260-260; greater-affix-marker 1-1	greater_dmg-elem: func1=15/stat1=greater_firemindam/val1= | func2=16/stat2=greater_firemaxdam/val2= | func3=15/stat3=greater_lightmindam/val3= | func4=16/stat4=greater_lightmaxdam/val4= | func5=15/stat5=greater_coldmindam/val5= | func6=16/stat6=greater_coldmaxdam/val6= | func7=17/stat7=coldlength/val7= | tooltip=Adds #-# Fire/Lightning/Cold Damage; greater-affix-marker: func1=1/stat1=item_greaterAffixMarker/val1=	Elemental1	568	Adds #-# Fire/Lightning/Cold Damage	80		65	20	dmg-elem(param=125) 64-200	fallback: same group/highest overlap
prefix	1698	Greater Elemental	Greater Adds #-# Fire/Lightning/Cold Damage [mid; marker=yes]	mid	203	66	80	65	1	weap		greater_dmg-elem(param=125) 260-260; greater-affix-marker 1-1	greater_dmg-elem: func1=15/stat1=greater_firemindam/val1= | func2=16/stat2=greater_firemaxdam/val2= | func3=15/stat3=greater_lightmindam/val3= | func4=16/stat4=greater_lightmaxdam/val4= | func5=15/stat5=greater_coldmindam/val5= | func6=16/stat6=greater_coldmaxdam/val6= | func7=17/stat7=coldlength/val7= | tooltip=Adds #-# Fire/Lightning/Cold Damage; greater-affix-marker: func1=1/stat1=item_greaterAffixMarker/val1=	Elemental1	568	Adds #-# Fire/Lightning/Cold Damage	80		65	20	dmg-elem(param=125) 64-200	fallback: same group/highest overlap
prefix	1699	Greater Elemental	Greater Adds #-# Fire/Lightning/Cold Damage [late; marker=yes]	late	203	81		65	2	weap		greater_dmg-elem(param=125) 260-260; greater-affix-marker 1-1	greater_dmg-elem: func1=15/stat1=greater_firemindam/val1= | func2=16/stat2=greater_firemaxdam/val2= | func3=15/stat3=greater_lightmindam/val3= | func4=16/stat4=greater_lightmaxdam/val4= | func5=15/stat5=greater_coldmindam/val5= | func6=16/stat6=greater_coldmaxdam/val6= | func7=17/stat7=coldlength/val7= | tooltip=Adds #-# Fire/Lightning/Cold Damage; greater-affix-marker: func1=1/stat1=item_greaterAffixMarker/val1=	Elemental1	568	Adds #-# Fire/Lightning/Cold Damage	80		65	20	dmg-elem(param=125) 64-200	fallback: same group/highest overlap
prefix	1700	Greater Sage's	Greater +#% to Experience Gained [early; marker=property]	early	204	1	65	39	2	weap,armo,shld,amul,ring		greater_m_addxp 6-6	greater_m_addxp: func1=1/stat1=greater_item_addexperience/val1= | func2=1/stat2=item_greaterAffixMarker/val2= | tooltip=+#% to Experience Gained	Sage's	574	+#% to Experience Gained	74		58	40	addxp 4-4	exact base-name match
prefix	1701	Greater Sage's	Greater +#% to Experience Gained [mid; marker=property]	mid	204	66	80	39	4	weap,armo,shld,amul,ring		greater_m_addxp 6-6	greater_m_addxp: func1=1/stat1=greater_item_addexperience/val1= | func2=1/stat2=item_greaterAffixMarker/val2= | tooltip=+#% to Experience Gained	Sage's	574	+#% to Experience Gained	74		58	40	addxp 4-4	exact base-name match
prefix	1702	Greater Sage's	Greater +#% to Experience Gained [late; marker=property]	late	204	81		39	6	weap,armo,shld,amul,ring		greater_m_addxp 6-6	greater_m_addxp: func1=1/stat1=greater_item_addexperience/val1= | func2=1/stat2=item_greaterAffixMarker/val2= | tooltip=+#% to Experience Gained	Sage's	574	+#% to Experience Gained	74		58	40	addxp 4-4	exact base-name match
prefix	1703	Greater Master Sage's	Greater +#% to Experience Gained [early; marker=property]	early	204	50	65	69	1	amul		greater_m_addxp 6-6	greater_m_addxp: func1=1/stat1=greater_item_addexperience/val1= | func2=1/stat2=item_greaterAffixMarker/val2= | tooltip=+#% to Experience Gained	Master Sage's	576	+#% to Experience Gained	87		69	20	addxp 5-5	exact base-name match
prefix	1704	Greater Master Sage's	Greater +#% to Experience Gained [mid; marker=property]	mid	204	66	80	69	1	amul		greater_m_addxp 6-6	greater_m_addxp: func1=1/stat1=greater_item_addexperience/val1= | func2=1/stat2=item_greaterAffixMarker/val2= | tooltip=+#% to Experience Gained	Master Sage's	576	+#% to Experience Gained	87		69	20	addxp 5-5	exact base-name match
prefix	1705	Greater Master Sage's	Greater +#% to Experience Gained [late; marker=property]	late	204	81		69	2	amul		greater_m_addxp 6-6	greater_m_addxp: func1=1/stat1=greater_item_addexperience/val1= | func2=1/stat2=item_greaterAffixMarker/val2= | tooltip=+#% to Experience Gained	Master Sage's	576	+#% to Experience Gained	87		69	20	addxp 5-5	exact base-name match
prefix	1706	Greater Sage's	Greater +#% to Experience Gained [early; marker=property]	early	204	50	65	58	1	ring,amul,circ		greater_m_addxp 6-6	greater_m_addxp: func1=1/stat1=greater_item_addexperience/val1= | func2=1/stat2=item_greaterAffixMarker/val2= | tooltip=+#% to Experience Gained	Sage's	574	+#% to Experience Gained	74		58	40	addxp 4-4	exact base-name match
prefix	1707	Greater Sage's	Greater +#% to Experience Gained [mid; marker=property]	mid	204	66	80	58	3	ring,amul,circ		greater_m_addxp 6-6	greater_m_addxp: func1=1/stat1=greater_item_addexperience/val1= | func2=1/stat2=item_greaterAffixMarker/val2= | tooltip=+#% to Experience Gained	Sage's	574	+#% to Experience Gained	74		58	40	addxp 4-4	exact base-name match
prefix	1708	Greater Sage's	Greater +#% to Experience Gained [late; marker=property]	late	204	81		58	4	ring,amul,circ		greater_m_addxp 6-6	greater_m_addxp: func1=1/stat1=greater_item_addexperience/val1= | func2=1/stat2=item_greaterAffixMarker/val2= | tooltip=+#% to Experience Gained	Sage's	574	+#% to Experience Gained	74		58	40	addxp 4-4	exact base-name match
prefix	1709	Greater Savage	Greater +# Kick Damage [early; marker=property]	early	205	50	65	44	1	boot		greater_m_kick 13-13	greater_m_kick: func1=1/stat1=greater_item_kickdamage/val1= | func2=1/stat2=item_greaterAffixMarker/val2= | tooltip=+# Kick Damage	Savage	583	+# Kick Damage	64		44	40	kick 9-10	exact base-name match
prefix	1710	Greater Savage	Greater +# Kick Damage [mid; marker=property]	mid	205	66	80	44	3	boot		greater_m_kick 13-13	greater_m_kick: func1=1/stat1=greater_item_kickdamage/val1= | func2=1/stat2=item_greaterAffixMarker/val2= | tooltip=+# Kick Damage	Savage	583	+# Kick Damage	64		44	40	kick 9-10	exact base-name match
prefix	1711	Greater Savage	Greater +# Kick Damage [late; marker=property]	late	205	81		44	4	boot		greater_m_kick 13-13	greater_m_kick: func1=1/stat1=greater_item_kickdamage/val1= | func2=1/stat2=item_greaterAffixMarker/val2= | tooltip=+# Kick Damage	Savage	583	+# Kick Damage	64		44	40	kick 9-10	exact base-name match
prefix	1712	Greater Adamantine-Wrought	Greater +#% Enhanced Damage & Durability: # of # [early; marker=property]	early	206	50	65	55	1	weap	orb,wand	greater_m_dmg% 130-130; greater_dur 100-100	greater_m_dmg%: func1=7/stat1=/val1= | func2=1/stat2=item_greaterAffixMarker/val2= | tooltip=+#% Enhanced Damage; greater_dur: func1=1/stat1=maxdurability/val1= | tooltip=Durability: # of #	Adamantine-Wrought	592	+#% Enhanced Damage & Durability: # of #	87		55	40	dmg% 81-100; dur 60-75	exact base-name match
prefix	1713	Greater Adamantine-Wrought	Greater +#% Enhanced Damage & Durability: # of # [mid; marker=property]	mid	206	66	80	55	3	weap	orb,wand	greater_m_dmg% 130-130; greater_dur 100-100	greater_m_dmg%: func1=7/stat1=/val1= | func2=1/stat2=item_greaterAffixMarker/val2= | tooltip=+#% Enhanced Damage; greater_dur: func1=1/stat1=maxdurability/val1= | tooltip=Durability: # of #	Adamantine-Wrought	592	+#% Enhanced Damage & Durability: # of #	87		55	40	dmg% 81-100; dur 60-75	exact base-name match
prefix	1714	Greater Adamantine-Wrought	Greater +#% Enhanced Damage & Durability: # of # [late; marker=property]	late	206	81		55	4	weap	orb,wand	greater_m_dmg% 130-130; greater_dur 100-100	greater_m_dmg%: func1=7/stat1=/val1= | func2=1/stat2=item_greaterAffixMarker/val2= | tooltip=+#% Enhanced Damage; greater_dur: func1=1/stat1=maxdurability/val1= | tooltip=Durability: # of #	Adamantine-Wrought	592	+#% Enhanced Damage & Durability: # of #	87		55	40	dmg% 81-100; dur 60-75	exact base-name match
prefix	1715	Greater Adamantine-Wrought	Greater +#% Enhanced Defense & Durability: # of # [early; marker=property]	early	206	50	65	55	1	armo,shld		greater_m_ac% 100-100; greater_dur 100-100	greater_m_ac%: func1=2/stat1=greater_item_armor_percent/val1= | func2=1/stat2=item_greaterAffixMarker/val2= | tooltip=+#% Enhanced Defense; greater_dur: func1=1/stat1=maxdurability/val1= | tooltip=Durability: # of #	Adamantine-Wrought	601	+#% Enhanced Defense & Durability: # of #	87		55	40	ac% 51-75; dur 60-75	exact base-name match
prefix	1716	Greater Adamantine-Wrought	Greater +#% Enhanced Defense & Durability: # of # [mid; marker=property]	mid	206	66	80	55	3	armo,shld		greater_m_ac% 100-100; greater_dur 100-100	greater_m_ac%: func1=2/stat1=greater_item_armor_percent/val1= | func2=1/stat2=item_greaterAffixMarker/val2= | tooltip=+#% Enhanced Defense; greater_dur: func1=1/stat1=maxdurability/val1= | tooltip=Durability: # of #	Adamantine-Wrought	601	+#% Enhanced Defense & Durability: # of #	87		55	40	ac% 51-75; dur 60-75	exact base-name match
prefix	1717	Greater Adamantine-Wrought	Greater +#% Enhanced Defense & Durability: # of # [late; marker=property]	late	206	81		55	4	armo,shld		greater_m_ac% 100-100; greater_dur 100-100	greater_m_ac%: func1=2/stat1=greater_item_armor_percent/val1= | func2=1/stat2=item_greaterAffixMarker/val2= | tooltip=+#% Enhanced Defense; greater_dur: func1=1/stat1=maxdurability/val1= | tooltip=Durability: # of #	Adamantine-Wrought	601	+#% Enhanced Defense & Durability: # of #	87		55	40	ac% 51-75; dur 60-75	exact base-name match
prefix	1718	Greater Aureole	Greater Salvation [early; marker=property]	early	207	50	65	41	1	tors		greater_m_aura(param=126) 4-4	greater_m_aura: func1=22/stat1=greater_item_aura/val1= | func2=1/stat2=item_greaterAffixMarker/val2= | tooltip=Level # [Skill] Aura When Equipped	Aureole	617	Salvation	62		41	20	aura(param=125) 1-3	exact base-name match
prefix	1719	Greater Aureole	Greater Salvation [mid; marker=property]	mid	207	66	80	41	1	tors		greater_m_aura(param=126) 4-4	greater_m_aura: func1=22/stat1=greater_item_aura/val1= | func2=1/stat2=item_greaterAffixMarker/val2= | tooltip=Level # [Skill] Aura When Equipped	Aureole	617	Salvation	62		41	20	aura(param=125) 1-3	exact base-name match
prefix	1720	Greater Aureole	Greater Salvation [late; marker=property]	late	207	81		41	2	tors		greater_m_aura(param=126) 4-4	greater_m_aura: func1=22/stat1=greater_item_aura/val1= | func2=1/stat2=item_greaterAffixMarker/val2= | tooltip=Level # [Skill] Aura When Equipped	Aureole	617	Salvation	62		41	20	aura(param=125) 1-3	exact base-name match
prefix	1721	Greater Pyromaniac's	Greater +#% to Fire Skill Damage [early; marker=property]	early	209	50	65	47	1	wand,orb,staf,helm		greater_m_extra-fire 16-16	greater_m_extra-fire: func1=1/stat1=greater_passive_fire_mastery/val1= | func2=1/stat2=item_greaterAffixMarker/val2= | tooltip=+#% to Fire Skill Damage	Pyromaniac's2	642	+#% to Fire Skill Damage	77		65	20	extra-fire 10-12	fallback: same group/highest overlap
prefix	1722	Greater Pyromaniac's	Greater +#% to Fire Skill Damage [mid; marker=property]	mid	209	66	80	47	1	wand,orb,staf,helm		greater_m_extra-fire 16-16	greater_m_extra-fire: func1=1/stat1=greater_passive_fire_mastery/val1= | func2=1/stat2=item_greaterAffixMarker/val2= | tooltip=+#% to Fire Skill Damage	Pyromaniac's2	642	+#% to Fire Skill Damage	77		65	20	extra-fire 10-12	fallback: same group/highest overlap
prefix	1723	Greater Pyromaniac's	Greater +#% to Fire Skill Damage [late; marker=property]	late	209	81		47	2	wand,orb,staf,helm		greater_m_extra-fire 16-16	greater_m_extra-fire: func1=1/stat1=greater_passive_fire_mastery/val1= | func2=1/stat2=item_greaterAffixMarker/val2= | tooltip=+#% to Fire Skill Damage	Pyromaniac's2	642	+#% to Fire Skill Damage	77		65	20	extra-fire 10-12	fallback: same group/highest overlap
prefix	1724	Greater Frost Wyrm's	Greater +#% to Cold Skill Damage [early; marker=property]	early	209	50	65	47	1	wand,orb,staf,helm		greater_m_extra-cold 16-16	greater_m_extra-cold: func1=1/stat1=greater_passive_cold_mastery/val1= | func2=1/stat2=item_greaterAffixMarker/val2= | tooltip=+#% to Cold Skill Damage	Frost Wyrm's2	647	+#% to Cold Skill Damage	77		65	20	extra-cold 10-12	fallback: same group/highest overlap
prefix	1725	Greater Frost Wyrm's	Greater +#% to Cold Skill Damage [mid; marker=property]	mid	209	66	80	47	1	wand,orb,staf,helm		greater_m_extra-cold 16-16	greater_m_extra-cold: func1=1/stat1=greater_passive_cold_mastery/val1= | func2=1/stat2=item_greaterAffixMarker/val2= | tooltip=+#% to Cold Skill Damage	Frost Wyrm's2	647	+#% to Cold Skill Damage	77		65	20	extra-cold 10-12	fallback: same group/highest overlap
prefix	1726	Greater Frost Wyrm's	Greater +#% to Cold Skill Damage [late; marker=property]	late	209	81		47	2	wand,orb,staf,helm		greater_m_extra-cold 16-16	greater_m_extra-cold: func1=1/stat1=greater_passive_cold_mastery/val1= | func2=1/stat2=item_greaterAffixMarker/val2= | tooltip=+#% to Cold Skill Damage	Frost Wyrm's2	647	+#% to Cold Skill Damage	77		65	20	extra-cold 10-12	fallback: same group/highest overlap
prefix	1727	Greater Zeus's	Greater +#% to Lightning Skill Damage [early; marker=property]	early	209	50	65	47	1	wand,orb,staf,helm		greater_m_extra-ltng 16-16	greater_m_extra-ltng: func1=1/stat1=greater_passive_ltng_mastery/val1= | func2=1/stat2=item_greaterAffixMarker/val2= | tooltip=+#% to Lightning Skill Damage	Zeus's2	652	+#% to Lightning Skill Damage	77		65	20	extra-ltng 10-12	fallback: same group/highest overlap
prefix	1728	Greater Zeus's	Greater +#% to Lightning Skill Damage [mid; marker=property]	mid	209	66	80	47	1	wand,orb,staf,helm		greater_m_extra-ltng 16-16	greater_m_extra-ltng: func1=1/stat1=greater_passive_ltng_mastery/val1= | func2=1/stat2=item_greaterAffixMarker/val2= | tooltip=+#% to Lightning Skill Damage	Zeus's2	652	+#% to Lightning Skill Damage	77		65	20	extra-ltng 10-12	fallback: same group/highest overlap
prefix	1729	Greater Zeus's	Greater +#% to Lightning Skill Damage [late; marker=property]	late	209	81		47	2	wand,orb,staf,helm		greater_m_extra-ltng 16-16	greater_m_extra-ltng: func1=1/stat1=greater_passive_ltng_mastery/val1= | func2=1/stat2=item_greaterAffixMarker/val2= | tooltip=+#% to Lightning Skill Damage	Zeus's2	652	+#% to Lightning Skill Damage	77		65	20	extra-ltng 10-12	fallback: same group/highest overlap
prefix	1730	Greater Manticore's	Greater +#% to Poison Skill Damage [early; marker=property]	early	209	50	65	47	1	wand,staf,helm		greater_m_extra-pois 16-16	greater_m_extra-pois: func1=1/stat1=greater_passive_pois_mastery/val1= | func2=1/stat2=item_greaterAffixMarker/val2= | tooltip=+#% to Poison Skill Damage	Manticore's2	657	+#% to Poison Skill Damage	77		65	20	extra-pois 10-12	fallback: same group/highest overlap
prefix	1731	Greater Manticore's	Greater +#% to Poison Skill Damage [mid; marker=property]	mid	209	66	80	47	1	wand,staf,helm		greater_m_extra-pois 16-16	greater_m_extra-pois: func1=1/stat1=greater_passive_pois_mastery/val1= | func2=1/stat2=item_greaterAffixMarker/val2= | tooltip=+#% to Poison Skill Damage	Manticore's2	657	+#% to Poison Skill Damage	77		65	20	extra-pois 10-12	fallback: same group/highest overlap
prefix	1732	Greater Manticore's	Greater +#% to Poison Skill Damage [late; marker=property]	late	209	81		47	2	wand,staf,helm		greater_m_extra-pois 16-16	greater_m_extra-pois: func1=1/stat1=greater_passive_pois_mastery/val1= | func2=1/stat2=item_greaterAffixMarker/val2= | tooltip=+#% to Poison Skill Damage	Manticore's2	657	+#% to Poison Skill Damage	77		65	20	extra-pois 10-12	fallback: same group/highest overlap
prefix	1733	Greater Pyromaniac's	Greater +#% to Fire Skill Damage [early; marker=property]	early	209	50	65	65	1	wand,orb,staf		greater_m_extra-fire 16-16	greater_m_extra-fire: func1=1/stat1=greater_passive_fire_mastery/val1= | func2=1/stat2=item_greaterAffixMarker/val2= | tooltip=+#% to Fire Skill Damage	Pyromaniac's2	642	+#% to Fire Skill Damage	77		65	20	extra-fire 10-12	fallback: same group/highest overlap
prefix	1734	Greater Pyromaniac's	Greater +#% to Fire Skill Damage [mid; marker=property]	mid	209	66	80	65	1	wand,orb,staf		greater_m_extra-fire 16-16	greater_m_extra-fire: func1=1/stat1=greater_passive_fire_mastery/val1= | func2=1/stat2=item_greaterAffixMarker/val2= | tooltip=+#% to Fire Skill Damage	Pyromaniac's2	642	+#% to Fire Skill Damage	77		65	20	extra-fire 10-12	fallback: same group/highest overlap
prefix	1735	Greater Pyromaniac's	Greater +#% to Fire Skill Damage [late; marker=property]	late	209	81		65	2	wand,orb,staf		greater_m_extra-fire 16-16	greater_m_extra-fire: func1=1/stat1=greater_passive_fire_mastery/val1= | func2=1/stat2=item_greaterAffixMarker/val2= | tooltip=+#% to Fire Skill Damage	Pyromaniac's2	642	+#% to Fire Skill Damage	77		65	20	extra-fire 10-12	fallback: same group/highest overlap
prefix	1736	Greater Frost Wyrm's	Greater +#% to Cold Skill Damage [early; marker=property]	early	209	50	65	65	1	wand,orb,staf		greater_m_extra-cold 16-16	greater_m_extra-cold: func1=1/stat1=greater_passive_cold_mastery/val1= | func2=1/stat2=item_greaterAffixMarker/val2= | tooltip=+#% to Cold Skill Damage	Frost Wyrm's2	647	+#% to Cold Skill Damage	77		65	20	extra-cold 10-12	fallback: same group/highest overlap
prefix	1737	Greater Frost Wyrm's	Greater +#% to Cold Skill Damage [mid; marker=property]	mid	209	66	80	65	1	wand,orb,staf		greater_m_extra-cold 16-16	greater_m_extra-cold: func1=1/stat1=greater_passive_cold_mastery/val1= | func2=1/stat2=item_greaterAffixMarker/val2= | tooltip=+#% to Cold Skill Damage	Frost Wyrm's2	647	+#% to Cold Skill Damage	77		65	20	extra-cold 10-12	fallback: same group/highest overlap
prefix	1738	Greater Frost Wyrm's	Greater +#% to Cold Skill Damage [late; marker=property]	late	209	81		65	2	wand,orb,staf		greater_m_extra-cold 16-16	greater_m_extra-cold: func1=1/stat1=greater_passive_cold_mastery/val1= | func2=1/stat2=item_greaterAffixMarker/val2= | tooltip=+#% to Cold Skill Damage	Frost Wyrm's2	647	+#% to Cold Skill Damage	77		65	20	extra-cold 10-12	fallback: same group/highest overlap
prefix	1739	Greater Zeus's	Greater +#% to Lightning Skill Damage [early; marker=property]	early	209	50	65	65	1	wand,orb,staf		greater_m_extra-ltng 16-16	greater_m_extra-ltng: func1=1/stat1=greater_passive_ltng_mastery/val1= | func2=1/stat2=item_greaterAffixMarker/val2= | tooltip=+#% to Lightning Skill Damage	Zeus's2	652	+#% to Lightning Skill Damage	77		65	20	extra-ltng 10-12	fallback: same group/highest overlap
prefix	1740	Greater Zeus's	Greater +#% to Lightning Skill Damage [mid; marker=property]	mid	209	66	80	65	1	wand,orb,staf		greater_m_extra-ltng 16-16	greater_m_extra-ltng: func1=1/stat1=greater_passive_ltng_mastery/val1= | func2=1/stat2=item_greaterAffixMarker/val2= | tooltip=+#% to Lightning Skill Damage	Zeus's2	652	+#% to Lightning Skill Damage	77		65	20	extra-ltng 10-12	fallback: same group/highest overlap
prefix	1741	Greater Zeus's	Greater +#% to Lightning Skill Damage [late; marker=property]	late	209	81		65	2	wand,orb,staf		greater_m_extra-ltng 16-16	greater_m_extra-ltng: func1=1/stat1=greater_passive_ltng_mastery/val1= | func2=1/stat2=item_greaterAffixMarker/val2= | tooltip=+#% to Lightning Skill Damage	Zeus's2	652	+#% to Lightning Skill Damage	77		65	20	extra-ltng 10-12	fallback: same group/highest overlap
prefix	1742	Greater Manticore's	Greater +#% to Poison Skill Damage [early; marker=property]	early	209	50	65	65	1	wand,staf		greater_m_extra-pois 16-16	greater_m_extra-pois: func1=1/stat1=greater_passive_pois_mastery/val1= | func2=1/stat2=item_greaterAffixMarker/val2= | tooltip=+#% to Poison Skill Damage	Manticore's2	657	+#% to Poison Skill Damage	77		65	20	extra-pois 10-12	fallback: same group/highest overlap
prefix	1743	Greater Manticore's	Greater +#% to Poison Skill Damage [mid; marker=property]	mid	209	66	80	65	1	wand,staf		greater_m_extra-pois 16-16	greater_m_extra-pois: func1=1/stat1=greater_passive_pois_mastery/val1= | func2=1/stat2=item_greaterAffixMarker/val2= | tooltip=+#% to Poison Skill Damage	Manticore's2	657	+#% to Poison Skill Damage	77		65	20	extra-pois 10-12	fallback: same group/highest overlap
prefix	1744	Greater Manticore's	Greater +#% to Poison Skill Damage [late; marker=property]	late	209	81		65	2	wand,staf		greater_m_extra-pois 16-16	greater_m_extra-pois: func1=1/stat1=greater_passive_pois_mastery/val1= | func2=1/stat2=item_greaterAffixMarker/val2= | tooltip=+#% to Poison Skill Damage	Manticore's2	657	+#% to Poison Skill Damage	77		65	20	extra-pois 10-12	fallback: same group/highest overlap
prefix	1745	Greater Pyromaniac's	Greater -#% to Enemy Fire Resistance [early; marker=property]	early	209	50	65	47	1	wand,orb,staf,helm		greater_m_pierce-fire 16-16	greater_m_pierce-fire: func1=1/stat1=greater_passive_fire_pierce/val1= | func2=1/stat2=item_greaterAffixMarker/val2= | tooltip=-#% to Enemy Fire Resistance	Pyromaniac's2	622	-#% to Enemy Fire Resistance	77		65	20	pierce-fire 10-12	fallback: same group/highest overlap
prefix	1746	Greater Pyromaniac's	Greater -#% to Enemy Fire Resistance [mid; marker=property]	mid	209	66	80	47	1	wand,orb,staf,helm		greater_m_pierce-fire 16-16	greater_m_pierce-fire: func1=1/stat1=greater_passive_fire_pierce/val1= | func2=1/stat2=item_greaterAffixMarker/val2= | tooltip=-#% to Enemy Fire Resistance	Pyromaniac's2	622	-#% to Enemy Fire Resistance	77		65	20	pierce-fire 10-12	fallback: same group/highest overlap
prefix	1747	Greater Pyromaniac's	Greater -#% to Enemy Fire Resistance [late; marker=property]	late	209	81		47	2	wand,orb,staf,helm		greater_m_pierce-fire 16-16	greater_m_pierce-fire: func1=1/stat1=greater_passive_fire_pierce/val1= | func2=1/stat2=item_greaterAffixMarker/val2= | tooltip=-#% to Enemy Fire Resistance	Pyromaniac's2	622	-#% to Enemy Fire Resistance	77		65	20	pierce-fire 10-12	fallback: same group/highest overlap
prefix	1748	Greater Frost Wyrm's	Greater -#% to Enemy Cold Resistance [early; marker=property]	early	209	50	65	47	1	wand,orb,staf,helm		greater_m_pierce-cold 16-16	greater_m_pierce-cold: func1=1/stat1=greater_passive_cold_pierce/val1= | func2=1/stat2=item_greaterAffixMarker/val2= | tooltip=-#% to Enemy Cold Resistance	Frost Wyrm's2	627	-#% to Enemy Cold Resistance	77		65	20	pierce-cold 10-12	fallback: same group/highest overlap
prefix	1749	Greater Frost Wyrm's	Greater -#% to Enemy Cold Resistance [mid; marker=property]	mid	209	66	80	47	1	wand,orb,staf,helm		greater_m_pierce-cold 16-16	greater_m_pierce-cold: func1=1/stat1=greater_passive_cold_pierce/val1= | func2=1/stat2=item_greaterAffixMarker/val2= | tooltip=-#% to Enemy Cold Resistance	Frost Wyrm's2	627	-#% to Enemy Cold Resistance	77		65	20	pierce-cold 10-12	fallback: same group/highest overlap
prefix	1750	Greater Frost Wyrm's	Greater -#% to Enemy Cold Resistance [late; marker=property]	late	209	81		47	2	wand,orb,staf,helm		greater_m_pierce-cold 16-16	greater_m_pierce-cold: func1=1/stat1=greater_passive_cold_pierce/val1= | func2=1/stat2=item_greaterAffixMarker/val2= | tooltip=-#% to Enemy Cold Resistance	Frost Wyrm's2	627	-#% to Enemy Cold Resistance	77		65	20	pierce-cold 10-12	fallback: same group/highest overlap
prefix	1751	Greater Zeus's	Greater -#% to Enemy Lightning Resistance [early; marker=property]	early	209	50	65	47	1	wand,orb,staf,helm		greater_m_pierce-ltng 16-16	greater_m_pierce-ltng: func1=1/stat1=greater_passive_ltng_pierce/val1= | func2=1/stat2=item_greaterAffixMarker/val2= | tooltip=-#% to Enemy Lightning Resistance	Zeus's2	632	-#% to Enemy Lightning Resistance	77		65	20	pierce-ltng 10-12	fallback: same group/highest overlap
prefix	1752	Greater Zeus's	Greater -#% to Enemy Lightning Resistance [mid; marker=property]	mid	209	66	80	47	1	wand,orb,staf,helm		greater_m_pierce-ltng 16-16	greater_m_pierce-ltng: func1=1/stat1=greater_passive_ltng_pierce/val1= | func2=1/stat2=item_greaterAffixMarker/val2= | tooltip=-#% to Enemy Lightning Resistance	Zeus's2	632	-#% to Enemy Lightning Resistance	77		65	20	pierce-ltng 10-12	fallback: same group/highest overlap
prefix	1753	Greater Zeus's	Greater -#% to Enemy Lightning Resistance [late; marker=property]	late	209	81		47	2	wand,orb,staf,helm		greater_m_pierce-ltng 16-16	greater_m_pierce-ltng: func1=1/stat1=greater_passive_ltng_pierce/val1= | func2=1/stat2=item_greaterAffixMarker/val2= | tooltip=-#% to Enemy Lightning Resistance	Zeus's2	632	-#% to Enemy Lightning Resistance	77		65	20	pierce-ltng 10-12	fallback: same group/highest overlap
prefix	1754	Greater Manticore's	Greater -#% to Enemy Poison Resistance [early; marker=property]	early	209	50	65	47	1	wand,staf,helm		greater_m_pierce-pois 16-16	greater_m_pierce-pois: func1=1/stat1=greater_passive_pois_pierce/val1= | func2=1/stat2=item_greaterAffixMarker/val2= | tooltip=-#% to Enemy Poison Resistance	Manticore's2	637	-#% to Enemy Poison Resistance	77		65	20	pierce-pois 10-12	fallback: same group/highest overlap
prefix	1755	Greater Manticore's	Greater -#% to Enemy Poison Resistance [mid; marker=property]	mid	209	66	80	47	1	wand,staf,helm		greater_m_pierce-pois 16-16	greater_m_pierce-pois: func1=1/stat1=greater_passive_pois_pierce/val1= | func2=1/stat2=item_greaterAffixMarker/val2= | tooltip=-#% to Enemy Poison Resistance	Manticore's2	637	-#% to Enemy Poison Resistance	77		65	20	pierce-pois 10-12	fallback: same group/highest overlap
prefix	1756	Greater Manticore's	Greater -#% to Enemy Poison Resistance [late; marker=property]	late	209	81		47	2	wand,staf,helm		greater_m_pierce-pois 16-16	greater_m_pierce-pois: func1=1/stat1=greater_passive_pois_pierce/val1= | func2=1/stat2=item_greaterAffixMarker/val2= | tooltip=-#% to Enemy Poison Resistance	Manticore's2	637	-#% to Enemy Poison Resistance	77		65	20	pierce-pois 10-12	fallback: same group/highest overlap
prefix	1757	Greater Pyromaniac's	Greater -#% to Enemy Fire Resistance [early; marker=property]	early	209	50	65	65	1	wand,orb,staf		greater_m_pierce-fire 16-16	greater_m_pierce-fire: func1=1/stat1=greater_passive_fire_pierce/val1= | func2=1/stat2=item_greaterAffixMarker/val2= | tooltip=-#% to Enemy Fire Resistance	Pyromaniac's2	622	-#% to Enemy Fire Resistance	77		65	20	pierce-fire 10-12	fallback: same group/highest overlap
prefix	1758	Greater Pyromaniac's	Greater -#% to Enemy Fire Resistance [mid; marker=property]	mid	209	66	80	65	1	wand,orb,staf		greater_m_pierce-fire 16-16	greater_m_pierce-fire: func1=1/stat1=greater_passive_fire_pierce/val1= | func2=1/stat2=item_greaterAffixMarker/val2= | tooltip=-#% to Enemy Fire Resistance	Pyromaniac's2	622	-#% to Enemy Fire Resistance	77		65	20	pierce-fire 10-12	fallback: same group/highest overlap
prefix	1759	Greater Pyromaniac's	Greater -#% to Enemy Fire Resistance [late; marker=property]	late	209	81		65	2	wand,orb,staf		greater_m_pierce-fire 16-16	greater_m_pierce-fire: func1=1/stat1=greater_passive_fire_pierce/val1= | func2=1/stat2=item_greaterAffixMarker/val2= | tooltip=-#% to Enemy Fire Resistance	Pyromaniac's2	622	-#% to Enemy Fire Resistance	77		65	20	pierce-fire 10-12	fallback: same group/highest overlap
prefix	1760	Greater Frost Wyrm's	Greater -#% to Enemy Cold Resistance [early; marker=property]	early	209	50	65	65	1	wand,orb,staf		greater_m_pierce-cold 16-16	greater_m_pierce-cold: func1=1/stat1=greater_passive_cold_pierce/val1= | func2=1/stat2=item_greaterAffixMarker/val2= | tooltip=-#% to Enemy Cold Resistance	Frost Wyrm's2	627	-#% to Enemy Cold Resistance	77		65	20	pierce-cold 10-12	fallback: same group/highest overlap
prefix	1761	Greater Frost Wyrm's	Greater -#% to Enemy Cold Resistance [mid; marker=property]	mid	209	66	80	65	1	wand,orb,staf		greater_m_pierce-cold 16-16	greater_m_pierce-cold: func1=1/stat1=greater_passive_cold_pierce/val1= | func2=1/stat2=item_greaterAffixMarker/val2= | tooltip=-#% to Enemy Cold Resistance	Frost Wyrm's2	627	-#% to Enemy Cold Resistance	77		65	20	pierce-cold 10-12	fallback: same group/highest overlap
prefix	1762	Greater Frost Wyrm's	Greater -#% to Enemy Cold Resistance [late; marker=property]	late	209	81		65	2	wand,orb,staf		greater_m_pierce-cold 16-16	greater_m_pierce-cold: func1=1/stat1=greater_passive_cold_pierce/val1= | func2=1/stat2=item_greaterAffixMarker/val2= | tooltip=-#% to Enemy Cold Resistance	Frost Wyrm's2	627	-#% to Enemy Cold Resistance	77		65	20	pierce-cold 10-12	fallback: same group/highest overlap
prefix	1763	Greater Zeus's	Greater -#% to Enemy Lightning Resistance [early; marker=property]	early	209	50	65	65	1	wand,orb,staf		greater_m_pierce-ltng 16-16	greater_m_pierce-ltng: func1=1/stat1=greater_passive_ltng_pierce/val1= | func2=1/stat2=item_greaterAffixMarker/val2= | tooltip=-#% to Enemy Lightning Resistance	Zeus's2	632	-#% to Enemy Lightning Resistance	77		65	20	pierce-ltng 10-12	fallback: same group/highest overlap
prefix	1764	Greater Zeus's	Greater -#% to Enemy Lightning Resistance [mid; marker=property]	mid	209	66	80	65	1	wand,orb,staf		greater_m_pierce-ltng 16-16	greater_m_pierce-ltng: func1=1/stat1=greater_passive_ltng_pierce/val1= | func2=1/stat2=item_greaterAffixMarker/val2= | tooltip=-#% to Enemy Lightning Resistance	Zeus's2	632	-#% to Enemy Lightning Resistance	77		65	20	pierce-ltng 10-12	fallback: same group/highest overlap
prefix	1765	Greater Zeus's	Greater -#% to Enemy Lightning Resistance [late; marker=property]	late	209	81		65	2	wand,orb,staf		greater_m_pierce-ltng 16-16	greater_m_pierce-ltng: func1=1/stat1=greater_passive_ltng_pierce/val1= | func2=1/stat2=item_greaterAffixMarker/val2= | tooltip=-#% to Enemy Lightning Resistance	Zeus's2	632	-#% to Enemy Lightning Resistance	77		65	20	pierce-ltng 10-12	fallback: same group/highest overlap
prefix	1766	Greater Manticore's	Greater -#% to Enemy Poison Resistance [early; marker=property]	early	209	50	65	65	1	wand,staf		greater_m_pierce-pois 16-16	greater_m_pierce-pois: func1=1/stat1=greater_passive_pois_pierce/val1= | func2=1/stat2=item_greaterAffixMarker/val2= | tooltip=-#% to Enemy Poison Resistance	Manticore's2	637	-#% to Enemy Poison Resistance	77		65	20	pierce-pois 10-12	fallback: same group/highest overlap
prefix	1767	Greater Manticore's	Greater -#% to Enemy Poison Resistance [mid; marker=property]	mid	209	66	80	65	1	wand,staf		greater_m_pierce-pois 16-16	greater_m_pierce-pois: func1=1/stat1=greater_passive_pois_pierce/val1= | func2=1/stat2=item_greaterAffixMarker/val2= | tooltip=-#% to Enemy Poison Resistance	Manticore's2	637	-#% to Enemy Poison Resistance	77		65	20	pierce-pois 10-12	fallback: same group/highest overlap
prefix	1768	Greater Manticore's	Greater -#% to Enemy Poison Resistance [late; marker=property]	late	209	81		65	2	wand,staf		greater_m_pierce-pois 16-16	greater_m_pierce-pois: func1=1/stat1=greater_passive_pois_pierce/val1= | func2=1/stat2=item_greaterAffixMarker/val2= | tooltip=-#% to Enemy Poison Resistance	Manticore's2	637	-#% to Enemy Poison Resistance	77		65	20	pierce-pois 10-12	fallback: same group/highest overlap
prefix	1769	Greater Sturdy	Greater +# to Life [early; marker=property]	early	220	50	65	43	1	misl		greater_m_hp 52-52	greater_m_hp: func1=1/stat1=greater_maxhp/val1= | func2=1/stat2=item_greaterAffixMarker/val2= | tooltip=+# to Life	Sturdy	1252	+# to Life	80		43	30	hp 30-40	exact base-name match
prefix	1770	Greater Sturdy	Greater +# to Life [mid; marker=property]	mid	220	66	80	43	2	misl		greater_m_hp 52-52	greater_m_hp: func1=1/stat1=greater_maxhp/val1= | func2=1/stat2=item_greaterAffixMarker/val2= | tooltip=+# to Life	Sturdy	1252	+# to Life	80		43	30	hp 30-40	exact base-name match
prefix	1771	Greater Sturdy	Greater +# to Life [late; marker=property]	late	220	81		43	3	misl		greater_m_hp 52-52	greater_m_hp: func1=1/stat1=greater_maxhp/val1= | func2=1/stat2=item_greaterAffixMarker/val2= | tooltip=+# to Life	Sturdy	1252	+# to Life	80		43	30	hp 30-40	exact base-name match
prefix	1772	Greater Lizard's	Greater +# to Mana [early; marker=property]	early	220	50	65	43	1	misl		greater_m_mana 52-52	greater_m_mana: func1=1/stat1=greater_maxmana/val1= | func2=1/stat2=item_greaterAffixMarker/val2= | tooltip=+# to Mana	Lizard's	1256	+# to Mana	80		43	30	mana 30-40	exact base-name match
prefix	1773	Greater Lizard's	Greater +# to Mana [mid; marker=property]	mid	220	66	80	43	2	misl		greater_m_mana 52-52	greater_m_mana: func1=1/stat1=greater_maxmana/val1= | func2=1/stat2=item_greaterAffixMarker/val2= | tooltip=+# to Mana	Lizard's	1256	+# to Mana	80		43	30	mana 30-40	exact base-name match
prefix	1774	Greater Lizard's	Greater +# to Mana [late; marker=property]	late	220	81		43	3	misl		greater_m_mana 52-52	greater_m_mana: func1=1/stat1=greater_maxmana/val1= | func2=1/stat2=item_greaterAffixMarker/val2= | tooltip=+# to Mana	Lizard's	1256	+# to Mana	80		43	30	mana 30-40	exact base-name match
prefix	1775	Greater Sharp	Greater +# to Attack Rating [early; marker=property]	early	221	50	65	43	1	misl		greater_m_att 130-130	greater_m_att: func1=1/stat1=greater_tohit/val1= | func2=1/stat2=item_greaterAffixMarker/val2= | tooltip=+# to Attack Rating	Sharp	1260	+# to Attack Rating	80		43	30	att 50-100	exact base-name match
prefix	1776	Greater Sharp	Greater +# to Attack Rating [mid; marker=property]	mid	221	66	80	43	2	misl		greater_m_att 130-130	greater_m_att: func1=1/stat1=greater_tohit/val1= | func2=1/stat2=item_greaterAffixMarker/val2= | tooltip=+# to Attack Rating	Sharp	1260	+# to Attack Rating	80		43	30	att 50-100	exact base-name match
prefix	1777	Greater Sharp	Greater +# to Attack Rating [late; marker=property]	late	221	81		43	3	misl		greater_m_att 130-130	greater_m_att: func1=1/stat1=greater_tohit/val1= | func2=1/stat2=item_greaterAffixMarker/val2= | tooltip=+# to Attack Rating	Sharp	1260	+# to Attack Rating	80		43	30	att 50-100	exact base-name match
prefix	1778	Greater Jagged	Greater +#% Enhanced Damage [early; marker=property]	early	222	50	65	51	1	misl		greater_m_dmg% 65-65	greater_m_dmg%: func1=7/stat1=/val1= | func2=1/stat2=item_greaterAffixMarker/val2= | tooltip=+#% Enhanced Damage	Jagged	1264	+#% Enhanced Damage	80		51	30	dmg% 30-50	exact base-name match
prefix	1779	Greater Jagged	Greater +#% Enhanced Damage [mid; marker=property]	mid	222	66	80	51	2	misl		greater_m_dmg% 65-65	greater_m_dmg%: func1=7/stat1=/val1= | func2=1/stat2=item_greaterAffixMarker/val2= | tooltip=+#% Enhanced Damage	Jagged	1264	+#% Enhanced Damage	80		51	30	dmg% 30-50	exact base-name match
prefix	1780	Greater Jagged	Greater +#% Enhanced Damage [late; marker=property]	late	222	81		51	3	misl		greater_m_dmg% 65-65	greater_m_dmg%: func1=7/stat1=/val1= | func2=1/stat2=item_greaterAffixMarker/val2= | tooltip=+#% Enhanced Damage	Jagged	1264	+#% Enhanced Damage	80		51	30	dmg% 30-50	exact base-name match
prefix	1781	Greater Jagged	Greater +# to Minimum Damage & +# to Maximum Damage [early; marker=property]	early	222	50	65	51	1	misl		greater_m_dmg-min 26-26; greater_dmg-max 39-39	greater_m_dmg-min: func1=5/stat1=/val1= | func2=1/stat2=item_greaterAffixMarker/val2= | tooltip=+# to Minimum Damage; greater_dmg-max: func1=6/stat1=/val1= | tooltip=+# to Maximum Damage	Jagged	1268	+# to Minimum Damage & +# to Maximum Damage	80		51	30	dmg-min 10-20; dmg-max 20-30	exact base-name match
prefix	1782	Greater Jagged	Greater +# to Minimum Damage & +# to Maximum Damage [mid; marker=property]	mid	222	66	80	51	2	misl		greater_m_dmg-min 26-26; greater_dmg-max 39-39	greater_m_dmg-min: func1=5/stat1=/val1= | func2=1/stat2=item_greaterAffixMarker/val2= | tooltip=+# to Minimum Damage; greater_dmg-max: func1=6/stat1=/val1= | tooltip=+# to Maximum Damage	Jagged	1268	+# to Minimum Damage & +# to Maximum Damage	80		51	30	dmg-min 10-20; dmg-max 20-30	exact base-name match
prefix	1783	Greater Jagged	Greater +# to Minimum Damage & +# to Maximum Damage [late; marker=property]	late	222	81		51	3	misl		greater_m_dmg-min 26-26; greater_dmg-max 39-39	greater_m_dmg-min: func1=5/stat1=/val1= | func2=1/stat2=item_greaterAffixMarker/val2= | tooltip=+# to Minimum Damage; greater_dmg-max: func1=6/stat1=/val1= | tooltip=+# to Maximum Damage	Jagged	1268	+# to Minimum Damage & +# to Maximum Damage	80		51	30	dmg-min 10-20; dmg-max 20-30	exact base-name match
prefix	1784	Greater Flaming	Greater +# to Minimum Fire Damage & +# to Maximum Fire Damage [early; marker=property]	early	223	50	65	51	1	misl		greater_m_fire-min 26-26; greater_fire-max 39-39	greater_m_fire-min: func1=1/stat1=greater_firemindam/val1= | func2=1/stat2=item_greaterAffixMarker/val2= | tooltip=+# to Minimum Fire Damage; greater_fire-max: func1=1/stat1=greater_firemaxdam/val1= | tooltip=+# to Maximum Fire Damage	Flaming	1272	+# to Minimum Fire Damage & +# to Maximum Fire Damage	80		51	30	fire-min 10-20; fire-max 20-30	exact base-name match
prefix	1785	Greater Flaming	Greater +# to Minimum Fire Damage & +# to Maximum Fire Damage [mid; marker=property]	mid	223	66	80	51	2	misl		greater_m_fire-min 26-26; greater_fire-max 39-39	greater_m_fire-min: func1=1/stat1=greater_firemindam/val1= | func2=1/stat2=item_greaterAffixMarker/val2= | tooltip=+# to Minimum Fire Damage; greater_fire-max: func1=1/stat1=greater_firemaxdam/val1= | tooltip=+# to Maximum Fire Damage	Flaming	1272	+# to Minimum Fire Damage & +# to Maximum Fire Damage	80		51	30	fire-min 10-20; fire-max 20-30	exact base-name match
prefix	1786	Greater Flaming	Greater +# to Minimum Fire Damage & +# to Maximum Fire Damage [late; marker=property]	late	223	81		51	3	misl		greater_m_fire-min 26-26; greater_fire-max 39-39	greater_m_fire-min: func1=1/stat1=greater_firemindam/val1= | func2=1/stat2=item_greaterAffixMarker/val2= | tooltip=+# to Minimum Fire Damage; greater_fire-max: func1=1/stat1=greater_firemaxdam/val1= | tooltip=+# to Maximum Fire Damage	Flaming	1272	+# to Minimum Fire Damage & +# to Maximum Fire Damage	80		51	30	fire-min 10-20; fire-max 20-30	exact base-name match
prefix	1787	Greater Shivering	Greater +# to Minimum Cold Damage & +# to Maximum Cold Damage [early; marker=property]	early	224	50	65	51	1	misl		greater_m_cold-min 26-26; greater_cold-max 39-39	greater_m_cold-min: func1=1/stat1=greater_coldmindam/val1= | func2=1/stat2=item_greaterAffixMarker/val2= | tooltip=+# to Minimum Cold Damage; greater_cold-max: func1=1/stat1=greater_coldmaxdam/val1= | tooltip=+# to Maximum Cold Damage	Shivering	1276	+# to Minimum Cold Damage & +# to Maximum Cold Damage	80		51	30	cold-min 10-20; cold-max 20-30	exact base-name match
prefix	1788	Greater Shivering	Greater +# to Minimum Cold Damage & +# to Maximum Cold Damage [mid; marker=property]	mid	224	66	80	51	2	misl		greater_m_cold-min 26-26; greater_cold-max 39-39	greater_m_cold-min: func1=1/stat1=greater_coldmindam/val1= | func2=1/stat2=item_greaterAffixMarker/val2= | tooltip=+# to Minimum Cold Damage; greater_cold-max: func1=1/stat1=greater_coldmaxdam/val1= | tooltip=+# to Maximum Cold Damage	Shivering	1276	+# to Minimum Cold Damage & +# to Maximum Cold Damage	80		51	30	cold-min 10-20; cold-max 20-30	exact base-name match
prefix	1789	Greater Shivering	Greater +# to Minimum Cold Damage & +# to Maximum Cold Damage [late; marker=property]	late	224	81		51	3	misl		greater_m_cold-min 26-26; greater_cold-max 39-39	greater_m_cold-min: func1=1/stat1=greater_coldmindam/val1= | func2=1/stat2=item_greaterAffixMarker/val2= | tooltip=+# to Minimum Cold Damage; greater_cold-max: func1=1/stat1=greater_coldmaxdam/val1= | tooltip=+# to Maximum Cold Damage	Shivering	1276	+# to Minimum Cold Damage & +# to Maximum Cold Damage	80		51	30	cold-min 10-20; cold-max 20-30	exact base-name match
prefix	1790	Greater Static	Greater +# to Minimum Lightning Damage & +# to Maximum Lightning Damage [early; marker=property]	early	225	50	65	51	1	misl		greater_m_ltng-min 13-13; greater_ltng-max 65-65	greater_m_ltng-min: func1=1/stat1=greater_lightmindam/val1= | func2=1/stat2=item_greaterAffixMarker/val2= | tooltip=+# to Minimum Lightning Damage; greater_ltng-max: func1=1/stat1=greater_lightmaxdam/val1= | tooltip=+# to Maximum Lightning Damage	Static	1280	+# to Minimum Lightning Damage & +# to Maximum Lightning Damage	80		51	30	ltng-min 5-10; ltng-max 30-50	exact base-name match
prefix	1791	Greater Static	Greater +# to Minimum Lightning Damage & +# to Maximum Lightning Damage [mid; marker=property]	mid	225	66	80	51	2	misl		greater_m_ltng-min 13-13; greater_ltng-max 65-65	greater_m_ltng-min: func1=1/stat1=greater_lightmindam/val1= | func2=1/stat2=item_greaterAffixMarker/val2= | tooltip=+# to Minimum Lightning Damage; greater_ltng-max: func1=1/stat1=greater_lightmaxdam/val1= | tooltip=+# to Maximum Lightning Damage	Static	1280	+# to Minimum Lightning Damage & +# to Maximum Lightning Damage	80		51	30	ltng-min 5-10; ltng-max 30-50	exact base-name match
prefix	1792	Greater Static	Greater +# to Minimum Lightning Damage & +# to Maximum Lightning Damage [late; marker=property]	late	225	81		51	3	misl		greater_m_ltng-min 13-13; greater_ltng-max 65-65	greater_m_ltng-min: func1=1/stat1=greater_lightmindam/val1= | func2=1/stat2=item_greaterAffixMarker/val2= | tooltip=+# to Minimum Lightning Damage; greater_ltng-max: func1=1/stat1=greater_lightmaxdam/val1= | tooltip=+# to Maximum Lightning Damage	Static	1280	+# to Minimum Lightning Damage & +# to Maximum Lightning Damage	80		51	30	ltng-min 5-10; ltng-max 30-50	exact base-name match
prefix	1793	Greater Corosive	Greater +# to Minimum Poison Damage & +# to Maximum Poison Damage [early; marker=property]	early	226	50	65	51	1	misl		greater_m_dmg-pois(param=100) 780-780	greater_m_dmg-pois: func1=15/stat1=greater_poisonmindam/val1= | func2=16/stat2=greater_poisonmaxdam/val2= | func3=17/stat3=poisonlength/val3= | func4=1/stat4=item_greaterAffixMarker/val4= | tooltip=Adds #-# Poison Damage Over # Seconds	Corosive	1284	+# to Minimum Poison Damage & +# to Maximum Poison Damage	80		51	30	dmg-pois(param=100) 300-600	exact base-name match
prefix	1794	Greater Corosive	Greater +# to Minimum Poison Damage & +# to Maximum Poison Damage [mid; marker=property]	mid	226	66	80	51	2	misl		greater_m_dmg-pois(param=100) 780-780	greater_m_dmg-pois: func1=15/stat1=greater_poisonmindam/val1= | func2=16/stat2=greater_poisonmaxdam/val2= | func3=17/stat3=poisonlength/val3= | func4=1/stat4=item_greaterAffixMarker/val4= | tooltip=Adds #-# Poison Damage Over # Seconds	Corosive	1284	+# to Minimum Poison Damage & +# to Maximum Poison Damage	80		51	30	dmg-pois(param=100) 300-600	exact base-name match
prefix	1795	Greater Corosive	Greater +# to Minimum Poison Damage & +# to Maximum Poison Damage [late; marker=property]	late	226	81		51	3	misl		greater_m_dmg-pois(param=100) 780-780	greater_m_dmg-pois: func1=15/stat1=greater_poisonmindam/val1= | func2=16/stat2=greater_poisonmaxdam/val2= | func3=17/stat3=poisonlength/val3= | func4=1/stat4=item_greaterAffixMarker/val4= | tooltip=Adds #-# Poison Damage Over # Seconds	Corosive	1284	+# to Minimum Poison Damage & +# to Maximum Poison Damage	80		51	30	dmg-pois(param=100) 300-600	exact base-name match
prefix	1796	Greater Apprentice	Greater +# to Minimum Magic Damage & +# to Maximum Magic Damage [early; marker=property]	early	227	50	65	51	1	misl		greater_m_dmg-mag 26-26	greater_m_dmg-mag: func1=15/stat1=magicmindam/val1= | func2=16/stat2=magicmaxdam/val2= | func3=1/stat3=item_greaterAffixMarker/val3= | tooltip=Adds #-# Magic Damage	Apprentice	1288	+# to Minimum Magic Damage & +# to Maximum Magic Damage	80		51	30	dmg-mag 10-20	exact base-name match
prefix	1797	Greater Apprentice	Greater +# to Minimum Magic Damage & +# to Maximum Magic Damage [mid; marker=property]	mid	227	66	80	51	2	misl		greater_m_dmg-mag 26-26	greater_m_dmg-mag: func1=15/stat1=magicmindam/val1= | func2=16/stat2=magicmaxdam/val2= | func3=1/stat3=item_greaterAffixMarker/val3= | tooltip=Adds #-# Magic Damage	Apprentice	1288	+# to Minimum Magic Damage & +# to Maximum Magic Damage	80		51	30	dmg-mag 10-20	exact base-name match
prefix	1798	Greater Apprentice	Greater +# to Minimum Magic Damage & +# to Maximum Magic Damage [late; marker=property]	late	227	81		51	3	misl		greater_m_dmg-mag 26-26	greater_m_dmg-mag: func1=15/stat1=magicmindam/val1= | func2=16/stat2=magicmaxdam/val2= | func3=1/stat3=item_greaterAffixMarker/val3= | tooltip=Adds #-# Magic Damage	Apprentice	1288	+# to Minimum Magic Damage & +# to Maximum Magic Damage	80		51	30	dmg-mag 10-20	exact base-name match
suffix	958	of Greater Life Everlasting	Greater Damage Reduced by # [early; marker=property]	early	1	50	65	31	16	amul,circ		greater_m_red-dmg 24-24	greater_m_red-dmg: func1=1/stat1=greater_normal_damage_reduction/val1= | func2=1/stat2=item_greaterAffixMarker/val2= | tooltip=Damage Reduced by #	of Life Everlasting	165	Damage Reduced by #	45		31	480	red-dmg 10-25	exact base-name match
suffix	959	of Greater Life Everlasting	Greater Damage Reduced by # [mid; marker=property]	mid	1	66	80	31	32	amul,circ		greater_m_red-dmg 24-24	greater_m_red-dmg: func1=1/stat1=greater_normal_damage_reduction/val1= | func2=1/stat2=item_greaterAffixMarker/val2= | tooltip=Damage Reduced by #	of Life Everlasting	165	Damage Reduced by #	45		31	480	red-dmg 10-25	exact base-name match
suffix	960	of Greater Life Everlasting	Greater Damage Reduced by # [late; marker=property]	late	1	81		31	48	amul,circ		greater_m_red-dmg 24-24	greater_m_red-dmg: func1=1/stat1=greater_normal_damage_reduction/val1= | func2=1/stat2=item_greaterAffixMarker/val2= | tooltip=Damage Reduced by #	of Life Everlasting	165	Damage Reduced by #	45		31	480	red-dmg 10-25	exact base-name match
suffix	961	of Greater Anima	Greater Damage Reduced by # [early; marker=property]	early	1	50	65	37	16	tors,shld,circ		greater_m_red-dmg 24-24	greater_m_red-dmg: func1=1/stat1=greater_normal_damage_reduction/val1= | func2=1/stat2=item_greaterAffixMarker/val2= | tooltip=Damage Reduced by #	of Anima	170	Damage Reduced by #	51		37	480	red-dmg 8-15	exact base-name match
suffix	962	of Greater Anima	Greater Damage Reduced by # [mid; marker=property]	mid	1	66	80	37	32	tors,shld,circ		greater_m_red-dmg 24-24	greater_m_red-dmg: func1=1/stat1=greater_normal_damage_reduction/val1= | func2=1/stat2=item_greaterAffixMarker/val2= | tooltip=Damage Reduced by #	of Anima	170	Damage Reduced by #	51		37	480	red-dmg 8-15	exact base-name match
suffix	963	of Greater Anima	Greater Damage Reduced by # [late; marker=property]	late	1	81		37	48	tors,shld,circ		greater_m_red-dmg 24-24	greater_m_red-dmg: func1=1/stat1=greater_normal_damage_reduction/val1= | func2=1/stat2=item_greaterAffixMarker/val2= | tooltip=Damage Reduced by #	of Anima	170	Damage Reduced by #	51		37	480	red-dmg 8-15	exact base-name match
suffix	964	of Greater Life	Greater Damage Reduced by # [early; marker=property]	early	1	50	65	22	16	amul,circ,ring		greater_m_red-dmg 24-24	greater_m_red-dmg: func1=1/stat1=greater_normal_damage_reduction/val1= | func2=1/stat2=item_greaterAffixMarker/val2= | tooltip=Damage Reduced by #	of Life	163	Damage Reduced by #	35		22	480	red-dmg 6-10	exact base-name match
suffix	965	of Greater Life	Greater Damage Reduced by # [mid; marker=property]	mid	1	66	80	22	32	amul,circ,ring		greater_m_red-dmg 24-24	greater_m_red-dmg: func1=1/stat1=greater_normal_damage_reduction/val1= | func2=1/stat2=item_greaterAffixMarker/val2= | tooltip=Damage Reduced by #	of Life	163	Damage Reduced by #	35		22	480	red-dmg 6-10	exact base-name match
suffix	966	of Greater Life	Greater Damage Reduced by # [late; marker=property]	late	1	81		22	48	amul,circ,ring		greater_m_red-dmg 24-24	greater_m_red-dmg: func1=1/stat1=greater_normal_damage_reduction/val1= | func2=1/stat2=item_greaterAffixMarker/val2= | tooltip=Damage Reduced by #	of Life	163	Damage Reduced by #	35		22	480	red-dmg 6-10	exact base-name match
suffix	967	of Greater Guarding	Greater Magic Resist +#% [early; marker=property]	early	2	50	65	45	16	amul,orb,circ,tors,shld		greater_m_res-mag 30-30	greater_m_res-mag: func1=1/stat1=greater_magicresist/val1= | func2=1/stat2=item_greaterAffixMarker/val2= | tooltip=Magic Resist +#%	of Guarding	183	Magic Resist +#%	66		45	480	res-mag 10-13	exact base-name match
suffix	968	of Greater Guarding	Greater Magic Resist +#% [mid; marker=property]	mid	2	66	80	45	32	amul,orb,circ,tors,shld		greater_m_res-mag 30-30	greater_m_res-mag: func1=1/stat1=greater_magicresist/val1= | func2=1/stat2=item_greaterAffixMarker/val2= | tooltip=Magic Resist +#%	of Guarding	183	Magic Resist +#%	66		45	480	res-mag 10-13	exact base-name match
suffix	969	of Greater Guarding	Greater Magic Resist +#% [late; marker=property]	late	2	81		45	48	amul,orb,circ,tors,shld		greater_m_res-mag 30-30	greater_m_res-mag: func1=1/stat1=greater_magicresist/val1= | func2=1/stat2=item_greaterAffixMarker/val2= | tooltip=Magic Resist +#%	of Guarding	183	Magic Resist +#%	66		45	480	res-mag 10-13	exact base-name match
suffix	970	of Greater Negation	Greater Magic Resist +#% [early; marker=property]	early	2	50	65	61	16	shld,orb,circ,tors		greater_m_res-mag 30-30	greater_m_res-mag: func1=1/stat1=greater_magicresist/val1= | func2=1/stat2=item_greaterAffixMarker/val2= | tooltip=Magic Resist +#%	of Negation	185	Magic Resist +#%	84		61	480	res-mag 14-20	exact base-name match
suffix	971	of Greater Negation	Greater Magic Resist +#% [mid; marker=property]	mid	2	66	80	61	32	shld,orb,circ,tors		greater_m_res-mag 30-30	greater_m_res-mag: func1=1/stat1=greater_magicresist/val1= | func2=1/stat2=item_greaterAffixMarker/val2= | tooltip=Magic Resist +#%	of Negation	185	Magic Resist +#%	84		61	480	res-mag 14-20	exact base-name match
suffix	972	of Greater Negation	Greater Magic Resist +#% [late; marker=property]	late	2	81		61	48	shld,orb,circ,tors		greater_m_res-mag 30-30	greater_m_res-mag: func1=1/stat1=greater_magicresist/val1= | func2=1/stat2=item_greaterAffixMarker/val2= | tooltip=Magic Resist +#%	of Negation	185	Magic Resist +#%	84		61	480	res-mag 14-20	exact base-name match
suffix	973	of Greater Negation	Greater Magic Damage Reduced by # [early; marker=property]	early	2	50	65	30	16	amul,orb,circ,ring		greater_m_red-mag 10-10	greater_m_red-mag: func1=1/stat1=magic_damage_reduction/val1= | func2=1/stat2=item_greaterAffixMarker/val2= | tooltip=Magic Damage Reduced by #	of Negation	175	Magic Damage Reduced by #	42		30	480	red-mag 7-8	exact base-name match
suffix	974	of Greater Negation	Greater Magic Damage Reduced by # [mid; marker=property]	mid	2	66	80	30	32	amul,orb,circ,ring		greater_m_red-mag 10-10	greater_m_red-mag: func1=1/stat1=magic_damage_reduction/val1= | func2=1/stat2=item_greaterAffixMarker/val2= | tooltip=Magic Damage Reduced by #	of Negation	175	Magic Damage Reduced by #	42		30	480	red-mag 7-8	exact base-name match
suffix	975	of Greater Negation	Greater Magic Damage Reduced by # [late; marker=property]	late	2	81		30	48	amul,orb,circ,ring		greater_m_red-mag 10-10	greater_m_red-mag: func1=1/stat1=magic_damage_reduction/val1= | func2=1/stat2=item_greaterAffixMarker/val2= | tooltip=Magic Damage Reduced by #	of Negation	175	Magic Damage Reduced by #	42		30	480	red-mag 7-8	exact base-name match
suffix	976	of the Greater Sentinel	Greater Magic Resist +#% [early; marker=property]	early	2	1	65	26	16	ring,amul,orb,circ,tors,shld		greater_m_res-mag 30-30	greater_m_res-mag: func1=1/stat1=greater_magicresist/val1= | func2=1/stat2=item_greaterAffixMarker/val2= | tooltip=Magic Resist +#%	of the Sentinel	181	Magic Resist +#%	42		26	480	res-mag 6-9	exact base-name match
suffix	977	of the Greater Sentinel	Greater Magic Resist +#% [mid; marker=property]	mid	2	66	80	26	32	ring,amul,orb,circ,tors,shld		greater_m_res-mag 30-30	greater_m_res-mag: func1=1/stat1=greater_magicresist/val1= | func2=1/stat2=item_greaterAffixMarker/val2= | tooltip=Magic Resist +#%	of the Sentinel	181	Magic Resist +#%	42		26	480	res-mag 6-9	exact base-name match
suffix	978	of the Greater Sentinel	Greater Magic Resist +#% [late; marker=property]	late	2	81		26	48	ring,amul,orb,circ,tors,shld		greater_m_res-mag 30-30	greater_m_res-mag: func1=1/stat1=greater_magicresist/val1= | func2=1/stat2=item_greaterAffixMarker/val2= | tooltip=Magic Resist +#%	of the Sentinel	181	Magic Resist +#%	42		26	480	res-mag 6-9	exact base-name match
suffix	979	of Greater Fire Coalescence1	Greater +# Fire Absorb [early; marker=property]	early	3	50	65	68	4	weap,amul,ring,shld		greater_m_abs-fire% 35-35	greater_m_abs-fire%: func1=1/stat1=greater_item_absorbfire_percent/val1= | func2=1/stat2=item_greaterAffixMarker/val2= | tooltip=+# Fire Absorb	of Fire Coalescence1	199	+# Fire Absorb	87		68	120	abs-fire% 16-25	exact base-name match
suffix	980	of Greater Fire Coalescence1	Greater +# Fire Absorb [mid; marker=property]	mid	3	66	80	68	8	weap,amul,ring,shld		greater_m_abs-fire% 35-35	greater_m_abs-fire%: func1=1/stat1=greater_item_absorbfire_percent/val1= | func2=1/stat2=item_greaterAffixMarker/val2= | tooltip=+# Fire Absorb	of Fire Coalescence1	199	+# Fire Absorb	87		68	120	abs-fire% 16-25	exact base-name match
suffix	981	of Greater Fire Coalescence1	Greater +# Fire Absorb [late; marker=property]	late	3	81		68	12	weap,amul,ring,shld		greater_m_abs-fire% 35-35	greater_m_abs-fire%: func1=1/stat1=greater_item_absorbfire_percent/val1= | func2=1/stat2=item_greaterAffixMarker/val2= | tooltip=+# Fire Absorb	of Fire Coalescence1	199	+# Fire Absorb	87		68	120	abs-fire% 16-25	exact base-name match
suffix	982	of Greater Lightning Coalescence1	Greater +# Lightning Absorb [early; marker=property]	early	3	50	65	68	4	weap,amul,ring,shld		greater_m_abs-ltng% 35-35	greater_m_abs-ltng%: func1=1/stat1=greater_item_absorblight_percent/val1= | func2=1/stat2=item_greaterAffixMarker/val2= | tooltip=+# Lightning Absorb	of Lightning Coalescence1	213	+# Lightning Absorb	87		68	120	abs-ltng% 16-25	exact base-name match
suffix	983	of Greater Lightning Coalescence1	Greater +# Lightning Absorb [mid; marker=property]	mid	3	66	80	68	8	weap,amul,ring,shld		greater_m_abs-ltng% 35-35	greater_m_abs-ltng%: func1=1/stat1=greater_item_absorblight_percent/val1= | func2=1/stat2=item_greaterAffixMarker/val2= | tooltip=+# Lightning Absorb	of Lightning Coalescence1	213	+# Lightning Absorb	87		68	120	abs-ltng% 16-25	exact base-name match
suffix	984	of Greater Lightning Coalescence1	Greater +# Lightning Absorb [late; marker=property]	late	3	81		68	12	weap,amul,ring,shld		greater_m_abs-ltng% 35-35	greater_m_abs-ltng%: func1=1/stat1=greater_item_absorblight_percent/val1= | func2=1/stat2=item_greaterAffixMarker/val2= | tooltip=+# Lightning Absorb	of Lightning Coalescence1	213	+# Lightning Absorb	87		68	120	abs-ltng% 16-25	exact base-name match
suffix	985	of Greater Chilling Coalescence1	Greater +# Cold Absorb [early; marker=property]	early	3	50	65	68	4	weap,amul,ring,shld		greater_m_abs-cold% 35-35	greater_m_abs-cold%: func1=1/stat1=greater_item_absorbcold_percent/val1= | func2=1/stat2=item_greaterAffixMarker/val2= | tooltip=+# Cold Absorb	of Chilling Coalescence1	227	+# Cold Absorb	87		68	120	abs-cold% 16-25	exact base-name match
suffix	986	of Greater Chilling Coalescence1	Greater +# Cold Absorb [mid; marker=property]	mid	3	66	80	68	8	weap,amul,ring,shld		greater_m_abs-cold% 35-35	greater_m_abs-cold%: func1=1/stat1=greater_item_absorbcold_percent/val1= | func2=1/stat2=item_greaterAffixMarker/val2= | tooltip=+# Cold Absorb	of Chilling Coalescence1	227	+# Cold Absorb	87		68	120	abs-cold% 16-25	exact base-name match
suffix	987	of Greater Chilling Coalescence1	Greater +# Cold Absorb [late; marker=property]	late	3	81		68	12	weap,amul,ring,shld		greater_m_abs-cold% 35-35	greater_m_abs-cold%: func1=1/stat1=greater_item_absorbcold_percent/val1= | func2=1/stat2=item_greaterAffixMarker/val2= | tooltip=+# Cold Absorb	of Chilling Coalescence1	227	+# Cold Absorb	87		68	120	abs-cold% 16-25	exact base-name match
suffix	988	of Greater Thorns	Greater Attacker Takes Damage of # (Based on Character Level) [early; marker=property]	early	6	50	65	53	16	tors,shld		greater_m_thorns/lvl(param=16)	greater_m_thorns/lvl: func1=17/stat1=item_thorns_perlevel/val1= | func2=1/stat2=item_greaterAffixMarker/val2= | tooltip=Attacker Takes Damage of # (Based on Character Level)	of Thorns	433	Attacker Takes Damage of # (Based on Character Level)	67		53	480	thorns/lvl(param=12)	exact base-name match
suffix	989	of Greater Thorns	Greater Attacker Takes Damage of # (Based on Character Level) [mid; marker=property]	mid	6	66	80	53	32	tors,shld		greater_m_thorns/lvl(param=16)	greater_m_thorns/lvl: func1=17/stat1=item_thorns_perlevel/val1= | func2=1/stat2=item_greaterAffixMarker/val2= | tooltip=Attacker Takes Damage of # (Based on Character Level)	of Thorns	433	Attacker Takes Damage of # (Based on Character Level)	67		53	480	thorns/lvl(param=12)	exact base-name match
suffix	990	of Greater Thorns	Greater Attacker Takes Damage of # (Based on Character Level) [late; marker=property]	late	6	81		53	48	tors,shld		greater_m_thorns/lvl(param=16)	greater_m_thorns/lvl: func1=17/stat1=item_thorns_perlevel/val1= | func2=1/stat2=item_greaterAffixMarker/val2= | tooltip=Attacker Takes Damage of # (Based on Character Level)	of Thorns	433	Attacker Takes Damage of # (Based on Character Level)	67		53	480	thorns/lvl(param=12)	exact base-name match
suffix	991	of Greater Swords	Greater Attacker Takes Damage of # [early; marker=property]	early	6	50	65	47	8	tors,shld,circ,belt		greater_m_thorns 65-65	greater_m_thorns: func1=1/stat1=greater_item_attackertakesdamage/val1= | func2=1/stat2=item_greaterAffixMarker/val2= | tooltip=Attacker Takes Damage of #	of Swords	438	Attacker Takes Damage of #	65		47	240	thorns 41-50	exact base-name match
suffix	992	of Greater Swords	Greater Attacker Takes Damage of # [mid; marker=property]	mid	6	66	80	47	16	tors,shld,circ,belt		greater_m_thorns 65-65	greater_m_thorns: func1=1/stat1=greater_item_attackertakesdamage/val1= | func2=1/stat2=item_greaterAffixMarker/val2= | tooltip=Attacker Takes Damage of #	of Swords	438	Attacker Takes Damage of #	65		47	240	thorns 41-50	exact base-name match
suffix	993	of Greater Swords	Greater Attacker Takes Damage of # [late; marker=property]	late	6	81		47	24	tors,shld,circ,belt		greater_m_thorns 65-65	greater_m_thorns: func1=1/stat1=greater_item_attackertakesdamage/val1= | func2=1/stat2=item_greaterAffixMarker/val2= | tooltip=Attacker Takes Damage of #	of Swords	438	Attacker Takes Damage of #	65		47	240	thorns 41-50	exact base-name match
suffix	994	of Greater Malice	Greater Attacker Takes Damage of # [early; marker=property]	early	6	50	65	41	16	jewl		greater_m_thorns 20-20	greater_m_thorns: func1=1/stat1=greater_item_attackertakesdamage/val1= | func2=1/stat2=item_greaterAffixMarker/val2= | tooltip=Attacker Takes Damage of #	of Malice	440	Attacker Takes Damage of #	60		41	480	thorns 8-15	exact base-name match
suffix	995	of Greater Malice	Greater Attacker Takes Damage of # [mid; marker=property]	mid	6	66	80	41	32	jewl		greater_m_thorns 20-20	greater_m_thorns: func1=1/stat1=greater_item_attackertakesdamage/val1= | func2=1/stat2=item_greaterAffixMarker/val2= | tooltip=Attacker Takes Damage of #	of Malice	440	Attacker Takes Damage of #	60		41	480	thorns 8-15	exact base-name match
suffix	996	of Greater Malice	Greater Attacker Takes Damage of # [late; marker=property]	late	6	81		41	48	jewl		greater_m_thorns 20-20	greater_m_thorns: func1=1/stat1=greater_item_attackertakesdamage/val1= | func2=1/stat2=item_greaterAffixMarker/val2= | tooltip=Attacker Takes Damage of #	of Malice	440	Attacker Takes Damage of #	60		41	480	thorns 8-15	exact base-name match
suffix	997	of Greater Alacrity	Greater +#% Increased Attack Speed [early; marker=property]	early	7	50	65	14	24	weap	wand,orb	greater_m_swing2 26-26	greater_m_swing2: func1=8/stat1=greater_item_fasterattackrate/val1= | func2=1/stat2=item_greaterAffixMarker/val2= | tooltip=+#% Increased Attack Speed	of Alacrity	417	+#% Increased Attack Speed	25		14	720	swing2 20-20	exact base-name match
suffix	998	of Greater Alacrity	Greater +#% Increased Attack Speed [mid; marker=property]	mid	7	66	80	14	48	weap	wand,orb	greater_m_swing2 26-26	greater_m_swing2: func1=8/stat1=greater_item_fasterattackrate/val1= | func2=1/stat2=item_greaterAffixMarker/val2= | tooltip=+#% Increased Attack Speed	of Alacrity	417	+#% Increased Attack Speed	25		14	720	swing2 20-20	exact base-name match
suffix	999	of Greater Alacrity	Greater +#% Increased Attack Speed [late; marker=property]	late	7	81		14	72	weap	wand,orb	greater_m_swing2 26-26	greater_m_swing2: func1=8/stat1=greater_item_fasterattackrate/val1= | func2=1/stat2=item_greaterAffixMarker/val2= | tooltip=+#% Increased Attack Speed	of Alacrity	417	+#% Increased Attack Speed	25		14	720	swing2 20-20	exact base-name match
suffix	1000	of Greater Quickness	Greater +#% Increased Attack Speed [early; marker=property]	early	7	50	65	32	20	mele	wand,staf,orb	greater_m_swing3 50-50	greater_m_swing3: func1=8/stat1=greater_item_fasterattackrate/val1= | func2=1/stat2=item_greaterAffixMarker/val2= | tooltip=+#% Increased Attack Speed	of Quickness	420	+#% Increased Attack Speed	46		32	600	swing3 40-40	exact base-name match
suffix	1001	of Greater Quickness	Greater +#% Increased Attack Speed [mid; marker=property]	mid	7	66	80	32	40	mele	wand,staf,orb	greater_m_swing3 50-50	greater_m_swing3: func1=8/stat1=greater_item_fasterattackrate/val1= | func2=1/stat2=item_greaterAffixMarker/val2= | tooltip=+#% Increased Attack Speed	of Quickness	420	+#% Increased Attack Speed	46		32	600	swing3 40-40	exact base-name match
suffix	1002	of Greater Quickness	Greater +#% Increased Attack Speed [late; marker=property]	late	7	81		32	60	mele	wand,staf,orb	greater_m_swing3 50-50	greater_m_swing3: func1=8/stat1=greater_item_fasterattackrate/val1= | func2=1/stat2=item_greaterAffixMarker/val2= | tooltip=+#% Increased Attack Speed	of Quickness	420	+#% Increased Attack Speed	46		32	600	swing3 40-40	exact base-name match
suffix	1003	of Greater Fervor	Greater +#% Increased Attack Speed [early; marker=property]	early	7	50	65	26	16	jewl		greater_m_swing1 20-20	greater_m_swing1: func1=8/stat1=greater_item_fasterattackrate/val1= | func2=1/stat2=item_greaterAffixMarker/val2= | tooltip=+#% Increased Attack Speed	of Fervor	426	+#% Increased Attack Speed	39		26	480	swing1 15-15	exact base-name match
suffix	1004	of Greater Fervor	Greater +#% Increased Attack Speed [mid; marker=property]	mid	7	66	80	26	32	jewl		greater_m_swing1 20-20	greater_m_swing1: func1=8/stat1=greater_item_fasterattackrate/val1= | func2=1/stat2=item_greaterAffixMarker/val2= | tooltip=+#% Increased Attack Speed	of Fervor	426	+#% Increased Attack Speed	39		26	480	swing1 15-15	exact base-name match
suffix	1005	of Greater Fervor	Greater +#% Increased Attack Speed [late; marker=property]	late	7	81		26	48	jewl		greater_m_swing1 20-20	greater_m_swing1: func1=8/stat1=greater_item_fasterattackrate/val1= | func2=1/stat2=item_greaterAffixMarker/val2= | tooltip=+#% Increased Attack Speed	of Fervor	426	+#% Increased Attack Speed	39		26	480	swing1 15-15	exact base-name match
suffix	1006	of Greater Alacrity	Greater +#% Increased Attack Speed [early; marker=property]	early	7	50	65	30	16	glov		greater_m_swing2 26-26	greater_m_swing2: func1=8/stat1=greater_item_fasterattackrate/val1= | func2=1/stat2=item_greaterAffixMarker/val2= | tooltip=+#% Increased Attack Speed	of Alacrity	422	+#% Increased Attack Speed	43		30	480	swing2 20-20	exact base-name match
suffix	1007	of Greater Alacrity	Greater +#% Increased Attack Speed [mid; marker=property]	mid	7	66	80	30	32	glov		greater_m_swing2 26-26	greater_m_swing2: func1=8/stat1=greater_item_fasterattackrate/val1= | func2=1/stat2=item_greaterAffixMarker/val2= | tooltip=+#% Increased Attack Speed	of Alacrity	422	+#% Increased Attack Speed	43		30	480	swing2 20-20	exact base-name match
suffix	1008	of Greater Alacrity	Greater +#% Increased Attack Speed [late; marker=property]	late	7	81		30	48	glov		greater_m_swing2 26-26	greater_m_swing2: func1=8/stat1=greater_item_fasterattackrate/val1= | func2=1/stat2=item_greaterAffixMarker/val2= | tooltip=+#% Increased Attack Speed	of Alacrity	422	+#% Increased Attack Speed	43		30	480	swing2 20-20	exact base-name match
suffix	1009	of Greater Deflecting	Greater #% Increased Chance of Blocking [early; marker=property]	early	8	50	65	7	25	shld		greater_m_block 40-40; greater_block2 40-40	greater_m_block: func1=1/stat1=greater_toblock/val1= | func2=1/stat2=item_greaterAffixMarker/val2= | tooltip=#% Increased Chance of Blocking; greater_block2: func1=8/stat1=greater_item_fasterblockrate/val1= | tooltip=+#% Faster Block Rate	of Deflecting	477	#% Increased Chance of Blocking	11		7	760	block 20-30; block2 30-30	exact base-name match
suffix	1010	of Greater Deflecting	Greater #% Increased Chance of Blocking [mid; marker=property]	mid	8	66	80	7	51	shld		greater_m_block 40-40; greater_block2 40-40	greater_m_block: func1=1/stat1=greater_toblock/val1= | func2=1/stat2=item_greaterAffixMarker/val2= | tooltip=#% Increased Chance of Blocking; greater_block2: func1=8/stat1=greater_item_fasterblockrate/val1= | tooltip=+#% Faster Block Rate	of Deflecting	477	#% Increased Chance of Blocking	11		7	760	block 20-30; block2 30-30	exact base-name match
suffix	1011	of Greater Deflecting	Greater #% Increased Chance of Blocking [late; marker=property]	late	8	81		7	76	shld		greater_m_block 40-40; greater_block2 40-40	greater_m_block: func1=1/stat1=greater_toblock/val1= | func2=1/stat2=item_greaterAffixMarker/val2= | tooltip=#% Increased Chance of Blocking; greater_block2: func1=8/stat1=greater_item_fasterblockrate/val1= | tooltip=+#% Faster Block Rate	of Deflecting	477	#% Increased Chance of Blocking	11		7	760	block 20-30; block2 30-30	exact base-name match
suffix	1012	of the Greater Apprentice	Greater +#% Faster Cast Rate [early; marker=property]	early	9	50	65	3	24	rod,ring,amul,orb,circ		greater_m_cast1 13-13	greater_m_cast1: func1=8/stat1=greater_item_fastercastrate/val1= | func2=1/stat2=item_greaterAffixMarker/val2= | tooltip=+#% Faster Cast Rate	of the Apprentice	479	+#% Faster Cast Rate	5		3	720	cast1 10-10	exact base-name match
suffix	1013	of the Greater Apprentice	Greater +#% Faster Cast Rate [mid; marker=property]	mid	9	66	80	3	48	rod,ring,amul,orb,circ		greater_m_cast1 13-13	greater_m_cast1: func1=8/stat1=greater_item_fastercastrate/val1= | func2=1/stat2=item_greaterAffixMarker/val2= | tooltip=+#% Faster Cast Rate	of the Apprentice	479	+#% Faster Cast Rate	5		3	720	cast1 10-10	exact base-name match
suffix	1014	of the Greater Apprentice	Greater +#% Faster Cast Rate [late; marker=property]	late	9	81		3	72	rod,ring,amul,orb,circ		greater_m_cast1 13-13	greater_m_cast1: func1=8/stat1=greater_item_fastercastrate/val1= | func2=1/stat2=item_greaterAffixMarker/val2= | tooltip=+#% Faster Cast Rate	of the Apprentice	479	+#% Faster Cast Rate	5		3	720	cast1 10-10	exact base-name match
suffix	1015	of the Greater Magus	Greater +#% Faster Cast Rate [early; marker=property]	early	9	50	65	18	20	rod,orb,circ	scep	greater_m_cast3 25-25	greater_m_cast3: func1=8/stat1=greater_item_fastercastrate/val1= | func2=1/stat2=item_greaterAffixMarker/val2= | tooltip=+#% Faster Cast Rate	of the Magus	481	+#% Faster Cast Rate	29		18	600	cast3 20-20	exact base-name match
suffix	1016	of the Greater Magus	Greater +#% Faster Cast Rate [mid; marker=property]	mid	9	66	80	18	40	rod,orb,circ	scep	greater_m_cast3 25-25	greater_m_cast3: func1=8/stat1=greater_item_fastercastrate/val1= | func2=1/stat2=item_greaterAffixMarker/val2= | tooltip=+#% Faster Cast Rate	of the Magus	481	+#% Faster Cast Rate	29		18	600	cast3 20-20	exact base-name match
suffix	1017	of the Greater Magus	Greater +#% Faster Cast Rate [late; marker=property]	late	9	81		18	60	rod,orb,circ	scep	greater_m_cast3 25-25	greater_m_cast3: func1=8/stat1=greater_item_fastercastrate/val1= | func2=1/stat2=item_greaterAffixMarker/val2= | tooltip=+#% Faster Cast Rate	of the Magus	481	+#% Faster Cast Rate	29		18	600	cast3 20-20	exact base-name match
suffix	1018	of Greater Winter	Greater +# to Minimum Cold Damage & +# to Maximum Cold Damage & Cold Length # of Frames (25 Frames = 1 Second) [early; marker=property]	early	10	50	65	64	4	weap	wand,orb	greater_m_cold-min 59-59; greater_cold-max 195-195; greater_cold-len 195-195	greater_m_cold-min: func1=1/stat1=greater_coldmindam/val1= | func2=1/stat2=item_greaterAffixMarker/val2= | tooltip=+# to Minimum Cold Damage; greater_cold-max: func1=1/stat1=greater_coldmaxdam/val1= | tooltip=+# to Maximum Cold Damage; greater_cold-len: func1=1/stat1=coldlength/val1=	of Winter	64	+# to Minimum Cold Damage & +# to Maximum Cold Damage & Cold Length # of Frames (25 Frames = 1 Second)	80		64	120	cold-min 35-45; cold-max 100-150; cold-len 150-150	exact base-name match
suffix	1019	of Greater Winter	Greater +# to Minimum Cold Damage & +# to Maximum Cold Damage & Cold Length # of Frames (25 Frames = 1 Second) [mid; marker=property]	mid	10	66	80	64	8	weap	wand,orb	greater_m_cold-min 59-59; greater_cold-max 195-195; greater_cold-len 195-195	greater_m_cold-min: func1=1/stat1=greater_coldmindam/val1= | func2=1/stat2=item_greaterAffixMarker/val2= | tooltip=+# to Minimum Cold Damage; greater_cold-max: func1=1/stat1=greater_coldmaxdam/val1= | tooltip=+# to Maximum Cold Damage; greater_cold-len: func1=1/stat1=coldlength/val1=	of Winter	64	+# to Minimum Cold Damage & +# to Maximum Cold Damage & Cold Length # of Frames (25 Frames = 1 Second)	80		64	120	cold-min 35-45; cold-max 100-150; cold-len 150-150	exact base-name match
suffix	1020	of Greater Winter	Greater +# to Minimum Cold Damage & +# to Maximum Cold Damage & Cold Length # of Frames (25 Frames = 1 Second) [late; marker=property]	late	10	81		64	12	weap	wand,orb	greater_m_cold-min 59-59; greater_cold-max 195-195; greater_cold-len 195-195	greater_m_cold-min: func1=1/stat1=greater_coldmindam/val1= | func2=1/stat2=item_greaterAffixMarker/val2= | tooltip=+# to Minimum Cold Damage; greater_cold-max: func1=1/stat1=greater_coldmaxdam/val1= | tooltip=+# to Maximum Cold Damage; greater_cold-len: func1=1/stat1=coldlength/val1=	of Winter	64	+# to Minimum Cold Damage & +# to Maximum Cold Damage & Cold Length # of Frames (25 Frames = 1 Second)	80		64	120	cold-min 35-45; cold-max 100-150; cold-len 150-150	exact base-name match
suffix	1021	of Greater Incineration	Greater +# to Minimum Fire Damage & +# to Maximum Fire Damage [early; marker=property]	early	12	50	65	64	4	weap	wand,orb	greater_m_fire-min 130-130; greater_fire-max 325-325	greater_m_fire-min: func1=1/stat1=greater_firemindam/val1= | func2=1/stat2=item_greaterAffixMarker/val2= | tooltip=+# to Minimum Fire Damage; greater_fire-max: func1=1/stat1=greater_firemaxdam/val1= | tooltip=+# to Maximum Fire Damage	of Incineration	80	+# to Minimum Fire Damage & +# to Maximum Fire Damage	80		64	120	fire-min 75-100; fire-max 200-250	exact base-name match
suffix	1022	of Greater Incineration	Greater +# to Minimum Fire Damage & +# to Maximum Fire Damage [mid; marker=property]	mid	12	66	80	64	8	weap	wand,orb	greater_m_fire-min 130-130; greater_fire-max 325-325	greater_m_fire-min: func1=1/stat1=greater_firemindam/val1= | func2=1/stat2=item_greaterAffixMarker/val2= | tooltip=+# to Minimum Fire Damage; greater_fire-max: func1=1/stat1=greater_firemaxdam/val1= | tooltip=+# to Maximum Fire Damage	of Incineration	80	+# to Minimum Fire Damage & +# to Maximum Fire Damage	80		64	120	fire-min 75-100; fire-max 200-250	exact base-name match
suffix	1023	of Greater Incineration	Greater +# to Minimum Fire Damage & +# to Maximum Fire Damage [late; marker=property]	late	12	81		64	12	weap	wand,orb	greater_m_fire-min 130-130; greater_fire-max 325-325	greater_m_fire-min: func1=1/stat1=greater_firemindam/val1= | func2=1/stat2=item_greaterAffixMarker/val2= | tooltip=+# to Minimum Fire Damage; greater_fire-max: func1=1/stat1=greater_firemaxdam/val1= | tooltip=+# to Maximum Fire Damage	of Incineration	80	+# to Minimum Fire Damage & +# to Maximum Fire Damage	80		64	120	fire-min 75-100; fire-max 200-250	exact base-name match
suffix	1024	of Greater Storms	Greater +# to Minimum Lightning Damage & +# to Maximum Lightning Damage [early; marker=property]	early	13	50	65	58	4	weap	wand,orb	greater_m_ltng-min 26-26; greater_ltng-max 455-455	greater_m_ltng-min: func1=1/stat1=greater_lightmindam/val1= | func2=1/stat2=item_greaterAffixMarker/val2= | tooltip=+# to Minimum Lightning Damage; greater_ltng-max: func1=1/stat1=greater_lightmaxdam/val1= | tooltip=+# to Maximum Lightning Damage	of Storms	96	+# to Minimum Lightning Damage & +# to Maximum Lightning Damage	75		58	120	ltng-min 1-20; ltng-max 300-350	exact base-name match
suffix	1025	of Greater Storms	Greater +# to Minimum Lightning Damage & +# to Maximum Lightning Damage [mid; marker=property]	mid	13	66	80	58	8	weap	wand,orb	greater_m_ltng-min 26-26; greater_ltng-max 455-455	greater_m_ltng-min: func1=1/stat1=greater_lightmindam/val1= | func2=1/stat2=item_greaterAffixMarker/val2= | tooltip=+# to Minimum Lightning Damage; greater_ltng-max: func1=1/stat1=greater_lightmaxdam/val1= | tooltip=+# to Maximum Lightning Damage	of Storms	96	+# to Minimum Lightning Damage & +# to Maximum Lightning Damage	75		58	120	ltng-min 1-20; ltng-max 300-350	exact base-name match
suffix	1026	of Greater Storms	Greater +# to Minimum Lightning Damage & +# to Maximum Lightning Damage [late; marker=property]	late	13	81		58	12	weap	wand,orb	greater_m_ltng-min 26-26; greater_ltng-max 455-455	greater_m_ltng-min: func1=1/stat1=greater_lightmindam/val1= | func2=1/stat2=item_greaterAffixMarker/val2= | tooltip=+# to Minimum Lightning Damage; greater_ltng-max: func1=1/stat1=greater_lightmaxdam/val1= | tooltip=+# to Maximum Lightning Damage	of Storms	96	+# to Minimum Lightning Damage & +# to Maximum Lightning Damage	75		58	120	ltng-min 1-20; ltng-max 300-350	exact base-name match
suffix	1027	of Greater Anthrax	Greater +# to Minimum Poison Damage & +# to Maximum Poison Damage [early; marker=property]	early	16	50	65	21	8	weap,circ	rod,orb	greater_m_dmg-pois(param=150) 222-222	greater_m_dmg-pois: func1=15/stat1=greater_poisonmindam/val1= | func2=16/stat2=greater_poisonmaxdam/val2= | func3=17/stat3=poisonlength/val3= | func4=1/stat4=item_greaterAffixMarker/val4= | tooltip=Adds #-# Poison Damage Over # Seconds	of Anthrax	110	+# to Minimum Poison Damage & +# to Maximum Poison Damage	33		21	240	dmg-pois(param=150) 171-171	exact base-name match
suffix	1028	of Greater Anthrax	Greater +# to Minimum Poison Damage & +# to Maximum Poison Damage [mid; marker=property]	mid	16	66	80	21	16	weap,circ	rod,orb	greater_m_dmg-pois(param=150) 222-222	greater_m_dmg-pois: func1=15/stat1=greater_poisonmindam/val1= | func2=16/stat2=greater_poisonmaxdam/val2= | func3=17/stat3=poisonlength/val3= | func4=1/stat4=item_greaterAffixMarker/val4= | tooltip=Adds #-# Poison Damage Over # Seconds	of Anthrax	110	+# to Minimum Poison Damage & +# to Maximum Poison Damage	33		21	240	dmg-pois(param=150) 171-171	exact base-name match
suffix	1029	of Greater Anthrax	Greater +# to Minimum Poison Damage & +# to Maximum Poison Damage [late; marker=property]	late	16	81		21	24	weap,circ	rod,orb	greater_m_dmg-pois(param=150) 222-222	greater_m_dmg-pois: func1=15/stat1=greater_poisonmindam/val1= | func2=16/stat2=greater_poisonmaxdam/val2= | func3=17/stat3=poisonlength/val3= | func4=1/stat4=item_greaterAffixMarker/val4= | tooltip=Adds #-# Poison Damage Over # Seconds	of Anthrax	110	+# to Minimum Poison Damage & +# to Maximum Poison Damage	33		21	240	dmg-pois(param=150) 171-171	exact base-name match
suffix	1030	of the Greater Glacier	Greater +# to Minimum Cold Damage & +# to Maximum Cold Damage & Cold Length # of Frames (25 Frames = 1 Second) [early; marker=property]	early	10	50	65	69	8	belt,amul		greater_m_cold-min 7-7; greater_cold-max 33-33; greater_cold-len 195-195	greater_m_cold-min: func1=1/stat1=greater_coldmindam/val1= | func2=1/stat2=item_greaterAffixMarker/val2= | tooltip=+# to Minimum Cold Damage; greater_cold-max: func1=1/stat1=greater_coldmaxdam/val1= | tooltip=+# to Maximum Cold Damage; greater_cold-len: func1=1/stat1=coldlength/val1=	of the Glacier	69	+# to Minimum Cold Damage & +# to Maximum Cold Damage & Cold Length # of Frames (25 Frames = 1 Second)	85		69	240	cold-min 4-5; cold-max 16-25; cold-len 150-150	exact base-name match
suffix	1031	of the Greater Glacier	Greater +# to Minimum Cold Damage & +# to Maximum Cold Damage & Cold Length # of Frames (25 Frames = 1 Second) [mid; marker=property]	mid	10	66	80	69	16	belt,amul		greater_m_cold-min 7-7; greater_cold-max 33-33; greater_cold-len 195-195	greater_m_cold-min: func1=1/stat1=greater_coldmindam/val1= | func2=1/stat2=item_greaterAffixMarker/val2= | tooltip=+# to Minimum Cold Damage; greater_cold-max: func1=1/stat1=greater_coldmaxdam/val1= | tooltip=+# to Maximum Cold Damage; greater_cold-len: func1=1/stat1=coldlength/val1=	of the Glacier	69	+# to Minimum Cold Damage & +# to Maximum Cold Damage & Cold Length # of Frames (25 Frames = 1 Second)	85		69	240	cold-min 4-5; cold-max 16-25; cold-len 150-150	exact base-name match
suffix	1032	of the Greater Glacier	Greater +# to Minimum Cold Damage & +# to Maximum Cold Damage & Cold Length # of Frames (25 Frames = 1 Second) [late; marker=property]	late	10	81		69	24	belt,amul		greater_m_cold-min 7-7; greater_cold-max 33-33; greater_cold-len 195-195	greater_m_cold-min: func1=1/stat1=greater_coldmindam/val1= | func2=1/stat2=item_greaterAffixMarker/val2= | tooltip=+# to Minimum Cold Damage; greater_cold-max: func1=1/stat1=greater_coldmaxdam/val1= | tooltip=+# to Maximum Cold Damage; greater_cold-len: func1=1/stat1=coldlength/val1=	of the Glacier	69	+# to Minimum Cold Damage & +# to Maximum Cold Damage & Cold Length # of Frames (25 Frames = 1 Second)	85		69	240	cold-min 4-5; cold-max 16-25; cold-len 150-150	exact base-name match
suffix	1033	of Greater Burning	Greater +# to Minimum Fire Damage & +# to Maximum Fire Damage [early; marker=property]	early	12	50	65	63	8	glov,ring,amul		greater_m_fire-min 33-33; greater_fire-max 65-65	greater_m_fire-min: func1=1/stat1=greater_firemindam/val1= | func2=1/stat2=item_greaterAffixMarker/val2= | tooltip=+# to Minimum Fire Damage; greater_fire-max: func1=1/stat1=greater_firemaxdam/val1= | tooltip=+# to Maximum Fire Damage	of Burning	85	+# to Minimum Fire Damage & +# to Maximum Fire Damage	80		63	240	fire-min 11-25; fire-max 31-50	exact base-name match
suffix	1034	of Greater Burning	Greater +# to Minimum Fire Damage & +# to Maximum Fire Damage [mid; marker=property]	mid	12	66	80	63	16	glov,ring,amul		greater_m_fire-min 33-33; greater_fire-max 65-65	greater_m_fire-min: func1=1/stat1=greater_firemindam/val1= | func2=1/stat2=item_greaterAffixMarker/val2= | tooltip=+# to Minimum Fire Damage; greater_fire-max: func1=1/stat1=greater_firemaxdam/val1= | tooltip=+# to Maximum Fire Damage	of Burning	85	+# to Minimum Fire Damage & +# to Maximum Fire Damage	80		63	240	fire-min 11-25; fire-max 31-50	exact base-name match
suffix	1035	of Greater Burning	Greater +# to Minimum Fire Damage & +# to Maximum Fire Damage [late; marker=property]	late	12	81		63	24	glov,ring,amul		greater_m_fire-min 33-33; greater_fire-max 65-65	greater_m_fire-min: func1=1/stat1=greater_firemindam/val1= | func2=1/stat2=item_greaterAffixMarker/val2= | tooltip=+# to Minimum Fire Damage; greater_fire-max: func1=1/stat1=greater_firemaxdam/val1= | tooltip=+# to Maximum Fire Damage	of Burning	85	+# to Minimum Fire Damage & +# to Maximum Fire Damage	80		63	240	fire-min 11-25; fire-max 31-50	exact base-name match
suffix	1036	of Greater Storms	Greater +# to Minimum Lightning Damage & +# to Maximum Lightning Damage [early; marker=property]	early	13	50	65	68	8	boot,ring,amul		greater_m_ltng-min 2-2; greater_ltng-max 130-130	greater_m_ltng-min: func1=1/stat1=greater_lightmindam/val1= | func2=1/stat2=item_greaterAffixMarker/val2= | tooltip=+# to Minimum Lightning Damage; greater_ltng-max: func1=1/stat1=greater_lightmaxdam/val1= | tooltip=+# to Maximum Lightning Damage	of Storms	101	+# to Minimum Lightning Damage & +# to Maximum Lightning Damage	86		68	240	ltng-min 1-1; ltng-max 76-100	exact base-name match
suffix	1037	of Greater Storms	Greater +# to Minimum Lightning Damage & +# to Maximum Lightning Damage [mid; marker=property]	mid	13	66	80	68	16	boot,ring,amul		greater_m_ltng-min 2-2; greater_ltng-max 130-130	greater_m_ltng-min: func1=1/stat1=greater_lightmindam/val1= | func2=1/stat2=item_greaterAffixMarker/val2= | tooltip=+# to Minimum Lightning Damage; greater_ltng-max: func1=1/stat1=greater_lightmaxdam/val1= | tooltip=+# to Maximum Lightning Damage	of Storms	101	+# to Minimum Lightning Damage & +# to Maximum Lightning Damage	86		68	240	ltng-min 1-1; ltng-max 76-100	exact base-name match
suffix	1038	of Greater Storms	Greater +# to Minimum Lightning Damage & +# to Maximum Lightning Damage [late; marker=property]	late	13	81		68	24	boot,ring,amul		greater_m_ltng-min 2-2; greater_ltng-max 130-130	greater_m_ltng-min: func1=1/stat1=greater_lightmindam/val1= | func2=1/stat2=item_greaterAffixMarker/val2= | tooltip=+# to Minimum Lightning Damage; greater_ltng-max: func1=1/stat1=greater_lightmaxdam/val1= | tooltip=+# to Maximum Lightning Damage	of Storms	101	+# to Minimum Lightning Damage & +# to Maximum Lightning Damage	86		68	240	ltng-min 1-1; ltng-max 76-100	exact base-name match
suffix	1039	of Greater Blight	Greater +# to Minimum Poison Damage & +# to Maximum Poison Damage [early; marker=property]	early	16	50	65	61	4	ring,amul		greater_m_dmg-pois(param=75) 490-490	greater_m_dmg-pois: func1=15/stat1=greater_poisonmindam/val1= | func2=16/stat2=greater_poisonmaxdam/val2= | func3=17/stat3=poisonlength/val3= | func4=1/stat4=item_greaterAffixMarker/val4= | tooltip=Adds #-# Poison Damage Over # Seconds	of Blight	114	+# to Minimum Poison Damage & +# to Maximum Poison Damage	85		61	120	dmg-pois(param=75) 377-377	exact base-name match
suffix	1040	of Greater Blight	Greater +# to Minimum Poison Damage & +# to Maximum Poison Damage [mid; marker=property]	mid	16	66	80	61	8	ring,amul		greater_m_dmg-pois(param=75) 490-490	greater_m_dmg-pois: func1=15/stat1=greater_poisonmindam/val1= | func2=16/stat2=greater_poisonmaxdam/val2= | func3=17/stat3=poisonlength/val3= | func4=1/stat4=item_greaterAffixMarker/val4= | tooltip=Adds #-# Poison Damage Over # Seconds	of Blight	114	+# to Minimum Poison Damage & +# to Maximum Poison Damage	85		61	120	dmg-pois(param=75) 377-377	exact base-name match
suffix	1041	of Greater Blight	Greater +# to Minimum Poison Damage & +# to Maximum Poison Damage [late; marker=property]	late	16	81		61	12	ring,amul		greater_m_dmg-pois(param=75) 490-490	greater_m_dmg-pois: func1=15/stat1=greater_poisonmindam/val1= | func2=16/stat2=greater_poisonmaxdam/val2= | func3=17/stat3=poisonlength/val3= | func4=1/stat4=item_greaterAffixMarker/val4= | tooltip=Adds #-# Poison Damage Over # Seconds	of Blight	114	+# to Minimum Poison Damage & +# to Maximum Poison Damage	85		61	120	dmg-pois(param=75) 377-377	exact base-name match
suffix	1042	of the Greater Glacier	Greater +# to Minimum Cold Damage & +# to Maximum Cold Damage & Cold Length # of Frames (25 Frames = 1 Second) [early; marker=property]	early	10	50	65	43	8	jewl		greater_m_cold-min 7-7; greater_cold-max 20-20; greater_cold-len 130-130	greater_m_cold-min: func1=1/stat1=greater_coldmindam/val1= | func2=1/stat2=item_greaterAffixMarker/val2= | tooltip=+# to Minimum Cold Damage; greater_cold-max: func1=1/stat1=greater_coldmaxdam/val1= | tooltip=+# to Maximum Cold Damage; greater_cold-len: func1=1/stat1=coldlength/val1=	of the Glacier	73	+# to Minimum Cold Damage & +# to Maximum Cold Damage & Cold Length # of Frames (25 Frames = 1 Second)	58		43	240	cold-min 4-5; cold-max 11-15; cold-len 100-100	exact base-name match
suffix	1043	of the Greater Glacier	Greater +# to Minimum Cold Damage & +# to Maximum Cold Damage & Cold Length # of Frames (25 Frames = 1 Second) [mid; marker=property]	mid	10	66	80	43	16	jewl		greater_m_cold-min 7-7; greater_cold-max 20-20; greater_cold-len 130-130	greater_m_cold-min: func1=1/stat1=greater_coldmindam/val1= | func2=1/stat2=item_greaterAffixMarker/val2= | tooltip=+# to Minimum Cold Damage; greater_cold-max: func1=1/stat1=greater_coldmaxdam/val1= | tooltip=+# to Maximum Cold Damage; greater_cold-len: func1=1/stat1=coldlength/val1=	of the Glacier	73	+# to Minimum Cold Damage & +# to Maximum Cold Damage & Cold Length # of Frames (25 Frames = 1 Second)	58		43	240	cold-min 4-5; cold-max 11-15; cold-len 100-100	exact base-name match
suffix	1044	of the Greater Glacier	Greater +# to Minimum Cold Damage & +# to Maximum Cold Damage & Cold Length # of Frames (25 Frames = 1 Second) [late; marker=property]	late	10	81		43	24	jewl		greater_m_cold-min 7-7; greater_cold-max 20-20; greater_cold-len 130-130	greater_m_cold-min: func1=1/stat1=greater_coldmindam/val1= | func2=1/stat2=item_greaterAffixMarker/val2= | tooltip=+# to Minimum Cold Damage; greater_cold-max: func1=1/stat1=greater_coldmaxdam/val1= | tooltip=+# to Maximum Cold Damage; greater_cold-len: func1=1/stat1=coldlength/val1=	of the Glacier	73	+# to Minimum Cold Damage & +# to Maximum Cold Damage & Cold Length # of Frames (25 Frames = 1 Second)	58		43	240	cold-min 4-5; cold-max 11-15; cold-len 100-100	exact base-name match
suffix	1045	of Greater Burning	Greater +# to Minimum Fire Damage & +# to Maximum Fire Damage [early; marker=property]	early	12	50	65	42	8	jewl		greater_m_fire-min 33-33; greater_fire-max 65-65	greater_m_fire-min: func1=1/stat1=greater_firemindam/val1= | func2=1/stat2=item_greaterAffixMarker/val2= | tooltip=+# to Minimum Fire Damage; greater_fire-max: func1=1/stat1=greater_firemaxdam/val1= | tooltip=+# to Maximum Fire Damage	of Burning	89	+# to Minimum Fire Damage & +# to Maximum Fire Damage	57		42	240	fire-min 11-25; fire-max 31-50	exact base-name match
suffix	1046	of Greater Burning	Greater +# to Minimum Fire Damage & +# to Maximum Fire Damage [mid; marker=property]	mid	12	66	80	42	16	jewl		greater_m_fire-min 33-33; greater_fire-max 65-65	greater_m_fire-min: func1=1/stat1=greater_firemindam/val1= | func2=1/stat2=item_greaterAffixMarker/val2= | tooltip=+# to Minimum Fire Damage; greater_fire-max: func1=1/stat1=greater_firemaxdam/val1= | tooltip=+# to Maximum Fire Damage	of Burning	89	+# to Minimum Fire Damage & +# to Maximum Fire Damage	57		42	240	fire-min 11-25; fire-max 31-50	exact base-name match
suffix	1047	of Greater Burning	Greater +# to Minimum Fire Damage & +# to Maximum Fire Damage [late; marker=property]	late	12	81		42	24	jewl		greater_m_fire-min 33-33; greater_fire-max 65-65	greater_m_fire-min: func1=1/stat1=greater_firemindam/val1= | func2=1/stat2=item_greaterAffixMarker/val2= | tooltip=+# to Minimum Fire Damage; greater_fire-max: func1=1/stat1=greater_firemaxdam/val1= | tooltip=+# to Maximum Fire Damage	of Burning	89	+# to Minimum Fire Damage & +# to Maximum Fire Damage	57		42	240	fire-min 11-25; fire-max 31-50	exact base-name match
suffix	1048	of Greater Thunder	Greater +# to Minimum Lightning Damage & +# to Maximum Lightning Damage [early; marker=property]	early	13	50	65	42	8	jewl		greater_m_ltng-min 2-2; greater_ltng-max 130-130	greater_m_ltng-min: func1=1/stat1=greater_lightmindam/val1= | func2=1/stat2=item_greaterAffixMarker/val2= | tooltip=+# to Minimum Lightning Damage; greater_ltng-max: func1=1/stat1=greater_lightmaxdam/val1= | tooltip=+# to Maximum Lightning Damage	of Thunder	105	+# to Minimum Lightning Damage & +# to Maximum Lightning Damage	57		42	240	ltng-min 1-1; ltng-max 61-100	exact base-name match
suffix	1049	of Greater Thunder	Greater +# to Minimum Lightning Damage & +# to Maximum Lightning Damage [mid; marker=property]	mid	13	66	80	42	16	jewl		greater_m_ltng-min 2-2; greater_ltng-max 130-130	greater_m_ltng-min: func1=1/stat1=greater_lightmindam/val1= | func2=1/stat2=item_greaterAffixMarker/val2= | tooltip=+# to Minimum Lightning Damage; greater_ltng-max: func1=1/stat1=greater_lightmaxdam/val1= | tooltip=+# to Maximum Lightning Damage	of Thunder	105	+# to Minimum Lightning Damage & +# to Maximum Lightning Damage	57		42	240	ltng-min 1-1; ltng-max 61-100	exact base-name match
suffix	1050	of Greater Thunder	Greater +# to Minimum Lightning Damage & +# to Maximum Lightning Damage [late; marker=property]	late	13	81		42	24	jewl		greater_m_ltng-min 2-2; greater_ltng-max 130-130	greater_m_ltng-min: func1=1/stat1=greater_lightmindam/val1= | func2=1/stat2=item_greaterAffixMarker/val2= | tooltip=+# to Minimum Lightning Damage; greater_ltng-max: func1=1/stat1=greater_lightmaxdam/val1= | tooltip=+# to Maximum Lightning Damage	of Thunder	105	+# to Minimum Lightning Damage & +# to Maximum Lightning Damage	57		42	240	ltng-min 1-1; ltng-max 61-100	exact base-name match
suffix	1051	of Greater Anthrax	Greater +# to Minimum Poison Damage & +# to Maximum Poison Damage [early; marker=property]	early	16	50	65	56	8	jewl		greater_m_dmg-pois(param=50) 402-402	greater_m_dmg-pois: func1=15/stat1=greater_poisonmindam/val1= | func2=16/stat2=greater_poisonmaxdam/val2= | func3=17/stat3=poisonlength/val3= | func4=1/stat4=item_greaterAffixMarker/val4= | tooltip=Adds #-# Poison Damage Over # Seconds	of Anthrax	118	+# to Minimum Poison Damage & +# to Maximum Poison Damage	77		56	240	dmg-pois(param=50) 309-309	exact base-name match
suffix	1052	of Greater Anthrax	Greater +# to Minimum Poison Damage & +# to Maximum Poison Damage [mid; marker=property]	mid	16	66	80	56	16	jewl		greater_m_dmg-pois(param=50) 402-402	greater_m_dmg-pois: func1=15/stat1=greater_poisonmindam/val1= | func2=16/stat2=greater_poisonmaxdam/val2= | func3=17/stat3=poisonlength/val3= | func4=1/stat4=item_greaterAffixMarker/val4= | tooltip=Adds #-# Poison Damage Over # Seconds	of Anthrax	118	+# to Minimum Poison Damage & +# to Maximum Poison Damage	77		56	240	dmg-pois(param=50) 309-309	exact base-name match
suffix	1053	of Greater Anthrax	Greater +# to Minimum Poison Damage & +# to Maximum Poison Damage [late; marker=property]	late	16	81		56	24	jewl		greater_m_dmg-pois(param=50) 402-402	greater_m_dmg-pois: func1=15/stat1=greater_poisonmindam/val1= | func2=16/stat2=greater_poisonmaxdam/val2= | func3=17/stat3=poisonlength/val3= | func4=1/stat4=item_greaterAffixMarker/val4= | tooltip=Adds #-# Poison Damage Over # Seconds	of Anthrax	118	+# to Minimum Poison Damage & +# to Maximum Poison Damage	77		56	240	dmg-pois(param=50) 309-309	exact base-name match
suffix	1054	of Greater Winter	Greater +# to Minimum Cold Damage & +# to Maximum Cold Damage & Cold Length # of Frames (25 Frames = 1 Second) [early; marker=property]	early	10	50	65	69	2	lcha		greater_m_cold-min 18-18; greater_cold-max 33-33	greater_m_cold-min: func1=1/stat1=greater_coldmindam/val1= | func2=1/stat2=item_greaterAffixMarker/val2= | tooltip=+# to Minimum Cold Damage; greater_cold-max: func1=1/stat1=greater_coldmaxdam/val1= | tooltip=+# to Maximum Cold Damage	of Winter	816	+# to Minimum Cold Damage & +# to Maximum Cold Damage & Cold Length # of Frames (25 Frames = 1 Second)	81		69	60	cold-min 12-14; cold-max 20-25	exact base-name match
suffix	1055	of Greater Winter	Greater +# to Minimum Cold Damage & +# to Maximum Cold Damage & Cold Length # of Frames (25 Frames = 1 Second) [mid; marker=property]	mid	10	66	80	69	4	lcha		greater_m_cold-min 18-18; greater_cold-max 33-33	greater_m_cold-min: func1=1/stat1=greater_coldmindam/val1= | func2=1/stat2=item_greaterAffixMarker/val2= | tooltip=+# to Minimum Cold Damage; greater_cold-max: func1=1/stat1=greater_coldmaxdam/val1= | tooltip=+# to Maximum Cold Damage	of Winter	816	+# to Minimum Cold Damage & +# to Maximum Cold Damage & Cold Length # of Frames (25 Frames = 1 Second)	81		69	60	cold-min 12-14; cold-max 20-25	exact base-name match
suffix	1056	of Greater Winter	Greater +# to Minimum Cold Damage & +# to Maximum Cold Damage & Cold Length # of Frames (25 Frames = 1 Second) [late; marker=property]	late	10	81		69	6	lcha		greater_m_cold-min 18-18; greater_cold-max 33-33	greater_m_cold-min: func1=1/stat1=greater_coldmindam/val1= | func2=1/stat2=item_greaterAffixMarker/val2= | tooltip=+# to Minimum Cold Damage; greater_cold-max: func1=1/stat1=greater_coldmaxdam/val1= | tooltip=+# to Maximum Cold Damage	of Winter	816	+# to Minimum Cold Damage & +# to Maximum Cold Damage & Cold Length # of Frames (25 Frames = 1 Second)	81		69	60	cold-min 12-14; cold-max 20-25	exact base-name match
suffix	1057	of Greater Incineration	Greater +# to Minimum Fire Damage & +# to Maximum Fire Damage [early; marker=property]	early	10	50	65	69	2	lcha		greater_m_fire-min 20-20; greater_fire-max 33-33	greater_m_fire-min: func1=1/stat1=greater_firemindam/val1= | func2=1/stat2=item_greaterAffixMarker/val2= | tooltip=+# to Minimum Fire Damage; greater_fire-max: func1=1/stat1=greater_firemaxdam/val1= | tooltip=+# to Maximum Fire Damage	of Incineration	821	+# to Minimum Fire Damage & +# to Maximum Fire Damage	81		69	60	fire-min 10-15; fire-max 20-25	exact base-name match
suffix	1058	of Greater Incineration	Greater +# to Minimum Fire Damage & +# to Maximum Fire Damage [mid; marker=property]	mid	10	66	80	69	4	lcha		greater_m_fire-min 20-20; greater_fire-max 33-33	greater_m_fire-min: func1=1/stat1=greater_firemindam/val1= | func2=1/stat2=item_greaterAffixMarker/val2= | tooltip=+# to Minimum Fire Damage; greater_fire-max: func1=1/stat1=greater_firemaxdam/val1= | tooltip=+# to Maximum Fire Damage	of Incineration	821	+# to Minimum Fire Damage & +# to Maximum Fire Damage	81		69	60	fire-min 10-15; fire-max 20-25	exact base-name match
suffix	1059	of Greater Incineration	Greater +# to Minimum Fire Damage & +# to Maximum Fire Damage [late; marker=property]	late	10	81		69	6	lcha		greater_m_fire-min 20-20; greater_fire-max 33-33	greater_m_fire-min: func1=1/stat1=greater_firemindam/val1= | func2=1/stat2=item_greaterAffixMarker/val2= | tooltip=+# to Minimum Fire Damage; greater_fire-max: func1=1/stat1=greater_firemaxdam/val1= | tooltip=+# to Maximum Fire Damage	of Incineration	821	+# to Minimum Fire Damage & +# to Maximum Fire Damage	81		69	60	fire-min 10-15; fire-max 20-25	exact base-name match
suffix	1060	of Greater Storms	Greater +# to Minimum Lightning Damage & +# to Maximum Lightning Damage [early; marker=property]	early	10	50	65	69	2	lcha		greater_m_ltng-min 20-20; greater_ltng-max 33-33	greater_m_ltng-min: func1=1/stat1=greater_lightmindam/val1= | func2=1/stat2=item_greaterAffixMarker/val2= | tooltip=+# to Minimum Lightning Damage; greater_ltng-max: func1=1/stat1=greater_lightmaxdam/val1= | tooltip=+# to Maximum Lightning Damage	of Storms	826	+# to Minimum Lightning Damage & +# to Maximum Lightning Damage	81		69	60	ltng-min 10-15; ltng-max 20-25	exact base-name match
suffix	1061	of Greater Storms	Greater +# to Minimum Lightning Damage & +# to Maximum Lightning Damage [mid; marker=property]	mid	10	66	80	69	4	lcha		greater_m_ltng-min 20-20; greater_ltng-max 33-33	greater_m_ltng-min: func1=1/stat1=greater_lightmindam/val1= | func2=1/stat2=item_greaterAffixMarker/val2= | tooltip=+# to Minimum Lightning Damage; greater_ltng-max: func1=1/stat1=greater_lightmaxdam/val1= | tooltip=+# to Maximum Lightning Damage	of Storms	826	+# to Minimum Lightning Damage & +# to Maximum Lightning Damage	81		69	60	ltng-min 10-15; ltng-max 20-25	exact base-name match
suffix	1062	of Greater Storms	Greater +# to Minimum Lightning Damage & +# to Maximum Lightning Damage [late; marker=property]	late	10	81		69	6	lcha		greater_m_ltng-min 20-20; greater_ltng-max 33-33	greater_m_ltng-min: func1=1/stat1=greater_lightmindam/val1= | func2=1/stat2=item_greaterAffixMarker/val2= | tooltip=+# to Minimum Lightning Damage; greater_ltng-max: func1=1/stat1=greater_lightmaxdam/val1= | tooltip=+# to Maximum Lightning Damage	of Storms	826	+# to Minimum Lightning Damage & +# to Maximum Lightning Damage	81		69	60	ltng-min 10-15; ltng-max 20-25	exact base-name match
suffix	1063	of Greater Anthrax	Greater +# to Minimum Poison Damage & +# to Maximum Poison Damage [early; marker=property]	early	10	50	65	69	2	lcha		greater_m_dmg-pois(param=125) 182-182	greater_m_dmg-pois: func1=15/stat1=greater_poisonmindam/val1= | func2=16/stat2=greater_poisonmaxdam/val2= | func3=17/stat3=poisonlength/val3= | func4=1/stat4=item_greaterAffixMarker/val4= | tooltip=Adds #-# Poison Damage Over # Seconds	of Anthrax	831	+# to Minimum Poison Damage & +# to Maximum Poison Damage	81		69	60	dmg-pois(param=125) 120-140	exact base-name match
suffix	1064	of Greater Anthrax	Greater +# to Minimum Poison Damage & +# to Maximum Poison Damage [mid; marker=property]	mid	10	66	80	69	4	lcha		greater_m_dmg-pois(param=125) 182-182	greater_m_dmg-pois: func1=15/stat1=greater_poisonmindam/val1= | func2=16/stat2=greater_poisonmaxdam/val2= | func3=17/stat3=poisonlength/val3= | func4=1/stat4=item_greaterAffixMarker/val4= | tooltip=Adds #-# Poison Damage Over # Seconds	of Anthrax	831	+# to Minimum Poison Damage & +# to Maximum Poison Damage	81		69	60	dmg-pois(param=125) 120-140	exact base-name match
suffix	1065	of Greater Anthrax	Greater +# to Minimum Poison Damage & +# to Maximum Poison Damage [late; marker=property]	late	10	81		69	6	lcha		greater_m_dmg-pois(param=125) 182-182	greater_m_dmg-pois: func1=15/stat1=greater_poisonmindam/val1= | func2=16/stat2=greater_poisonmaxdam/val2= | func3=17/stat3=poisonlength/val3= | func4=1/stat4=item_greaterAffixMarker/val4= | tooltip=Adds #-# Poison Damage Over # Seconds	of Anthrax	831	+# to Minimum Poison Damage & +# to Maximum Poison Damage	81		69	60	dmg-pois(param=125) 120-140	exact base-name match
suffix	1066	of Greater Evisceration	Greater +# to Maximum Damage [early; marker=property]	early	14	50	65	67	29	weap	wand,staf,orb	greater_m_dmg-max 165-165	greater_m_dmg-max: func1=6/stat1=/val1= | func2=1/stat2=item_greaterAffixMarker/val2= | tooltip=+# to Maximum Damage	of Evisceration	24	+# to Maximum Damage	85		67	880	dmg-max 101-120	exact base-name match
suffix	1067	of Greater Evisceration	Greater +# to Maximum Damage [mid; marker=property]	mid	14	66	80	67	59	weap	wand,staf,orb	greater_m_dmg-max 165-165	greater_m_dmg-max: func1=6/stat1=/val1= | func2=1/stat2=item_greaterAffixMarker/val2= | tooltip=+# to Maximum Damage	of Evisceration	24	+# to Maximum Damage	85		67	880	dmg-max 101-120	exact base-name match
suffix	1068	of Greater Evisceration	Greater +# to Maximum Damage [late; marker=property]	late	14	81		67	88	weap	wand,staf,orb	greater_m_dmg-max 165-165	greater_m_dmg-max: func1=6/stat1=/val1= | func2=1/stat2=item_greaterAffixMarker/val2= | tooltip=+# to Maximum Damage	of Evisceration	24	+# to Maximum Damage	85		67	880	dmg-max 101-120	exact base-name match
suffix	1069	of Greater Quality	Greater +# to Maximum Damage [early; marker=property]	early	14	50	65	52	32	amul,ring		greater_m_dmg-max 165-165	greater_m_dmg-max: func1=6/stat1=/val1= | func2=1/stat2=item_greaterAffixMarker/val2= | tooltip=+# to Maximum Damage	of Quality	10	+# to Maximum Damage	77		52	960	dmg-max 8-10	exact base-name match
suffix	1070	of Greater Quality	Greater +# to Maximum Damage [mid; marker=property]	mid	14	66	80	52	64	amul,ring		greater_m_dmg-max 165-165	greater_m_dmg-max: func1=6/stat1=/val1= | func2=1/stat2=item_greaterAffixMarker/val2= | tooltip=+# to Maximum Damage	of Quality	10	+# to Maximum Damage	77		52	960	dmg-max 8-10	exact base-name match
suffix	1071	of Greater Quality	Greater +# to Maximum Damage [late; marker=property]	late	14	81		52	96	amul,ring		greater_m_dmg-max 165-165	greater_m_dmg-max: func1=6/stat1=/val1= | func2=1/stat2=item_greaterAffixMarker/val2= | tooltip=+# to Maximum Damage	of Quality	10	+# to Maximum Damage	77		52	960	dmg-max 8-10	exact base-name match
suffix	1072	of Greater Maiming	Greater +# to Maximum Damage [early; marker=property]	early	14	50	65	58	12	shld		greater_m_dmg-max 165-165	greater_m_dmg-max: func1=6/stat1=/val1= | func2=1/stat2=item_greaterAffixMarker/val2= | tooltip=+# to Maximum Damage	of Maiming	28	+# to Maximum Damage	80		58	360	dmg-max 9-12	exact base-name match
suffix	1073	of Greater Maiming	Greater +# to Maximum Damage [mid; marker=property]	mid	14	66	80	58	24	shld		greater_m_dmg-max 165-165	greater_m_dmg-max: func1=6/stat1=/val1= | func2=1/stat2=item_greaterAffixMarker/val2= | tooltip=+# to Maximum Damage	of Maiming	28	+# to Maximum Damage	80		58	360	dmg-max 9-12	exact base-name match
suffix	1074	of Greater Maiming	Greater +# to Maximum Damage [late; marker=property]	late	14	81		58	36	shld		greater_m_dmg-max 165-165	greater_m_dmg-max: func1=6/stat1=/val1= | func2=1/stat2=item_greaterAffixMarker/val2= | tooltip=+# to Maximum Damage	of Maiming	28	+# to Maximum Damage	80		58	360	dmg-max 9-12	exact base-name match
suffix	1075	of Greater Maiming	Greater +# to Maximum Damage [early; marker=property]	early	14	50	65	63	16	circ		greater_m_dmg-max 165-165	greater_m_dmg-max: func1=6/stat1=/val1= | func2=1/stat2=item_greaterAffixMarker/val2= | tooltip=+# to Maximum Damage	of Maiming	36	+# to Maximum Damage	79		63	480	dmg-max 13-15	exact base-name match
suffix	1076	of Greater Maiming	Greater +# to Maximum Damage [mid; marker=property]	mid	14	66	80	63	32	circ		greater_m_dmg-max 165-165	greater_m_dmg-max: func1=6/stat1=/val1= | func2=1/stat2=item_greaterAffixMarker/val2= | tooltip=+# to Maximum Damage	of Maiming	36	+# to Maximum Damage	79		63	480	dmg-max 13-15	exact base-name match
suffix	1077	of Greater Maiming	Greater +# to Maximum Damage [late; marker=property]	late	14	81		63	48	circ		greater_m_dmg-max 165-165	greater_m_dmg-max: func1=6/stat1=/val1= | func2=1/stat2=item_greaterAffixMarker/val2= | tooltip=+# to Maximum Damage	of Maiming	36	+# to Maximum Damage	79		63	480	dmg-max 13-15	exact base-name match
suffix	1078	of Greater Carnage	Greater +# to Maximum Damage [early; marker=property]	early	14	50	65	47	16	jewl		greater_m_dmg-max 165-165	greater_m_dmg-max: func1=6/stat1=/val1= | func2=1/stat2=item_greaterAffixMarker/val2= | tooltip=+# to Maximum Damage	of Carnage	41	+# to Maximum Damage	67		47	480	dmg-max 16-20	exact base-name match
suffix	1079	of Greater Carnage	Greater +# to Maximum Damage [mid; marker=property]	mid	14	66	80	47	32	jewl		greater_m_dmg-max 165-165	greater_m_dmg-max: func1=6/stat1=/val1= | func2=1/stat2=item_greaterAffixMarker/val2= | tooltip=+# to Maximum Damage	of Carnage	41	+# to Maximum Damage	67		47	480	dmg-max 16-20	exact base-name match
suffix	1080	of Greater Carnage	Greater +# to Maximum Damage [late; marker=property]	late	14	81		47	48	jewl		greater_m_dmg-max 165-165	greater_m_dmg-max: func1=6/stat1=/val1= | func2=1/stat2=item_greaterAffixMarker/val2= | tooltip=+# to Maximum Damage	of Carnage	41	+# to Maximum Damage	67		47	480	dmg-max 16-20	exact base-name match
suffix	1081	of Greater Evisceration	Greater +# to Maximum Damage [early; marker=property]	early	14	50	65	31	48	weap	wand,orb	greater_m_dmg-max 165-165	greater_m_dmg-max: func1=6/stat1=/val1= | func2=1/stat2=item_greaterAffixMarker/val2= | tooltip=+# to Maximum Damage	of Evisceration	24	+# to Maximum Damage	85		67	880	dmg-max 101-120	exact base-name match
suffix	1082	of Greater Evisceration	Greater +# to Maximum Damage [mid; marker=property]	mid	14	66	80	31	96	weap	wand,orb	greater_m_dmg-max 165-165	greater_m_dmg-max: func1=6/stat1=/val1= | func2=1/stat2=item_greaterAffixMarker/val2= | tooltip=+# to Maximum Damage	of Evisceration	24	+# to Maximum Damage	85		67	880	dmg-max 101-120	exact base-name match
suffix	1083	of Greater Evisceration	Greater +# to Maximum Damage [late; marker=property]	late	14	81		31	144	weap	wand,orb	greater_m_dmg-max 165-165	greater_m_dmg-max: func1=6/stat1=/val1= | func2=1/stat2=item_greaterAffixMarker/val2= | tooltip=+# to Maximum Damage	of Evisceration	24	+# to Maximum Damage	85		67	880	dmg-max 101-120	exact base-name match
suffix	1084	of Greater Transcendence	Greater +# to Minimum Damage [early; marker=property]	early	15	50	65	71	8	weap	orb,wand	greater_m_dmg-min 85-85	greater_m_dmg-min: func1=5/stat1=/val1= | func2=1/stat2=item_greaterAffixMarker/val2= | tooltip=+# to Minimum Damage	of Transcendence	49	+# to Minimum Damage	85		71	240	dmg-min 50-60	exact base-name match
suffix	1085	of Greater Transcendence	Greater +# to Minimum Damage [mid; marker=property]	mid	15	66	80	71	16	weap	orb,wand	greater_m_dmg-min 85-85	greater_m_dmg-min: func1=5/stat1=/val1= | func2=1/stat2=item_greaterAffixMarker/val2= | tooltip=+# to Minimum Damage	of Transcendence	49	+# to Minimum Damage	85		71	240	dmg-min 50-60	exact base-name match
suffix	1086	of Greater Transcendence	Greater +# to Minimum Damage [late; marker=property]	late	15	81		71	24	weap	orb,wand	greater_m_dmg-min 85-85	greater_m_dmg-min: func1=5/stat1=/val1= | func2=1/stat2=item_greaterAffixMarker/val2= | tooltip=+# to Minimum Damage	of Transcendence	49	+# to Minimum Damage	85		71	240	dmg-min 50-60	exact base-name match
suffix	1087	of Greater Performance	Greater +# to Minimum Damage [early; marker=property]	early	15	50	65	62	11	ring,amul,circ		greater_m_dmg-min 85-85	greater_m_dmg-min: func1=5/stat1=/val1= | func2=1/stat2=item_greaterAffixMarker/val2= | tooltip=+# to Minimum Damage	of Performance	54	+# to Minimum Damage	81		62	320	dmg-min 10-13	exact base-name match
suffix	1088	of Greater Performance	Greater +# to Minimum Damage [mid; marker=property]	mid	15	66	80	62	21	ring,amul,circ		greater_m_dmg-min 85-85	greater_m_dmg-min: func1=5/stat1=/val1= | func2=1/stat2=item_greaterAffixMarker/val2= | tooltip=+# to Minimum Damage	of Performance	54	+# to Minimum Damage	81		62	320	dmg-min 10-13	exact base-name match
suffix	1089	of Greater Performance	Greater +# to Minimum Damage [late; marker=property]	late	15	81		62	32	ring,amul,circ		greater_m_dmg-min 85-85	greater_m_dmg-min: func1=5/stat1=/val1= | func2=1/stat2=item_greaterAffixMarker/val2= | tooltip=+# to Minimum Damage	of Performance	54	+# to Minimum Damage	81		62	320	dmg-min 10-13	exact base-name match
suffix	1090	of Greater Bliss	Greater +# to Minimum Damage [early; marker=property]	early	15	50	65	31	11	jewl		greater_m_dmg-min 85-85	greater_m_dmg-min: func1=5/stat1=/val1= | func2=1/stat2=item_greaterAffixMarker/val2= | tooltip=+# to Minimum Damage	of Bliss	57	+# to Minimum Damage	43		31	320	dmg-min 5-10	exact base-name match
suffix	1091	of Greater Bliss	Greater +# to Minimum Damage [mid; marker=property]	mid	15	66	80	31	21	jewl		greater_m_dmg-min 85-85	greater_m_dmg-min: func1=5/stat1=/val1= | func2=1/stat2=item_greaterAffixMarker/val2= | tooltip=+# to Minimum Damage	of Bliss	57	+# to Minimum Damage	43		31	320	dmg-min 5-10	exact base-name match
suffix	1092	of Greater Bliss	Greater +# to Minimum Damage [late; marker=property]	late	15	81		31	32	jewl		greater_m_dmg-min 85-85	greater_m_dmg-min: func1=5/stat1=/val1= | func2=1/stat2=item_greaterAffixMarker/val2= | tooltip=+# to Minimum Damage	of Bliss	57	+# to Minimum Damage	43		31	320	dmg-min 5-10	exact base-name match
suffix	1093	of Greater Nirvana	Greater +# to Dexterity [early; marker=property]	early	17	50	65	54	12	amul,miss,circ		greater_m_dex 40-40	greater_m_dex: func1=1/stat1=greater_dexterity/val1= | func2=1/stat2=item_greaterAffixMarker/val2= | tooltip=+# to Dexterity	of Nirvana	257	+# to Dexterity	72		54	360	dex 21-30	exact base-name match
suffix	1094	of Greater Nirvana	Greater +# to Dexterity [mid; marker=property]	mid	17	66	80	54	24	amul,miss,circ		greater_m_dex 40-40	greater_m_dex: func1=1/stat1=greater_dexterity/val1= | func2=1/stat2=item_greaterAffixMarker/val2= | tooltip=+# to Dexterity	of Nirvana	257	+# to Dexterity	72		54	360	dex 21-30	exact base-name match
suffix	1095	of Greater Nirvana	Greater +# to Dexterity [late; marker=property]	late	17	81		54	36	amul,miss,circ		greater_m_dex 40-40	greater_m_dex: func1=1/stat1=greater_dexterity/val1= | func2=1/stat2=item_greaterAffixMarker/val2= | tooltip=+# to Dexterity	of Nirvana	257	+# to Dexterity	72		54	360	dex 21-30	exact base-name match
suffix	1096	of Greater Perfection	Greater +# to Dexterity [early; marker=property]	early	17	50	65	64	12	tors,boot	glov	greater_m_dex 40-40	greater_m_dex: func1=1/stat1=greater_dexterity/val1= | func2=1/stat2=item_greaterAffixMarker/val2= | tooltip=+# to Dexterity	of Perfection	275	+# to Dexterity	80		64	360	dex 20-30	exact base-name match
suffix	1097	of Greater Perfection	Greater +# to Dexterity [mid; marker=property]	mid	17	66	80	64	24	tors,boot	glov	greater_m_dex 40-40	greater_m_dex: func1=1/stat1=greater_dexterity/val1= | func2=1/stat2=item_greaterAffixMarker/val2= | tooltip=+# to Dexterity	of Perfection	275	+# to Dexterity	80		64	360	dex 20-30	exact base-name match
suffix	1098	of Greater Perfection	Greater +# to Dexterity [late; marker=property]	late	17	81		64	36	tors,boot	glov	greater_m_dex 40-40	greater_m_dex: func1=1/stat1=greater_dexterity/val1= | func2=1/stat2=item_greaterAffixMarker/val2= | tooltip=+# to Dexterity	of Perfection	275	+# to Dexterity	80		64	360	dex 20-30	exact base-name match
suffix	1099	of Greater Daring	Greater +# to Dexterity [early; marker=property]	early	17	50	65	24	16	jewl		greater_m_dex 40-40	greater_m_dex: func1=1/stat1=greater_dexterity/val1= | func2=1/stat2=item_greaterAffixMarker/val2= | tooltip=+# to Dexterity	of Daring	271	+# to Dexterity	36		24	480	dex 7-9	exact base-name match
suffix	1100	of Greater Daring	Greater +# to Dexterity [mid; marker=property]	mid	17	66	80	24	32	jewl		greater_m_dex 40-40	greater_m_dex: func1=1/stat1=greater_dexterity/val1= | func2=1/stat2=item_greaterAffixMarker/val2= | tooltip=+# to Dexterity	of Daring	271	+# to Dexterity	36		24	480	dex 7-9	exact base-name match
suffix	1101	of Greater Daring	Greater +# to Dexterity [late; marker=property]	late	17	81		24	48	jewl		greater_m_dex 40-40	greater_m_dex: func1=1/stat1=greater_dexterity/val1= | func2=1/stat2=item_greaterAffixMarker/val2= | tooltip=+# to Dexterity	of Daring	271	+# to Dexterity	36		24	480	dex 7-9	exact base-name match
suffix	1102	of Greater Perfection	Greater +# to Dexterity [early; marker=property]	early	17	50	65	57	12	ring,glov		greater_m_dex 40-40	greater_m_dex: func1=1/stat1=greater_dexterity/val1= | func2=1/stat2=item_greaterAffixMarker/val2= | tooltip=+# to Dexterity	of Perfection	263	+# to Dexterity	75		57	360	dex 16-20	exact base-name match
suffix	1103	of Greater Perfection	Greater +# to Dexterity [mid; marker=property]	mid	17	66	80	57	24	ring,glov		greater_m_dex 40-40	greater_m_dex: func1=1/stat1=greater_dexterity/val1= | func2=1/stat2=item_greaterAffixMarker/val2= | tooltip=+# to Dexterity	of Perfection	263	+# to Dexterity	75		57	360	dex 16-20	exact base-name match
suffix	1104	of Greater Perfection	Greater +# to Dexterity [late; marker=property]	late	17	81		57	36	ring,glov		greater_m_dex 40-40	greater_m_dex: func1=1/stat1=greater_dexterity/val1= | func2=1/stat2=item_greaterAffixMarker/val2= | tooltip=+# to Dexterity	of Perfection	263	+# to Dexterity	75		57	360	dex 16-20	exact base-name match
suffix	1105	of Greater Balance	Greater +#% Faster Hit Recovery [early; marker=property]	early	18	50	65	3	16	armo	glov	greater_m_balance1 13-13	greater_m_balance1: func1=8/stat1=greater_item_fastergethitrate/val1= | func2=1/stat2=item_greaterAffixMarker/val2= | tooltip=+#% Faster Hit Recovery	of Balance	408	+#% Faster Hit Recovery	5		3	480	balance1 10-10	exact base-name match
suffix	1106	of Greater Balance	Greater +#% Faster Hit Recovery [mid; marker=property]	mid	18	66	80	3	32	armo	glov	greater_m_balance1 13-13	greater_m_balance1: func1=8/stat1=greater_item_fastergethitrate/val1= | func2=1/stat2=item_greaterAffixMarker/val2= | tooltip=+#% Faster Hit Recovery	of Balance	408	+#% Faster Hit Recovery	5		3	480	balance1 10-10	exact base-name match
suffix	1107	of Greater Balance	Greater +#% Faster Hit Recovery [late; marker=property]	late	18	81		3	48	armo	glov	greater_m_balance1 13-13	greater_m_balance1: func1=8/stat1=greater_item_fastergethitrate/val1= | func2=1/stat2=item_greaterAffixMarker/val2= | tooltip=+#% Faster Hit Recovery	of Balance	408	+#% Faster Hit Recovery	5		3	480	balance1 10-10	exact base-name match
suffix	1108	of Greater Equilibrium	Greater +#% Faster Hit Recovery [early; marker=property]	early	18	50	65	5	16	tors,belt,shld		greater_m_balance2 26-26	greater_m_balance2: func1=8/stat1=greater_item_fastergethitrate/val1= | func2=1/stat2=item_greaterAffixMarker/val2= | tooltip=+#% Faster Hit Recovery	of Equilibrium	410	+#% Faster Hit Recovery	9		5	480	balance2 20-20	exact base-name match
suffix	1109	of Greater Equilibrium	Greater +#% Faster Hit Recovery [mid; marker=property]	mid	18	66	80	5	32	tors,belt,shld		greater_m_balance2 26-26	greater_m_balance2: func1=8/stat1=greater_item_fastergethitrate/val1= | func2=1/stat2=item_greaterAffixMarker/val2= | tooltip=+#% Faster Hit Recovery	of Equilibrium	410	+#% Faster Hit Recovery	9		5	480	balance2 20-20	exact base-name match
suffix	1110	of Greater Equilibrium	Greater +#% Faster Hit Recovery [late; marker=property]	late	18	81		5	48	tors,belt,shld		greater_m_balance2 26-26	greater_m_balance2: func1=8/stat1=greater_item_fastergethitrate/val1= | func2=1/stat2=item_greaterAffixMarker/val2= | tooltip=+#% Faster Hit Recovery	of Equilibrium	410	+#% Faster Hit Recovery	9		5	480	balance2 20-20	exact base-name match
suffix	1111	of Greater Stability	Greater +#% Faster Hit Recovery [early; marker=property]	early	18	50	65	11	16	tors,belt		greater_m_balance3 15-15	greater_m_balance3: func1=8/stat1=greater_item_fastergethitrate/val1= | func2=1/stat2=item_greaterAffixMarker/val2= | tooltip=+#% Faster Hit Recovery	of Stability	412	+#% Faster Hit Recovery	18		11	480	balance3 25-25	exact base-name match
suffix	1112	of Greater Stability	Greater +#% Faster Hit Recovery [mid; marker=property]	mid	18	66	80	11	32	tors,belt		greater_m_balance3 15-15	greater_m_balance3: func1=8/stat1=greater_item_fastergethitrate/val1= | func2=1/stat2=item_greaterAffixMarker/val2= | tooltip=+#% Faster Hit Recovery	of Stability	412	+#% Faster Hit Recovery	18		11	480	balance3 25-25	exact base-name match
suffix	1113	of Greater Stability	Greater +#% Faster Hit Recovery [late; marker=property]	late	18	81		11	48	tors,belt		greater_m_balance3 15-15	greater_m_balance3: func1=8/stat1=greater_item_fastergethitrate/val1= | func2=1/stat2=item_greaterAffixMarker/val2= | tooltip=+#% Faster Hit Recovery	of Stability	412	+#% Faster Hit Recovery	18		11	480	balance3 25-25	exact base-name match
suffix	1114	of Greater Truth	Greater +#% Faster Hit Recovery [early; marker=property]	early	18	50	65	31	16	jewl		greater_m_balance1 9-9	greater_m_balance1: func1=8/stat1=greater_item_fastergethitrate/val1= | func2=1/stat2=item_greaterAffixMarker/val2= | tooltip=+#% Faster Hit Recovery	of Truth	414	+#% Faster Hit Recovery	44		31	480	balance1 7-7	exact base-name match
suffix	1115	of Greater Truth	Greater +#% Faster Hit Recovery [mid; marker=property]	mid	18	66	80	31	32	jewl		greater_m_balance1 9-9	greater_m_balance1: func1=8/stat1=greater_item_fastergethitrate/val1= | func2=1/stat2=item_greaterAffixMarker/val2= | tooltip=+#% Faster Hit Recovery	of Truth	414	+#% Faster Hit Recovery	44		31	480	balance1 7-7	exact base-name match
suffix	1116	of Greater Truth	Greater +#% Faster Hit Recovery [late; marker=property]	late	18	81		31	48	jewl		greater_m_balance1 9-9	greater_m_balance1: func1=8/stat1=greater_item_fastergethitrate/val1= | func2=1/stat2=item_greaterAffixMarker/val2= | tooltip=+#% Faster Hit Recovery	of Truth	414	+#% Faster Hit Recovery	44		31	480	balance1 7-7	exact base-name match
suffix	1117	of Greater Balance	Greater +#% Faster Hit Recovery [early; marker=property]	early	18	50	65	69	2	lcha		greater_m_balance3 15-15	greater_m_balance3: func1=8/stat1=greater_item_fastergethitrate/val1= | func2=1/stat2=item_greaterAffixMarker/val2= | tooltip=+#% Faster Hit Recovery	of Balance	861	+#% Faster Hit Recovery	81		69	60	balance3 10-10	exact base-name match
suffix	1118	of Greater Balance	Greater +#% Faster Hit Recovery [mid; marker=property]	mid	18	66	80	69	4	lcha		greater_m_balance3 15-15	greater_m_balance3: func1=8/stat1=greater_item_fastergethitrate/val1= | func2=1/stat2=item_greaterAffixMarker/val2= | tooltip=+#% Faster Hit Recovery	of Balance	861	+#% Faster Hit Recovery	81		69	60	balance3 10-10	exact base-name match
suffix	1119	of Greater Balance	Greater +#% Faster Hit Recovery [late; marker=property]	late	18	81		69	6	lcha		greater_m_balance3 15-15	greater_m_balance3: func1=8/stat1=greater_item_fastergethitrate/val1= | func2=1/stat2=item_greaterAffixMarker/val2= | tooltip=+#% Faster Hit Recovery	of Balance	861	+#% Faster Hit Recovery	81		69	60	balance3 10-10	exact base-name match
suffix	1120	of Greater Regeneration	Greater Replenish Life +# [early; marker=property]	early	19	50	65	44	16	tors,weap,boot	scep	greater_m_regen 8-8	greater_m_regen: func1=1/stat1=greater_hpregen/val1= | func2=1/stat2=item_greaterAffixMarker/val2= | tooltip=Replenish Life +#	of Regeneration	386	Replenish Life +#	70		44	480	regen 3-5	exact base-name match
suffix	1121	of Greater Regeneration	Greater Replenish Life +# [mid; marker=property]	mid	19	66	80	44	32	tors,weap,boot	scep	greater_m_regen 8-8	greater_m_regen: func1=1/stat1=greater_hpregen/val1= | func2=1/stat2=item_greaterAffixMarker/val2= | tooltip=Replenish Life +#	of Regeneration	386	Replenish Life +#	70		44	480	regen 3-5	exact base-name match
suffix	1122	of Greater Regeneration	Greater Replenish Life +# [late; marker=property]	late	19	81		44	48	tors,weap,boot	scep	greater_m_regen 8-8	greater_m_regen: func1=1/stat1=greater_hpregen/val1= | func2=1/stat2=item_greaterAffixMarker/val2= | tooltip=Replenish Life +#	of Regeneration	386	Replenish Life +#	70		44	480	regen 3-5	exact base-name match
suffix	1123	of Greater Revivification	Greater Replenish Life +# [early; marker=property]	early	19	50	65	26	16	scep,amul,circ		greater_m_regen 8-8	greater_m_regen: func1=1/stat1=greater_hpregen/val1= | func2=1/stat2=item_greaterAffixMarker/val2= | tooltip=Replenish Life +#	of Revivification	391	Replenish Life +#	38		26	480	regen 11-15	exact base-name match
suffix	1124	of Greater Revivification	Greater Replenish Life +# [mid; marker=property]	mid	19	66	80	26	32	scep,amul,circ		greater_m_regen 8-8	greater_m_regen: func1=1/stat1=greater_hpregen/val1= | func2=1/stat2=item_greaterAffixMarker/val2= | tooltip=Replenish Life +#	of Revivification	391	Replenish Life +#	38		26	480	regen 11-15	exact base-name match
suffix	1125	of Greater Revivification	Greater Replenish Life +# [late; marker=property]	late	19	81		26	48	scep,amul,circ		greater_m_regen 8-8	greater_m_regen: func1=1/stat1=greater_hpregen/val1= | func2=1/stat2=item_greaterAffixMarker/val2= | tooltip=Replenish Life +#	of Revivification	391	Replenish Life +#	38		26	480	regen 11-15	exact base-name match
suffix	1126	of Greater Regeneration	Greater Replenish Life +# [early; marker=property]	early	19	50	65	26	16	shld,glov		greater_m_regen 8-8	greater_m_regen: func1=1/stat1=greater_hpregen/val1= | func2=1/stat2=item_greaterAffixMarker/val2= | tooltip=Replenish Life +#	of Regeneration	384	Replenish Life +#	40		26	480	regen 3-5	exact base-name match
suffix	1127	of Greater Regeneration	Greater Replenish Life +# [mid; marker=property]	mid	19	66	80	26	32	shld,glov		greater_m_regen 8-8	greater_m_regen: func1=1/stat1=greater_hpregen/val1= | func2=1/stat2=item_greaterAffixMarker/val2= | tooltip=Replenish Life +#	of Regeneration	384	Replenish Life +#	40		26	480	regen 3-5	exact base-name match
suffix	1128	of Greater Regeneration	Greater Replenish Life +# [late; marker=property]	late	19	81		26	48	shld,glov		greater_m_regen 8-8	greater_m_regen: func1=1/stat1=greater_hpregen/val1= | func2=1/stat2=item_greaterAffixMarker/val2= | tooltip=Replenish Life +#	of Regeneration	384	Replenish Life +#	40		26	480	regen 3-5	exact base-name match
suffix	1129	of Greater Regrowth	Greater Replenish Life +# [early; marker=property]	early	19	50	65	35	16	belt,ring		greater_m_regen 8-8	greater_m_regen: func1=1/stat1=greater_hpregen/val1= | func2=1/stat2=item_greaterAffixMarker/val2= | tooltip=Replenish Life +#	of Regrowth	389	Replenish Life +#	55		35	480	regen 6-9	exact base-name match
suffix	1130	of Greater Regrowth	Greater Replenish Life +# [mid; marker=property]	mid	19	66	80	35	32	belt,ring		greater_m_regen 8-8	greater_m_regen: func1=1/stat1=greater_hpregen/val1= | func2=1/stat2=item_greaterAffixMarker/val2= | tooltip=Replenish Life +#	of Regrowth	389	Replenish Life +#	55		35	480	regen 6-9	exact base-name match
suffix	1131	of Greater Regrowth	Greater Replenish Life +# [late; marker=property]	late	19	81		35	48	belt,ring		greater_m_regen 8-8	greater_m_regen: func1=1/stat1=greater_hpregen/val1= | func2=1/stat2=item_greaterAffixMarker/val2= | tooltip=Replenish Life +#	of Regrowth	389	Replenish Life +#	55		35	480	regen 6-9	exact base-name match
suffix	1132	of Greater Honor	Greater Replenish Life +# [early; marker=property]	early	19	50	65	30	16	jewl		greater_m_regen 8-8	greater_m_regen: func1=1/stat1=greater_hpregen/val1= | func2=1/stat2=item_greaterAffixMarker/val2= | tooltip=Replenish Life +#	of Honor	393	Replenish Life +#	47		30	480	regen 1-4	exact base-name match
suffix	1133	of Greater Honor	Greater Replenish Life +# [mid; marker=property]	mid	19	66	80	30	32	jewl		greater_m_regen 8-8	greater_m_regen: func1=1/stat1=greater_hpregen/val1= | func2=1/stat2=item_greaterAffixMarker/val2= | tooltip=Replenish Life +#	of Honor	393	Replenish Life +#	47		30	480	regen 1-4	exact base-name match
suffix	1134	of Greater Honor	Greater Replenish Life +# [late; marker=property]	late	19	81		30	48	jewl		greater_m_regen 8-8	greater_m_regen: func1=1/stat1=greater_hpregen/val1= | func2=1/stat2=item_greaterAffixMarker/val2= | tooltip=Replenish Life +#	of Honor	393	Replenish Life +#	47		30	480	regen 1-4	exact base-name match
suffix	1135	of Greater Wealth	Greater #% Extra Gold from Monsters [early; marker=property]	early	21	50	65	10	16	boot,glov,belt,amul,circ		greater_m_gold% 120-120	greater_m_gold%: func1=1/stat1=greater_item_goldbonus/val1= | func2=1/stat2=item_greaterAffixMarker/val2= | tooltip=#% Extra Gold from Monsters	of Wealth	460	#% Extra Gold from Monsters	17		10	480	gold% 41-80	exact base-name match
suffix	1136	of Greater Wealth	Greater #% Extra Gold from Monsters [mid; marker=property]	mid	21	66	80	10	32	boot,glov,belt,amul,circ		greater_m_gold% 120-120	greater_m_gold%: func1=1/stat1=greater_item_goldbonus/val1= | func2=1/stat2=item_greaterAffixMarker/val2= | tooltip=#% Extra Gold from Monsters	of Wealth	460	#% Extra Gold from Monsters	17		10	480	gold% 41-80	exact base-name match
suffix	1137	of Greater Wealth	Greater #% Extra Gold from Monsters [late; marker=property]	late	21	81		10	48	boot,glov,belt,amul,circ		greater_m_gold% 120-120	greater_m_gold%: func1=1/stat1=greater_item_goldbonus/val1= | func2=1/stat2=item_greaterAffixMarker/val2= | tooltip=#% Extra Gold from Monsters	of Wealth	460	#% Extra Gold from Monsters	17		10	480	gold% 41-80	exact base-name match
suffix	1138	of Greater Avarice	Greater #% Extra Gold from Monsters [early; marker=property]	early	21	50	65	1	16	jewl		greater_m_gold% 120-120	greater_m_gold%: func1=1/stat1=greater_item_goldbonus/val1= | func2=1/stat2=item_greaterAffixMarker/val2= | tooltip=#% Extra Gold from Monsters	of Avarice	462	#% Extra Gold from Monsters	1		1	480	gold% 10-30	exact base-name match
suffix	1139	of Greater Avarice	Greater #% Extra Gold from Monsters [mid; marker=property]	mid	21	66	80	1	32	jewl		greater_m_gold% 120-120	greater_m_gold%: func1=1/stat1=greater_item_goldbonus/val1= | func2=1/stat2=item_greaterAffixMarker/val2= | tooltip=#% Extra Gold from Monsters	of Avarice	462	#% Extra Gold from Monsters	1		1	480	gold% 10-30	exact base-name match
suffix	1140	of Greater Avarice	Greater #% Extra Gold from Monsters [late; marker=property]	late	21	81		1	48	jewl		greater_m_gold% 120-120	greater_m_gold%: func1=1/stat1=greater_item_goldbonus/val1= | func2=1/stat2=item_greaterAffixMarker/val2= | tooltip=#% Extra Gold from Monsters	of Avarice	462	#% Extra Gold from Monsters	1		1	480	gold% 10-30	exact base-name match
suffix	1141	of Greater Greed	Greater #% Extra Gold from Monsters [early; marker=property]	early	21	50	65	1	16	ring,amul,circ		greater_m_gold% 120-120	greater_m_gold%: func1=1/stat1=greater_item_goldbonus/val1= | func2=1/stat2=item_greaterAffixMarker/val2= | tooltip=#% Extra Gold from Monsters	of Greed	458	#% Extra Gold from Monsters	1		1	480	gold% 25-40	exact base-name match
suffix	1142	of Greater Greed	Greater #% Extra Gold from Monsters [mid; marker=property]	mid	21	66	80	1	32	ring,amul,circ		greater_m_gold% 120-120	greater_m_gold%: func1=1/stat1=greater_item_goldbonus/val1= | func2=1/stat2=item_greaterAffixMarker/val2= | tooltip=#% Extra Gold from Monsters	of Greed	458	#% Extra Gold from Monsters	1		1	480	gold% 25-40	exact base-name match
suffix	1143	of Greater Greed	Greater #% Extra Gold from Monsters [late; marker=property]	late	21	81		1	48	ring,amul,circ		greater_m_gold% 120-120	greater_m_gold%: func1=1/stat1=greater_item_goldbonus/val1= | func2=1/stat2=item_greaterAffixMarker/val2= | tooltip=#% Extra Gold from Monsters	of Greed	458	#% Extra Gold from Monsters	1		1	480	gold% 25-40	exact base-name match
suffix	1144	of Greater Luck	Greater #% Better Chance of Getting Magic Items [early; marker=property]	early	22	50	65	41	16	amul,circ		greater_m_mag% 30-30	greater_m_mag%: func1=1/stat1=greater_item_magicbonus/val1= | func2=1/stat2=item_greaterAffixMarker/val2= | tooltip=#% Better Chance of Getting Magic Items	of Luck	452	#% Better Chance of Getting Magic Items	53		41	480	mag% 36-50	exact base-name match
suffix	1145	of Greater Luck	Greater #% Better Chance of Getting Magic Items [mid; marker=property]	mid	22	66	80	41	32	amul,circ		greater_m_mag% 30-30	greater_m_mag%: func1=1/stat1=greater_item_magicbonus/val1= | func2=1/stat2=item_greaterAffixMarker/val2= | tooltip=#% Better Chance of Getting Magic Items	of Luck	452	#% Better Chance of Getting Magic Items	53		41	480	mag% 36-50	exact base-name match
suffix	1146	of Greater Luck	Greater #% Better Chance of Getting Magic Items [late; marker=property]	late	22	81		41	48	amul,circ		greater_m_mag% 30-30	greater_m_mag%: func1=1/stat1=greater_item_magicbonus/val1= | func2=1/stat2=item_greaterAffixMarker/val2= | tooltip=#% Better Chance of Getting Magic Items	of Luck	452	#% Better Chance of Getting Magic Items	53		41	480	mag% 36-50	exact base-name match
suffix	1147	of Greater Luck	Greater #% Better Chance of Getting Magic Items [early; marker=property]	early	22	50	65	26	16	boot,amul,circ		greater_m_mag% 30-30	greater_m_mag%: func1=1/stat1=greater_item_magicbonus/val1= | func2=1/stat2=item_greaterAffixMarker/val2= | tooltip=#% Better Chance of Getting Magic Items	of Luck	452	#% Better Chance of Getting Magic Items	53		41	480	mag% 36-50	exact base-name match
suffix	1148	of Greater Luck	Greater #% Better Chance of Getting Magic Items [mid; marker=property]	mid	22	66	80	26	32	boot,amul,circ		greater_m_mag% 30-30	greater_m_mag%: func1=1/stat1=greater_item_magicbonus/val1= | func2=1/stat2=item_greaterAffixMarker/val2= | tooltip=#% Better Chance of Getting Magic Items	of Luck	452	#% Better Chance of Getting Magic Items	53		41	480	mag% 36-50	exact base-name match
suffix	1149	of Greater Luck	Greater #% Better Chance of Getting Magic Items [late; marker=property]	late	22	81		26	48	boot,amul,circ		greater_m_mag% 30-30	greater_m_mag%: func1=1/stat1=greater_item_magicbonus/val1= | func2=1/stat2=item_greaterAffixMarker/val2= | tooltip=#% Better Chance of Getting Magic Items	of Luck	452	#% Better Chance of Getting Magic Items	53		41	480	mag% 36-50	exact base-name match
suffix	1150	of Greater Prosperity	Greater #% Better Chance of Getting Magic Items [early; marker=property]	early	22	50	65	64	4	jewl		greater_m_mag% 30-30	greater_m_mag%: func1=1/stat1=greater_item_magicbonus/val1= | func2=1/stat2=item_greaterAffixMarker/val2= | tooltip=#% Better Chance of Getting Magic Items	of Prosperity	456	#% Better Chance of Getting Magic Items	80		64	120	mag% 16-20	exact base-name match
suffix	1151	of Greater Prosperity	Greater #% Better Chance of Getting Magic Items [mid; marker=property]	mid	22	66	80	64	8	jewl		greater_m_mag% 30-30	greater_m_mag%: func1=1/stat1=greater_item_magicbonus/val1= | func2=1/stat2=item_greaterAffixMarker/val2= | tooltip=#% Better Chance of Getting Magic Items	of Prosperity	456	#% Better Chance of Getting Magic Items	80		64	120	mag% 16-20	exact base-name match
suffix	1152	of Greater Prosperity	Greater #% Better Chance of Getting Magic Items [late; marker=property]	late	22	81		64	12	jewl		greater_m_mag% 30-30	greater_m_mag%: func1=1/stat1=greater_item_magicbonus/val1= | func2=1/stat2=item_greaterAffixMarker/val2= | tooltip=#% Better Chance of Getting Magic Items	of Prosperity	456	#% Better Chance of Getting Magic Items	80		64	120	mag% 16-20	exact base-name match
suffix	1153	of Greater Fortune	Greater #% Better Chance of Getting Magic Items [early; marker=property]	early	22	50	65	16	16	boot,glov,amul,circ,ring		greater_m_mag% 30-30	greater_m_mag%: func1=1/stat1=greater_item_magicbonus/val1= | func2=1/stat2=item_greaterAffixMarker/val2= | tooltip=#% Better Chance of Getting Magic Items	of Fortune	448	#% Better Chance of Getting Magic Items	26		16	480	mag% 21-25	exact base-name match
suffix	1154	of Greater Fortune	Greater #% Better Chance of Getting Magic Items [mid; marker=property]	mid	22	66	80	16	32	boot,glov,amul,circ,ring		greater_m_mag% 30-30	greater_m_mag%: func1=1/stat1=greater_item_magicbonus/val1= | func2=1/stat2=item_greaterAffixMarker/val2= | tooltip=#% Better Chance of Getting Magic Items	of Fortune	448	#% Better Chance of Getting Magic Items	26		16	480	mag% 21-25	exact base-name match
suffix	1155	of Greater Fortune	Greater #% Better Chance of Getting Magic Items [late; marker=property]	late	22	81		16	48	boot,glov,amul,circ,ring		greater_m_mag% 30-30	greater_m_mag%: func1=1/stat1=greater_item_magicbonus/val1= | func2=1/stat2=item_greaterAffixMarker/val2= | tooltip=#% Better Chance of Getting Magic Items	of Fortune	448	#% Better Chance of Getting Magic Items	26		16	480	mag% 21-25	exact base-name match
suffix	1156	of Greater Enlightenment	Greater +# to Energy [early; marker=property]	early	23	50	65	28	12	amul,orb,circ,wand,staf		greater_m_enr 40-40	greater_m_enr: func1=1/stat1=greater_energy/val1= | func2=1/stat2=item_greaterAffixMarker/val2= | tooltip=+# to Energy	of Enlightenment	307	+# to Energy	41		28	360	enr 21-30	exact base-name match
suffix	1157	of Greater Enlightenment	Greater +# to Energy [mid; marker=property]	mid	23	66	80	28	24	amul,orb,circ,wand,staf		greater_m_enr 40-40	greater_m_enr: func1=1/stat1=greater_energy/val1= | func2=1/stat2=item_greaterAffixMarker/val2= | tooltip=+# to Energy	of Enlightenment	307	+# to Energy	41		28	360	enr 21-30	exact base-name match
suffix	1158	of Greater Enlightenment	Greater +# to Energy [late; marker=property]	late	23	81		28	36	amul,orb,circ,wand,staf		greater_m_enr 40-40	greater_m_enr: func1=1/stat1=greater_energy/val1= | func2=1/stat2=item_greaterAffixMarker/val2= | tooltip=+# to Energy	of Enlightenment	307	+# to Energy	41		28	360	enr 21-30	exact base-name match
suffix	1159	of Greater Knowledge	Greater +# to Energy [early; marker=property]	early	23	50	65	28	12	jewl		greater_m_enr 40-40	greater_m_enr: func1=1/stat1=greater_energy/val1= | func2=1/stat2=item_greaterAffixMarker/val2= | tooltip=+# to Energy	of Knowledge	322	+# to Energy	41		28	360	enr 7-9	exact base-name match
suffix	1160	of Greater Knowledge	Greater +# to Energy [mid; marker=property]	mid	23	66	80	28	24	jewl		greater_m_enr 40-40	greater_m_enr: func1=1/stat1=greater_energy/val1= | func2=1/stat2=item_greaterAffixMarker/val2= | tooltip=+# to Energy	of Knowledge	322	+# to Energy	41		28	360	enr 7-9	exact base-name match
suffix	1161	of Greater Knowledge	Greater +# to Energy [late; marker=property]	late	23	81		28	36	jewl		greater_m_enr 40-40	greater_m_enr: func1=1/stat1=greater_energy/val1= | func2=1/stat2=item_greaterAffixMarker/val2= | tooltip=+# to Energy	of Knowledge	322	+# to Energy	41		28	360	enr 7-9	exact base-name match
suffix	1162	of Greater Sorcery	Greater +# to Energy [early; marker=property]	early	23	50	65	18	12	helm,scep		greater_m_enr 40-40	greater_m_enr: func1=1/stat1=greater_energy/val1= | func2=1/stat2=item_greaterAffixMarker/val2= | tooltip=+# to Energy	of Sorcery	318	+# to Energy	26		18	360	enr 11-15	exact base-name match
suffix	1163	of Greater Sorcery	Greater +# to Energy [mid; marker=property]	mid	23	66	80	18	24	helm,scep		greater_m_enr 40-40	greater_m_enr: func1=1/stat1=greater_energy/val1= | func2=1/stat2=item_greaterAffixMarker/val2= | tooltip=+# to Energy	of Sorcery	318	+# to Energy	26		18	360	enr 11-15	exact base-name match
suffix	1164	of Greater Sorcery	Greater +# to Energy [late; marker=property]	late	23	81		18	36	helm,scep		greater_m_enr 40-40	greater_m_enr: func1=1/stat1=greater_energy/val1= | func2=1/stat2=item_greaterAffixMarker/val2= | tooltip=+# to Energy	of Sorcery	318	+# to Energy	26		18	360	enr 11-15	exact base-name match
suffix	1165	of Greater Wizardry	Greater +# to Energy [early; marker=property]	early	23	50	65	28	12	ring		greater_m_enr 40-40	greater_m_enr: func1=1/stat1=greater_energy/val1= | func2=1/stat2=item_greaterAffixMarker/val2= | tooltip=+# to Energy	of Wizardry	313	+# to Energy	41		28	360	enr 16-20	exact base-name match
suffix	1166	of Greater Wizardry	Greater +# to Energy [mid; marker=property]	mid	23	66	80	28	24	ring		greater_m_enr 40-40	greater_m_enr: func1=1/stat1=greater_energy/val1= | func2=1/stat2=item_greaterAffixMarker/val2= | tooltip=+# to Energy	of Wizardry	313	+# to Energy	41		28	360	enr 16-20	exact base-name match
suffix	1167	of Greater Wizardry	Greater +# to Energy [late; marker=property]	late	23	81		28	36	ring		greater_m_enr 40-40	greater_m_enr: func1=1/stat1=greater_energy/val1= | func2=1/stat2=item_greaterAffixMarker/val2= | tooltip=+# to Energy	of Wizardry	313	+# to Energy	41		28	360	enr 16-20	exact base-name match
suffix	1168	of the Greater Whale	Greater +# to Life [early; marker=property]	early	26	1	65	31	12	tors,belt,amul,phlm,circ		greater_m_hp 95-95	greater_m_hp: func1=1/stat1=greater_maxhp/val1= | func2=1/stat2=item_greaterAffixMarker/val2= | tooltip=+# to Life	of the Whale	358	+# to Life	50		31	360	hp 81-100	exact base-name match
suffix	1169	of the Greater Whale	Greater +# to Life [mid; marker=property]	mid	26	66	80	31	24	tors,belt,amul,phlm,circ		greater_m_hp 95-95	greater_m_hp: func1=1/stat1=greater_maxhp/val1= | func2=1/stat2=item_greaterAffixMarker/val2= | tooltip=+# to Life	of the Whale	358	+# to Life	50		31	360	hp 81-100	exact base-name match
suffix	1170	of the Greater Whale	Greater +# to Life [late; marker=property]	late	26	81		31	36	tors,belt,amul,phlm,circ		greater_m_hp 95-95	greater_m_hp: func1=1/stat1=greater_maxhp/val1= | func2=1/stat2=item_greaterAffixMarker/val2= | tooltip=+# to Life	of the Whale	358	+# to Life	50		31	360	hp 81-100	exact base-name match
suffix	1171	of the Greater Colosuss	Greater +# to Life [early; marker=property]	early	26	50	65	57	12	shld,pelt		greater_m_hp 95-95	greater_m_hp: func1=1/stat1=greater_maxhp/val1= | func2=1/stat2=item_greaterAffixMarker/val2= | tooltip=+# to Life	of the Colosuss	365	+# to Life	75		57	360	hp 41-60	exact base-name match
suffix	1172	of the Greater Colosuss	Greater +# to Life [mid; marker=property]	mid	26	66	80	57	24	shld,pelt		greater_m_hp 95-95	greater_m_hp: func1=1/stat1=greater_maxhp/val1= | func2=1/stat2=item_greaterAffixMarker/val2= | tooltip=+# to Life	of the Colosuss	365	+# to Life	75		57	360	hp 41-60	exact base-name match
suffix	1173	of the Greater Colosuss	Greater +# to Life [late; marker=property]	late	26	81		57	36	shld,pelt		greater_m_hp 95-95	greater_m_hp: func1=1/stat1=greater_maxhp/val1= | func2=1/stat2=item_greaterAffixMarker/val2= | tooltip=+# to Life	of the Colosuss	365	+# to Life	75		57	360	hp 41-60	exact base-name match
suffix	1174	of the Greater Mammoth	Greater +# to Life [early; marker=property]	early	26	50	65	51	12	club,hamm,mace,ring,helm		greater_m_hp 95-95	greater_m_hp: func1=1/stat1=greater_maxhp/val1= | func2=1/stat2=item_greaterAffixMarker/val2= | tooltip=+# to Life	of the Mammoth	371	+# to Life	68		51	360	hp 31-40	exact base-name match
suffix	1175	of the Greater Mammoth	Greater +# to Life [mid; marker=property]	mid	26	66	80	51	24	club,hamm,mace,ring,helm		greater_m_hp 95-95	greater_m_hp: func1=1/stat1=greater_maxhp/val1= | func2=1/stat2=item_greaterAffixMarker/val2= | tooltip=+# to Life	of the Mammoth	371	+# to Life	68		51	360	hp 31-40	exact base-name match
suffix	1176	of the Greater Mammoth	Greater +# to Life [late; marker=property]	late	26	81		51	36	club,hamm,mace,ring,helm		greater_m_hp 95-95	greater_m_hp: func1=1/stat1=greater_maxhp/val1= | func2=1/stat2=item_greaterAffixMarker/val2= | tooltip=+# to Life	of the Mammoth	371	+# to Life	68		51	360	hp 31-40	exact base-name match
suffix	1177	of Greater Hope	Greater +# to Life [early; marker=property]	early	26	50	65	31	16	jewl		greater_m_hp 95-95	greater_m_hp: func1=1/stat1=greater_maxhp/val1= | func2=1/stat2=item_greaterAffixMarker/val2= | tooltip=+# to Life	of Hope	374	+# to Life	45		31	480	hp 9-20	exact base-name match
suffix	1178	of Greater Hope	Greater +# to Life [mid; marker=property]	mid	26	66	80	31	32	jewl		greater_m_hp 95-95	greater_m_hp: func1=1/stat1=greater_maxhp/val1= | func2=1/stat2=item_greaterAffixMarker/val2= | tooltip=+# to Life	of Hope	374	+# to Life	45		31	480	hp 9-20	exact base-name match
suffix	1179	of Greater Hope	Greater +# to Life [late; marker=property]	late	26	81		31	48	jewl		greater_m_hp 95-95	greater_m_hp: func1=1/stat1=greater_maxhp/val1= | func2=1/stat2=item_greaterAffixMarker/val2= | tooltip=+# to Life	of Hope	374	+# to Life	45		31	480	hp 9-20	exact base-name match
suffix	1180	of Greater Vita	Greater +# to Life [early; marker=property]	early	26	50	65	75	2	lcha		greater_m_hp 95-95	greater_m_hp: func1=1/stat1=greater_maxhp/val1= | func2=1/stat2=item_greaterAffixMarker/val2= | tooltip=+# to Life	of Vita	845	+# to Life	88		75	60	hp 60-70	exact base-name match
suffix	1181	of Greater Vita	Greater +# to Life [mid; marker=property]	mid	26	66	80	75	4	lcha		greater_m_hp 95-95	greater_m_hp: func1=1/stat1=greater_maxhp/val1= | func2=1/stat2=item_greaterAffixMarker/val2= | tooltip=+# to Life	of Vita	845	+# to Life	88		75	60	hp 60-70	exact base-name match
suffix	1182	of Greater Vita	Greater +# to Life [late; marker=property]	late	26	81		75	6	lcha		greater_m_hp 95-95	greater_m_hp: func1=1/stat1=greater_maxhp/val1= | func2=1/stat2=item_greaterAffixMarker/val2= | tooltip=+# to Life	of Vita	845	+# to Life	88		75	60	hp 60-70	exact base-name match
suffix	1183	of the Greater Locust	Greater #% Life stolen per hit [early; marker=property]	early	27	50	65	13	28	weap	orb	greater_m_lifesteal 12-12	greater_m_lifesteal: func1=1/stat1=greater_lifedrainmindam/val1= | func2=1/stat2=item_greaterAffixMarker/val2= | tooltip=#% Life stolen per hit	of the Locust	127	#% Life stolen per hit	20		13	840	lifesteal 6-7	exact base-name match
suffix	1184	of the Greater Locust	Greater #% Life stolen per hit [mid; marker=property]	mid	27	66	80	13	56	weap	orb	greater_m_lifesteal 12-12	greater_m_lifesteal: func1=1/stat1=greater_lifedrainmindam/val1= | func2=1/stat2=item_greaterAffixMarker/val2= | tooltip=#% Life stolen per hit	of the Locust	127	#% Life stolen per hit	20		13	840	lifesteal 6-7	exact base-name match
suffix	1185	of the Greater Locust	Greater #% Life stolen per hit [late; marker=property]	late	27	81		13	84	weap	orb	greater_m_lifesteal 12-12	greater_m_lifesteal: func1=1/stat1=greater_lifedrainmindam/val1= | func2=1/stat2=item_greaterAffixMarker/val2= | tooltip=#% Life stolen per hit	of the Locust	127	#% Life stolen per hit	20		13	840	lifesteal 6-7	exact base-name match
suffix	1186	of the Greater Wraith	Greater #% Mana stolen per hit [early; marker=property]	early	28	50	65	14	28	weap		greater_m_manasteal 12-12	greater_m_manasteal: func1=1/stat1=greater_manadrainmindam/val1= | func2=1/stat2=item_greaterAffixMarker/val2= | tooltip=#% Mana stolen per hit	of the Wraith	142	#% Mana stolen per hit	21		14	840	manasteal 6-7	exact base-name match
suffix	1187	of the Greater Wraith	Greater #% Mana stolen per hit [mid; marker=property]	mid	28	66	80	14	56	weap		greater_m_manasteal 12-12	greater_m_manasteal: func1=1/stat1=greater_manadrainmindam/val1= | func2=1/stat2=item_greaterAffixMarker/val2= | tooltip=#% Mana stolen per hit	of the Wraith	142	#% Mana stolen per hit	21		14	840	manasteal 6-7	exact base-name match
suffix	1188	of the Greater Wraith	Greater #% Mana stolen per hit [late; marker=property]	late	28	81		14	84	weap		greater_m_manasteal 12-12	greater_m_manasteal: func1=1/stat1=greater_manadrainmindam/val1= | func2=1/stat2=item_greaterAffixMarker/val2= | tooltip=#% Mana stolen per hit	of the Wraith	142	#% Mana stolen per hit	21		14	840	manasteal 6-7	exact base-name match
suffix	1189	of the Greater Lamprey	Greater #% Life stolen per hit [early; marker=property]	early	27	50	65	37	28	mele	orb	greater_m_lifesteal 12-12	greater_m_lifesteal: func1=1/stat1=greater_lifedrainmindam/val1= | func2=1/stat2=item_greaterAffixMarker/val2= | tooltip=#% Life stolen per hit	of the Lamprey	129	#% Life stolen per hit	55		37	840	lifesteal 8-9	exact base-name match
suffix	1190	of the Greater Lamprey	Greater #% Life stolen per hit [mid; marker=property]	mid	27	66	80	37	56	mele	orb	greater_m_lifesteal 12-12	greater_m_lifesteal: func1=1/stat1=greater_lifedrainmindam/val1= | func2=1/stat2=item_greaterAffixMarker/val2= | tooltip=#% Life stolen per hit	of the Lamprey	129	#% Life stolen per hit	55		37	840	lifesteal 8-9	exact base-name match
suffix	1191	of the Greater Lamprey	Greater #% Life stolen per hit [late; marker=property]	late	27	81		37	84	mele	orb	greater_m_lifesteal 12-12	greater_m_lifesteal: func1=1/stat1=greater_lifedrainmindam/val1= | func2=1/stat2=item_greaterAffixMarker/val2= | tooltip=#% Life stolen per hit	of the Lamprey	129	#% Life stolen per hit	55		37	840	lifesteal 8-9	exact base-name match
suffix	1192	of the Greater Vampire	Greater #% Mana stolen per hit [early; marker=property]	early	28	50	65	41	28	mele		greater_m_manasteal 12-12	greater_m_manasteal: func1=1/stat1=greater_manadrainmindam/val1= | func2=1/stat2=item_greaterAffixMarker/val2= | tooltip=#% Mana stolen per hit	of the Vampire	144	#% Mana stolen per hit	56		41	840	manasteal 8-9	exact base-name match
suffix	1193	of the Greater Vampire	Greater #% Mana stolen per hit [mid; marker=property]	mid	28	66	80	41	56	mele		greater_m_manasteal 12-12	greater_m_manasteal: func1=1/stat1=greater_manadrainmindam/val1= | func2=1/stat2=item_greaterAffixMarker/val2= | tooltip=#% Mana stolen per hit	of the Vampire	144	#% Mana stolen per hit	56		41	840	manasteal 8-9	exact base-name match
suffix	1194	of the Greater Vampire	Greater #% Mana stolen per hit [late; marker=property]	late	28	81		41	84	mele		greater_m_manasteal 12-12	greater_m_manasteal: func1=1/stat1=greater_manadrainmindam/val1= | func2=1/stat2=item_greaterAffixMarker/val2= | tooltip=#% Mana stolen per hit	of the Vampire	144	#% Mana stolen per hit	56		41	840	manasteal 8-9	exact base-name match
suffix	1195	of the Greater Lamprey	Greater #% Life stolen per hit [early; marker=property]	early	27	50	65	62	8	amul		greater_m_lifesteal 12-12	greater_m_lifesteal: func1=1/stat1=greater_lifedrainmindam/val1= | func2=1/stat2=item_greaterAffixMarker/val2= | tooltip=#% Life stolen per hit	of the Lamprey	139	#% Life stolen per hit	85		62	240	lifesteal 6-6	exact base-name match
suffix	1196	of the Greater Lamprey	Greater #% Life stolen per hit [mid; marker=property]	mid	27	66	80	62	16	amul		greater_m_lifesteal 12-12	greater_m_lifesteal: func1=1/stat1=greater_lifedrainmindam/val1= | func2=1/stat2=item_greaterAffixMarker/val2= | tooltip=#% Life stolen per hit	of the Lamprey	139	#% Life stolen per hit	85		62	240	lifesteal 6-6	exact base-name match
suffix	1197	of the Greater Lamprey	Greater #% Life stolen per hit [late; marker=property]	late	27	81		62	24	amul		greater_m_lifesteal 12-12	greater_m_lifesteal: func1=1/stat1=greater_lifedrainmindam/val1= | func2=1/stat2=item_greaterAffixMarker/val2= | tooltip=#% Life stolen per hit	of the Lamprey	139	#% Life stolen per hit	85		62	240	lifesteal 6-6	exact base-name match
suffix	1198	of the Greater Vampire	Greater #% Mana stolen per hit [early; marker=property]	early	28	50	65	56	16	amul,circ		greater_m_manasteal 12-12	greater_m_manasteal: func1=1/stat1=greater_manadrainmindam/val1= | func2=1/stat2=item_greaterAffixMarker/val2= | tooltip=#% Mana stolen per hit	of the Vampire	148	#% Mana stolen per hit	78		56	480	manasteal 7-8	exact base-name match
suffix	1199	of the Greater Vampire	Greater #% Mana stolen per hit [mid; marker=property]	mid	28	66	80	56	32	amul,circ		greater_m_manasteal 12-12	greater_m_manasteal: func1=1/stat1=greater_manadrainmindam/val1= | func2=1/stat2=item_greaterAffixMarker/val2= | tooltip=#% Mana stolen per hit	of the Vampire	148	#% Mana stolen per hit	78		56	480	manasteal 7-8	exact base-name match
suffix	1200	of the Greater Vampire	Greater #% Mana stolen per hit [late; marker=property]	late	28	81		56	48	amul,circ		greater_m_manasteal 12-12	greater_m_manasteal: func1=1/stat1=greater_manadrainmindam/val1= | func2=1/stat2=item_greaterAffixMarker/val2= | tooltip=#% Mana stolen per hit	of the Vampire	148	#% Mana stolen per hit	78		56	480	manasteal 7-8	exact base-name match
suffix	1201	of the Greater Lamprey	Greater #% Life stolen per hit [early; marker=property]	early	27	50	65	55	16	ring,circ		greater_m_lifesteal 12-12	greater_m_lifesteal: func1=1/stat1=greater_lifedrainmindam/val1= | func2=1/stat2=item_greaterAffixMarker/val2= | tooltip=#% Life stolen per hit	of the Lamprey	133	#% Life stolen per hit	77		55	480	lifesteal 7-8	exact base-name match
suffix	1202	of the Greater Lamprey	Greater #% Life stolen per hit [mid; marker=property]	mid	27	66	80	55	32	ring,circ		greater_m_lifesteal 12-12	greater_m_lifesteal: func1=1/stat1=greater_lifedrainmindam/val1= | func2=1/stat2=item_greaterAffixMarker/val2= | tooltip=#% Life stolen per hit	of the Lamprey	133	#% Life stolen per hit	77		55	480	lifesteal 7-8	exact base-name match
suffix	1203	of the Greater Lamprey	Greater #% Life stolen per hit [late; marker=property]	late	27	81		55	48	ring,circ		greater_m_lifesteal 12-12	greater_m_lifesteal: func1=1/stat1=greater_lifedrainmindam/val1= | func2=1/stat2=item_greaterAffixMarker/val2= | tooltip=#% Life stolen per hit	of the Lamprey	133	#% Life stolen per hit	77		55	480	lifesteal 7-8	exact base-name match
suffix	1204	of the Greater Leech	Greater #% Life stolen per hit [early; marker=property]	early	27	50	65	22	16	glov		greater_m_lifesteal 12-12	greater_m_lifesteal: func1=1/stat1=greater_lifedrainmindam/val1= | func2=1/stat2=item_greaterAffixMarker/val2= | tooltip=#% Life stolen per hit	of the Leech	135	#% Life stolen per hit	34		22	480	lifesteal 3-3	exact base-name match
suffix	1205	of the Greater Leech	Greater #% Life stolen per hit [mid; marker=property]	mid	27	66	80	22	32	glov		greater_m_lifesteal 12-12	greater_m_lifesteal: func1=1/stat1=greater_lifedrainmindam/val1= | func2=1/stat2=item_greaterAffixMarker/val2= | tooltip=#% Life stolen per hit	of the Leech	135	#% Life stolen per hit	34		22	480	lifesteal 3-3	exact base-name match
suffix	1206	of the Greater Leech	Greater #% Life stolen per hit [late; marker=property]	late	27	81		22	48	glov		greater_m_lifesteal 12-12	greater_m_lifesteal: func1=1/stat1=greater_lifedrainmindam/val1= | func2=1/stat2=item_greaterAffixMarker/val2= | tooltip=#% Life stolen per hit	of the Leech	135	#% Life stolen per hit	34		22	480	lifesteal 3-3	exact base-name match
suffix	1207	of the Greater Bat	Greater #% Mana stolen per hit [early; marker=property]	early	28	50	65	23	16	glov		greater_m_manasteal 12-12	greater_m_manasteal: func1=1/stat1=greater_manadrainmindam/val1= | func2=1/stat2=item_greaterAffixMarker/val2= | tooltip=#% Mana stolen per hit	of the Bat	150	#% Mana stolen per hit	35		23	480	manasteal 3-3	exact base-name match
suffix	1208	of the Greater Bat	Greater #% Mana stolen per hit [mid; marker=property]	mid	28	66	80	23	32	glov		greater_m_manasteal 12-12	greater_m_manasteal: func1=1/stat1=greater_manadrainmindam/val1= | func2=1/stat2=item_greaterAffixMarker/val2= | tooltip=#% Mana stolen per hit	of the Bat	150	#% Mana stolen per hit	35		23	480	manasteal 3-3	exact base-name match
suffix	1209	of the Greater Bat	Greater #% Mana stolen per hit [late; marker=property]	late	28	81		23	48	glov		greater_m_manasteal 12-12	greater_m_manasteal: func1=1/stat1=greater_manadrainmindam/val1= | func2=1/stat2=item_greaterAffixMarker/val2= | tooltip=#% Mana stolen per hit	of the Bat	150	#% Mana stolen per hit	35		23	480	manasteal 3-3	exact base-name match
suffix	1210	of the Greater Vampire	Greater #% Mana stolen per hit [early; marker=property]	early	28	50	65	63	8	ring		greater_m_manasteal 12-12	greater_m_manasteal: func1=1/stat1=greater_manadrainmindam/val1= | func2=1/stat2=item_greaterAffixMarker/val2= | tooltip=#% Mana stolen per hit	of the Vampire	154	#% Mana stolen per hit	86		63	240	manasteal 6-8	exact base-name match
suffix	1211	of the Greater Vampire	Greater #% Mana stolen per hit [mid; marker=property]	mid	28	66	80	63	16	ring		greater_m_manasteal 12-12	greater_m_manasteal: func1=1/stat1=greater_manadrainmindam/val1= | func2=1/stat2=item_greaterAffixMarker/val2= | tooltip=#% Mana stolen per hit	of the Vampire	154	#% Mana stolen per hit	86		63	240	manasteal 6-8	exact base-name match
suffix	1212	of the Greater Vampire	Greater #% Mana stolen per hit [late; marker=property]	late	28	81		63	24	ring		greater_m_manasteal 12-12	greater_m_manasteal: func1=1/stat1=greater_manadrainmindam/val1= | func2=1/stat2=item_greaterAffixMarker/val2= | tooltip=#% Mana stolen per hit	of the Vampire	154	#% Mana stolen per hit	86		63	240	manasteal 6-8	exact base-name match
suffix	1213	of the Greater Giant	Greater +# to Strength [early; marker=property]	early	31	50	65	43	12	mele,glov	blun	greater_m_str 30-30	greater_m_str: func1=1/stat1=greater_strength/val1= | func2=1/stat2=item_greaterAffixMarker/val2= | tooltip=+# to Strength	of the Giant	294	+# to Strength	59		43	360	str 10-15	exact base-name match
suffix	1214	of the Greater Giant	Greater +# to Strength [mid; marker=property]	mid	31	66	80	43	24	mele,glov	blun	greater_m_str 30-30	greater_m_str: func1=1/stat1=greater_strength/val1= | func2=1/stat2=item_greaterAffixMarker/val2= | tooltip=+# to Strength	of the Giant	294	+# to Strength	59		43	360	str 10-15	exact base-name match
suffix	1215	of the Greater Giant	Greater +# to Strength [late; marker=property]	late	31	81		43	36	mele,glov	blun	greater_m_str 30-30	greater_m_str: func1=1/stat1=greater_strength/val1= | func2=1/stat2=item_greaterAffixMarker/val2= | tooltip=+# to Strength	of the Giant	294	+# to Strength	59		43	360	str 10-15	exact base-name match
suffix	1216	of Greater Atlus	Greater +# to Strength [early; marker=property]	early	31	50	65	54	12	amul,belt,club,hamm,circ		greater_m_str 30-30	greater_m_str: func1=1/stat1=greater_strength/val1= | func2=1/stat2=item_greaterAffixMarker/val2= | tooltip=+# to Strength	of Atlus	282	+# to Strength	71		54	360	str 21-30	exact base-name match
suffix	1217	of Greater Atlus	Greater +# to Strength [mid; marker=property]	mid	31	66	80	54	24	amul,belt,club,hamm,circ		greater_m_str 30-30	greater_m_str: func1=1/stat1=greater_strength/val1= | func2=1/stat2=item_greaterAffixMarker/val2= | tooltip=+# to Strength	of Atlus	282	+# to Strength	71		54	360	str 21-30	exact base-name match
suffix	1218	of Greater Atlus	Greater +# to Strength [late; marker=property]	late	31	81		54	36	amul,belt,club,hamm,circ		greater_m_str 30-30	greater_m_str: func1=1/stat1=greater_strength/val1= | func2=1/stat2=item_greaterAffixMarker/val2= | tooltip=+# to Strength	of Atlus	282	+# to Strength	71		54	360	str 21-30	exact base-name match
suffix	1219	of the Greater Ox	Greater +# to Strength [early; marker=property]	early	31	50	65	31	12	mele,glov,shld	blun	greater_m_str 30-30	greater_m_str: func1=1/stat1=greater_strength/val1= | func2=1/stat2=item_greaterAffixMarker/val2= | tooltip=+# to Strength	of the Ox	292	+# to Strength	45		31	360	str 6-9	exact base-name match
suffix	1220	of the Greater Ox	Greater +# to Strength [mid; marker=property]	mid	31	66	80	31	24	mele,glov,shld	blun	greater_m_str 30-30	greater_m_str: func1=1/stat1=greater_strength/val1= | func2=1/stat2=item_greaterAffixMarker/val2= | tooltip=+# to Strength	of the Ox	292	+# to Strength	45		31	360	str 6-9	exact base-name match
suffix	1221	of the Greater Ox	Greater +# to Strength [late; marker=property]	late	31	81		31	36	mele,glov,shld	blun	greater_m_str 30-30	greater_m_str: func1=1/stat1=greater_strength/val1= | func2=1/stat2=item_greaterAffixMarker/val2= | tooltip=+# to Strength	of the Ox	292	+# to Strength	45		31	360	str 6-9	exact base-name match
suffix	1222	of Greater Virility	Greater +# to Strength [early; marker=property]	early	31	50	65	36	16	jewl		greater_m_str 30-30	greater_m_str: func1=1/stat1=greater_strength/val1= | func2=1/stat2=item_greaterAffixMarker/val2= | tooltip=+# to Strength	of Virility	298	+# to Strength	50		36	480	str 7-9	exact base-name match
suffix	1223	of Greater Virility	Greater +# to Strength [mid; marker=property]	mid	31	66	80	36	32	jewl		greater_m_str 30-30	greater_m_str: func1=1/stat1=greater_strength/val1= | func2=1/stat2=item_greaterAffixMarker/val2= | tooltip=+# to Strength	of Virility	298	+# to Strength	50		36	480	str 7-9	exact base-name match
suffix	1224	of Greater Virility	Greater +# to Strength [late; marker=property]	late	31	81		36	48	jewl		greater_m_str 30-30	greater_m_str: func1=1/stat1=greater_strength/val1= | func2=1/stat2=item_greaterAffixMarker/val2= | tooltip=+# to Strength	of Virility	298	+# to Strength	50		36	480	str 7-9	exact base-name match
suffix	1225	of the Greater Titan	Greater +# to Strength [early; marker=property]	early	31	50	65	56	12	ring,scep,mace,tors		greater_m_str 30-30	greater_m_str: func1=1/stat1=greater_strength/val1= | func2=1/stat2=item_greaterAffixMarker/val2= | tooltip=+# to Strength	of the Titan	288	+# to Strength	74		56	360	str 16-20	exact base-name match
suffix	1226	of the Greater Titan	Greater +# to Strength [mid; marker=property]	mid	31	66	80	56	24	ring,scep,mace,tors		greater_m_str 30-30	greater_m_str: func1=1/stat1=greater_strength/val1= | func2=1/stat2=item_greaterAffixMarker/val2= | tooltip=+# to Strength	of the Titan	288	+# to Strength	74		56	360	str 16-20	exact base-name match
suffix	1227	of the Greater Titan	Greater +# to Strength [late; marker=property]	late	31	81		56	36	ring,scep,mace,tors		greater_m_str 30-30	greater_m_str: func1=1/stat1=greater_strength/val1= | func2=1/stat2=item_greaterAffixMarker/val2= | tooltip=+# to Strength	of the Titan	288	+# to Strength	74		56	360	str 16-20	exact base-name match
suffix	1228	of Greater Energy	Greater +# to Energy [early; marker=property]	early	31	50	65	52	1	lcha		greater_m_enr 30-30	greater_m_enr: func1=1/stat1=greater_energy/val1= | func2=1/stat2=item_greaterAffixMarker/val2= | tooltip=+# to Energy	of Energy	857	+# to Energy	61		52	40	enr 5-8	exact base-name match
suffix	1229	of Greater Energy	Greater +# to Energy [mid; marker=property]	mid	31	66	80	52	3	lcha		greater_m_enr 30-30	greater_m_enr: func1=1/stat1=greater_energy/val1= | func2=1/stat2=item_greaterAffixMarker/val2= | tooltip=+# to Energy	of Energy	857	+# to Energy	61		52	40	enr 5-8	exact base-name match
suffix	1230	of Greater Energy	Greater +# to Energy [late; marker=property]	late	31	81		52	4	lcha		greater_m_enr 30-30	greater_m_enr: func1=1/stat1=greater_energy/val1= | func2=1/stat2=item_greaterAffixMarker/val2= | tooltip=+# to Energy	of Energy	857	+# to Energy	61		52	40	enr 5-8	exact base-name match
suffix	1231	of Greater Traveling	Greater +#% Faster Run/Walk [early; marker=property]	early	35	50	65	48	16	boot		greater_m_move3 15-15; greater_stamdrain 117-117	greater_m_move3: func1=8/stat1=greater_item_fastermovevelocity/val1= | func2=1/stat2=item_greaterAffixMarker/val2= | tooltip=+#% Faster Run/Walk; greater_stamdrain: func1=1/stat1=item_staminadrainpct/val1= | tooltip=#% Slower Stamina Drain	of Traveling	405	+#% Faster Run/Walk	65		48	480	move3 30-30; stamdrain 80-90	exact base-name match
suffix	1232	of Greater Traveling	Greater +#% Faster Run/Walk [mid; marker=property]	mid	35	66	80	48	32	boot		greater_m_move3 15-15; greater_stamdrain 117-117	greater_m_move3: func1=8/stat1=greater_item_fastermovevelocity/val1= | func2=1/stat2=item_greaterAffixMarker/val2= | tooltip=+#% Faster Run/Walk; greater_stamdrain: func1=1/stat1=item_staminadrainpct/val1= | tooltip=#% Slower Stamina Drain	of Traveling	405	+#% Faster Run/Walk	65		48	480	move3 30-30; stamdrain 80-90	exact base-name match
suffix	1233	of Greater Traveling	Greater +#% Faster Run/Walk [late; marker=property]	late	35	81		48	48	boot		greater_m_move3 15-15; greater_stamdrain 117-117	greater_m_move3: func1=8/stat1=greater_item_fastermovevelocity/val1= | func2=1/stat2=item_greaterAffixMarker/val2= | tooltip=+#% Faster Run/Walk; greater_stamdrain: func1=1/stat1=item_staminadrainpct/val1= | tooltip=#% Slower Stamina Drain	of Traveling	405	+#% Faster Run/Walk	65		48	480	move3 30-30; stamdrain 80-90	exact base-name match
suffix	1234	of Greater Speed	Greater +#% Faster Run/Walk [early; marker=property]	early	35	50	65	25	16	boot,circ		greater_m_move3 15-15	greater_m_move3: func1=8/stat1=greater_item_fastermovevelocity/val1= | func2=1/stat2=item_greaterAffixMarker/val2= | tooltip=+#% Faster Run/Walk	of Speed	403	+#% Faster Run/Walk	37		25	480	move3 30-30	exact base-name match
suffix	1235	of Greater Speed	Greater +#% Faster Run/Walk [mid; marker=property]	mid	35	66	80	25	32	boot,circ		greater_m_move3 15-15	greater_m_move3: func1=8/stat1=greater_item_fastermovevelocity/val1= | func2=1/stat2=item_greaterAffixMarker/val2= | tooltip=+#% Faster Run/Walk	of Speed	403	+#% Faster Run/Walk	37		25	480	move3 30-30	exact base-name match
suffix	1236	of Greater Speed	Greater +#% Faster Run/Walk [late; marker=property]	late	35	81		25	48	boot,circ		greater_m_move3 15-15	greater_m_move3: func1=8/stat1=greater_item_fastermovevelocity/val1= | func2=1/stat2=item_greaterAffixMarker/val2= | tooltip=+#% Faster Run/Walk	of Speed	403	+#% Faster Run/Walk	37		25	480	move3 30-30	exact base-name match
suffix	1237	of Greater Inertia	Greater +#% Faster Run/Walk [early; marker=property]	early	35	50	65	69	2	lcha		greater_m_move3 15-15	greater_m_move3: func1=8/stat1=greater_item_fastermovevelocity/val1= | func2=1/stat2=item_greaterAffixMarker/val2= | tooltip=+#% Faster Run/Walk	of Inertia	859	+#% Faster Run/Walk	81		69	60	move3 10-10	exact base-name match
suffix	1238	of Greater Inertia	Greater +#% Faster Run/Walk [mid; marker=property]	mid	35	66	80	69	4	lcha		greater_m_move3 15-15	greater_m_move3: func1=8/stat1=greater_item_fastermovevelocity/val1= | func2=1/stat2=item_greaterAffixMarker/val2= | tooltip=+#% Faster Run/Walk	of Inertia	859	+#% Faster Run/Walk	81		69	60	move3 10-10	exact base-name match
suffix	1239	of Greater Inertia	Greater +#% Faster Run/Walk [late; marker=property]	late	35	81		69	6	lcha		greater_m_move3 15-15	greater_m_move3: func1=8/stat1=greater_item_fastermovevelocity/val1= | func2=1/stat2=item_greaterAffixMarker/val2= | tooltip=+#% Faster Run/Walk	of Inertia	859	+#% Faster Run/Walk	81		69	60	move3 10-10	exact base-name match
suffix	1240	of the Greater Elephant	Greater +# to Life (Based on Character Level) & +# to Mana (Based on Character Level) [early; marker=property]	early	41	50	65	49	8	ring,amul		greater_m_hp/lvl(param=6); greater_mana/lvl(param=3)	greater_m_hp/lvl: func1=17/stat1=greater_item_hp_perlevel/val1= | func2=1/stat2=item_greaterAffixMarker/val2= | tooltip=+# to Life (Based on Character Level); greater_mana/lvl: func1=17/stat1=greater_item_mana_perlevel/val1= | tooltip=+# to Mana (Based on Character Level)	of the Elephant	376	+# to Life (Based on Character Level) & +# to Mana (Based on Character Level)	66		49	240	hp/lvl(param=4); mana/lvl(param=2)	exact base-name match
suffix	1241	of the Greater Elephant	Greater +# to Life (Based on Character Level) & +# to Mana (Based on Character Level) [mid; marker=property]	mid	41	66	80	49	16	ring,amul		greater_m_hp/lvl(param=6); greater_mana/lvl(param=3)	greater_m_hp/lvl: func1=17/stat1=greater_item_hp_perlevel/val1= | func2=1/stat2=item_greaterAffixMarker/val2= | tooltip=+# to Life (Based on Character Level); greater_mana/lvl: func1=17/stat1=greater_item_mana_perlevel/val1= | tooltip=+# to Mana (Based on Character Level)	of the Elephant	376	+# to Life (Based on Character Level) & +# to Mana (Based on Character Level)	66		49	240	hp/lvl(param=4); mana/lvl(param=2)	exact base-name match
suffix	1242	of the Greater Elephant	Greater +# to Life (Based on Character Level) & +# to Mana (Based on Character Level) [late; marker=property]	late	41	81		49	24	ring,amul		greater_m_hp/lvl(param=6); greater_mana/lvl(param=3)	greater_m_hp/lvl: func1=17/stat1=greater_item_hp_perlevel/val1= | func2=1/stat2=item_greaterAffixMarker/val2= | tooltip=+# to Life (Based on Character Level); greater_mana/lvl: func1=17/stat1=greater_item_mana_perlevel/val1= | tooltip=+# to Mana (Based on Character Level)	of the Elephant	376	+# to Life (Based on Character Level) & +# to Mana (Based on Character Level)	66		49	240	hp/lvl(param=4); mana/lvl(param=2)	exact base-name match
suffix	1243	of the Greater Elephant	Greater +# to Life (Based on Character Level) & +# to Mana (Based on Character Level) [early; marker=property]	early	41	50	65	6	8	circ,pelt		greater_m_hp/lvl(param=6); greater_mana/lvl(param=3)	greater_m_hp/lvl: func1=17/stat1=greater_item_hp_perlevel/val1= | func2=1/stat2=item_greaterAffixMarker/val2= | tooltip=+# to Life (Based on Character Level); greater_mana/lvl: func1=17/stat1=greater_item_mana_perlevel/val1= | tooltip=+# to Mana (Based on Character Level)	of the Elephant	378	+# to Life (Based on Character Level) & +# to Mana (Based on Character Level)	37		6	240	hp/lvl(param=4); mana/lvl(param=2)	exact base-name match
suffix	1244	of the Greater Elephant	Greater +# to Life (Based on Character Level) & +# to Mana (Based on Character Level) [mid; marker=property]	mid	41	66	80	6	16	circ,pelt		greater_m_hp/lvl(param=6); greater_mana/lvl(param=3)	greater_m_hp/lvl: func1=17/stat1=greater_item_hp_perlevel/val1= | func2=1/stat2=item_greaterAffixMarker/val2= | tooltip=+# to Life (Based on Character Level); greater_mana/lvl: func1=17/stat1=greater_item_mana_perlevel/val1= | tooltip=+# to Mana (Based on Character Level)	of the Elephant	378	+# to Life (Based on Character Level) & +# to Mana (Based on Character Level)	37		6	240	hp/lvl(param=4); mana/lvl(param=2)	exact base-name match
suffix	1245	of the Greater Elephant	Greater +# to Life (Based on Character Level) & +# to Mana (Based on Character Level) [late; marker=property]	late	41	81		6	24	circ,pelt		greater_m_hp/lvl(param=6); greater_mana/lvl(param=3)	greater_m_hp/lvl: func1=17/stat1=greater_item_hp_perlevel/val1= | func2=1/stat2=item_greaterAffixMarker/val2= | tooltip=+# to Life (Based on Character Level); greater_mana/lvl: func1=17/stat1=greater_item_mana_perlevel/val1= | tooltip=+# to Mana (Based on Character Level)	of the Elephant	378	+# to Life (Based on Character Level) & +# to Mana (Based on Character Level)	37		6	240	hp/lvl(param=4); mana/lvl(param=2)	exact base-name match
suffix	1246	of the Greater Kraken	Greater +# to Life (Based on Character Level) [early; marker=property]	early	41	50	65	1	4	tors,amul,pelt,phlm		greater_m_hp/lvl(param=6)	greater_m_hp/lvl: func1=17/stat1=greater_item_hp_perlevel/val1= | func2=1/stat2=item_greaterAffixMarker/val2= | tooltip=+# to Life (Based on Character Level)	of the Kraken	380	+# to Life (Based on Character Level)	20		1	120	hp/lvl(param=6)	exact base-name match
suffix	1247	of the Greater Kraken	Greater +# to Life (Based on Character Level) [mid; marker=property]	mid	41	66	80	1	8	tors,amul,pelt,phlm		greater_m_hp/lvl(param=6)	greater_m_hp/lvl: func1=17/stat1=greater_item_hp_perlevel/val1= | func2=1/stat2=item_greaterAffixMarker/val2= | tooltip=+# to Life (Based on Character Level)	of the Kraken	380	+# to Life (Based on Character Level)	20		1	120	hp/lvl(param=6)	exact base-name match
suffix	1248	of the Greater Kraken	Greater +# to Life (Based on Character Level) [late; marker=property]	late	41	81		1	12	tors,amul,pelt,phlm		greater_m_hp/lvl(param=6)	greater_m_hp/lvl: func1=17/stat1=greater_item_hp_perlevel/val1= | func2=1/stat2=item_greaterAffixMarker/val2= | tooltip=+# to Life (Based on Character Level)	of the Kraken	380	+# to Life (Based on Character Level)	20		1	120	hp/lvl(param=6)	exact base-name match
suffix	1249	of Greater Agility2	Greater +%# to Dexterity [early; marker=property]	early	42	50	65	64	4	weap,boot		greater_m_dex% 39-39	greater_m_dex%: func1=1/stat1=item_dexterity_percent/val1= | func2=1/stat2=item_greaterAffixMarker/val2=	of Agility2	332	+%# to Dexterity	75		64	120	dex% 21-30	exact base-name match
suffix	1250	of Greater Agility2	Greater +%# to Dexterity [mid; marker=property]	mid	42	66	80	64	8	weap,boot		greater_m_dex% 39-39	greater_m_dex%: func1=1/stat1=item_dexterity_percent/val1= | func2=1/stat2=item_greaterAffixMarker/val2=	of Agility2	332	+%# to Dexterity	75		64	120	dex% 21-30	exact base-name match
suffix	1251	of Greater Agility2	Greater +%# to Dexterity [late; marker=property]	late	42	81		64	12	weap,boot		greater_m_dex% 39-39	greater_m_dex%: func1=1/stat1=item_dexterity_percent/val1= | func2=1/stat2=item_greaterAffixMarker/val2=	of Agility2	332	+%# to Dexterity	75		64	120	dex% 21-30	exact base-name match
suffix	1252	of Greater Power2	Greater +%# to Strength [early; marker=property]	early	42	50	65	64	4	weap,glov		greater_m_str% 39-39	greater_m_str%: func1=1/stat1=item_strength_percent/val1= | func2=1/stat2=item_greaterAffixMarker/val2=	of Power2	336	+%# to Strength	75		64	120	str% 21-30	exact base-name match
suffix	1253	of Greater Power2	Greater +%# to Strength [mid; marker=property]	mid	42	66	80	64	8	weap,glov		greater_m_str% 39-39	greater_m_str%: func1=1/stat1=item_strength_percent/val1= | func2=1/stat2=item_greaterAffixMarker/val2=	of Power2	336	+%# to Strength	75		64	120	str% 21-30	exact base-name match
suffix	1254	of Greater Power2	Greater +%# to Strength [late; marker=property]	late	42	81		64	12	weap,glov		greater_m_str% 39-39	greater_m_str%: func1=1/stat1=item_strength_percent/val1= | func2=1/stat2=item_greaterAffixMarker/val2=	of Power2	336	+%# to Strength	75		64	120	str% 21-30	exact base-name match
suffix	1255	of Greater Endurance2	Greater +%# to Vitality [early; marker=property]	early	42	50	65	64	4	weap,glov		greater_m_vit% 39-39	greater_m_vit%: func1=1/stat1=item_vitality_percent/val1= | func2=1/stat2=item_greaterAffixMarker/val2=	of Endurance2	340	+%# to Vitality	75		64	120	vit% 21-30	exact base-name match
suffix	1256	of Greater Endurance2	Greater +%# to Vitality [mid; marker=property]	mid	42	66	80	64	8	weap,glov		greater_m_vit% 39-39	greater_m_vit%: func1=1/stat1=item_vitality_percent/val1= | func2=1/stat2=item_greaterAffixMarker/val2=	of Endurance2	340	+%# to Vitality	75		64	120	vit% 21-30	exact base-name match
suffix	1257	of Greater Endurance2	Greater +%# to Vitality [late; marker=property]	late	42	81		64	12	weap,glov		greater_m_vit% 39-39	greater_m_vit%: func1=1/stat1=item_vitality_percent/val1= | func2=1/stat2=item_greaterAffixMarker/val2=	of Endurance2	340	+%# to Vitality	75		64	120	vit% 21-30	exact base-name match
suffix	1258	of Greater Spirit2	Greater +%# to Energy [early; marker=property]	early	42	50	65	64	4	weap,glov		greater_m_enr% 39-39	greater_m_enr%: func1=1/stat1=item_energy_percent/val1= | func2=1/stat2=item_greaterAffixMarker/val2=	of Spirit2	344	+%# to Energy	75		64	120	enr% 21-30	exact base-name match
suffix	1259	of Greater Spirit2	Greater +%# to Energy [mid; marker=property]	mid	42	66	80	64	8	weap,glov		greater_m_enr% 39-39	greater_m_enr%: func1=1/stat1=item_energy_percent/val1= | func2=1/stat2=item_greaterAffixMarker/val2=	of Spirit2	344	+%# to Energy	75		64	120	enr% 21-30	exact base-name match
suffix	1260	of Greater Spirit2	Greater +%# to Energy [late; marker=property]	late	42	81		64	12	weap,glov		greater_m_enr% 39-39	greater_m_enr%: func1=1/stat1=item_energy_percent/val1= | func2=1/stat2=item_greaterAffixMarker/val2=	of Spirit2	344	+%# to Energy	75		64	120	enr% 21-30	exact base-name match
suffix	1261	of the Greater Zodiac	Greater +# to all Attributes [early; marker=property]	early	42	50	65	71	4	amul,ring,circ,orb,staf,wand		greater_m_all-stats 45-45	greater_m_all-stats: func1=1/stat1=greater_strength/val1= | func2=3/stat2=greater_energy/val2= | func3=3/stat3=greater_dexterity/val3= | func4=3/stat4=vitality/val4= | func5=1/stat5=item_greaterAffixMarker/val5= | tooltip=+# to all Attributes	of the Zodiac	349	+# to all Attributes	86		71	120	all-stats 21-30	exact base-name match
suffix	1262	of the Greater Zodiac	Greater +# to all Attributes [mid; marker=property]	mid	42	66	80	71	8	amul,ring,circ,orb,staf,wand		greater_m_all-stats 45-45	greater_m_all-stats: func1=1/stat1=greater_strength/val1= | func2=3/stat2=greater_energy/val2= | func3=3/stat3=greater_dexterity/val3= | func4=3/stat4=vitality/val4= | func5=1/stat5=item_greaterAffixMarker/val5= | tooltip=+# to all Attributes	of the Zodiac	349	+# to all Attributes	86		71	120	all-stats 21-30	exact base-name match
suffix	1263	of the Greater Zodiac	Greater +# to all Attributes [late; marker=property]	late	42	81		71	12	amul,ring,circ,orb,staf,wand		greater_m_all-stats 45-45	greater_m_all-stats: func1=1/stat1=greater_strength/val1= | func2=3/stat2=greater_energy/val2= | func3=3/stat3=greater_dexterity/val3= | func4=3/stat4=vitality/val4= | func5=1/stat5=item_greaterAffixMarker/val5= | tooltip=+# to all Attributes	of the Zodiac	349	+# to all Attributes	86		71	120	all-stats 21-30	exact base-name match
suffix	1264	of Greater Power	Greater +# to Strength (Based on Character Level) [early; marker=property]	early	42	50	65	1	4	belt,amul		greater_m_str/lvl(param=4)	greater_m_str/lvl: func1=17/stat1=item_strength_perlevel/val1= | func2=1/stat2=item_greaterAffixMarker/val2= | tooltip=+# to Strength (Based on Character Level)	of Power	327	+# to Strength (Based on Character Level)	1		1	120	str/lvl(param=3)	exact base-name match
suffix	1265	of Greater Power	Greater +# to Strength (Based on Character Level) [mid; marker=property]	mid	42	66	80	1	8	belt,amul		greater_m_str/lvl(param=4)	greater_m_str/lvl: func1=17/stat1=item_strength_perlevel/val1= | func2=1/stat2=item_greaterAffixMarker/val2= | tooltip=+# to Strength (Based on Character Level)	of Power	327	+# to Strength (Based on Character Level)	1		1	120	str/lvl(param=3)	exact base-name match
suffix	1266	of Greater Power	Greater +# to Strength (Based on Character Level) [late; marker=property]	late	42	81		1	12	belt,amul		greater_m_str/lvl(param=4)	greater_m_str/lvl: func1=17/stat1=item_strength_perlevel/val1= | func2=1/stat2=item_greaterAffixMarker/val2= | tooltip=+# to Strength (Based on Character Level)	of Power	327	+# to Strength (Based on Character Level)	1		1	120	str/lvl(param=3)	exact base-name match
suffix	1267	of Greater Grace	Greater +# to Dexterity (Based on Character Level) [early; marker=property]	early	42	50	65	1	4	helm,amul		greater_m_dex/lvl(param=4)	greater_m_dex/lvl: func1=17/stat1=item_dexterity_perlevel/val1= | func2=1/stat2=item_greaterAffixMarker/val2= | tooltip=+# to Dexterity (Based on Character Level)	of Grace	325	+# to Dexterity (Based on Character Level)	1		1	120	dex/lvl(param=3)	exact base-name match
suffix	1268	of Greater Grace	Greater +# to Dexterity (Based on Character Level) [mid; marker=property]	mid	42	66	80	1	8	helm,amul		greater_m_dex/lvl(param=4)	greater_m_dex/lvl: func1=17/stat1=item_dexterity_perlevel/val1= | func2=1/stat2=item_greaterAffixMarker/val2= | tooltip=+# to Dexterity (Based on Character Level)	of Grace	325	+# to Dexterity (Based on Character Level)	1		1	120	dex/lvl(param=3)	exact base-name match
suffix	1269	of Greater Grace	Greater +# to Dexterity (Based on Character Level) [late; marker=property]	late	42	81		1	12	helm,amul		greater_m_dex/lvl(param=4)	greater_m_dex/lvl: func1=17/stat1=item_dexterity_perlevel/val1= | func2=1/stat2=item_greaterAffixMarker/val2= | tooltip=+# to Dexterity (Based on Character Level)	of Grace	325	+# to Dexterity (Based on Character Level)	1		1	120	dex/lvl(param=3)	exact base-name match
suffix	1270	of the Greater Yeti	Greater Cold Resist +#% (Based on Character Level) [early; marker=property]	early	43	50	65	1	4	armo,ring,amul		greater_m_res-cold/lvl(param=8)	greater_m_res-cold/lvl: func1=17/stat1=greater_item_resist_cold_perlevel/val1= | func2=1/stat2=item_greaterAffixMarker/val2= | tooltip=Cold Resist +#% (Based on Character Level)	of the Yeti	230	Cold Resist +#% (Based on Character Level)	20		1	120	res-cold/lvl(param=6)	exact base-name match
suffix	1271	of the Greater Yeti	Greater Cold Resist +#% (Based on Character Level) [mid; marker=property]	mid	43	66	80	1	8	armo,ring,amul		greater_m_res-cold/lvl(param=8)	greater_m_res-cold/lvl: func1=17/stat1=greater_item_resist_cold_perlevel/val1= | func2=1/stat2=item_greaterAffixMarker/val2= | tooltip=Cold Resist +#% (Based on Character Level)	of the Yeti	230	Cold Resist +#% (Based on Character Level)	20		1	120	res-cold/lvl(param=6)	exact base-name match
suffix	1272	of the Greater Yeti	Greater Cold Resist +#% (Based on Character Level) [late; marker=property]	late	43	81		1	12	armo,ring,amul		greater_m_res-cold/lvl(param=8)	greater_m_res-cold/lvl: func1=17/stat1=greater_item_resist_cold_perlevel/val1= | func2=1/stat2=item_greaterAffixMarker/val2= | tooltip=Cold Resist +#% (Based on Character Level)	of the Yeti	230	Cold Resist +#% (Based on Character Level)	20		1	120	res-cold/lvl(param=6)	exact base-name match
suffix	1273	of the Greater Phoenix	Greater Fire Resist +#% (Based on Character Level) [early; marker=property]	early	43	50	65	1	4	armo,ring,amul		greater_m_res-fire/lvl(param=8)	greater_m_res-fire/lvl: func1=17/stat1=greater_item_resist_fire_perlevel/val1= | func2=1/stat2=item_greaterAffixMarker/val2= | tooltip=Fire Resist +#% (Based on Character Level)	of the Phoenix	233	Fire Resist +#% (Based on Character Level)	20		1	120	res-fire/lvl(param=6)	exact base-name match
suffix	1274	of the Greater Phoenix	Greater Fire Resist +#% (Based on Character Level) [mid; marker=property]	mid	43	66	80	1	8	armo,ring,amul		greater_m_res-fire/lvl(param=8)	greater_m_res-fire/lvl: func1=17/stat1=greater_item_resist_fire_perlevel/val1= | func2=1/stat2=item_greaterAffixMarker/val2= | tooltip=Fire Resist +#% (Based on Character Level)	of the Phoenix	233	Fire Resist +#% (Based on Character Level)	20		1	120	res-fire/lvl(param=6)	exact base-name match
suffix	1275	of the Greater Phoenix	Greater Fire Resist +#% (Based on Character Level) [late; marker=property]	late	43	81		1	12	armo,ring,amul		greater_m_res-fire/lvl(param=8)	greater_m_res-fire/lvl: func1=17/stat1=greater_item_resist_fire_perlevel/val1= | func2=1/stat2=item_greaterAffixMarker/val2= | tooltip=Fire Resist +#% (Based on Character Level)	of the Phoenix	233	Fire Resist +#% (Based on Character Level)	20		1	120	res-fire/lvl(param=6)	exact base-name match
suffix	1276	of the Greater Efreeti	Greater Lightning Resist +#% (Based on Character Level) [early; marker=property]	early	43	50	65	1	4	armo,ring,amul		greater_m_res-ltng/lvl(param=8)	greater_m_res-ltng/lvl: func1=17/stat1=greater_item_resist_ltng_perlevel/val1= | func2=1/stat2=item_greaterAffixMarker/val2= | tooltip=Lightning Resist +#% (Based on Character Level)	of the Efreeti	236	Lightning Resist +#% (Based on Character Level)	20		1	120	res-ltng/lvl(param=6)	exact base-name match
suffix	1277	of the Greater Efreeti	Greater Lightning Resist +#% (Based on Character Level) [mid; marker=property]	mid	43	66	80	1	8	armo,ring,amul		greater_m_res-ltng/lvl(param=8)	greater_m_res-ltng/lvl: func1=17/stat1=greater_item_resist_ltng_perlevel/val1= | func2=1/stat2=item_greaterAffixMarker/val2= | tooltip=Lightning Resist +#% (Based on Character Level)	of the Efreeti	236	Lightning Resist +#% (Based on Character Level)	20		1	120	res-ltng/lvl(param=6)	exact base-name match
suffix	1278	of the Greater Efreeti	Greater Lightning Resist +#% (Based on Character Level) [late; marker=property]	late	43	81		1	12	armo,ring,amul		greater_m_res-ltng/lvl(param=8)	greater_m_res-ltng/lvl: func1=17/stat1=greater_item_resist_ltng_perlevel/val1= | func2=1/stat2=item_greaterAffixMarker/val2= | tooltip=Lightning Resist +#% (Based on Character Level)	of the Efreeti	236	Lightning Resist +#% (Based on Character Level)	20		1	120	res-ltng/lvl(param=6)	exact base-name match
suffix	1279	of the Greater Cobra	Greater Poison Resist +#% (Based on Character Level) [early; marker=property]	early	43	50	65	1	4	armo,ring,amul		greater_m_res-pois/lvl(param=8)	greater_m_res-pois/lvl: func1=17/stat1=item_resist_pois_perlevel/val1= | func2=1/stat2=item_greaterAffixMarker/val2= | tooltip=Poison Resist +#% (Based on Character Level)	of the Cobra	239	Poison Resist +#% (Based on Character Level)	20		1	120	res-pois/lvl(param=6)	exact base-name match
suffix	1280	of the Greater Cobra	Greater Poison Resist +#% (Based on Character Level) [mid; marker=property]	mid	43	66	80	1	8	armo,ring,amul		greater_m_res-pois/lvl(param=8)	greater_m_res-pois/lvl: func1=17/stat1=item_resist_pois_perlevel/val1= | func2=1/stat2=item_greaterAffixMarker/val2= | tooltip=Poison Resist +#% (Based on Character Level)	of the Cobra	239	Poison Resist +#% (Based on Character Level)	20		1	120	res-pois/lvl(param=6)	exact base-name match
suffix	1281	of the Greater Cobra	Greater Poison Resist +#% (Based on Character Level) [late; marker=property]	late	43	81		1	12	armo,ring,amul		greater_m_res-pois/lvl(param=8)	greater_m_res-pois/lvl: func1=17/stat1=item_resist_pois_perlevel/val1= | func2=1/stat2=item_greaterAffixMarker/val2= | tooltip=Poison Resist +#% (Based on Character Level)	of the Cobra	239	Poison Resist +#% (Based on Character Level)	20		1	120	res-pois/lvl(param=6)	exact base-name match
suffix	1282	of the Greater Elements	Greater Cold Resist +#% (Based on Character Level) & Fire Resist +#% (Based on Character Level) & Lightning Resist +#% (Based on Character Level) [early; marker=property]	early	43	50	65	60	8	circ,shld		greater_m_res-cold/lvl(param=7); greater_res-fire/lvl(param=7); greater_res-ltng/lvl(param=7)	greater_m_res-cold/lvl: func1=17/stat1=greater_item_resist_cold_perlevel/val1= | func2=1/stat2=item_greaterAffixMarker/val2= | tooltip=Cold Resist +#% (Based on Character Level); greater_res-fire/lvl: func1=17/stat1=greater_item_resist_fire_perlevel/val1= | tooltip=Fire Resist +#% (Based on Character Level); greater_res-ltng/lvl: func1=17/stat1=greater_item_resist_ltng_perlevel/val1= | tooltip=Lightning Resist +#% (Based on Character Level)	of the Elements	243	Cold Resist +#% (Based on Character Level) & Fire Resist +#% (Based on Character Level) & Lightning Resist +#% (Based on Character Level)	77		60	240	res-cold/lvl(param=5); res-fire/lvl(param=5); res-ltng/lvl(param=5)	exact base-name match
suffix	1283	of the Greater Elements	Greater Cold Resist +#% (Based on Character Level) & Fire Resist +#% (Based on Character Level) & Lightning Resist +#% (Based on Character Level) [mid; marker=property]	mid	43	66	80	60	16	circ,shld		greater_m_res-cold/lvl(param=7); greater_res-fire/lvl(param=7); greater_res-ltng/lvl(param=7)	greater_m_res-cold/lvl: func1=17/stat1=greater_item_resist_cold_perlevel/val1= | func2=1/stat2=item_greaterAffixMarker/val2= | tooltip=Cold Resist +#% (Based on Character Level); greater_res-fire/lvl: func1=17/stat1=greater_item_resist_fire_perlevel/val1= | tooltip=Fire Resist +#% (Based on Character Level); greater_res-ltng/lvl: func1=17/stat1=greater_item_resist_ltng_perlevel/val1= | tooltip=Lightning Resist +#% (Based on Character Level)	of the Elements	243	Cold Resist +#% (Based on Character Level) & Fire Resist +#% (Based on Character Level) & Lightning Resist +#% (Based on Character Level)	77		60	240	res-cold/lvl(param=5); res-fire/lvl(param=5); res-ltng/lvl(param=5)	exact base-name match
suffix	1284	of the Greater Elements	Greater Cold Resist +#% (Based on Character Level) & Fire Resist +#% (Based on Character Level) & Lightning Resist +#% (Based on Character Level) [late; marker=property]	late	43	81		60	24	circ,shld		greater_m_res-cold/lvl(param=7); greater_res-fire/lvl(param=7); greater_res-ltng/lvl(param=7)	greater_m_res-cold/lvl: func1=17/stat1=greater_item_resist_cold_perlevel/val1= | func2=1/stat2=item_greaterAffixMarker/val2= | tooltip=Cold Resist +#% (Based on Character Level); greater_res-fire/lvl: func1=17/stat1=greater_item_resist_fire_perlevel/val1= | tooltip=Fire Resist +#% (Based on Character Level); greater_res-ltng/lvl: func1=17/stat1=greater_item_resist_ltng_perlevel/val1= | tooltip=Lightning Resist +#% (Based on Character Level)	of the Elements	243	Cold Resist +#% (Based on Character Level) & Fire Resist +#% (Based on Character Level) & Lightning Resist +#% (Based on Character Level)	77		60	240	res-cold/lvl(param=5); res-fire/lvl(param=5); res-ltng/lvl(param=5)	exact base-name match
suffix	1285	of the Greater Lich	Greater #% Mana stolen per hit & #% Life stolen per hit [early; marker=property]	early	60	50	65	71	4	ring,amul		greater_m_manasteal 12-12; greater_lifesteal 15-15	greater_m_manasteal: func1=1/stat1=greater_manadrainmindam/val1= | func2=1/stat2=item_greaterAffixMarker/val2= | tooltip=#% Mana stolen per hit; greater_lifesteal: func1=1/stat1=greater_lifedrainmindam/val1= | tooltip=#% Life stolen per hit	of the Lich	158	#% Mana stolen per hit & #% Life stolen per hit	87		71	120	manasteal 8-9; lifesteal 10-12	exact base-name match
suffix	1286	of the Greater Lich	Greater #% Mana stolen per hit & #% Life stolen per hit [mid; marker=property]	mid	60	66	80	71	8	ring,amul		greater_m_manasteal 12-12; greater_lifesteal 15-15	greater_m_manasteal: func1=1/stat1=greater_manadrainmindam/val1= | func2=1/stat2=item_greaterAffixMarker/val2= | tooltip=#% Mana stolen per hit; greater_lifesteal: func1=1/stat1=greater_lifedrainmindam/val1= | tooltip=#% Life stolen per hit	of the Lich	158	#% Mana stolen per hit & #% Life stolen per hit	87		71	120	manasteal 8-9; lifesteal 10-12	exact base-name match
suffix	1287	of the Greater Lich	Greater #% Mana stolen per hit & #% Life stolen per hit [late; marker=property]	late	60	81		71	12	ring,amul		greater_m_manasteal 12-12; greater_lifesteal 15-15	greater_m_manasteal: func1=1/stat1=greater_manadrainmindam/val1= | func2=1/stat2=item_greaterAffixMarker/val2= | tooltip=#% Mana stolen per hit; greater_lifesteal: func1=1/stat1=greater_lifedrainmindam/val1= | tooltip=#% Life stolen per hit	of the Lich	158	#% Mana stolen per hit & #% Life stolen per hit	87		71	120	manasteal 8-9; lifesteal 10-12	exact base-name match
suffix	1288	of Greater Guarding	Greater +# Defense & +#% Enhanced Damage [early; marker=property]	early	61	50	65	39	20	ring,amul		greater_m_ac 90-90	greater_m_ac: func1=1/stat1=greater_armorclass/val1= | func2=1/stat2=item_greaterAffixMarker/val2= | tooltip=+# Defense	of Guarding	5	+# Defense & +#% Enhanced Damage	51		39	600	ac 26-50	exact base-name match
suffix	1289	of Greater Guarding	Greater +# Defense & +#% Enhanced Damage [mid; marker=property]	mid	61	66	80	39	40	ring,amul		greater_m_ac 90-90	greater_m_ac: func1=1/stat1=greater_armorclass/val1= | func2=1/stat2=item_greaterAffixMarker/val2= | tooltip=+# Defense	of Guarding	5	+# Defense & +#% Enhanced Damage	51		39	600	ac 26-50	exact base-name match
suffix	1290	of Greater Guarding	Greater +# Defense & +#% Enhanced Damage [late; marker=property]	late	61	81		39	60	ring,amul		greater_m_ac 90-90	greater_m_ac: func1=1/stat1=greater_armorclass/val1= | func2=1/stat2=item_greaterAffixMarker/val2= | tooltip=+# Defense	of Guarding	5	+# Defense & +#% Enhanced Damage	51		39	600	ac 26-50	exact base-name match
suffix	1291	Greater Paralysis1	Greater Slows Target by #% [early; marker=property]	early	64	1	65	48	8	weap		greater_m_slow 33-33	greater_m_slow: func1=1/stat1=greater_item_slow/val1= | func2=1/stat2=item_greaterAffixMarker/val2= | tooltip=Slows Target by #%	Paralysis1	493	Slows Target by #%	62		48	240	slow 21-25	exact base-name match
suffix	1292	Greater Paralysis1	Greater Slows Target by #% [mid; marker=property]	mid	64	66	80	48	16	weap		greater_m_slow 33-33	greater_m_slow: func1=1/stat1=greater_item_slow/val1= | func2=1/stat2=item_greaterAffixMarker/val2= | tooltip=Slows Target by #%	Paralysis1	493	Slows Target by #%	62		48	240	slow 21-25	exact base-name match
suffix	1293	Greater Paralysis1	Greater Slows Target by #% [late; marker=property]	late	64	81		48	24	weap		greater_m_slow 33-33	greater_m_slow: func1=1/stat1=greater_item_slow/val1= | func2=1/stat2=item_greaterAffixMarker/val2= | tooltip=Slows Target by #%	Paralysis1	493	Slows Target by #%	62		48	240	slow 21-25	exact base-name match
suffix	1294	Greater Daze1	Greater Slows Target by #% [early; marker=property]	early	64	50	65	35	8	weap,glov		greater_m_slow 33-33	greater_m_slow: func1=1/stat1=greater_item_slow/val1= | func2=1/stat2=item_greaterAffixMarker/val2= | tooltip=Slows Target by #%	Daze1	491	Slows Target by #%	46		35	240	slow 16-20	exact base-name match
suffix	1295	Greater Daze1	Greater Slows Target by #% [mid; marker=property]	mid	64	66	80	35	16	weap,glov		greater_m_slow 33-33	greater_m_slow: func1=1/stat1=greater_item_slow/val1= | func2=1/stat2=item_greaterAffixMarker/val2= | tooltip=Slows Target by #%	Daze1	491	Slows Target by #%	46		35	240	slow 16-20	exact base-name match
suffix	1296	Greater Daze1	Greater Slows Target by #% [late; marker=property]	late	64	81		35	24	weap,glov		greater_m_slow 33-33	greater_m_slow: func1=1/stat1=greater_item_slow/val1= | func2=1/stat2=item_greaterAffixMarker/val2= | tooltip=Slows Target by #%	Daze1	491	Slows Target by #%	46		35	240	slow 16-20	exact base-name match
suffix	1297	of Greater Blindness1	Greater Hit Blinds Target +# [early; marker=property]	early	65	50	65	48	4	weap		greater_m_stupidity 4-4	greater_m_stupidity: func1=1/stat1=item_stupidity/val1= | func2=1/stat2=item_greaterAffixMarker/val2= | tooltip=Hit Blinds Target +#	of Blindness1	497	Hit Blinds Target +#	61		48	120	stupidity 3-3	exact base-name match
suffix	1298	of Greater Blindness1	Greater Hit Blinds Target +# [mid; marker=property]	mid	65	66	80	48	8	weap		greater_m_stupidity 4-4	greater_m_stupidity: func1=1/stat1=item_stupidity/val1= | func2=1/stat2=item_greaterAffixMarker/val2= | tooltip=Hit Blinds Target +#	of Blindness1	497	Hit Blinds Target +#	61		48	120	stupidity 3-3	exact base-name match
suffix	1299	of Greater Blindness1	Greater Hit Blinds Target +# [late; marker=property]	late	65	81		48	12	weap		greater_m_stupidity 4-4	greater_m_stupidity: func1=1/stat1=item_stupidity/val1= | func2=1/stat2=item_greaterAffixMarker/val2= | tooltip=Hit Blinds Target +#	of Blindness1	497	Hit Blinds Target +#	61		48	120	stupidity 3-3	exact base-name match
suffix	1300	of Greater Reanimation1	Greater Reanimate As: [Returned] [early; marker=property]	early	66	50	65	40	4	weap,glov,amul		greater_m_reanimate(param=5) 7-7	greater_m_reanimate: func1=24/stat1=item_reanimate/val1= | func2=1/stat2=item_greaterAffixMarker/val2= | tooltip=Reanimate As: [Returned]	of Reanimation1	499	Reanimate As: [Returned]	51		40	120	reanimate(param=5) 3-5	exact base-name match
suffix	1301	of Greater Reanimation1	Greater Reanimate As: [Returned] [mid; marker=property]	mid	66	66	80	40	8	weap,glov,amul		greater_m_reanimate(param=5) 7-7	greater_m_reanimate: func1=24/stat1=item_reanimate/val1= | func2=1/stat2=item_greaterAffixMarker/val2= | tooltip=Reanimate As: [Returned]	of Reanimation1	499	Reanimate As: [Returned]	51		40	120	reanimate(param=5) 3-5	exact base-name match
suffix	1302	of Greater Reanimation1	Greater Reanimate As: [Returned] [late; marker=property]	late	66	81		40	12	weap,glov,amul		greater_m_reanimate(param=5) 7-7	greater_m_reanimate: func1=24/stat1=item_reanimate/val1= | func2=1/stat2=item_greaterAffixMarker/val2= | tooltip=Reanimate As: [Returned]	of Reanimation1	499	Reanimate As: [Returned]	51		40	120	reanimate(param=5) 3-5	exact base-name match
suffix	1303	of the Greater Soul2	Greater +# Life after each Kill [early; marker=property]	early	67	50	65	64	8	weap,belt,ring,amul,circ		greater_m_heal-kill 33-33	greater_m_heal-kill: func1=1/stat1=greater_item_healafterkill/val1= | func2=1/stat2=item_greaterAffixMarker/val2= | tooltip=+# Life after each Kill	of the Soul2	399	+# Life after each Kill	75		64	240	heal-kill 16-25	exact base-name match
suffix	1304	of the Greater Soul2	Greater +# Life after each Kill [mid; marker=property]	mid	67	66	80	64	16	weap,belt,ring,amul,circ		greater_m_heal-kill 33-33	greater_m_heal-kill: func1=1/stat1=greater_item_healafterkill/val1= | func2=1/stat2=item_greaterAffixMarker/val2= | tooltip=+# Life after each Kill	of the Soul2	399	+# Life after each Kill	75		64	240	heal-kill 16-25	exact base-name match
suffix	1305	of the Greater Soul2	Greater +# Life after each Kill [late; marker=property]	late	67	81		64	24	weap,belt,ring,amul,circ		greater_m_heal-kill 33-33	greater_m_heal-kill: func1=1/stat1=greater_item_healafterkill/val1= | func2=1/stat2=item_greaterAffixMarker/val2= | tooltip=+# Life after each Kill	of the Soul2	399	+# Life after each Kill	75		64	240	heal-kill 16-25	exact base-name match
suffix	1306	of the Greater Four Seasons2	Greater #% All Maximum Resistances [early; marker=property]	early	67	50	65	64	4	armo,shld,ring,amul		greater_m_res-all-max 8-8	greater_m_res-all-max: func1=1/stat1=maxfireresist/val1= | func2=3/stat2=maxlightresist/val2= | func3=3/stat3=maxcoldresist/val3= | func4=3/stat4=maxpoisonresist/val4= | func5=1/stat5=item_greaterAffixMarker/val5=	of the Four Seasons2	250	#% All Maximum Resistances	87		64	120	res-all-max 4-6	exact base-name match
suffix	1307	of the Greater Four Seasons2	Greater #% All Maximum Resistances [mid; marker=property]	mid	67	66	80	64	8	armo,shld,ring,amul		greater_m_res-all-max 8-8	greater_m_res-all-max: func1=1/stat1=maxfireresist/val1= | func2=3/stat2=maxlightresist/val2= | func3=3/stat3=maxcoldresist/val3= | func4=3/stat4=maxpoisonresist/val4= | func5=1/stat5=item_greaterAffixMarker/val5=	of the Four Seasons2	250	#% All Maximum Resistances	87		64	120	res-all-max 4-6	exact base-name match
suffix	1308	of the Greater Four Seasons2	Greater #% All Maximum Resistances [late; marker=property]	late	67	81		64	12	armo,shld,ring,amul		greater_m_res-all-max 8-8	greater_m_res-all-max: func1=1/stat1=maxfireresist/val1= | func2=3/stat2=maxlightresist/val2= | func3=3/stat3=maxcoldresist/val3= | func4=3/stat4=maxpoisonresist/val4= | func5=1/stat5=item_greaterAffixMarker/val5=	of the Four Seasons2	250	#% All Maximum Resistances	87		64	120	res-all-max 4-6	exact base-name match
suffix	1309	of Greater Siphoning	Greater Life gained after each hit [early; marker=property]	early	80	50	65	17	1	mele,amaz		greater_m_healperhit 16-16	greater_m_healperhit: func1=1/stat1=heal_afterhit/val1= | func2=1/stat2=item_greaterAffixMarker/val2= | tooltip=Life gained after each hit	of Siphoning	735	Life gained after each hit	20		17	20	healperhit 10-12	exact base-name match
suffix	1310	of Greater Siphoning	Greater Life gained after each hit [mid; marker=property]	mid	80	66	80	17	1	mele,amaz		greater_m_healperhit 16-16	greater_m_healperhit: func1=1/stat1=heal_afterhit/val1= | func2=1/stat2=item_greaterAffixMarker/val2= | tooltip=Life gained after each hit	of Siphoning	735	Life gained after each hit	20		17	20	healperhit 10-12	exact base-name match
suffix	1311	of Greater Siphoning	Greater Life gained after each hit [late; marker=property]	late	80	81		17	2	mele,amaz		greater_m_healperhit 16-16	greater_m_healperhit: func1=1/stat1=heal_afterhit/val1= | func2=1/stat2=item_greaterAffixMarker/val2= | tooltip=Life gained after each hit	of Siphoning	735	Life gained after each hit	20		17	20	healperhit 10-12	exact base-name match
suffix	1312	of the Greater Swift	Greater +#% Faster Attack Speed [early; marker=property]	early	200	50	65	43	1	misl		greater_m_swing1 39-39	greater_m_swing1: func1=8/stat1=greater_item_fasterattackrate/val1= | func2=1/stat2=item_greaterAffixMarker/val2= | tooltip=+#% Increased Attack Speed	of the Swift	904	+#% Faster Attack Speed	80		43	30	swing1 20-30	exact base-name match
suffix	1313	of the Greater Swift	Greater +#% Faster Attack Speed [mid; marker=property]	mid	200	66	80	43	2	misl		greater_m_swing1 39-39	greater_m_swing1: func1=8/stat1=greater_item_fasterattackrate/val1= | func2=1/stat2=item_greaterAffixMarker/val2= | tooltip=+#% Increased Attack Speed	of the Swift	904	+#% Faster Attack Speed	80		43	30	swing1 20-30	exact base-name match
suffix	1314	of the Greater Swift	Greater +#% Faster Attack Speed [late; marker=property]	late	200	81		43	3	misl		greater_m_swing1 39-39	greater_m_swing1: func1=8/stat1=greater_item_fasterattackrate/val1= | func2=1/stat2=item_greaterAffixMarker/val2= | tooltip=+#% Increased Attack Speed	of the Swift	904	+#% Faster Attack Speed	80		43	30	swing1 20-30	exact base-name match
suffix	1315	of Greater Slaying	Greater #% Deadly Strike [early; marker=property]	early	201	50	65	43	1	misl		greater_m_deadly 26-26	greater_m_deadly: func1=1/stat1=greater_item_deadlystrike/val1= | func2=1/stat2=item_greaterAffixMarker/val2= | tooltip=#% Deadly Strike	of Slaying	908	#% Deadly Strike	80		43	30	deadly 15-20	exact base-name match
suffix	1316	of Greater Slaying	Greater #% Deadly Strike [mid; marker=property]	mid	201	66	80	43	2	misl		greater_m_deadly 26-26	greater_m_deadly: func1=1/stat1=greater_item_deadlystrike/val1= | func2=1/stat2=item_greaterAffixMarker/val2= | tooltip=#% Deadly Strike	of Slaying	908	#% Deadly Strike	80		43	30	deadly 15-20	exact base-name match
suffix	1317	of Greater Slaying	Greater #% Deadly Strike [late; marker=property]	late	201	81		43	3	misl		greater_m_deadly 26-26	greater_m_deadly: func1=1/stat1=greater_item_deadlystrike/val1= | func2=1/stat2=item_greaterAffixMarker/val2= | tooltip=#% Deadly Strike	of Slaying	908	#% Deadly Strike	80		43	30	deadly 15-20	exact base-name match
suffix	1318	of Greater Maiming	Greater #% Open Wounds [early; marker=property]	early	201	50	65	43	1	misl		greater_m_openwounds 26-26	greater_m_openwounds: func1=1/stat1=greater_item_openwounds/val1= | func2=1/stat2=item_greaterAffixMarker/val2= | tooltip=#% Chance of Open Wounds	of Maiming	912	#% Open Wounds	80		43	30	openwounds 15-20	exact base-name match
suffix	1319	of Greater Maiming	Greater #% Open Wounds [mid; marker=property]	mid	201	66	80	43	2	misl		greater_m_openwounds 26-26	greater_m_openwounds: func1=1/stat1=greater_item_openwounds/val1= | func2=1/stat2=item_greaterAffixMarker/val2= | tooltip=#% Chance of Open Wounds	of Maiming	912	#% Open Wounds	80		43	30	openwounds 15-20	exact base-name match
suffix	1320	of Greater Maiming	Greater #% Open Wounds [late; marker=property]	late	201	81		43	3	misl		greater_m_openwounds 26-26	greater_m_openwounds: func1=1/stat1=greater_item_openwounds/val1= | func2=1/stat2=item_greaterAffixMarker/val2= | tooltip=#% Chance of Open Wounds	of Maiming	912	#% Open Wounds	80		43	30	openwounds 15-20	exact base-name match
suffix	1321	of Greater Piercing	Greater Piercing Attack [early; marker=property]	early	201	50	65	43	1	misl		greater_m_pierce 39-39	greater_m_pierce: func1=1/stat1=greater_item_pierce/val1= | func2=1/stat2=item_greaterAffixMarker/val2= | tooltip=Piercing Attack	of Piercing	916	Piercing Attack	80		43	30	pierce 20-30	exact base-name match
suffix	1322	of Greater Piercing	Greater Piercing Attack [mid; marker=property]	mid	201	66	80	43	2	misl		greater_m_pierce 39-39	greater_m_pierce: func1=1/stat1=greater_item_pierce/val1= | func2=1/stat2=item_greaterAffixMarker/val2= | tooltip=Piercing Attack	of Piercing	916	Piercing Attack	80		43	30	pierce 20-30	exact base-name match
suffix	1323	of Greater Piercing	Greater Piercing Attack [late; marker=property]	late	201	81		43	3	misl		greater_m_pierce 39-39	greater_m_pierce: func1=1/stat1=greater_item_pierce/val1= | func2=1/stat2=item_greaterAffixMarker/val2= | tooltip=Piercing Attack	of Piercing	916	Piercing Attack	80		43	30	pierce 20-30	exact base-name match
suffix	1324	of the Greater Vampire	Greater #% Life stolen per hit [early; marker=property]	early	202	50	65	34	1	misl		greater_m_lifesteal 13-13	greater_m_lifesteal: func1=1/stat1=greater_lifedrainmindam/val1= | func2=1/stat2=item_greaterAffixMarker/val2= | tooltip=#% Life stolen per hit	of the Vampire	920	#% Life stolen per hit	80		34	30	lifesteal 5-10	exact base-name match
suffix	1325	of the Greater Vampire	Greater #% Life stolen per hit [mid; marker=property]	mid	202	66	80	34	2	misl		greater_m_lifesteal 13-13	greater_m_lifesteal: func1=1/stat1=greater_lifedrainmindam/val1= | func2=1/stat2=item_greaterAffixMarker/val2= | tooltip=#% Life stolen per hit	of the Vampire	920	#% Life stolen per hit	80		34	30	lifesteal 5-10	exact base-name match
suffix	1326	of the Greater Vampire	Greater #% Life stolen per hit [late; marker=property]	late	202	81		34	3	misl		greater_m_lifesteal 13-13	greater_m_lifesteal: func1=1/stat1=greater_lifedrainmindam/val1= | func2=1/stat2=item_greaterAffixMarker/val2= | tooltip=#% Life stolen per hit	of the Vampire	920	#% Life stolen per hit	80		34	30	lifesteal 5-10	exact base-name match
suffix	1327	of the Greater Bat	Greater #% Mana stolen per hit [early; marker=property]	early	203	50	65	34	1	misl		greater_m_manasteal 13-13	greater_m_manasteal: func1=1/stat1=greater_manadrainmindam/val1= | func2=1/stat2=item_greaterAffixMarker/val2= | tooltip=#% Mana stolen per hit	of the Bat	924	#% Mana stolen per hit	80		34	30	manasteal 5-10	exact base-name match
suffix	1328	of the Greater Bat	Greater #% Mana stolen per hit [mid; marker=property]	mid	203	66	80	34	2	misl		greater_m_manasteal 13-13	greater_m_manasteal: func1=1/stat1=greater_manadrainmindam/val1= | func2=1/stat2=item_greaterAffixMarker/val2= | tooltip=#% Mana stolen per hit	of the Bat	924	#% Mana stolen per hit	80		34	30	manasteal 5-10	exact base-name match
suffix	1329	of the Greater Bat	Greater #% Mana stolen per hit [late; marker=property]	late	203	81		34	3	misl		greater_m_manasteal 13-13	greater_m_manasteal: func1=1/stat1=greater_manadrainmindam/val1= | func2=1/stat2=item_greaterAffixMarker/val2= | tooltip=#% Mana stolen per hit	of the Bat	924	#% Mana stolen per hit	80		34	30	manasteal 5-10	exact base-name match
suffix	1330	of Greater Resistance	Greater Fire Resist [early; marker=property]	early	204	50	65	34	1	misl		greater_m_res-fire 39-39	greater_m_res-fire: func1=1/stat1=greater_fireresist/val1= | func2=1/stat2=item_greaterAffixMarker/val2= | tooltip=Fire Resist +#%	of Resistance	928	Fire Resist	80		34	30	res-fire 20-30	exact base-name match
suffix	1331	of Greater Resistance	Greater Fire Resist [mid; marker=property]	mid	204	66	80	34	2	misl		greater_m_res-fire 39-39	greater_m_res-fire: func1=1/stat1=greater_fireresist/val1= | func2=1/stat2=item_greaterAffixMarker/val2= | tooltip=Fire Resist +#%	of Resistance	928	Fire Resist	80		34	30	res-fire 20-30	exact base-name match
suffix	1332	of Greater Resistance	Greater Fire Resist [late; marker=property]	late	204	81		34	3	misl		greater_m_res-fire 39-39	greater_m_res-fire: func1=1/stat1=greater_fireresist/val1= | func2=1/stat2=item_greaterAffixMarker/val2= | tooltip=Fire Resist +#%	of Resistance	928	Fire Resist	80		34	30	res-fire 20-30	exact base-name match
suffix	1333	of Greater Resistance	Greater Cold Resist [early; marker=property]	early	204	50	65	34	1	misl		greater_m_res-cold 39-39	greater_m_res-cold: func1=1/stat1=greater_coldresist/val1= | func2=1/stat2=item_greaterAffixMarker/val2= | tooltip=Cold Resist +#%	of Resistance	932	Cold Resist	80		34	30	res-cold 20-30	exact base-name match
suffix	1334	of Greater Resistance	Greater Cold Resist [mid; marker=property]	mid	204	66	80	34	2	misl		greater_m_res-cold 39-39	greater_m_res-cold: func1=1/stat1=greater_coldresist/val1= | func2=1/stat2=item_greaterAffixMarker/val2= | tooltip=Cold Resist +#%	of Resistance	932	Cold Resist	80		34	30	res-cold 20-30	exact base-name match
suffix	1335	of Greater Resistance	Greater Cold Resist [late; marker=property]	late	204	81		34	3	misl		greater_m_res-cold 39-39	greater_m_res-cold: func1=1/stat1=greater_coldresist/val1= | func2=1/stat2=item_greaterAffixMarker/val2= | tooltip=Cold Resist +#%	of Resistance	932	Cold Resist	80		34	30	res-cold 20-30	exact base-name match
suffix	1336	of Greater Resistance	Greater Lightning Resist [early; marker=property]	early	204	50	65	34	1	misl		greater_m_res-ltng 39-39	greater_m_res-ltng: func1=1/stat1=greater_lightresist/val1= | func2=1/stat2=item_greaterAffixMarker/val2= | tooltip=Lightning Resist +#%	of Resistance	936	Lightning Resist	80		34	30	res-ltng 20-30	exact base-name match
suffix	1337	of Greater Resistance	Greater Lightning Resist [mid; marker=property]	mid	204	66	80	34	2	misl		greater_m_res-ltng 39-39	greater_m_res-ltng: func1=1/stat1=greater_lightresist/val1= | func2=1/stat2=item_greaterAffixMarker/val2= | tooltip=Lightning Resist +#%	of Resistance	936	Lightning Resist	80		34	30	res-ltng 20-30	exact base-name match
suffix	1338	of Greater Resistance	Greater Lightning Resist [late; marker=property]	late	204	81		34	3	misl		greater_m_res-ltng 39-39	greater_m_res-ltng: func1=1/stat1=greater_lightresist/val1= | func2=1/stat2=item_greaterAffixMarker/val2= | tooltip=Lightning Resist +#%	of Resistance	936	Lightning Resist	80		34	30	res-ltng 20-30	exact base-name match
suffix	1339	of Greater Resistance	Greater Poison Resist [early; marker=property]	early	204	50	65	34	1	misl		greater_m_res-pois 39-39	greater_m_res-pois: func1=1/stat1=greater_poisonresist/val1= | func2=1/stat2=item_greaterAffixMarker/val2= | tooltip=Poison Resist +#%	of Resistance	940	Poison Resist	80		34	30	res-pois 20-30	exact base-name match
suffix	1340	of Greater Resistance	Greater Poison Resist [mid; marker=property]	mid	204	66	80	34	2	misl		greater_m_res-pois 39-39	greater_m_res-pois: func1=1/stat1=greater_poisonresist/val1= | func2=1/stat2=item_greaterAffixMarker/val2= | tooltip=Poison Resist +#%	of Resistance	940	Poison Resist	80		34	30	res-pois 20-30	exact base-name match
suffix	1341	of Greater Resistance	Greater Poison Resist [late; marker=property]	late	204	81		34	3	misl		greater_m_res-pois 39-39	greater_m_res-pois: func1=1/stat1=greater_poisonresist/val1= | func2=1/stat2=item_greaterAffixMarker/val2= | tooltip=Poison Resist +#%	of Resistance	940	Poison Resist	80		34	30	res-pois 20-30	exact base-name match
suffix	1342	of Greater Resistance	Greater All Resist [early; marker=property]	early	204	50	65	34	1	misl		greater_m_res-all 16-16	greater_m_res-all: func1=1/stat1=greater_fireresist/val1= | func2=3/stat2=greater_lightresist/val2= | func3=3/stat3=greater_coldresist/val3= | func4=3/stat4=greater_poisonresist/val4= | func5=1/stat5=item_greaterAffixMarker/val5= | tooltip=All Resistances +#	of Resistance	944	All Resist	80		34	30	res-all 8-12	exact base-name match
suffix	1343	of Greater Resistance	Greater All Resist [mid; marker=property]	mid	204	66	80	34	2	misl		greater_m_res-all 16-16	greater_m_res-all: func1=1/stat1=greater_fireresist/val1= | func2=3/stat2=greater_lightresist/val2= | func3=3/stat3=greater_coldresist/val3= | func4=3/stat4=greater_poisonresist/val4= | func5=1/stat5=item_greaterAffixMarker/val5= | tooltip=All Resistances +#	of Resistance	944	All Resist	80		34	30	res-all 8-12	exact base-name match
suffix	1344	of Greater Resistance	Greater All Resist [late; marker=property]	late	204	81		34	3	misl		greater_m_res-all 16-16	greater_m_res-all: func1=1/stat1=greater_fireresist/val1= | func2=3/stat2=greater_lightresist/val2= | func3=3/stat3=greater_coldresist/val3= | func4=3/stat4=greater_poisonresist/val4= | func5=1/stat5=item_greaterAffixMarker/val5= | tooltip=All Resistances +#	of Resistance	944	All Resist	80		34	30	res-all 8-12	exact base-name match
suffix	1345	of Greater Fortune	Greater magic and gold find [early; marker=property]	early	205	50	65	43	1	misl		greater_m_mag% 52-52; greater_gold% 104-104	greater_m_mag%: func1=1/stat1=greater_item_magicbonus/val1= | func2=1/stat2=item_greaterAffixMarker/val2= | tooltip=#% Better Chance of Getting Magic Items; greater_gold%: func1=1/stat1=greater_item_goldbonus/val1= | tooltip=#% Extra Gold from Monsters	of Fortune	948	magic and gold find	50		43	30	mag% 25-40; gold% 50-80	exact base-name match
suffix	1346	of Greater Fortune	Greater magic and gold find [mid; marker=property]	mid	205	66	80	43	2	misl		greater_m_mag% 52-52; greater_gold% 104-104	greater_m_mag%: func1=1/stat1=greater_item_magicbonus/val1= | func2=1/stat2=item_greaterAffixMarker/val2= | tooltip=#% Better Chance of Getting Magic Items; greater_gold%: func1=1/stat1=greater_item_goldbonus/val1= | tooltip=#% Extra Gold from Monsters	of Fortune	948	magic and gold find	50		43	30	mag% 25-40; gold% 50-80	exact base-name match
suffix	1347	of Greater Fortune	Greater magic and gold find [late; marker=property]	late	205	81		43	3	misl		greater_m_mag% 52-52; greater_gold% 104-104	greater_m_mag%: func1=1/stat1=greater_item_magicbonus/val1= | func2=1/stat2=item_greaterAffixMarker/val2= | tooltip=#% Better Chance of Getting Magic Items; greater_gold%: func1=1/stat1=greater_item_goldbonus/val1= | tooltip=#% Extra Gold from Monsters	of Fortune	948	magic and gold find	50		43	30	mag% 25-40; gold% 50-80	exact base-name match
suffix	1348	of Greater Transcendence	Greater ctc lower resist [early; marker=property]	early	206	50	65	68	1	misl		greater_m_hit-skill(param=Lower Resist) 13-13; greater_pierce-elem 20-20	greater_m_hit-skill: func1=11/stat1=greater_item_skillonhit/val1= | func2=1/stat2=item_greaterAffixMarker/val2= | tooltip=#% Chance to cast level # [Skill] on striking; greater_pierce-elem: func1=1/stat1=greater_passive_fire_pierce/val1= | func2=3/stat2=greater_passive_ltng_pierce/val2= | func3=3/stat3=greater_passive_cold_pierce/val3= | func4=3/stat4=greater_passive_pois_pierce/val4= | tooltip=-# % Enemy Elemental Resistances	of Transcendence	953	ctc lower resist	85		68	10	hit-skill(param=Lower Resist) 10-10; pierce-elem 10-15	exact base-name match
suffix	1349	of Greater Transcendence	Greater ctc lower resist [mid; marker=property]	mid	206	66	80	68	1	misl		greater_m_hit-skill(param=Lower Resist) 13-13; greater_pierce-elem 20-20	greater_m_hit-skill: func1=11/stat1=greater_item_skillonhit/val1= | func2=1/stat2=item_greaterAffixMarker/val2= | tooltip=#% Chance to cast level # [Skill] on striking; greater_pierce-elem: func1=1/stat1=greater_passive_fire_pierce/val1= | func2=3/stat2=greater_passive_ltng_pierce/val2= | func3=3/stat3=greater_passive_cold_pierce/val3= | func4=3/stat4=greater_passive_pois_pierce/val4= | tooltip=-# % Enemy Elemental Resistances	of Transcendence	953	ctc lower resist	85		68	10	hit-skill(param=Lower Resist) 10-10; pierce-elem 10-15	exact base-name match
suffix	1350	of Greater Transcendence	Greater ctc lower resist [late; marker=property]	late	206	81		68	1	misl		greater_m_hit-skill(param=Lower Resist) 13-13; greater_pierce-elem 20-20	greater_m_hit-skill: func1=11/stat1=greater_item_skillonhit/val1= | func2=1/stat2=item_greaterAffixMarker/val2= | tooltip=#% Chance to cast level # [Skill] on striking; greater_pierce-elem: func1=1/stat1=greater_passive_fire_pierce/val1= | func2=3/stat2=greater_passive_ltng_pierce/val2= | func3=3/stat3=greater_passive_cold_pierce/val3= | func4=3/stat4=greater_passive_pois_pierce/val4= | tooltip=-# % Enemy Elemental Resistances	of Transcendence	953	ctc lower resist	85		68	10	hit-skill(param=Lower Resist) 10-10; pierce-elem 10-15	exact base-name match
suffix	1351	of Greater Transcendence	Greater ctc amp damage [early; marker=property]	early	206	50	65	68	1	misl		greater_m_hit-skill(param=Amplify Damage) 13-13; greater_pierce-dmg 20-20	greater_m_hit-skill: func1=11/stat1=greater_item_skillonhit/val1= | func2=1/stat2=item_greaterAffixMarker/val2= | tooltip=#% Chance to cast level # [Skill] on striking; greater_pierce-dmg: func1=1/stat1=passive_dmg_pierce/val1= | tooltip=-#% to Enemy Lightning Resistance	of Transcendence	955	ctc amp damage	85		68	10	hit-skill(param=Amplify Damage) 10-10; pierce-dmg 10-15	exact base-name match
suffix	1352	of Greater Transcendence	Greater ctc amp damage [mid; marker=property]	mid	206	66	80	68	1	misl		greater_m_hit-skill(param=Amplify Damage) 13-13; greater_pierce-dmg 20-20	greater_m_hit-skill: func1=11/stat1=greater_item_skillonhit/val1= | func2=1/stat2=item_greaterAffixMarker/val2= | tooltip=#% Chance to cast level # [Skill] on striking; greater_pierce-dmg: func1=1/stat1=passive_dmg_pierce/val1= | tooltip=-#% to Enemy Lightning Resistance	of Transcendence	955	ctc amp damage	85		68	10	hit-skill(param=Amplify Damage) 10-10; pierce-dmg 10-15	exact base-name match
suffix	1353	of Greater Transcendence	Greater ctc amp damage [late; marker=property]	late	206	81		68	1	misl		greater_m_hit-skill(param=Amplify Damage) 13-13; greater_pierce-dmg 20-20	greater_m_hit-skill: func1=11/stat1=greater_item_skillonhit/val1= | func2=1/stat2=item_greaterAffixMarker/val2= | tooltip=#% Chance to cast level # [Skill] on striking; greater_pierce-dmg: func1=1/stat1=passive_dmg_pierce/val1= | tooltip=-#% to Enemy Lightning Resistance	of Transcendence	955	ctc amp damage	85		68	10	hit-skill(param=Amplify Damage) 10-10; pierce-dmg 10-15	exact base-name match
suffix	1354	of Greater Transcendence	Greater ctc weaken [early; marker=property]	early	206	50	65	68	1	misl		greater_m_hit-skill(param=Weaken) 13-13; greater_pierce-mag 20-20	greater_m_hit-skill: func1=11/stat1=greater_item_skillonhit/val1= | func2=1/stat2=item_greaterAffixMarker/val2= | tooltip=#% Chance to cast level # [Skill] on striking; greater_pierce-mag: func1=1/stat1=passive_mag_pierce/val1= | tooltip=-#% to Enemy Fire Resistance	of Transcendence	957	ctc weaken	85		68	10	hit-skill(param=Weaken) 10-10; pierce-mag 10-15	exact base-name match
suffix	1355	of Greater Transcendence	Greater ctc weaken [mid; marker=property]	mid	206	66	80	68	1	misl		greater_m_hit-skill(param=Weaken) 13-13; greater_pierce-mag 20-20	greater_m_hit-skill: func1=11/stat1=greater_item_skillonhit/val1= | func2=1/stat2=item_greaterAffixMarker/val2= | tooltip=#% Chance to cast level # [Skill] on striking; greater_pierce-mag: func1=1/stat1=passive_mag_pierce/val1= | tooltip=-#% to Enemy Fire Resistance	of Transcendence	957	ctc weaken	85		68	10	hit-skill(param=Weaken) 10-10; pierce-mag 10-15	exact base-name match
suffix	1356	of Greater Transcendence	Greater ctc weaken [late; marker=property]	late	206	81		68	1	misl		greater_m_hit-skill(param=Weaken) 13-13; greater_pierce-mag 20-20	greater_m_hit-skill: func1=11/stat1=greater_item_skillonhit/val1= | func2=1/stat2=item_greaterAffixMarker/val2= | tooltip=#% Chance to cast level # [Skill] on striking; greater_pierce-mag: func1=1/stat1=passive_mag_pierce/val1= | tooltip=-#% to Enemy Fire Resistance	of Transcendence	957	ctc weaken	85		68	10	hit-skill(param=Weaken) 10-10; pierce-mag 10-15	exact base-name match
