side	sample_item	line	group	name	mods	current_freq	proposed_freq	current_pool_weight	after_regular_weight	after_greater_weight	after_total_weight	before_per_slot	after_per_slot_existing_only	after_per_slot_with_greater	existing_only_relative_delta	with_greater_relative_delta
prefix	amul	116	110	Gold	att 81-100	12	120	468	4680	149	4829	0.02564102564102564	0.02564102564102564	0.024849865396562434	0.0	-0.030855249534065043
prefix	amul	190	125	Sage's	allskills 1-1	2	20	468	4680	149	4829	0.004273504273504274	0.004273504273504274	0.0041416442327604054	0.0	-0.030855249534065265
prefix	amul	192	125	Omniscient	allskills 2-2	2	20	468	4680	149	4829	0.004273504273504274	0.004273504273504274	0.0041416442327604054	0.0	-0.030855249534065265
prefix	amul	193	125	Maiden's	ama 1-1	8	80	468	4680	149	4829	0.017094017094017096	0.017094017094017096	0.016566576931041622	0.0	-0.030855249534065265
prefix	amul	196	125	Valkyrie's	ama 2-2	4	40	468	4680	149	4829	0.008547008547008548	0.008547008547008548	0.008283288465520811	0.0	-0.030855249534065265
prefix	amul	200	125	Monk's	pal 1-1	8	80	468	4680	149	4829	0.017094017094017096	0.017094017094017096	0.016566576931041622	0.0	-0.030855249534065265
prefix	amul	202	125	Priest's	pal 2-2	4	40	468	4680	149	4829	0.008547008547008548	0.008547008547008548	0.008283288465520811	0.0	-0.030855249534065265
prefix	amul	207	125	Summoner's	nec 1-1	8	80	468	4680	149	4829	0.017094017094017096	0.017094017094017096	0.016566576931041622	0.0	-0.030855249534065265
prefix	amul	210	125	Necromancer's	nec 2-2	4	40	468	4680	149	4829	0.008547008547008548	0.008547008547008548	0.008283288465520811	0.0	-0.030855249534065265
prefix	amul	213	125	Angel's	sor 1-1	8	80	468	4680	149	4829	0.017094017094017096	0.017094017094017096	0.016566576931041622	0.0	-0.030855249534065265
prefix	amul	216	125	Arch-Angel's	sor 2-2	4	40	468	4680	149	4829	0.008547008547008548	0.008547008547008548	0.008283288465520811	0.0	-0.030855249534065265
prefix	amul	219	125	Slayer's	bar 1-1	8	80	468	4680	149	4829	0.017094017094017096	0.017094017094017096	0.016566576931041622	0.0	-0.030855249534065265
prefix	amul	222	125	Berserker's	bar 2-2	4	40	468	4680	149	4829	0.008547008547008548	0.008547008547008548	0.008283288465520811	0.0	-0.030855249534065265
prefix	amul	227	125	Shaman's	dru 1-1	8	80	468	4680	149	4829	0.017094017094017096	0.017094017094017096	0.016566576931041622	0.0	-0.030855249534065265
prefix	amul	230	125	Hierophant's	dru 2-2	4	40	468	4680	149	4829	0.008547008547008548	0.008547008547008548	0.008283288465520811	0.0	-0.030855249534065265
prefix	amul	233	125	Magekiller's	ass 1-1	8	80	468	4680	149	4829	0.017094017094017096	0.017094017094017096	0.016566576931041622	0.0	-0.030855249534065265
prefix	amul	236	125	Witch-hunter's	ass 2-2	4	40	468	4680	149	4829	0.008547008547008548	0.008547008547008548	0.008283288465520811	0.0	-0.030855249534065265
prefix	amul	242	125	Acrobat's	skilltab(1) 1-1	2	20	468	4680	149	4829	0.004273504273504274	0.004273504273504274	0.0041416442327604054	0.0	-0.030855249534065265
prefix	amul	243	125	Gymnast's	skilltab(1) 2-2	2	20	468	4680	149	4829	0.004273504273504274	0.004273504273504274	0.0041416442327604054	0.0	-0.030855249534065265
prefix	amul	244	125	Athlete's	skilltab(1) 3-3	2	20	468	4680	149	4829	0.004273504273504274	0.004273504273504274	0.0041416442327604054	0.0	-0.030855249534065265
prefix	amul	248	125	Burning	skilltab(3) 1-1	2	20	468	4680	149	4829	0.004273504273504274	0.004273504273504274	0.0041416442327604054	0.0	-0.030855249534065265
prefix	amul	249	125	Blazing	skilltab(3) 2-2	2	20	468	4680	149	4829	0.004273504273504274	0.004273504273504274	0.0041416442327604054	0.0	-0.030855249534065265
prefix	amul	250	125	Volcanic	skilltab(3) 3-3	2	20	468	4680	149	4829	0.004273504273504274	0.004273504273504274	0.0041416442327604054	0.0	-0.030855249534065265
prefix	amul	251	125	Sparking	skilltab(4) 1-1	2	20	468	4680	149	4829	0.004273504273504274	0.004273504273504274	0.0041416442327604054	0.0	-0.030855249534065265
prefix	amul	252	125	Charged	skilltab(4) 2-2	2	20	468	4680	149	4829	0.004273504273504274	0.004273504273504274	0.0041416442327604054	0.0	-0.030855249534065265
prefix	amul	253	125	Powered	skilltab(4) 3-3	2	20	468	4680	149	4829	0.004273504273504274	0.004273504273504274	0.0041416442327604054	0.0	-0.030855249534065265
prefix	amul	254	125	Chilling	skilltab(5) 1-1	2	20	468	4680	149	4829	0.004273504273504274	0.004273504273504274	0.0041416442327604054	0.0	-0.030855249534065265
prefix	amul	255	125	Freezing	skilltab(5) 2-2	2	20	468	4680	149	4829	0.004273504273504274	0.004273504273504274	0.0041416442327604054	0.0	-0.030855249534065265
prefix	amul	256	125	Glacial	skilltab(5) 3-3	2	20	468	4680	149	4829	0.004273504273504274	0.004273504273504274	0.0041416442327604054	0.0	-0.030855249534065265
prefix	amul	257	125	Hexing	skilltab(6) 1-1	2	20	468	4680	149	4829	0.004273504273504274	0.004273504273504274	0.0041416442327604054	0.0	-0.030855249534065265
prefix	amul	258	125	Blighting	skilltab(6) 2-2	2	20	468	4680	149	4829	0.004273504273504274	0.004273504273504274	0.0041416442327604054	0.0	-0.030855249534065265
prefix	amul	259	125	Accursed	skilltab(6) 3-3	2	20	468	4680	149	4829	0.004273504273504274	0.004273504273504274	0.0041416442327604054	0.0	-0.030855249534065265
prefix	amul	260	125	Fungal	skilltab(7) 1-1	2	20	468	4680	149	4829	0.004273504273504274	0.004273504273504274	0.0041416442327604054	0.0	-0.030855249534065265
prefix	amul	261	125	Noxious	skilltab(7) 2-2	2	20	468	4680	149	4829	0.004273504273504274	0.004273504273504274	0.0041416442327604054	0.0	-0.030855249534065265
prefix	amul	262	125	Venomous	skilltab(7) 3-3	2	20	468	4680	149	4829	0.004273504273504274	0.004273504273504274	0.0041416442327604054	0.0	-0.030855249534065265
prefix	amul	263	125	Graverobber's	skilltab(8) 1-1	2	20	468	4680	149	4829	0.004273504273504274	0.004273504273504274	0.0041416442327604054	0.0	-0.030855249534065265
prefix	amul	264	125	Vodoun	skilltab(8) 2-2	2	20	468	4680	149	4829	0.004273504273504274	0.004273504273504274	0.0041416442327604054	0.0	-0.030855249534065265
prefix	amul	265	125	Golemlord's	skilltab(8) 3-3	2	20	468	4680	149	4829	0.004273504273504274	0.004273504273504274	0.0041416442327604054	0.0	-0.030855249534065265
prefix	amul	266	125	Lion Branded	skilltab(9) 1-1	2	20	468	4680	149	4829	0.004273504273504274	0.004273504273504274	0.0041416442327604054	0.0	-0.030855249534065265
prefix	amul	267	125	Hawk Branded	skilltab(9) 2-2	2	20	468	4680	149	4829	0.004273504273504274	0.004273504273504274	0.0041416442327604054	0.0	-0.030855249534065265
prefix	amul	268	125	Rose Branded	skilltab(9) 3-3	2	20	468	4680	149	4829	0.004273504273504274	0.004273504273504274	0.0041416442327604054	0.0	-0.030855249534065265
prefix	amul	269	125	Captain's	skilltab(10) 1-1	2	20	468	4680	149	4829	0.004273504273504274	0.004273504273504274	0.0041416442327604054	0.0	-0.030855249534065265
prefix	amul	270	125	Commander's	skilltab(10) 2-2	2	20	468	4680	149	4829	0.004273504273504274	0.004273504273504274	0.0041416442327604054	0.0	-0.030855249534065265
prefix	amul	271	125	Marshal's	skilltab(10) 3-3	2	20	468	4680	149	4829	0.004273504273504274	0.004273504273504274	0.0041416442327604054	0.0	-0.030855249534065265
prefix	amul	272	125	Preserver's	skilltab(11) 1-1	2	20	468	4680	149	4829	0.004273504273504274	0.004273504273504274	0.0041416442327604054	0.0	-0.030855249534065265
prefix	amul	273	125	Warder's	skilltab(11) 2-2	2	20	468	4680	149	4829	0.004273504273504274	0.004273504273504274	0.0041416442327604054	0.0	-0.030855249534065265
prefix	amul	274	125	Guardian's	skilltab(11) 3-3	2	20	468	4680	149	4829	0.004273504273504274	0.004273504273504274	0.0041416442327604054	0.0	-0.030855249534065265
prefix	amul	278	125	Fanatic	skilltab(13) 1-1	2	20	468	4680	149	4829	0.004273504273504274	0.004273504273504274	0.0041416442327604054	0.0	-0.030855249534065265
prefix	amul	279	125	Raging	skilltab(13) 2-2	2	20	468	4680	149	4829	0.004273504273504274	0.004273504273504274	0.0041416442327604054	0.0	-0.030855249534065265
prefix	amul	280	125	Furious	skilltab(13) 3-3	2	20	468	4680	149	4829	0.004273504273504274	0.004273504273504274	0.0041416442327604054	0.0	-0.030855249534065265
prefix	amul	281	125	Sounding	skilltab(14) 1-1	2	20	468	4680	149	4829	0.004273504273504274	0.004273504273504274	0.0041416442327604054	0.0	-0.030855249534065265
prefix	amul	282	125	Resonant	skilltab(14) 2-2	2	20	468	4680	149	4829	0.004273504273504274	0.004273504273504274	0.0041416442327604054	0.0	-0.030855249534065265
prefix	amul	283	125	Echoing	skilltab(14) 3-3	2	20	468	4680	149	4829	0.004273504273504274	0.004273504273504274	0.0041416442327604054	0.0	-0.030855249534065265
prefix	amul	284	125	Trainer's	skilltab(15) 1-1	2	20	468	4680	149	4829	0.004273504273504274	0.004273504273504274	0.0041416442327604054	0.0	-0.030855249534065265
prefix	amul	285	125	Caretaker's	skilltab(15) 2-2	2	20	468	4680	149	4829	0.004273504273504274	0.004273504273504274	0.0041416442327604054	0.0	-0.030855249534065265
prefix	amul	286	125	Keeper's	skilltab(15) 3-3	2	20	468	4680	149	4829	0.004273504273504274	0.004273504273504274	0.0041416442327604054	0.0	-0.030855249534065265
prefix	amul	287	125	Spiritual	skilltab(16) 1-1	2	20	468	4680	149	4829	0.004273504273504274	0.004273504273504274	0.0041416442327604054	0.0	-0.030855249534065265
prefix	amul	288	125	Feral	skilltab(16) 2-2	2	20	468	4680	149	4829	0.004273504273504274	0.004273504273504274	0.0041416442327604054	0.0	-0.030855249534065265
prefix	amul	289	125	Communal	skilltab(16) 3-3	2	20	468	4680	149	4829	0.004273504273504274	0.004273504273504274	0.0041416442327604054	0.0	-0.030855249534065265
prefix	amul	290	125	Nature's	skilltab(17) 1-1	2	20	468	4680	149	4829	0.004273504273504274	0.004273504273504274	0.0041416442327604054	0.0	-0.030855249534065265
prefix	amul	291	125	Terra's	skilltab(17) 2-2	2	20	468	4680	149	4829	0.004273504273504274	0.004273504273504274	0.0041416442327604054	0.0	-0.030855249534065265
prefix	amul	292	125	Gaea's	skilltab(17) 3-3	2	20	468	4680	149	4829	0.004273504273504274	0.004273504273504274	0.0041416442327604054	0.0	-0.030855249534065265
prefix	amul	293	125	Entrapping	skilltab(18) 1-1	2	20	468	4680	149	4829	0.004273504273504274	0.004273504273504274	0.0041416442327604054	0.0	-0.030855249534065265
prefix	amul	294	125	Trickster's	skilltab(18) 2-2	2	20	468	4680	149	4829	0.004273504273504274	0.004273504273504274	0.0041416442327604054	0.0	-0.030855249534065265
prefix	amul	295	125	Cunning	skilltab(18) 3-3	2	20	468	4680	149	4829	0.004273504273504274	0.004273504273504274	0.0041416442327604054	0.0	-0.030855249534065265
prefix	amul	296	125	Mentalist's	skilltab(19) 1-1	2	20	468	4680	149	4829	0.004273504273504274	0.004273504273504274	0.0041416442327604054	0.0	-0.030855249534065265
prefix	amul	297	125	Psychic	skilltab(19) 2-2	2	20	468	4680	149	4829	0.004273504273504274	0.004273504273504274	0.0041416442327604054	0.0	-0.030855249534065265
prefix	amul	298	125	Shadow	skilltab(19) 3-3	2	20	468	4680	149	4829	0.004273504273504274	0.004273504273504274	0.0041416442327604054	0.0	-0.030855249534065265
prefix	amul	299	125	Shogukusha's	skilltab(20) 1-1	2	20	468	4680	149	4829	0.004273504273504274	0.004273504273504274	0.0041416442327604054	0.0	-0.030855249534065265
prefix	amul	300	125	Sensei's	skilltab(20) 2-2	2	20	468	4680	149	4829	0.004273504273504274	0.004273504273504274	0.0041416442327604054	0.0	-0.030855249534065265
prefix	amul	301	125	Kenshi's	skilltab(20) 3-3	2	20	468	4680	149	4829	0.004273504273504274	0.004273504273504274	0.0041416442327604054	0.0	-0.030855249534065265
prefix	amul	302	201	Gnostics	skill-rand(2) 6-35	2	20	468	4680	149	4829	0.004273504273504274	0.004273504273504274	0.0041416442327604054	0.0	-0.030855249534065265
prefix	amul	303	201	Gnostics	skill-rand(3) 6-35	2	20	468	4680	149	4829	0.004273504273504274	0.004273504273504274	0.0041416442327604054	0.0	-0.030855249534065265
prefix	amul	304	201	Gnostics	skill-rand(4) 6-35	2	20	468	4680	149	4829	0.004273504273504274	0.004273504273504274	0.0041416442327604054	0.0	-0.030855249534065265
prefix	amul	305	201	Gnostics	skill-rand(5) 6-35	2	20	468	4680	149	4829	0.004273504273504274	0.004273504273504274	0.0041416442327604054	0.0	-0.030855249534065265
prefix	amul	306	201	Gnostics	skill-rand(2) 96-125	2	20	468	4680	149	4829	0.004273504273504274	0.004273504273504274	0.0041416442327604054	0.0	-0.030855249534065265
prefix	amul	307	201	Gnostics	skill-rand(3) 96-125	2	20	468	4680	149	4829	0.004273504273504274	0.004273504273504274	0.0041416442327604054	0.0	-0.030855249534065265
prefix	amul	308	201	Gnostics	skill-rand(4) 96-125	2	20	468	4680	149	4829	0.004273504273504274	0.004273504273504274	0.0041416442327604054	0.0	-0.030855249534065265
prefix	amul	309	201	Gnostics	skill-rand(5) 96-125	2	20	468	4680	149	4829	0.004273504273504274	0.004273504273504274	0.0041416442327604054	0.0	-0.030855249534065265
prefix	amul	310	201	Gnostics	skill-rand(2) 66-95	2	20	468	4680	149	4829	0.004273504273504274	0.004273504273504274	0.0041416442327604054	0.0	-0.030855249534065265
prefix	amul	311	201	Gnostics	skill-rand(3) 66-95	2	20	468	4680	149	4829	0.004273504273504274	0.004273504273504274	0.0041416442327604054	0.0	-0.030855249534065265
prefix	amul	312	201	Gnostics	skill-rand(4) 66-95	2	20	468	4680	149	4829	0.004273504273504274	0.004273504273504274	0.0041416442327604054	0.0	-0.030855249534065265
prefix	amul	313	201	Gnostics	skill-rand(5) 66-95	2	20	468	4680	149	4829	0.004273504273504274	0.004273504273504274	0.0041416442327604054	0.0	-0.030855249534065265
prefix	amul	314	201	Gnostics	skill-rand(2) 36-65	2	20	468	4680	149	4829	0.004273504273504274	0.004273504273504274	0.0041416442327604054	0.0	-0.030855249534065265
prefix	amul	315	201	Gnostics	skill-rand(3) 36-65	2	20	468	4680	149	4829	0.004273504273504274	0.004273504273504274	0.0041416442327604054	0.0	-0.030855249534065265
prefix	amul	316	201	Gnostics	skill-rand(4) 36-65	2	20	468	4680	149	4829	0.004273504273504274	0.004273504273504274	0.0041416442327604054	0.0	-0.030855249534065265
prefix	amul	317	201	Gnostics	skill-rand(5) 36-65	2	20	468	4680	149	4829	0.004273504273504274	0.004273504273504274	0.0041416442327604054	0.0	-0.030855249534065265
prefix	amul	318	201	Gnostics	skill-rand(2) 126-155	2	20	468	4680	149	4829	0.004273504273504274	0.004273504273504274	0.0041416442327604054	0.0	-0.030855249534065265
prefix	amul	319	201	Gnostics	skill-rand(3) 126-155	2	20	468	4680	149	4829	0.004273504273504274	0.004273504273504274	0.0041416442327604054	0.0	-0.030855249534065265
prefix	amul	320	201	Gnostics	skill-rand(4) 126-155	2	20	468	4680	149	4829	0.004273504273504274	0.004273504273504274	0.0041416442327604054	0.0	-0.030855249534065265
prefix	amul	321	201	Gnostics	skill-rand(5) 126-155	2	20	468	4680	149	4829	0.004273504273504274	0.004273504273504274	0.0041416442327604054	0.0	-0.030855249534065265
prefix	amul	322	201	Gnostics	skill-rand(2) 221-250	2	20	468	4680	149	4829	0.004273504273504274	0.004273504273504274	0.0041416442327604054	0.0	-0.030855249534065265
prefix	amul	323	201	Gnostics	skill-rand(3) 221-250	2	20	468	4680	149	4829	0.004273504273504274	0.004273504273504274	0.0041416442327604054	0.0	-0.030855249534065265
prefix	amul	324	201	Gnostics	skill-rand(4) 221-250	2	20	468	4680	149	4829	0.004273504273504274	0.004273504273504274	0.0041416442327604054	0.0	-0.030855249534065265
prefix	amul	325	201	Gnostics	skill-rand(5) 221-250	2	20	468	4680	149	4829	0.004273504273504274	0.004273504273504274	0.0041416442327604054	0.0	-0.030855249534065265
prefix	amul	326	201	Gnostics	skill-rand(2) 251-280	2	20	468	4680	149	4829	0.004273504273504274	0.004273504273504274	0.0041416442327604054	0.0	-0.030855249534065265
prefix	amul	327	201	Gnostics	skill-rand(3) 251-280	2	20	468	4680	149	4829	0.004273504273504274	0.004273504273504274	0.0041416442327604054	0.0	-0.030855249534065265
prefix	amul	328	201	Gnostics	skill-rand(4) 251-280	2	20	468	4680	149	4829	0.004273504273504274	0.004273504273504274	0.0041416442327604054	0.0	-0.030855249534065265
prefix	amul	329	201	Gnostics	skill-rand(5) 251-280	2	20	468	4680	149	4829	0.004273504273504274	0.004273504273504274	0.0041416442327604054	0.0	-0.030855249534065265
prefix	amul	350	117	Lapis	res-cold 11-20	8	80	468	4680	149	4829	0.017094017094017096	0.017094017094017096	0.016566576931041622	0.0	-0.030855249534065265
prefix	amul	352	117	Cobalt	res-cold 21-30	6	60	468	4680	149	4829	0.01282051282051282	0.01282051282051282	0.012424932698281217	0.0	-0.030855249534065043
prefix	amul	354	117	Sapphire	res-cold 31-40	6	60	468	4680	149	4829	0.01282051282051282	0.01282051282051282	0.012424932698281217	0.0	-0.030855249534065043
prefix	amul	359	118	Garnet	res-fire 21-30	6	60	468	4680	149	4829	0.01282051282051282	0.01282051282051282	0.012424932698281217	0.0	-0.030855249534065043
prefix	amul	361	118	Ruby	res-fire 31-40	6	60	468	4680	149	4829	0.01282051282051282	0.01282051282051282	0.012424932698281217	0.0	-0.030855249534065043
prefix	amul	365	119	Ocher	res-ltng 11-20	8	80	468	4680	149	4829	0.017094017094017096	0.017094017094017096	0.016566576931041622	0.0	-0.030855249534065265
prefix	amul	367	119	Coral	res-ltng 21-30	6	60	468	4680	149	4829	0.01282051282051282	0.01282051282051282	0.012424932698281217	0.0	-0.030855249534065043
prefix	amul	369	119	Amber	res-ltng 31-40	6	60	468	4680	149	4829	0.01282051282051282	0.01282051282051282	0.012424932698281217	0.0	-0.030855249534065043
prefix	amul	373	120	Viridian	res-pois 11-20	8	80	468	4680	149	4829	0.017094017094017096	0.017094017094017096	0.016566576931041622	0.0	-0.030855249534065265
prefix	amul	375	120	Jade	res-pois 21-30	6	60	468	4680	149	4829	0.01282051282051282	0.01282051282051282	0.012424932698281217	0.0	-0.030855249534065043
prefix	amul	377	120	Emerald	res-pois 31-40	6	60	468	4680	149	4829	0.01282051282051282	0.01282051282051282	0.012424932698281217	0.0	-0.030855249534065043
prefix	amul	387	116	Scintillating	res-all 12-15	10	100	468	4680	149	4829	0.021367521367521368	0.021367521367521368	0.02070822116380203	0.0	-0.030855249534065043
prefix	amul	388	116	Prismatic	res-all 16-20	8	80	468	4680	149	4829	0.017094017094017096	0.017094017094017096	0.016566576931041622	0.0	-0.030855249534065265
prefix	amul	389	116	Chromatic	res-all 21-30	6	60	468	4680	149	4829	0.01282051282051282	0.01282051282051282	0.012424932698281217	0.0	-0.030855249534065043
prefix	amul	397	115	Serpent's	mana 11-20	6	60	468	4680	149	4829	0.01282051282051282	0.01282051282051282	0.012424932698281217	0.0	-0.030855249534065043
prefix	amul	402	115	Wyrm's	mana 41-60	4	40	468	4680	149	4829	0.008547008547008548	0.008547008547008548	0.008283288465520811	0.0	-0.030855249534065265
prefix	amul	403	115	Great Wyrm's	mana 61-90	4	40	468	4680	149	4829	0.008547008547008548	0.008547008547008548	0.008283288465520811	0.0	-0.030855249534065265
prefix	amul	404	115	Bahamut's	mana 91-120	4	40	468	4680	149	4829	0.008547008547008548	0.008547008547008548	0.008283288465520811	0.0	-0.030855249534065265
prefix	amul	412	107	Vulpine	dmg-to-mana 7-12	6	60	468	4680	149	4829	0.01282051282051282	0.01282051282051282	0.012424932698281217	0.0	-0.030855249534065043
prefix	amul	417	114	Felicitous	mag% 5-10	8	80	468	4680	149	4829	0.017094017094017096	0.017094017094017096	0.016566576931041622	0.0	-0.030855249534065265
prefix	amul	418	114	Fortuitous	mag% 11-15	8	80	468	4680	149	4829	0.017094017094017096	0.017094017094017096	0.016566576931041622	0.0	-0.030855249534065265
prefix	amul	450	204	Loremaster's1	addxp 1-1	10	100	468	4680	149	4829	0.021367521367521368	0.021367521367521368	0.02070822116380203	0.0	-0.030855249534065043
prefix	amul	451	204	Loremaster's1	addxp 2-2	8	80	468	4680	149	4829	0.017094017094017096	0.017094017094017096	0.016566576931041622	0.0	-0.030855249534065265
prefix	amul	452	204	Sage's	addxp 3-3	6	60	468	4680	149	4829	0.01282051282051282	0.01282051282051282	0.012424932698281217	0.0	-0.030855249534065043
prefix	amul	453	204	Sage's	addxp 4-4	4	40	468	4680	149	4829	0.008547008547008548	0.008547008547008548	0.008283288465520811	0.0	-0.030855249534065265
prefix	amul	454	204	Master Sage's	addxp 5-5	2	20	468	4680	149	4829	0.004273504273504274	0.004273504273504274	0.0041416442327604054	0.0	-0.030855249534065265
prefix	amul	521	44	Charged1	charged(8) 33-11	1	10	468	4680	149	4829	0.002136752136752137	0.002136752136752137	0.0020708221163802027	0.0	-0.030855249534065265
prefix	amul	535	44	Charged1	charged(17) 35-15	1	10	468	4680	149	4829	0.002136752136752137	0.002136752136752137	0.0020708221163802027	0.0	-0.030855249534065265
prefix	amul	557	44	Charged1	charged(35) 300-15	1	10	468	4680	149	4829	0.002136752136752137	0.002136752136752137	0.0020708221163802027	0.0	-0.030855249534065265
prefix	amul	591	44	Charged1	charged(54) 300-1	1	10	468	4680	149	4829	0.002136752136752137	0.002136752136752137	0.0020708221163802027	0.0	-0.030855249534065265
prefix	amul	615	44	Charged1	charged(70) 25-10	1	10	468	4680	149	4829	0.002136752136752137	0.002136752136752137	0.0020708221163802027	0.0	-0.030855249534065265
prefix	amul	633	44	Charged1	charged(80) 50-20	1	10	468	4680	149	4829	0.002136752136752137	0.002136752136752137	0.0020708221163802027	0.0	-0.030855249534065265
prefix	amul	657	44	Charged1	charged(93) 200-23	1	10	468	4680	149	4829	0.002136752136752137	0.002136752136752137	0.0020708221163802027	0.0	-0.030855249534065265
prefix	amul	697	44	Charged1	charged(150) 35-15	1	10	468	4680	149	4829	0.002136752136752137	0.002136752136752137	0.0020708221163802027	0.0	-0.030855249534065265
prefix	amul	711	44	Charged1	charged(240) 300-25	1	10	468	4680	149	4829	0.002136752136752137	0.002136752136752137	0.0020708221163802027	0.0	-0.030855249534065265
prefix	amul	715	44	Charged1	charged(245) 200-15	1	10	468	4680	149	4829	0.002136752136752137	0.002136752136752137	0.0020708221163802027	0.0	-0.030855249534065265
prefix	amul	719	44	Charged1	charged(250) 100-28	1	10	468	4680	149	4829	0.002136752136752137	0.002136752136752137	0.0020708221163802027	0.0	-0.030855249534065265
prefix	amul	731	44	Charged1	charged(264) 55-15	1	10	468	4680	149	4829	0.002136752136752137	0.002136752136752137	0.0020708221163802027	0.0	-0.030855249534065265
prefix	amul	734	44	Charged1	charged(267) 35-12	1	10	468	4680	149	4829	0.002136752136752137	0.002136752136752137	0.0020708221163802027	0.0	-0.030855249534065265
prefix	amul	736	44	Charged1	charged(268) 15-15	1	10	468	4680	149	4829	0.002136752136752137	0.002136752136752137	0.0020708221163802027	0.0	-0.030855249534065265
prefix	amul	750	44	Charged1	charged(279) 10-18	1	10	468	4680	149	4829	0.002136752136752137	0.002136752136752137	0.0020708221163802027	0.0	-0.030855249534065265
prefix	amul	1060	125	Chaotic	skilltab(23) 1-1	1	10	468	4680	149	4829	0.002136752136752137	0.002136752136752137	0.0020708221163802027	0.0	-0.030855249534065265
prefix	amul	1061	125	Erratic	skilltab(23) 2-2	1	10	468	4680	149	4829	0.002136752136752137	0.002136752136752137	0.0020708221163802027	0.0	-0.030855249534065265
prefix	amul	1062	125	Torrid	skilltab(23) 3-3	1	10	468	4680	149	4829	0.002136752136752137	0.002136752136752137	0.0020708221163802027	0.0	-0.030855249534065265
prefix	amul	1063	125	Sullied	skilltab(22) 1-1	1	10	468	4680	149	4829	0.002136752136752137	0.002136752136752137	0.0020708221163802027	0.0	-0.030855249534065265
prefix	amul	1064	125	TaintedAffix	skilltab(22) 2-2	1	10	468	4680	149	4829	0.002136752136752137	0.002136752136752137	0.0020708221163802027	0.0	-0.030855249534065265
prefix	amul	1065	125	Forbidden	skilltab(22) 3-3	1	10	468	4680	149	4829	0.002136752136752137	0.002136752136752137	0.0020708221163802027	0.0	-0.030855249534065265
prefix	amul	1066	125	Fiendish	skilltab(21) 1-1	1	10	468	4680	149	4829	0.002136752136752137	0.002136752136752137	0.0020708221163802027	0.0	-0.030855249534065265
prefix	amul	1067	125	Dreadful	skilltab(21) 2-2	1	10	468	4680	149	4829	0.002136752136752137	0.002136752136752137	0.0020708221163802027	0.0	-0.030855249534065265
prefix	amul	1068	125	Malevolent	skilltab(21) 3-3	1	10	468	4680	149	4829	0.002136752136752137	0.002136752136752137	0.0020708221163802027	0.0	-0.030855249534065265
prefix	amul	1069	125	Devil's	war 1-1	4	40	468	4680	149	4829	0.008547008547008548	0.008547008547008548	0.008283288465520811	0.0	-0.030855249534065265
prefix	amul	1070	125	Arch-Devil's	war 2-2	2	20	468	4680	149	4829	0.004273504273504274	0.004273504273504274	0.0041416442327604054	0.0	-0.030855249534065265
prefix	amul	1085	201	Devil's	skill-rand(2) 373-402	2	20	468	4680	149	4829	0.004273504273504274	0.004273504273504274	0.0041416442327604054	0.0	-0.030855249534065265
prefix	amul	1086	201	Devil's	skill-rand(3) 373-402	2	20	468	4680	149	4829	0.004273504273504274	0.004273504273504274	0.0041416442327604054	0.0	-0.030855249534065265
prefix	amul	1087	201	Devil's	skill-rand(4) 373-402	2	20	468	4680	149	4829	0.004273504273504274	0.004273504273504274	0.0041416442327604054	0.0	-0.030855249534065265
prefix	amul	1088	201	Devil's	skill-rand(5) 373-402	2	20	468	4680	149	4829	0.004273504273504274	0.004273504273504274	0.0041416442327604054	0.0	-0.030855249534065265
prefix	axe	9	111	Merciless	dmg% 101-125	150	1500	1238	12380	92	12472	0.12116316639741519	0.12116316639741519	0.12026940346375882	0.0	-0.0073765234124438805
prefix	axe	10	111	Merciless	dmg% 126-150	150	1500	1238	12380	92	12472	0.12116316639741519	0.12116316639741519	0.12026940346375882	0.0	-0.0073765234124438805
prefix	axe	11	111	Ferocious	dmg% 151-200	114	1140	1238	12380	92	12472	0.09208400646203554	0.09208400646203554	0.09140474663245671	0.0	-0.0073765234124438805
prefix	axe	12	111	Ferocious	dmg% 210-233	114	1140	1238	12380	92	12472	0.09208400646203554	0.09208400646203554	0.09140474663245671	0.0	-0.0073765234124438805
prefix	axe	13	111	Cruel	dmg% 234-266	114	1140	1238	12380	92	12472	0.09208400646203554	0.09208400646203554	0.09140474663245671	0.0	-0.0073765234124438805
prefix	axe	14	111	Cruel	dmg% 267-300	114	1140	1238	12380	92	12472	0.09208400646203554	0.09208400646203554	0.09140474663245671	0.0	-0.0073765234124438805
prefix	axe	22	111	Paradox	dmg%/lvl(8) -	2	20	1238	12380	92	12472	0.0016155088852988692	0.0016155088852988692	0.001603592046183451	0.0	-0.0073765234124438805
prefix	axe	23	111	Paradox	dmg%/lvl(12) -	2	20	1238	12380	92	12472	0.0016155088852988692	0.0016155088852988692	0.001603592046183451	0.0	-0.0073765234124438805
prefix	axe	24	111	Paradox	dmg%/lvl(16) -	2	20	1238	12380	92	12472	0.0016155088852988692	0.0016155088852988692	0.001603592046183451	0.0	-0.0073765234124438805
prefix	axe	25	111	Paradox	dmg%/lvl(24) -	2	20	1238	12380	92	12472	0.0016155088852988692	0.0016155088852988692	0.001603592046183451	0.0	-0.0073765234124438805
prefix	axe	26	111	Paradox	dmg%/lvl(32) -	2	20	1238	12380	92	12472	0.0016155088852988692	0.0016155088852988692	0.001603592046183451	0.0	-0.0073765234124438805
prefix	axe	55	111	Lord's	att 151-175, dmg% 101-133	4	40	1238	12380	92	12472	0.0032310177705977385	0.0032310177705977385	0.003207184092366902	0.0	-0.0073765234124438805
prefix	axe	56	111	Lord's	deadly 8-16, dmg% 101-133	2	20	1238	12380	92	12472	0.0016155088852988692	0.0016155088852988692	0.001603592046183451	0.0	-0.0073765234124438805
prefix	axe	57	111	Lord's	crush 8-16, dmg% 101-133	2	20	1238	12380	92	12472	0.0016155088852988692	0.0016155088852988692	0.001603592046183451	0.0	-0.0073765234124438805
prefix	axe	58	111	Lord's	openwounds 45-57, dmg% 101-133	2	20	1238	12380	92	12472	0.0016155088852988692	0.0016155088852988692	0.001603592046183451	0.0	-0.0073765234124438805
prefix	axe	59	111	Overlord's	att 176-200, dmg% 134-166	4	40	1238	12380	92	12472	0.0032310177705977385	0.0032310177705977385	0.003207184092366902	0.0	-0.0073765234124438805
prefix	axe	60	111	Overlord's	deadly 9-18, dmg% 134-166	2	20	1238	12380	92	12472	0.0016155088852988692	0.0016155088852988692	0.001603592046183451	0.0	-0.0073765234124438805
prefix	axe	61	111	Overlord's	crush 9-18, dmg% 134-166	2	20	1238	12380	92	12472	0.0016155088852988692	0.0016155088852988692	0.001603592046183451	0.0	-0.0073765234124438805
prefix	axe	62	111	Overlord's	openwounds 58-67, dmg% 134-166	2	20	1238	12380	92	12472	0.0016155088852988692	0.0016155088852988692	0.001603592046183451	0.0	-0.0073765234124438805
prefix	axe	63	111	King's	att 210-225, dmg% 167-200	4	40	1238	12380	92	12472	0.0032310177705977385	0.0032310177705977385	0.003207184092366902	0.0	-0.0073765234124438805
prefix	axe	64	111	King's	deadly 10-20, dmg% 167-200	2	20	1238	12380	92	12472	0.0016155088852988692	0.0016155088852988692	0.001603592046183451	0.0	-0.0073765234124438805
prefix	axe	65	111	King's	crush 10-20, dmg% 167-200	2	20	1238	12380	92	12472	0.0016155088852988692	0.0016155088852988692	0.001603592046183451	0.0	-0.0073765234124438805
prefix	axe	66	111	King's	openwounds 68-75, dmg% 167-200	2	20	1238	12380	92	12472	0.0016155088852988692	0.0016155088852988692	0.001603592046183451	0.0	-0.0073765234124438805
prefix	axe	67	111	Master's	att 210-225, dmg% 201-250	4	40	1238	12380	92	12472	0.0032310177705977385	0.0032310177705977385	0.003207184092366902	0.0	-0.0073765234124438805
prefix	axe	68	111	Master's	deadly 12-24, dmg% 201-250	2	20	1238	12380	92	12472	0.0016155088852988692	0.0016155088852988692	0.001603592046183451	0.0	-0.0073765234124438805
prefix	axe	69	111	Master's	crush 12-24, dmg% 201-250	2	20	1238	12380	92	12472	0.0016155088852988692	0.0016155088852988692	0.001603592046183451	0.0	-0.0073765234124438805
prefix	axe	70	111	Master's	openwounds 76-83, dmg% 201-250	2	20	1238	12380	92	12472	0.0016155088852988692	0.0016155088852988692	0.001603592046183451	0.0	-0.0073765234124438805
prefix	axe	71	111	Highmaster's	att 251-275, dmg% 251-300	4	40	1238	12380	92	12472	0.0032310177705977385	0.0032310177705977385	0.003207184092366902	0.0	-0.0073765234124438805
prefix	axe	72	111	Highmaster's	deadly 13-26, dmg% 251-300	2	20	1238	12380	92	12472	0.0016155088852988692	0.0016155088852988692	0.001603592046183451	0.0	-0.0073765234124438805
prefix	axe	73	111	Highmaster's	crush 13-26, dmg% 251-300	2	20	1238	12380	92	12472	0.0016155088852988692	0.0016155088852988692	0.001603592046183451	0.0	-0.0073765234124438805
prefix	axe	74	111	Highmaster's	openwounds 84-93, dmg% 251-300	2	20	1238	12380	92	12472	0.0016155088852988692	0.0016155088852988692	0.001603592046183451	0.0	-0.0073765234124438805
prefix	axe	75	111	Grandmaster's	att 276-300, dmg% 301-350	4	40	1238	12380	92	12472	0.0032310177705977385	0.0032310177705977385	0.003207184092366902	0.0	-0.0073765234124438805
prefix	axe	76	111	Grandmaster's	deadly 15-30, dmg% 301-350	2	20	1238	12380	92	12472	0.0016155088852988692	0.0016155088852988692	0.001603592046183451	0.0	-0.0073765234124438805
prefix	axe	77	111	Grandmaster's	crush 15-30, dmg% 301-350	2	20	1238	12380	92	12472	0.0016155088852988692	0.0016155088852988692	0.001603592046183451	0.0	-0.0073765234124438805
prefix	axe	78	111	Grandmaster's	openwounds 94-100, dmg% 301-350	2	20	1238	12380	92	12472	0.0016155088852988692	0.0016155088852988692	0.001603592046183451	0.0	-0.0073765234124438805
prefix	axe	85	111	Stalwart	ac 33-40, dmg% 71-80	4	40	1238	12380	92	12472	0.0032310177705977385	0.0032310177705977385	0.003207184092366902	0.0	-0.0073765234124438805
prefix	axe	86	111	Stalwart	ac 44-50, dmg% 81-100	4	40	1238	12380	92	12472	0.0032310177705977385	0.0032310177705977385	0.003207184092366902	0.0	-0.0073765234124438805
prefix	axe	87	111	Stalwart	ac 60-70, dmg% 101-125	4	40	1238	12380	92	12472	0.0032310177705977385	0.0032310177705977385	0.003207184092366902	0.0	-0.0073765234124438805
prefix	axe	88	111	Stalwart	ac 70-85, dmg% 126-150	2	20	1238	12380	92	12472	0.0016155088852988692	0.0016155088852988692	0.001603592046183451	0.0	-0.0073765234124438805
prefix	axe	89	111	Stalwart	ac 86-100, dmg% 151-175	2	20	1238	12380	92	12472	0.0016155088852988692	0.0016155088852988692	0.001603592046183451	0.0	-0.0073765234124438805
prefix	axe	90	111	Stalwart	ac 100-125, dmg% 176-200	2	20	1238	12380	92	12472	0.0016155088852988692	0.0016155088852988692	0.001603592046183451	0.0	-0.0073765234124438805
prefix	axe	91	111	Loremaster's1	addxp 2-2, dmg% 76-100	4	40	1238	12380	92	12472	0.0032310177705977385	0.0032310177705977385	0.003207184092366902	0.0	-0.0073765234124438805
prefix	axe	92	111	Sage's	addxp 2-2, dmg% 101-150	4	40	1238	12380	92	12472	0.0032310177705977385	0.0032310177705977385	0.003207184092366902	0.0	-0.0073765234124438805
prefix	axe	93	111	Sage's	addxp 2-2, dmg% 151-225	2	20	1238	12380	92	12472	0.0016155088852988692	0.0016155088852988692	0.001603592046183451	0.0	-0.0073765234124438805
prefix	axe	94	111	Master Sage's	addxp 3-3, dmg% 225-250	2	20	1238	12380	92	12472	0.0016155088852988692	0.0016155088852988692	0.001603592046183451	0.0	-0.0073765234124438805
prefix	axe	95	111	Ghostly	dmg% 101-125, ethereal 1-1, rep-dur(10) -	4	40	1238	12380	92	12472	0.0032310177705977385	0.0032310177705977385	0.003207184092366902	0.0	-0.0073765234124438805
prefix	axe	96	111	Spectral1	dmg% 126-150, ethereal 1-1, rep-dur(10) -	4	40	1238	12380	92	12472	0.0032310177705977385	0.0032310177705977385	0.003207184092366902	0.0	-0.0073765234124438805
prefix	axe	97	111	Phantom1	dmg% 151-175, ethereal 1-1, rep-dur(10) -	4	40	1238	12380	92	12472	0.0032310177705977385	0.0032310177705977385	0.003207184092366902	0.0	-0.0073765234124438805
prefix	axe	98	111	Wraithly1	dmg% 176-200, ethereal 1-1, rep-dur(10) -	4	40	1238	12380	92	12472	0.0032310177705977385	0.0032310177705977385	0.003207184092366902	0.0	-0.0073765234124438805
prefix	axe	102	123	Astral	att-demon 151-200, dmg-demon 101-150	2	20	1238	12380	92	12472	0.0016155088852988692	0.0016155088852988692	0.001603592046183451	0.0	-0.0073765234124438805
prefix	axe	103	123	Elysian	att-demon 201-300, dmg-demon 151-200	2	20	1238	12380	92	12472	0.0016155088852988692	0.0016155088852988692	0.001603592046183451	0.0	-0.0073765234124438805
prefix	axe	104	123	Celestial	att-demon 301-400, dmg-demon 201-300	2	20	1238	12380	92	12472	0.0016155088852988692	0.0016155088852988692	0.001603592046183451	0.0	-0.0073765234124438805
prefix	axe	108	142	Sacred	att-undead 175-250, dmg-undead 126-200	4	40	1238	12380	92	12472	0.0032310177705977385	0.0032310177705977385	0.003207184092366902	0.0	-0.0073765234124438805
prefix	axe	109	142	Hallowed	att-undead 251-325, dmg-undead 201-275	2	20	1238	12380	92	12472	0.0016155088852988692	0.0016155088852988692	0.001603592046183451	0.0	-0.0073765234124438805
prefix	axe	110	142	Divine	att-undead 326-450, dmg-undead 276-350	2	20	1238	12380	92	12472	0.0016155088852988692	0.0016155088852988692	0.001603592046183451	0.0	-0.0073765234124438805
prefix	axe	116	110	Gold	att 81-100	12	120	1238	12380	92	12472	0.009693053311793215	0.009693053311793215	0.009621552277100705	0.0	-0.0073765234124438805
prefix	axe	117	110	Platinum	att 101-125	12	120	1238	12380	92	12472	0.009693053311793215	0.009693053311793215	0.009621552277100705	0.0	-0.0073765234124438805
prefix	axe	118	110	Meteoric	att 126-150	10	100	1238	12380	92	12472	0.008077544426494346	0.008077544426494346	0.008017960230917255	0.0	-0.0073765234124437695
prefix	axe	119	110	Strange	att 151-300	10	100	1238	12380	92	12472	0.008077544426494346	0.008077544426494346	0.008017960230917255	0.0	-0.0073765234124437695
prefix	axe	120	110	Weird	att 301-450	8	80	1238	12380	92	12472	0.006462035541195477	0.006462035541195477	0.006414368184733804	0.0	-0.0073765234124438805
prefix	axe	127	111	Falconeye	att/lvl(8) -	2	20	1238	12380	92	12472	0.0016155088852988692	0.0016155088852988692	0.001603592046183451	0.0	-0.0073765234124438805
prefix	axe	128	111	Hawkeye	att/lvl(12) -	14	140	1238	12380	92	12472	0.011308562197092083	0.011308562197092083	0.011225144323284156	0.0	-0.0073765234124438805
prefix	axe	129	111	Eagleeye	att/lvl(16) -	2	20	1238	12380	92	12472	0.0016155088852988692	0.0016155088852988692	0.001603592046183451	0.0	-0.0073765234124438805
prefix	axe	132	200	Fastidious1	att% 15-19	4	40	1238	12380	92	12472	0.0032310177705977385	0.0032310177705977385	0.003207184092366902	0.0	-0.0073765234124438805
prefix	axe	133	200	Meticulous1	att% 20-24	4	40	1238	12380	92	12472	0.0032310177705977385	0.0032310177705977385	0.003207184092366902	0.0	-0.0073765234124438805
prefix	axe	134	200	Veracious1	att% 25-35	2	20	1238	12380	92	12472	0.0016155088852988692	0.0016155088852988692	0.001603592046183451	0.0	-0.0073765234124438805
prefix	axe	147	105	Joker's	dmg/lvl(6) -, att/lvl(20) -	2	20	1238	12380	92	12472	0.0016155088852988692	0.0016155088852988692	0.001603592046183451	0.0	-0.0073765234124438805
prefix	axe	148	105	Trump	dmg/lvl(8) -, att/lvl(24) -	14	140	1238	12380	92	12472	0.011308562197092083	0.011308562197092083	0.011225144323284156	0.0	-0.0073765234124438805
prefix	axe	151	105	Yelling	dmg/lvl(8) -	2	20	1238	12380	92	12472	0.0016155088852988692	0.0016155088852988692	0.001603592046183451	0.0	-0.0073765234124438805
prefix	axe	152	105	Shouting	dmg/lvl(12) -	2	20	1238	12380	92	12472	0.0016155088852988692	0.0016155088852988692	0.001603592046183451	0.0	-0.0073765234124438805
prefix	axe	153	105	Gritty	dmg/lvl(16) -	14	140	1238	12380	92	12472	0.011308562197092083	0.011308562197092083	0.011225144323284156	0.0	-0.0073765234124438805
prefix	axe	223	125	Slayer's	bar 1-1	8	80	1238	12380	92	12472	0.006462035541195477	0.006462035541195477	0.006414368184733804	0.0	-0.0073765234124438805
prefix	axe	224	125	Berserker's	bar 2-2	2	20	1238	12380	92	12472	0.0016155088852988692	0.0016155088852988692	0.001603592046183451	0.0	-0.0073765234124438805
prefix	axe	275	125	Expert's	skilltab(12) 1-1	2	20	1238	12380	92	12472	0.0016155088852988692	0.0016155088852988692	0.001603592046183451	0.0	-0.0073765234124438805
prefix	axe	276	125	Veteran's	skilltab(12) 2-2	2	20	1238	12380	92	12472	0.0016155088852988692	0.0016155088852988692	0.001603592046183451	0.0	-0.0073765234124438805
prefix	axe	277	125	Master's	skilltab(12) 3-3	2	20	1238	12380	92	12472	0.0016155088852988692	0.0016155088852988692	0.001603592046183451	0.0	-0.0073765234124438805
prefix	axe	278	125	Fanatic	skilltab(13) 1-1	2	20	1238	12380	92	12472	0.0016155088852988692	0.0016155088852988692	0.001603592046183451	0.0	-0.0073765234124438805
prefix	axe	279	125	Raging	skilltab(13) 2-2	2	20	1238	12380	92	12472	0.0016155088852988692	0.0016155088852988692	0.001603592046183451	0.0	-0.0073765234124438805
prefix	axe	280	125	Furious	skilltab(13) 3-3	2	20	1238	12380	92	12472	0.0016155088852988692	0.0016155088852988692	0.001603592046183451	0.0	-0.0073765234124438805
prefix	axe	281	125	Sounding	skilltab(14) 1-1	2	20	1238	12380	92	12472	0.0016155088852988692	0.0016155088852988692	0.001603592046183451	0.0	-0.0073765234124438805
prefix	axe	282	125	Resonant	skilltab(14) 2-2	2	20	1238	12380	92	12472	0.0016155088852988692	0.0016155088852988692	0.001603592046183451	0.0	-0.0073765234124438805
prefix	axe	283	125	Echoing	skilltab(14) 3-3	2	20	1238	12380	92	12472	0.0016155088852988692	0.0016155088852988692	0.001603592046183451	0.0	-0.0073765234124438805
prefix	axe	331	137	Shivering	cold-len 50-50, cold-min 10-15, cold-max 31-45	4	40	1238	12380	92	12472	0.0032310177705977385	0.0032310177705977385	0.003207184092366902	0.0	-0.0073765234124438805
prefix	axe	332	137	Boreal	cold-len 75-75, cold-min 16-23, cold-max 46-90	2	20	1238	12380	92	12472	0.0016155088852988692	0.0016155088852988692	0.001603592046183451	0.0	-0.0073765234124438805
prefix	axe	333	137	Hibernal	cold-len 100-100, cold-min 24-45, cold-max 91-140	2	20	1238	12380	92	12472	0.0016155088852988692	0.0016155088852988692	0.001603592046183451	0.0	-0.0073765234124438805
prefix	axe	335	138	Smoldering	fire-min 26-50, fire-max 61-90	4	40	1238	12380	92	12472	0.0032310177705977385	0.0032310177705977385	0.003207184092366902	0.0	-0.0073765234124438805
prefix	axe	336	138	Smoking	fire-min 51-80, fire-max 91-130	2	20	1238	12380	92	12472	0.0016155088852988692	0.0016155088852988692	0.001603592046183451	0.0	-0.0073765234124438805
prefix	axe	337	138	Flaming	fire-min 81-120, fire-max 131-180	2	20	1238	12380	92	12472	0.0016155088852988692	0.0016155088852988692	0.001603592046183451	0.0	-0.0073765234124438805
prefix	axe	338	138	Scorching	fire-min 121-170, fire-max 181-240	2	20	1238	12380	92	12472	0.0016155088852988692	0.0016155088852988692	0.001603592046183451	0.0	-0.0073765234124438805
prefix	axe	340	139	Glowing	ltng-min 1-1, ltng-max 121-180	4	40	1238	12380	92	12472	0.0032310177705977385	0.0032310177705977385	0.003207184092366902	0.0	-0.0073765234124438805
prefix	axe	341	139	Buzzing	ltng-min 1-1, ltng-max 181-260	2	20	1238	12380	92	12472	0.0016155088852988692	0.0016155088852988692	0.001603592046183451	0.0	-0.0073765234124438805
prefix	axe	342	139	Arcing	ltng-min 1-1, ltng-max 261-360	2	20	1238	12380	92	12472	0.0016155088852988692	0.0016155088852988692	0.001603592046183451	0.0	-0.0073765234124438805
prefix	axe	343	139	Shocking	ltng-min 1-1, ltng-max 361-480	2	20	1238	12380	92	12472	0.0016155088852988692	0.0016155088852988692	0.001603592046183451	0.0	-0.0073765234124438805
prefix	axe	345	140	Envenomed	dmg-pois(75) 41-41	4	40	1238	12380	92	12472	0.0032310177705977385	0.0032310177705977385	0.003207184092366902	0.0	-0.0073765234124438805
prefix	axe	346	140	Corosive	dmg-pois(100) 205-205	2	20	1238	12380	92	12472	0.0016155088852988692	0.0016155088852988692	0.001603592046183451	0.0	-0.0073765234124438805
prefix	axe	347	140	Toxic	dmg-pois(125) 308-308	2	20	1238	12380	92	12472	0.0016155088852988692	0.0016155088852988692	0.001603592046183451	0.0	-0.0073765234124438805
prefix	axe	348	140	Pestilent	dmg-pois(150) 470-470	2	20	1238	12380	92	12472	0.0016155088852988692	0.0016155088852988692	0.001603592046183451	0.0	-0.0073765234124438805
prefix	axe	351	117	Lapis	res-cold 11-20	4	40	1238	12380	92	12472	0.0032310177705977385	0.0032310177705977385	0.003207184092366902	0.0	-0.0073765234124438805
prefix	axe	353	117	Cobalt	res-cold 21-30	4	40	1238	12380	92	12472	0.0032310177705977385	0.0032310177705977385	0.003207184092366902	0.0	-0.0073765234124438805
prefix	axe	358	118	Russet	res-fire 11-20	2	20	1238	12380	92	12472	0.0016155088852988692	0.0016155088852988692	0.001603592046183451	0.0	-0.0073765234124438805
prefix	axe	360	118	Garnet	res-fire 21-30	2	20	1238	12380	92	12472	0.0016155088852988692	0.0016155088852988692	0.001603592046183451	0.0	-0.0073765234124438805
prefix	axe	366	119	Ocher	res-ltng 11-20	2	20	1238	12380	92	12472	0.0016155088852988692	0.0016155088852988692	0.001603592046183451	0.0	-0.0073765234124438805
prefix	axe	368	119	Coral	res-ltng 21-30	2	20	1238	12380	92	12472	0.0016155088852988692	0.0016155088852988692	0.001603592046183451	0.0	-0.0073765234124438805
prefix	axe	374	120	Viridian	res-pois 11-20	2	20	1238	12380	92	12472	0.0016155088852988692	0.0016155088852988692	0.001603592046183451	0.0	-0.0073765234124438805
prefix	axe	376	120	Jade	res-pois 21-30	2	20	1238	12380	92	12472	0.0016155088852988692	0.0016155088852988692	0.001603592046183451	0.0	-0.0073765234124438805
prefix	axe	398	115	Serpent's	mana 11-20	4	40	1238	12380	92	12472	0.0032310177705977385	0.0032310177705977385	0.003207184092366902	0.0	-0.0073765234124438805
prefix	axe	410	121	Victorious	mana-kill 2-5	8	80	1238	12380	92	12472	0.006462035541195477	0.006462035541195477	0.006414368184733804	0.0	-0.0073765234124438805
prefix	axe	420	122	Mechanist's	sock 1-2	6	60	1238	12380	92	12472	0.004846526655896607	0.004846526655896607	0.004810776138550353	0.0	-0.0073765234124438805
prefix	axe	421	122	Artificer's	sock(3) -	4	40	1238	12380	92	12472	0.0032310177705977385	0.0032310177705977385	0.003207184092366902	0.0	-0.0073765234124438805
prefix	axe	422	122	Jeweler's	sock(4) -	2	20	1238	12380	92	12472	0.0016155088852988692	0.0016155088852988692	0.001603592046183451	0.0	-0.0073765234124438805
prefix	axe	447	203	Elemental1	dmg-elem(75) 21-50	4	40	1238	12380	92	12472	0.0032310177705977385	0.0032310177705977385	0.003207184092366902	0.0	-0.0073765234124438805
prefix	axe	448	203	Elemental1	dmg-elem(100) 51-125	2	20	1238	12380	92	12472	0.0016155088852988692	0.0016155088852988692	0.001603592046183451	0.0	-0.0073765234124438805
prefix	axe	449	203	Elemental1	dmg-elem(125) 64-200	2	20	1238	12380	92	12472	0.0016155088852988692	0.0016155088852988692	0.001603592046183451	0.0	-0.0073765234124438805
prefix	axe	450	204	Loremaster's1	addxp 1-1	10	100	1238	12380	92	12472	0.008077544426494346	0.008077544426494346	0.008017960230917255	0.0	-0.0073765234124437695
prefix	axe	451	204	Loremaster's1	addxp 2-2	8	80	1238	12380	92	12472	0.006462035541195477	0.006462035541195477	0.006414368184733804	0.0	-0.0073765234124438805
prefix	axe	452	204	Sage's	addxp 3-3	6	60	1238	12380	92	12472	0.004846526655896607	0.004846526655896607	0.004810776138550353	0.0	-0.0073765234124438805
prefix	axe	461	206	Bronze-Wrought	dmg% 10-15, dur 5-5	4	40	1238	12380	92	12472	0.0032310177705977385	0.0032310177705977385	0.003207184092366902	0.0	-0.0073765234124438805
prefix	axe	462	206	Iron-Wrought	dmg% 16-25, dur 6-10	4	40	1238	12380	92	12472	0.0032310177705977385	0.0032310177705977385	0.003207184092366902	0.0	-0.0073765234124438805
prefix	axe	463	206	Steel-Wrought	dmg% 26-35, dur 11-15	4	40	1238	12380	92	12472	0.0032310177705977385	0.0032310177705977385	0.003207184092366902	0.0	-0.0073765234124438805
prefix	axe	464	206	Silver-Wrought	dmg% 36-45, dur 16-20	4	40	1238	12380	92	12472	0.0032310177705977385	0.0032310177705977385	0.003207184092366902	0.0	-0.0073765234124438805
prefix	axe	465	206	Platimum-Wrought	dmg% 46-55, dur 21-30	4	40	1238	12380	92	12472	0.0032310177705977385	0.0032310177705977385	0.003207184092366902	0.0	-0.0073765234124438805
prefix	axe	466	206	Titanium-Wrought	dmg% 56-65, dur 31-45	4	40	1238	12380	92	12472	0.0032310177705977385	0.0032310177705977385	0.003207184092366902	0.0	-0.0073765234124438805
prefix	axe	467	206	Mithril-Wrought	dmg% 66-80, dur 46-59	4	40	1238	12380	92	12472	0.0032310177705977385	0.0032310177705977385	0.003207184092366902	0.0	-0.0073765234124438805
prefix	axe	468	206	Adamantine-Wrought	dmg% 81-100, dur 60-75	4	40	1238	12380	92	12472	0.0032310177705977385	0.0032310177705977385	0.003207184092366902	0.0	-0.0073765234124438805
prefix	axe	469	206	Bronze-Wrought	ac% 3-5, dur 5-5	4	40	1238	12380	92	12472	0.0032310177705977385	0.0032310177705977385	0.003207184092366902	0.0	-0.0073765234124438805
prefix	axe	567	44	Charged1	charged(42) 50-17	1	10	1238	12380	92	12472	0.0008077544426494346	0.0008077544426494346	0.0008017960230917255	0.0	-0.0073765234124438805
prefix	axe	583	44	Charged1	charged(50) 45-16	1	10	1238	12380	92	12472	0.0008077544426494346	0.0008077544426494346	0.0008017960230917255	0.0	-0.0073765234124438805
prefix	axe	585	44	Charged1	charged(51) 100-25	1	10	1238	12380	92	12472	0.0008077544426494346	0.0008077544426494346	0.0008017960230917255	0.0	-0.0073765234124438805
prefix	axe	587	44	Charged1	charged(52) 15-25	1	10	1238	12380	92	12472	0.0008077544426494346	0.0008077544426494346	0.0008017960230917255	0.0	-0.0073765234124438805
prefix	axe	591	44	Charged1	charged(54) 300-1	1	10	1238	12380	92	12472	0.0008077544426494346	0.0008077544426494346	0.0008017960230917255	0.0	-0.0073765234124438805
prefix	axe	595	44	Charged1	charged(56) 300-22	1	10	1238	12380	92	12472	0.0008077544426494346	0.0008077544426494346	0.0008017960230917255	0.0	-0.0073765234124438805
prefix	axe	597	44	Charged1	charged(57) 25-15	1	10	1238	12380	92	12472	0.0008077544426494346	0.0008077544426494346	0.0008017960230917255	0.0	-0.0073765234124438805
prefix	axe	599	44	Charged1	charged(58) 15-10	1	10	1238	12380	92	12472	0.0008077544426494346	0.0008077544426494346	0.0008017960230917255	0.0	-0.0073765234124438805
prefix	axe	601	44	Charged1	charged(59) 200-17	1	10	1238	12380	92	12472	0.0008077544426494346	0.0008077544426494346	0.0008017960230917255	0.0	-0.0073765234124438805
prefix	axe	603	44	Charged1	charged(60) 35-15	1	10	1238	12380	92	12472	0.0008077544426494346	0.0008077544426494346	0.0008017960230917255	0.0	-0.0073765234124438805
prefix	axe	605	44	Charged1	charged(62) 250-25	1	10	1238	12380	92	12472	0.0008077544426494346	0.0008077544426494346	0.0008017960230917255	0.0	-0.0073765234124438805
prefix	axe	607	44	Charged1	charged(64) 300-25	1	10	1238	12380	92	12472	0.0008077544426494346	0.0008077544426494346	0.0008017960230917255	0.0	-0.0073765234124438805
prefix	axe	609	44	Charged1	charged(66) 75-15	1	10	1238	12380	92	12472	0.0008077544426494346	0.0008077544426494346	0.0008017960230917255	0.0	-0.0073765234124438805
prefix	axe	613	44	Charged1	charged(68) 30-15	1	10	1238	12380	92	12472	0.0008077544426494346	0.0008077544426494346	0.0008017960230917255	0.0	-0.0073765234124438805
prefix	axe	615	44	Charged1	charged(70) 25-10	1	10	1238	12380	92	12472	0.0008077544426494346	0.0008077544426494346	0.0008017960230917255	0.0	-0.0073765234124438805
prefix	axe	617	44	Charged1	charged(71) 25-12	1	10	1238	12380	92	12472	0.0008077544426494346	0.0008077544426494346	0.0008017960230917255	0.0	-0.0073765234124438805
prefix	axe	619	44	Charged1	charged(72) 25-18	1	10	1238	12380	92	12472	0.0008077544426494346	0.0008077544426494346	0.0008017960230917255	0.0	-0.0073765234124438805
prefix	axe	623	44	Charged1	charged(74) 150-15	1	10	1238	12380	92	12472	0.0008077544426494346	0.0008077544426494346	0.0008017960230917255	0.0	-0.0073765234124438805
prefix	axe	627	44	Charged1	charged(76) 75-10	1	10	1238	12380	92	12472	0.0008077544426494346	0.0008077544426494346	0.0008017960230917255	0.0	-0.0073765234124438805
prefix	axe	629	44	Charged1	charged(77) 65-12	1	10	1238	12380	92	12472	0.0008077544426494346	0.0008077544426494346	0.0008017960230917255	0.0	-0.0073765234124438805
prefix	axe	631	44	Charged1	charged(78) 35-25	1	10	1238	12380	92	12472	0.0008077544426494346	0.0008077544426494346	0.0008017960230917255	0.0	-0.0073765234124438805
prefix	axe	633	44	Charged1	charged(80) 50-20	1	10	1238	12380	92	12472	0.0008077544426494346	0.0008077544426494346	0.0008017960230917255	0.0	-0.0073765234124438805
prefix	axe	635	44	Charged1	charged(81) 35-17	1	10	1238	12380	92	12472	0.0008077544426494346	0.0008077544426494346	0.0008017960230917255	0.0	-0.0073765234124438805
prefix	axe	637	44	Charged1	charged(82) 35-15	1	10	1238	12380	92	12472	0.0008077544426494346	0.0008077544426494346	0.0008017960230917255	0.0	-0.0073765234124438805
prefix	axe	641	44	Charged1	charged(84) 300-20	1	10	1238	12380	92	12472	0.0008077544426494346	0.0008077544426494346	0.0008017960230917255	0.0	-0.0073765234124438805
prefix	axe	643	44	Charged1	charged(85) 15-18	1	10	1238	12380	92	12472	0.0008077544426494346	0.0008077544426494346	0.0008017960230917255	0.0	-0.0073765234124438805
prefix	axe	647	44	Charged1	charged(87) 35-15	1	10	1238	12380	92	12472	0.0008077544426494346	0.0008077544426494346	0.0008017960230917255	0.0	-0.0073765234124438805
prefix	axe	649	44	Charged1	charged(88) 55-14	1	10	1238	12380	92	12472	0.0008077544426494346	0.0008077544426494346	0.0008017960230917255	0.0	-0.0073765234124438805
prefix	axe	651	44	Charged1	charged(90) 35-21	1	10	1238	12380	92	12472	0.0008077544426494346	0.0008077544426494346	0.0008017960230917255	0.0	-0.0073765234124438805
prefix	axe	653	44	Charged1	charged(91) 35-22	1	10	1238	12380	92	12472	0.0008077544426494346	0.0008077544426494346	0.0008017960230917255	0.0	-0.0073765234124438805
prefix	axe	655	44	Charged1	charged(92) 300-19	1	10	1238	12380	92	12472	0.0008077544426494346	0.0008077544426494346	0.0008017960230917255	0.0	-0.0073765234124438805
prefix	axe	657	44	Charged1	charged(93) 200-23	1	10	1238	12380	92	12472	0.0008077544426494346	0.0008077544426494346	0.0008017960230917255	0.0	-0.0073765234124438805
prefix	axe	659	44	Charged1	charged(94) 10-24	1	10	1238	12380	92	12472	0.0008077544426494346	0.0008077544426494346	0.0008017960230917255	0.0	-0.0073765234124438805
prefix	axe	661	44	Charged1	charged(95) 35-10	1	10	1238	12380	92	12472	0.0008077544426494346	0.0008077544426494346	0.0008017960230917255	0.0	-0.0073765234124438805
prefix	axe	663	44	Charged1	charged(96) 300-20	1	10	1238	12380	92	12472	0.0008077544426494346	0.0008077544426494346	0.0008017960230917255	0.0	-0.0073765234124438805
prefix	axe	667	44	Charged1	charged(106) 300-18	1	10	1238	12380	92	12472	0.0008077544426494346	0.0008077544426494346	0.0008017960230917255	0.0	-0.0073765234124438805
prefix	axe	669	44	Charged1	charged(111) 300-16	1	10	1238	12380	92	12472	0.0008077544426494346	0.0008077544426494346	0.0008017960230917255	0.0	-0.0073765234124438805
prefix	axe	671	44	Charged1	charged(112) 300-20	1	10	1238	12380	92	12472	0.0008077544426494346	0.0008077544426494346	0.0008017960230917255	0.0	-0.0073765234124438805
prefix	axe	675	44	Charged1	charged(121) 125-24	1	10	1238	12380	92	12472	0.0008077544426494346	0.0008077544426494346	0.0008017960230917255	0.0	-0.0073765234124438805
prefix	axe	685	44	Charged1	charged(138) 25-20	1	10	1238	12380	92	12472	0.0008077544426494346	0.0008077544426494346	0.0008017960230917255	0.0	-0.0073765234124438805
prefix	axe	689	44	Charged1	charged(142) 300-21	1	10	1238	12380	92	12472	0.0008077544426494346	0.0008077544426494346	0.0008017960230917255	0.0	-0.0073765234124438805
prefix	axe	691	44	Charged1	charged(144) 300-19	1	10	1238	12380	92	12472	0.0008077544426494346	0.0008077544426494346	0.0008017960230917255	0.0	-0.0073765234124438805
prefix	axe	695	44	Charged1	charged(149) 35-18	1	10	1238	12380	92	12472	0.0008077544426494346	0.0008077544426494346	0.0008017960230917255	0.0	-0.0073765234124438805
prefix	axe	697	44	Charged1	charged(150) 35-15	1	10	1238	12380	92	12472	0.0008077544426494346	0.0008077544426494346	0.0008017960230917255	0.0	-0.0073765234124438805
prefix	axe	699	44	Charged1	charged(154) 35-13	1	10	1238	12380	92	12472	0.0008077544426494346	0.0008077544426494346	0.0008017960230917255	0.0	-0.0073765234124438805
prefix	axe	701	44	Charged1	charged(155) 35-20	1	10	1238	12380	92	12472	0.0008077544426494346	0.0008077544426494346	0.0008017960230917255	0.0	-0.0073765234124438805
prefix	axe	709	44	Charged1	charged(235) 75-19	1	10	1238	12380	92	12472	0.0008077544426494346	0.0008077544426494346	0.0008017960230917255	0.0	-0.0073765234124438805
prefix	axe	711	44	Charged1	charged(240) 300-25	1	10	1238	12380	92	12472	0.0008077544426494346	0.0008077544426494346	0.0008017960230917255	0.0	-0.0073765234124438805
prefix	axe	713	44	Charged1	charged(244) 125-18	1	10	1238	12380	92	12472	0.0008077544426494346	0.0008077544426494346	0.0008017960230917255	0.0	-0.0073765234124438805
prefix	axe	715	44	Charged1	charged(245) 200-15	1	10	1238	12380	92	12472	0.0008077544426494346	0.0008077544426494346	0.0008017960230917255	0.0	-0.0073765234124438805
prefix	axe	717	44	Charged1	charged(249) 100-30	1	10	1238	12380	92	12472	0.0008077544426494346	0.0008077544426494346	0.0008017960230917255	0.0	-0.0073765234124438805
prefix	axe	719	44	Charged1	charged(250) 100-28	1	10	1238	12380	92	12472	0.0008077544426494346	0.0008077544426494346	0.0008017960230917255	0.0	-0.0073765234124438805
prefix	axe	725	44	Charged1	charged(258) 25-12	1	10	1238	12380	92	12472	0.0008077544426494346	0.0008077544426494346	0.0008017960230917255	0.0	-0.0073765234124438805
prefix	axe	731	44	Charged1	charged(264) 55-15	1	10	1238	12380	92	12472	0.0008077544426494346	0.0008077544426494346	0.0008017960230917255	0.0	-0.0073765234124438805
prefix	axe	734	44	Charged1	charged(267) 35-12	1	10	1238	12380	92	12472	0.0008077544426494346	0.0008077544426494346	0.0008017960230917255	0.0	-0.0073765234124438805
prefix	axe	736	44	Charged1	charged(268) 15-15	1	10	1238	12380	92	12472	0.0008077544426494346	0.0008077544426494346	0.0008017960230917255	0.0	-0.0073765234124438805
prefix	axe	744	44	Charged1	charged(276) 100-17	1	10	1238	12380	92	12472	0.0008077544426494346	0.0008077544426494346	0.0008017960230917255	0.0	-0.0073765234124438805
prefix	axe	746	44	Charged1	charged(277) 35-20	1	10	1238	12380	92	12472	0.0008077544426494346	0.0008077544426494346	0.0008017960230917255	0.0	-0.0073765234124438805
prefix	axe	748	44	Charged1	charged(278) 55-19	1	10	1238	12380	92	12472	0.0008077544426494346	0.0008077544426494346	0.0008017960230917255	0.0	-0.0073765234124438805
prefix	axe	750	44	Charged1	charged(279) 10-18	1	10	1238	12380	92	12472	0.0008077544426494346	0.0008077544426494346	0.0008017960230917255	0.0	-0.0073765234124438805
prefix	boot	163	101	Eocene	ac/lvl(12) -	4	40	777	7770	156	7926	0.005148005148005148	0.005148005148005148	0.005046681806712087	0.0	-0.019682059046177147
prefix	boot	165	101	Paleocene	ac/lvl(16) -	2	20	777	7770	156	7926	0.002574002574002574	0.002574002574002574	0.0025233409033560434	0.0	-0.019682059046177147
prefix	boot	172	101	Saintly	ac% 81-100	110	1100	777	7770	156	7926	0.14157014157014158	0.14157014157014158	0.13878374968458237	0.0	-0.01968205904617737
prefix	boot	173	101	Holy	ac% 101-133	110	1100	777	7770	156	7926	0.14157014157014158	0.14157014157014158	0.13878374968458237	0.0	-0.01968205904617737
prefix	boot	174	101	Hallowed	ac% 134-166	110	1100	777	7770	156	7926	0.14157014157014158	0.14157014157014158	0.13878374968458237	0.0	-0.01968205904617737
prefix	boot	175	101	Godly	ac% 167-200	110	1100	777	7770	156	7926	0.14157014157014158	0.14157014157014158	0.13878374968458237	0.0	-0.01968205904617737
prefix	boot	176	101	Godly	ac% 201-225	110	1100	777	7770	156	7926	0.14157014157014158	0.14157014157014158	0.13878374968458237	0.0	-0.01968205904617737
prefix	boot	177	101	Paradox	ac%/lvl(8) -	24	240	777	7770	156	7926	0.03088803088803089	0.03088803088803089	0.03028009084027252	0.0	-0.019682059046177147
prefix	boot	178	101	Paradox	ac%/lvl(16) -	24	240	777	7770	156	7926	0.03088803088803089	0.03088803088803089	0.03028009084027252	0.0	-0.019682059046177147
prefix	boot	179	101	Ghostly	ac% 25-40, ethereal 1-1, rep-dur(10) -	4	40	777	7770	156	7926	0.005148005148005148	0.005148005148005148	0.005046681806712087	0.0	-0.019682059046177147
prefix	boot	180	101	Spectral1	ac% 41-60, ethereal 1-1, rep-dur(10) -	4	40	777	7770	156	7926	0.005148005148005148	0.005148005148005148	0.005046681806712087	0.0	-0.019682059046177147
prefix	boot	181	101	Phantom1	ac% 61-80, ethereal 1-1, rep-dur(10) -	4	40	777	7770	156	7926	0.005148005148005148	0.005148005148005148	0.005046681806712087	0.0	-0.019682059046177147
prefix	boot	182	101	Wraithly1	ac% 81-100, ethereal 1-1, rep-dur(10) -	4	40	777	7770	156	7926	0.005148005148005148	0.005148005148005148	0.005046681806712087	0.0	-0.019682059046177147
prefix	boot	350	117	Lapis	res-cold 11-20	8	80	777	7770	156	7926	0.010296010296010296	0.010296010296010296	0.010093363613424174	0.0	-0.019682059046177147
prefix	boot	352	117	Cobalt	res-cold 21-30	6	60	777	7770	156	7926	0.007722007722007722	0.007722007722007722	0.00757002271006813	0.0	-0.019682059046177147
prefix	boot	354	117	Sapphire	res-cold 31-40	6	60	777	7770	156	7926	0.007722007722007722	0.007722007722007722	0.00757002271006813	0.0	-0.019682059046177147
prefix	boot	359	118	Garnet	res-fire 21-30	6	60	777	7770	156	7926	0.007722007722007722	0.007722007722007722	0.00757002271006813	0.0	-0.019682059046177147
prefix	boot	361	118	Ruby	res-fire 31-40	6	60	777	7770	156	7926	0.007722007722007722	0.007722007722007722	0.00757002271006813	0.0	-0.019682059046177147
prefix	boot	365	119	Ocher	res-ltng 11-20	8	80	777	7770	156	7926	0.010296010296010296	0.010296010296010296	0.010093363613424174	0.0	-0.019682059046177147
prefix	boot	367	119	Coral	res-ltng 21-30	6	60	777	7770	156	7926	0.007722007722007722	0.007722007722007722	0.00757002271006813	0.0	-0.019682059046177147
prefix	boot	369	119	Amber	res-ltng 31-40	6	60	777	7770	156	7926	0.007722007722007722	0.007722007722007722	0.00757002271006813	0.0	-0.019682059046177147
prefix	boot	373	120	Viridian	res-pois 11-20	8	80	777	7770	156	7926	0.010296010296010296	0.010296010296010296	0.010093363613424174	0.0	-0.019682059046177147
prefix	boot	375	120	Jade	res-pois 21-30	6	60	777	7770	156	7926	0.007722007722007722	0.007722007722007722	0.00757002271006813	0.0	-0.019682059046177147
prefix	boot	377	120	Emerald	res-pois 31-40	6	60	777	7770	156	7926	0.007722007722007722	0.007722007722007722	0.00757002271006813	0.0	-0.019682059046177147
prefix	boot	398	115	Serpent's	mana 11-20	4	40	777	7770	156	7926	0.005148005148005148	0.005148005148005148	0.005046681806712087	0.0	-0.019682059046177147
prefix	boot	401	115	Dragon's	mana 31-40	4	40	777	7770	156	7926	0.005148005148005148	0.005148005148005148	0.005046681806712087	0.0	-0.019682059046177147
prefix	boot	450	204	Loremaster's1	addxp 1-1	10	100	777	7770	156	7926	0.01287001287001287	0.01287001287001287	0.012616704516780217	0.0	-0.019682059046177036
prefix	boot	451	204	Loremaster's1	addxp 2-2	8	80	777	7770	156	7926	0.010296010296010296	0.010296010296010296	0.010093363613424174	0.0	-0.019682059046177147
prefix	boot	452	204	Sage's	addxp 3-3	6	60	777	7770	156	7926	0.007722007722007722	0.007722007722007722	0.00757002271006813	0.0	-0.019682059046177147
prefix	boot	455	205	Deadly	kick 1-1	4	40	777	7770	156	7926	0.005148005148005148	0.005148005148005148	0.005046681806712087	0.0	-0.019682059046177147
prefix	boot	456	205	Deadly	kick 2-2	4	40	777	7770	156	7926	0.005148005148005148	0.005148005148005148	0.005046681806712087	0.0	-0.019682059046177147
prefix	boot	457	205	Brutal	kick 3-4	4	40	777	7770	156	7926	0.005148005148005148	0.005148005148005148	0.005046681806712087	0.0	-0.019682059046177147
prefix	boot	458	205	Brutal	kick 5-6	4	40	777	7770	156	7926	0.005148005148005148	0.005148005148005148	0.005046681806712087	0.0	-0.019682059046177147
prefix	boot	459	205	Savage	kick 7-8	4	40	777	7770	156	7926	0.005148005148005148	0.005148005148005148	0.005046681806712087	0.0	-0.019682059046177147
prefix	boot	460	205	Savage	kick 9-10	4	40	777	7770	156	7926	0.005148005148005148	0.005148005148005148	0.005046681806712087	0.0	-0.019682059046177147
prefix	boot	470	206	Iron-Wrought	ac% 6-9, dur 6-10	4	40	777	7770	156	7926	0.005148005148005148	0.005148005148005148	0.005046681806712087	0.0	-0.019682059046177147
prefix	boot	471	206	Steel-Wrought	ac% 10-15, dur 11-15	4	40	777	7770	156	7926	0.005148005148005148	0.005148005148005148	0.005046681806712087	0.0	-0.019682059046177147
prefix	boot	472	206	Silver-Wrought	ac% 16-20, dur 16-20	4	40	777	7770	156	7926	0.005148005148005148	0.005148005148005148	0.005046681806712087	0.0	-0.019682059046177147
prefix	boot	473	206	Platimum-Wrought	ac% 21-30, dur 21-30	4	40	777	7770	156	7926	0.005148005148005148	0.005148005148005148	0.005046681806712087	0.0	-0.019682059046177147
prefix	boot	474	206	Titanium-Wrought	ac% 31-40, dur 31-45	4	40	777	7770	156	7926	0.005148005148005148	0.005148005148005148	0.005046681806712087	0.0	-0.019682059046177147
prefix	boot	475	206	Mithril-Wrought	ac% 41-50, dur 46-59	4	40	777	7770	156	7926	0.005148005148005148	0.005148005148005148	0.005046681806712087	0.0	-0.019682059046177147
prefix	boot	476	206	Adamantine-Wrought	ac% 51-75, dur 60-75	4	40	777	7770	156	7926	0.005148005148005148	0.005148005148005148	0.005046681806712087	0.0	-0.019682059046177147
prefix	boot	725	44	Charged1	charged(258) 25-12	1	10	777	7770	156	7926	0.001287001287001287	0.001287001287001287	0.0012616704516780217	0.0	-0.019682059046177147
prefix	glov	116	110	Gold	att 81-100	12	120	844	8440	182	8622	0.014218009478672985	0.014218009478672985	0.013917884481558803	0.0	-0.021108791463697485
prefix	glov	132	200	Fastidious1	att% 15-19	4	40	844	8440	182	8622	0.004739336492890996	0.004739336492890996	0.004639294827186268	0.0	-0.021108791463697596
prefix	glov	133	200	Meticulous1	att% 20-24	4	40	844	8440	182	8622	0.004739336492890996	0.004739336492890996	0.004639294827186268	0.0	-0.021108791463697596
prefix	glov	134	200	Veracious1	att% 25-35	2	20	844	8440	182	8622	0.002369668246445498	0.002369668246445498	0.002319647413593134	0.0	-0.021108791463697596
prefix	glov	135	111	Visionary	att%/lvl(2) -	2	20	844	8440	182	8622	0.002369668246445498	0.002369668246445498	0.002319647413593134	0.0	-0.021108791463697596
prefix	glov	163	101	Eocene	ac/lvl(12) -	4	40	844	8440	182	8622	0.004739336492890996	0.004739336492890996	0.004639294827186268	0.0	-0.021108791463697596
prefix	glov	165	101	Paleocene	ac/lvl(16) -	2	20	844	8440	182	8622	0.002369668246445498	0.002369668246445498	0.002319647413593134	0.0	-0.021108791463697596
prefix	glov	172	101	Saintly	ac% 81-100	110	1100	844	8440	182	8622	0.13033175355450238	0.13033175355450238	0.12758060774762237	0.0	-0.021108791463697596
prefix	glov	173	101	Holy	ac% 101-133	110	1100	844	8440	182	8622	0.13033175355450238	0.13033175355450238	0.12758060774762237	0.0	-0.021108791463697596
prefix	glov	174	101	Hallowed	ac% 134-166	110	1100	844	8440	182	8622	0.13033175355450238	0.13033175355450238	0.12758060774762237	0.0	-0.021108791463697596
prefix	glov	175	101	Godly	ac% 167-200	110	1100	844	8440	182	8622	0.13033175355450238	0.13033175355450238	0.12758060774762237	0.0	-0.021108791463697596
prefix	glov	176	101	Godly	ac% 201-225	110	1100	844	8440	182	8622	0.13033175355450238	0.13033175355450238	0.12758060774762237	0.0	-0.021108791463697596
prefix	glov	177	101	Paradox	ac%/lvl(8) -	24	240	844	8440	182	8622	0.02843601895734597	0.02843601895734597	0.027835768963117607	0.0	-0.021108791463697485
prefix	glov	178	101	Paradox	ac%/lvl(16) -	24	240	844	8440	182	8622	0.02843601895734597	0.02843601895734597	0.027835768963117607	0.0	-0.021108791463697485
prefix	glov	179	101	Ghostly	ac% 25-40, ethereal 1-1, rep-dur(10) -	4	40	844	8440	182	8622	0.004739336492890996	0.004739336492890996	0.004639294827186268	0.0	-0.021108791463697596
prefix	glov	180	101	Spectral1	ac% 41-60, ethereal 1-1, rep-dur(10) -	4	40	844	8440	182	8622	0.004739336492890996	0.004739336492890996	0.004639294827186268	0.0	-0.021108791463697596
prefix	glov	181	101	Phantom1	ac% 61-80, ethereal 1-1, rep-dur(10) -	4	40	844	8440	182	8622	0.004739336492890996	0.004739336492890996	0.004639294827186268	0.0	-0.021108791463697596
prefix	glov	182	101	Wraithly1	ac% 81-100, ethereal 1-1, rep-dur(10) -	4	40	844	8440	182	8622	0.004739336492890996	0.004739336492890996	0.004639294827186268	0.0	-0.021108791463697596
prefix	glov	239	125	Fletcher's	skilltab(0) 1-1	2	20	844	8440	182	8622	0.002369668246445498	0.002369668246445498	0.002319647413593134	0.0	-0.021108791463697596
prefix	glov	240	125	Bowyer's	skilltab(0) 2-2	2	20	844	8440	182	8622	0.002369668246445498	0.002369668246445498	0.002319647413593134	0.0	-0.021108791463697596
prefix	glov	241	125	Archer's	skilltab(0) 3-3	2	20	844	8440	182	8622	0.002369668246445498	0.002369668246445498	0.002319647413593134	0.0	-0.021108791463697596
prefix	glov	242	125	Acrobat's	skilltab(1) 1-1	2	20	844	8440	182	8622	0.002369668246445498	0.002369668246445498	0.002319647413593134	0.0	-0.021108791463697596
prefix	glov	243	125	Gymnast's	skilltab(1) 2-2	2	20	844	8440	182	8622	0.002369668246445498	0.002369668246445498	0.002319647413593134	0.0	-0.021108791463697596
prefix	glov	244	125	Athlete's	skilltab(1) 3-3	2	20	844	8440	182	8622	0.002369668246445498	0.002369668246445498	0.002319647413593134	0.0	-0.021108791463697596
prefix	glov	245	125	Harpoonist's	skilltab(2) 1-1	2	20	844	8440	182	8622	0.002369668246445498	0.002369668246445498	0.002319647413593134	0.0	-0.021108791463697596
prefix	glov	246	125	Spearmaiden's	skilltab(2) 2-2	2	20	844	8440	182	8622	0.002369668246445498	0.002369668246445498	0.002319647413593134	0.0	-0.021108791463697596
prefix	glov	247	125	Lancer's	skilltab(2) 3-3	2	20	844	8440	182	8622	0.002369668246445498	0.002369668246445498	0.002319647413593134	0.0	-0.021108791463697596
prefix	glov	299	125	Shogukusha's	skilltab(20) 1-1	2	20	844	8440	182	8622	0.002369668246445498	0.002369668246445498	0.002319647413593134	0.0	-0.021108791463697596
prefix	glov	300	125	Sensei's	skilltab(20) 2-2	2	20	844	8440	182	8622	0.002369668246445498	0.002369668246445498	0.002319647413593134	0.0	-0.021108791463697596
prefix	glov	301	125	Kenshi's	skilltab(20) 3-3	2	20	844	8440	182	8622	0.002369668246445498	0.002369668246445498	0.002319647413593134	0.0	-0.021108791463697596
prefix	glov	350	117	Lapis	res-cold 11-20	8	80	844	8440	182	8622	0.009478672985781991	0.009478672985781991	0.009278589654372536	0.0	-0.021108791463697596
prefix	glov	352	117	Cobalt	res-cold 21-30	6	60	844	8440	182	8622	0.0071090047393364926	0.0071090047393364926	0.006958942240779402	0.0	-0.021108791463697485
prefix	glov	359	118	Garnet	res-fire 21-30	6	60	844	8440	182	8622	0.0071090047393364926	0.0071090047393364926	0.006958942240779402	0.0	-0.021108791463697485
prefix	glov	365	119	Ocher	res-ltng 11-20	8	80	844	8440	182	8622	0.009478672985781991	0.009478672985781991	0.009278589654372536	0.0	-0.021108791463697596
prefix	glov	367	119	Coral	res-ltng 21-30	6	60	844	8440	182	8622	0.0071090047393364926	0.0071090047393364926	0.006958942240779402	0.0	-0.021108791463697485
prefix	glov	373	120	Viridian	res-pois 11-20	8	80	844	8440	182	8622	0.009478672985781991	0.009478672985781991	0.009278589654372536	0.0	-0.021108791463697596
prefix	glov	375	120	Jade	res-pois 21-30	6	60	844	8440	182	8622	0.0071090047393364926	0.0071090047393364926	0.006958942240779402	0.0	-0.021108791463697485
prefix	glov	398	115	Serpent's	mana 11-20	4	40	844	8440	182	8622	0.004739336492890996	0.004739336492890996	0.004639294827186268	0.0	-0.021108791463697596
prefix	glov	401	115	Dragon's	mana 31-40	4	40	844	8440	182	8622	0.004739336492890996	0.004739336492890996	0.004639294827186268	0.0	-0.021108791463697596
prefix	glov	441	202	Fracturing1	crush 11-15	4	40	844	8440	182	8622	0.004739336492890996	0.004739336492890996	0.004639294827186268	0.0	-0.021108791463697596
prefix	glov	442	202	Crushing1	crush 16-20	4	40	844	8440	182	8622	0.004739336492890996	0.004739336492890996	0.004639294827186268	0.0	-0.021108791463697596
prefix	glov	444	202	Lethal	deadly 11-15	4	40	844	8440	182	8622	0.004739336492890996	0.004739336492890996	0.004639294827186268	0.0	-0.021108791463697596
prefix	glov	445	202	Fatal	deadly 16-20	4	40	844	8440	182	8622	0.004739336492890996	0.004739336492890996	0.004639294827186268	0.0	-0.021108791463697596
prefix	glov	450	204	Loremaster's1	addxp 1-1	10	100	844	8440	182	8622	0.011848341232227487	0.011848341232227487	0.011598237067965669	0.0	-0.021108791463697485
prefix	glov	451	204	Loremaster's1	addxp 2-2	8	80	844	8440	182	8622	0.009478672985781991	0.009478672985781991	0.009278589654372536	0.0	-0.021108791463697596
prefix	glov	452	204	Sage's	addxp 3-3	6	60	844	8440	182	8622	0.0071090047393364926	0.0071090047393364926	0.006958942240779402	0.0	-0.021108791463697485
prefix	glov	470	206	Iron-Wrought	ac% 6-9, dur 6-10	4	40	844	8440	182	8622	0.004739336492890996	0.004739336492890996	0.004639294827186268	0.0	-0.021108791463697596
prefix	glov	471	206	Steel-Wrought	ac% 10-15, dur 11-15	4	40	844	8440	182	8622	0.004739336492890996	0.004739336492890996	0.004639294827186268	0.0	-0.021108791463697596
prefix	glov	472	206	Silver-Wrought	ac% 16-20, dur 16-20	4	40	844	8440	182	8622	0.004739336492890996	0.004739336492890996	0.004639294827186268	0.0	-0.021108791463697596
prefix	glov	473	206	Platimum-Wrought	ac% 21-30, dur 21-30	4	40	844	8440	182	8622	0.004739336492890996	0.004739336492890996	0.004639294827186268	0.0	-0.021108791463697596
prefix	glov	474	206	Titanium-Wrought	ac% 31-40, dur 31-45	4	40	844	8440	182	8622	0.004739336492890996	0.004739336492890996	0.004639294827186268	0.0	-0.021108791463697596
prefix	glov	475	206	Mithril-Wrought	ac% 41-50, dur 46-59	4	40	844	8440	182	8622	0.004739336492890996	0.004739336492890996	0.004639294827186268	0.0	-0.021108791463697596
prefix	glov	476	206	Adamantine-Wrought	ac% 51-75, dur 60-75	4	40	844	8440	182	8622	0.004739336492890996	0.004739336492890996	0.004639294827186268	0.0	-0.021108791463697596
prefix	glov	521	44	Charged1	charged(8) 33-11	1	10	844	8440	182	8622	0.001184834123222749	0.001184834123222749	0.001159823706796567	0.0	-0.021108791463697596
prefix	glov	527	44	Charged1	charged(12) 300-25	1	10	844	8440	182	8622	0.001184834123222749	0.001184834123222749	0.001159823706796567	0.0	-0.021108791463697596
prefix	glov	535	44	Charged1	charged(17) 35-15	1	10	844	8440	182	8622	0.001184834123222749	0.001184834123222749	0.001159823706796567	0.0	-0.021108791463697596
prefix	glov	543	44	Charged1	charged(22) 300-23	1	10	844	8440	182	8622	0.001184834123222749	0.001184834123222749	0.001159823706796567	0.0	-0.021108791463697596
prefix	glov	545	44	Charged1	charged(24) 300-20	1	10	844	8440	182	8622	0.001184834123222749	0.001184834123222749	0.001159823706796567	0.0	-0.021108791463697596
prefix	glov	549	44	Charged1	charged(27) 300-21	1	10	844	8440	182	8622	0.001184834123222749	0.001184834123222749	0.001159823706796567	0.0	-0.021108791463697596
prefix	glov	551	44	Charged1	charged(30) 300-17	1	10	844	8440	182	8622	0.001184834123222749	0.001184834123222749	0.001159823706796567	0.0	-0.021108791463697596
prefix	glov	553	44	Charged1	charged(31) 300-22	1	10	844	8440	182	8622	0.001184834123222749	0.001184834123222749	0.001159823706796567	0.0	-0.021108791463697596
prefix	glov	555	44	Charged1	charged(34) 300-15	1	10	844	8440	182	8622	0.001184834123222749	0.001184834123222749	0.001159823706796567	0.0	-0.021108791463697596
prefix	glov	557	44	Charged1	charged(35) 300-15	1	10	844	8440	182	8622	0.001184834123222749	0.001184834123222749	0.001159823706796567	0.0	-0.021108791463697596
prefix	glov	619	44	Charged1	charged(72) 25-18	1	10	844	8440	182	8622	0.001184834123222749	0.001184834123222749	0.001159823706796567	0.0	-0.021108791463697596
prefix	glov	621	44	Charged1	charged(73) 20-18	1	10	844	8440	182	8622	0.001184834123222749	0.001184834123222749	0.001159823706796567	0.0	-0.021108791463697596
prefix	glov	655	44	Charged1	charged(92) 300-19	1	10	844	8440	182	8622	0.001184834123222749	0.001184834123222749	0.001159823706796567	0.0	-0.021108791463697596
prefix	glov	675	44	Charged1	charged(121) 125-24	1	10	844	8440	182	8622	0.001184834123222749	0.001184834123222749	0.001159823706796567	0.0	-0.021108791463697596
prefix	glov	744	44	Charged1	charged(276) 100-17	1	10	844	8440	182	8622	0.001184834123222749	0.001184834123222749	0.001159823706796567	0.0	-0.021108791463697596
prefix	glov	748	44	Charged1	charged(278) 55-19	1	10	844	8440	182	8622	0.001184834123222749	0.001184834123222749	0.001159823706796567	0.0	-0.021108791463697596
prefix	glov	751	125	Burning	skilltab(3) 1-1	2	20	844	8440	182	8622	0.002369668246445498	0.002369668246445498	0.002319647413593134	0.0	-0.021108791463697596
prefix	glov	752	125	Sparking	skilltab(4) 1-1	2	20	844	8440	182	8622	0.002369668246445498	0.002369668246445498	0.002319647413593134	0.0	-0.021108791463697596
prefix	glov	753	125	Chilling	skilltab(5) 1-1	2	20	844	8440	182	8622	0.002369668246445498	0.002369668246445498	0.002319647413593134	0.0	-0.021108791463697596
prefix	glov	754	125	Hexing	skilltab(6) 1-1	2	20	844	8440	182	8622	0.002369668246445498	0.002369668246445498	0.002319647413593134	0.0	-0.021108791463697596
prefix	glov	755	125	Fungal	skilltab(7) 1-1	2	20	844	8440	182	8622	0.002369668246445498	0.002369668246445498	0.002319647413593134	0.0	-0.021108791463697596
prefix	glov	756	125	Graverobber's	skilltab(8) 1-1	2	20	844	8440	182	8622	0.002369668246445498	0.002369668246445498	0.002319647413593134	0.0	-0.021108791463697596
prefix	glov	757	125	Lion Branded	skilltab(9) 1-1	2	20	844	8440	182	8622	0.002369668246445498	0.002369668246445498	0.002319647413593134	0.0	-0.021108791463697596
prefix	glov	758	125	Captain's	skilltab(10) 1-1	2	20	844	8440	182	8622	0.002369668246445498	0.002369668246445498	0.002319647413593134	0.0	-0.021108791463697596
prefix	glov	759	125	Preserver's	skilltab(11) 1-1	2	20	844	8440	182	8622	0.002369668246445498	0.002369668246445498	0.002319647413593134	0.0	-0.021108791463697596
prefix	glov	760	125	Expert's	skilltab(12) 1-1	2	20	844	8440	182	8622	0.002369668246445498	0.002369668246445498	0.002319647413593134	0.0	-0.021108791463697596
prefix	glov	761	125	Fanatic	skilltab(13) 1-1	2	20	844	8440	182	8622	0.002369668246445498	0.002369668246445498	0.002319647413593134	0.0	-0.021108791463697596
prefix	glov	762	125	Sounding	skilltab(14) 1-1	2	20	844	8440	182	8622	0.002369668246445498	0.002369668246445498	0.002319647413593134	0.0	-0.021108791463697596
prefix	glov	763	125	Trainer's	skilltab(15) 1-1	2	20	844	8440	182	8622	0.002369668246445498	0.002369668246445498	0.002319647413593134	0.0	-0.021108791463697596
prefix	glov	764	125	Spiritual	skilltab(16) 1-1	2	20	844	8440	182	8622	0.002369668246445498	0.002369668246445498	0.002319647413593134	0.0	-0.021108791463697596
prefix	glov	765	125	Nature's	skilltab(17) 1-1	2	20	844	8440	182	8622	0.002369668246445498	0.002369668246445498	0.002319647413593134	0.0	-0.021108791463697596
prefix	glov	1082	125	Devil's	skilltab(21) 1-1	2	20	844	8440	182	8622	0.002369668246445498	0.002369668246445498	0.002319647413593134	0.0	-0.021108791463697596
prefix	glov	1083	125	Devil's	skilltab(22) 1-1	2	20	844	8440	182	8622	0.002369668246445498	0.002369668246445498	0.002319647413593134	0.0	-0.021108791463697596
prefix	glov	1084	125	Devil's	skilltab(23) 1-1	2	20	844	8440	182	8622	0.002369668246445498	0.002369668246445498	0.002319647413593134	0.0	-0.021108791463697596
prefix	jewl	20	105	Realgar	dmg% 21-30	10	100	160	1600	90	1690	0.0625	0.0625	0.05917159763313609	0.0	-0.053254437869822535
prefix	jewl	21	105	Ruby	dmg% 31-40	10	100	160	1600	90	1690	0.0625	0.0625	0.05917159763313609	0.0	-0.053254437869822535
prefix	jewl	105	123	Diamond	att-demon 25-50, dmg-demon 25-40	2	20	160	1600	90	1690	0.0125	0.0125	0.011834319526627219	0.0	-0.053254437869822535
prefix	jewl	111	142	Pearl	att-undead 25-50, dmg-undead 25-50	2	20	160	1600	90	1690	0.0125	0.0125	0.011834319526627219	0.0	-0.053254437869822535
prefix	jewl	123	110	Silver	att 41-60	8	80	160	1600	90	1690	0.05	0.05	0.047337278106508875	0.0	-0.053254437869822535
prefix	jewl	124	110	Argent	att 61-100	8	80	160	1600	90	1690	0.05	0.05	0.047337278106508875	0.0	-0.053254437869822535
prefix	jewl	137	103	Crimson	dmg-min 5-8	8	80	160	1600	90	1690	0.05	0.05	0.047337278106508875	0.0	-0.053254437869822535
prefix	jewl	139	104	Carmine	dmg-max 6-9	8	80	160	1600	90	1690	0.05	0.05	0.047337278106508875	0.0	-0.053254437869822535
prefix	jewl	140	104	Vermillion	dmg-max 11-15	8	80	160	1600	90	1690	0.05	0.05	0.047337278106508875	0.0	-0.053254437869822535
prefix	jewl	142	103	Sanguinary	dmg-min 4-5, dmg-max 8-12	8	80	160	1600	90	1690	0.05	0.05	0.047337278106508875	0.0	-0.053254437869822535
prefix	jewl	143	103	Bloody	dmg-min 6-8, dmg-max 13-15	8	80	160	1600	90	1690	0.05	0.05	0.047337278106508875	0.0	-0.053254437869822535
prefix	jewl	156	101	Bone	ac 21-40	8	80	160	1600	90	1690	0.05	0.05	0.047337278106508875	0.0	-0.053254437869822535
prefix	jewl	157	101	Ivory	ac 41-64	8	80	160	1600	90	1690	0.05	0.05	0.047337278106508875	0.0	-0.053254437869822535
prefix	jewl	356	117	Sapphire	res-cold 16-30	8	80	160	1600	90	1690	0.05	0.05	0.047337278106508875	0.0	-0.053254437869822535
prefix	jewl	363	117	Ruby	res-fire 16-30	8	80	160	1600	90	1690	0.05	0.05	0.047337278106508875	0.0	-0.053254437869822535
prefix	jewl	371	117	Ambergris	res-ltng 16-30	8	80	160	1600	90	1690	0.05	0.05	0.047337278106508875	0.0	-0.053254437869822535
prefix	jewl	379	117	Jade	res-pois 16-30	8	80	160	1600	90	1690	0.05	0.05	0.047337278106508875	0.0	-0.053254437869822535
prefix	jewl	393	116	Shimmering	res-all 5-10	2	20	160	1600	90	1690	0.0125	0.0125	0.011834319526627219	0.0	-0.053254437869822535
prefix	jewl	394	116	Scintillating	res-all 11-15	2	20	160	1600	90	1690	0.0125	0.0125	0.011834319526627219	0.0	-0.053254437869822535
prefix	jewl	407	115	Turquoise	mana 16-20	4	40	160	1600	90	1690	0.025	0.025	0.023668639053254437	0.0	-0.053254437869822535
prefix	jewl	411	121	Aureolin	mana-kill 1-3	8	80	160	1600	90	1690	0.05	0.05	0.047337278106508875	0.0	-0.053254437869822535
prefix	jewl	413	107	Dun	dmg-to-mana 7-12	6	60	160	1600	90	1690	0.0375	0.0375	0.03550295857988166	0.0	-0.053254437869822424
prefix	jewl	416	112	Bright	light 1-1, att 10-10	2	20	160	1600	90	1690	0.0125	0.0125	0.011834319526627219	0.0	-0.053254437869822535
prefix	jewl	419	114	Emerald	mag% 3-7	8	80	160	1600	90	1690	0.05	0.05	0.047337278106508875	0.0	-0.053254437869822535
prefix	lcha	910	104	Forked	dmg% 10-15	6	60	279	2790	55	2845	0.021505376344086023	0.021505376344086023	0.0210896309314587	0.0	-0.019332161687170557
prefix	lcha	911	104	Serrated	dmg% 20-25	3	30	279	2790	55	2845	0.010752688172043012	0.010752688172043012	0.01054481546572935	0.0	-0.019332161687170557
prefix	lcha	918	110	Steel	att 88-102	6	60	279	2790	55	2845	0.021505376344086023	0.021505376344086023	0.0210896309314587	0.0	-0.019332161687170557
prefix	lcha	919	110	Steel	att 103-117	6	60	279	2790	55	2845	0.021505376344086023	0.021505376344086023	0.0210896309314587	0.0	-0.019332161687170557
prefix	lcha	920	110	Steel	att 118-132	6	60	279	2790	55	2845	0.021505376344086023	0.021505376344086023	0.0210896309314587	0.0	-0.019332161687170557
prefix	lcha	922	110	Fine	att 21-48, dmg-max 4-6	12	120	279	2790	55	2845	0.043010752688172046	0.043010752688172046	0.0421792618629174	0.0	-0.019332161687170557
prefix	lcha	923	110	Sharp	att 49-76, dmg-max 7-10	3	30	279	2790	55	2845	0.010752688172043012	0.010752688172043012	0.01054481546572935	0.0	-0.019332161687170557
prefix	lcha	933	103	Forked	dmg-max 9-10	12	120	279	2790	55	2845	0.043010752688172046	0.043010752688172046	0.0421792618629174	0.0	-0.019332161687170557
prefix	lcha	934	103	Serrated	dmg-max 11-12	6	60	279	2790	55	2845	0.021505376344086023	0.021505376344086023	0.0210896309314587	0.0	-0.019332161687170557
prefix	lcha	935	103	Serrated	dmg-max 13-15	3	30	279	2790	55	2845	0.010752688172043012	0.010752688172043012	0.01054481546572935	0.0	-0.019332161687170557
prefix	lcha	937	103	Sanguinary	dmg-min 4-5, dmg-max 6-12	6	60	279	2790	55	2845	0.021505376344086023	0.021505376344086023	0.0210896309314587	0.0	-0.019332161687170557
prefix	lcha	938	103	Bloody	dmg-min 6-8, dmg-max 13-15	3	30	279	2790	55	2845	0.010752688172043012	0.010752688172043012	0.01054481546572935	0.0	-0.019332161687170557
prefix	lcha	948	101	Stalwart	ac 92-104, ac-miss 50-62	6	60	279	2790	55	2845	0.021505376344086023	0.021505376344086023	0.0210896309314587	0.0	-0.019332161687170557
prefix	lcha	949	101	Stalwart	ac 106-122, ac-miss 58-70	3	30	279	2790	55	2845	0.010752688172043012	0.010752688172043012	0.01054481546572935	0.0	-0.019332161687170557
prefix	lcha	950	101	Stalwart	ac 118-139, ac-miss 66-78	3	30	279	2790	55	2845	0.010752688172043012	0.010752688172043012	0.01054481546572935	0.0	-0.019332161687170557
prefix	lcha	951	125	Fletcher's	skilltab(0) 1-1	2	20	279	2790	55	2845	0.007168458781362007	0.007168458781362007	0.007029876977152899	0.0	-0.019332161687170557
prefix	lcha	952	125	Acrobat's	skilltab(1) 1-1	2	20	279	2790	55	2845	0.007168458781362007	0.007168458781362007	0.007029876977152899	0.0	-0.019332161687170557
prefix	lcha	953	125	Harpoonist's	skilltab(2) 1-1	2	20	279	2790	55	2845	0.007168458781362007	0.007168458781362007	0.007029876977152899	0.0	-0.019332161687170557
prefix	lcha	954	125	Burning	skilltab(3) 1-1	2	20	279	2790	55	2845	0.007168458781362007	0.007168458781362007	0.007029876977152899	0.0	-0.019332161687170557
prefix	lcha	955	125	Sparking	skilltab(4) 1-1	2	20	279	2790	55	2845	0.007168458781362007	0.007168458781362007	0.007029876977152899	0.0	-0.019332161687170557
prefix	lcha	956	125	Chilling	skilltab(5) 1-1	2	20	279	2790	55	2845	0.007168458781362007	0.007168458781362007	0.007029876977152899	0.0	-0.019332161687170557
prefix	lcha	957	125	Hexing	skilltab(6) 1-1	2	20	279	2790	55	2845	0.007168458781362007	0.007168458781362007	0.007029876977152899	0.0	-0.019332161687170557
prefix	lcha	958	125	Fungal	skilltab(7) 1-1	2	20	279	2790	55	2845	0.007168458781362007	0.007168458781362007	0.007029876977152899	0.0	-0.019332161687170557
prefix	lcha	959	125	Graverobber's	skilltab(8) 1-1	2	20	279	2790	55	2845	0.007168458781362007	0.007168458781362007	0.007029876977152899	0.0	-0.019332161687170557
prefix	lcha	960	125	Lion Branded	skilltab(9) 1-1	2	20	279	2790	55	2845	0.007168458781362007	0.007168458781362007	0.007029876977152899	0.0	-0.019332161687170557
prefix	lcha	961	125	Captain's	skilltab(10) 1-1	2	20	279	2790	55	2845	0.007168458781362007	0.007168458781362007	0.007029876977152899	0.0	-0.019332161687170557
prefix	lcha	962	125	Preserver's	skilltab(11) 1-1	2	20	279	2790	55	2845	0.007168458781362007	0.007168458781362007	0.007029876977152899	0.0	-0.019332161687170557
prefix	lcha	963	125	Expert's	skilltab(12) 1-1	2	20	279	2790	55	2845	0.007168458781362007	0.007168458781362007	0.007029876977152899	0.0	-0.019332161687170557
prefix	lcha	964	125	Fanatic	skilltab(13) 1-1	2	20	279	2790	55	2845	0.007168458781362007	0.007168458781362007	0.007029876977152899	0.0	-0.019332161687170557
prefix	lcha	965	125	Sounding	skilltab(14) 1-1	2	20	279	2790	55	2845	0.007168458781362007	0.007168458781362007	0.007029876977152899	0.0	-0.019332161687170557
prefix	lcha	966	125	Trainer's	skilltab(15) 1-1	2	20	279	2790	55	2845	0.007168458781362007	0.007168458781362007	0.007029876977152899	0.0	-0.019332161687170557
prefix	lcha	967	125	Spiritual	skilltab(16) 1-1	2	20	279	2790	55	2845	0.007168458781362007	0.007168458781362007	0.007029876977152899	0.0	-0.019332161687170557
prefix	lcha	968	125	Nature's	skilltab(17) 1-1	2	20	279	2790	55	2845	0.007168458781362007	0.007168458781362007	0.007029876977152899	0.0	-0.019332161687170557
prefix	lcha	969	125	Entrapping	skilltab(18) 1-1	2	20	279	2790	55	2845	0.007168458781362007	0.007168458781362007	0.007029876977152899	0.0	-0.019332161687170557
prefix	lcha	970	125	Mentalist's	skilltab(19) 1-1	2	20	279	2790	55	2845	0.007168458781362007	0.007168458781362007	0.007029876977152899	0.0	-0.019332161687170557
prefix	lcha	971	125	Shogukusha's	skilltab(20) 1-1	2	20	279	2790	55	2845	0.007168458781362007	0.007168458781362007	0.007029876977152899	0.0	-0.019332161687170557
prefix	lcha	976	137	Boreal	cold-min 12-14, cold-max 20-25	3	30	279	2790	55	2845	0.010752688172043012	0.010752688172043012	0.01054481546572935	0.0	-0.019332161687170557
prefix	lcha	979	137	Smoking	fire-min 6-8, fire-max 12-18	6	60	279	2790	55	2845	0.021505376344086023	0.021505376344086023	0.0210896309314587	0.0	-0.019332161687170557
prefix	lcha	980	137	Flaming	fire-min 10-15, fire-max 20-25	3	30	279	2790	55	2845	0.010752688172043012	0.010752688172043012	0.01054481546572935	0.0	-0.019332161687170557
prefix	lcha	983	137	Arcing	ltng-min 6-8, ltng-max 12-18	6	60	279	2790	55	2845	0.021505376344086023	0.021505376344086023	0.0210896309314587	0.0	-0.019332161687170557
prefix	lcha	984	137	Shocking	ltng-min 10-15, ltng-max 20-25	3	30	279	2790	55	2845	0.010752688172043012	0.010752688172043012	0.01054481546572935	0.0	-0.019332161687170557
prefix	lcha	987	137	Toxic	dmg-pois(100) 360-480	6	60	279	2790	55	2845	0.021505376344086023	0.021505376344086023	0.0210896309314587	0.0	-0.019332161687170557
prefix	lcha	988	137	Pestilent	dmg-pois(125) 480-560	3	30	279	2790	55	2845	0.010752688172043012	0.010752688172043012	0.01054481546572935	0.0	-0.019332161687170557
prefix	lcha	990	137	Avatar	dmg-elem 10-20	2	20	279	2790	55	2845	0.007168458781362007	0.007168458781362007	0.007029876977152899	0.0	-0.019332161687170557
prefix	lcha	991	137	Avatar	dmg-elem 20-30	1	10	279	2790	55	2845	0.0035842293906810036	0.0035842293906810036	0.0035149384885764497	0.0	-0.019332161687170557
prefix	lcha	993	143	Hulking	dmg-norm 20-40	6	60	279	2790	55	2845	0.021505376344086023	0.021505376344086023	0.0210896309314587	0.0	-0.019332161687170557
prefix	lcha	994	143	Hulking	dmg-norm 40-60	6	60	279	2790	55	2845	0.021505376344086023	0.021505376344086023	0.0210896309314587	0.0	-0.019332161687170557
prefix	lcha	997	117	Cobalt	res-cold 21-25	12	120	279	2790	55	2845	0.043010752688172046	0.043010752688172046	0.0421792618629174	0.0	-0.019332161687170557
prefix	lcha	998	117	Sapphire	res-cold 26-30	6	60	279	2790	55	2845	0.021505376344086023	0.021505376344086023	0.0210896309314587	0.0	-0.019332161687170557
prefix	lcha	1001	118	Garnet	res-fire 21-25	12	120	279	2790	55	2845	0.043010752688172046	0.043010752688172046	0.0421792618629174	0.0	-0.019332161687170557
prefix	lcha	1002	118	Ruby	res-fire 26-30	6	60	279	2790	55	2845	0.021505376344086023	0.021505376344086023	0.0210896309314587	0.0	-0.019332161687170557
prefix	lcha	1005	119	Coral	res-ltng 21-25	12	120	279	2790	55	2845	0.043010752688172046	0.043010752688172046	0.0421792618629174	0.0	-0.019332161687170557
prefix	lcha	1006	119	Amber	res-ltng 26-30	6	60	279	2790	55	2845	0.021505376344086023	0.021505376344086023	0.0210896309314587	0.0	-0.019332161687170557
prefix	lcha	1009	120	Jade	res-pois 21-25	12	120	279	2790	55	2845	0.043010752688172046	0.043010752688172046	0.0421792618629174	0.0	-0.019332161687170557
prefix	lcha	1010	120	Emerald	res-pois 26-30	6	60	279	2790	55	2845	0.021505376344086023	0.021505376344086023	0.0210896309314587	0.0	-0.019332161687170557
prefix	lcha	1012	116	Shimmering	res-all 5-8	6	60	279	2790	55	2845	0.021505376344086023	0.021505376344086023	0.0210896309314587	0.0	-0.019332161687170557
prefix	lcha	1013	116	Shimmering	res-all 8-10	3	30	279	2790	55	2845	0.010752688172043012	0.010752688172043012	0.01054481546572935	0.0	-0.019332161687170557
prefix	lcha	1020	115	Serpent's	mana 40-46	6	60	279	2790	55	2845	0.021505376344086023	0.021505376344086023	0.0210896309314587	0.0	-0.019332161687170557
prefix	lcha	1021	115	Serpent's	mana 47-52	6	60	279	2790	55	2845	0.021505376344086023	0.021505376344086023	0.0210896309314587	0.0	-0.019332161687170557
prefix	lcha	1022	115	Serpent's	mana 53-59	3	30	279	2790	55	2845	0.010752688172043012	0.010752688172043012	0.01054481546572935	0.0	-0.019332161687170557
prefix	lcha	1025	114	Lucky	mag% 20-25, gold% 40-50	6	60	279	2790	55	2845	0.021505376344086023	0.021505376344086023	0.0210896309314587	0.0	-0.019332161687170557
prefix	lcha	1026	116	Shimmering	res-all 10-12	3	30	279	2790	55	2845	0.010752688172043012	0.010752688172043012	0.01054481546572935	0.0	-0.019332161687170557
prefix	lcha	1057	125	Chaotic	skilltab(23) 1-1	1	10	279	2790	55	2845	0.0035842293906810036	0.0035842293906810036	0.0035149384885764497	0.0	-0.019332161687170557
prefix	lcha	1058	125	Sullied	skilltab(22) 1-1	1	10	279	2790	55	2845	0.0035842293906810036	0.0035842293906810036	0.0035149384885764497	0.0	-0.019332161687170557
prefix	lcha	1059	125	Fiendish	skilltab(21) 1-1	1	10	279	2790	55	2845	0.0035842293906810036	0.0035842293906810036	0.0035149384885764497	0.0	-0.019332161687170557
prefix	misl	1090	220	Sturdy	hp 15-25	6	60	90	900	30	930	0.06666666666666667	0.06666666666666667	0.06451612903225806	0.0	-0.032258064516129004
prefix	misl	1091	220	Sturdy	hp 30-40	3	30	90	900	30	930	0.03333333333333333	0.03333333333333333	0.03225806451612903	0.0	-0.032258064516129004
prefix	misl	1093	220	Lizard's	mana 15-25	6	60	90	900	30	930	0.06666666666666667	0.06666666666666667	0.06451612903225806	0.0	-0.032258064516129004
prefix	misl	1094	220	Lizard's	mana 30-40	3	30	90	900	30	930	0.03333333333333333	0.03333333333333333	0.03225806451612903	0.0	-0.032258064516129004
prefix	misl	1096	221	Sharp	att 20-30	6	60	90	900	30	930	0.06666666666666667	0.06666666666666667	0.06451612903225806	0.0	-0.032258064516129004
prefix	misl	1097	221	Sharp	att 50-100	3	30	90	900	30	930	0.03333333333333333	0.03333333333333333	0.03225806451612903	0.0	-0.032258064516129004
prefix	misl	1099	222	Jagged	dmg% 20-30	6	60	90	900	30	930	0.06666666666666667	0.06666666666666667	0.06451612903225806	0.0	-0.032258064516129004
prefix	misl	1100	222	Jagged	dmg% 30-50	3	30	90	900	30	930	0.03333333333333333	0.03333333333333333	0.03225806451612903	0.0	-0.032258064516129004
prefix	misl	1102	222	Jagged	dmg-min 3-5, dmg-max 5-10	6	60	90	900	30	930	0.06666666666666667	0.06666666666666667	0.06451612903225806	0.0	-0.032258064516129004
prefix	misl	1103	222	Jagged	dmg-min 10-20, dmg-max 20-30	3	30	90	900	30	930	0.03333333333333333	0.03333333333333333	0.03225806451612903	0.0	-0.032258064516129004
prefix	misl	1105	223	Flaming	fire-min 3-5, fire-max 5-10	6	60	90	900	30	930	0.06666666666666667	0.06666666666666667	0.06451612903225806	0.0	-0.032258064516129004
prefix	misl	1106	223	Flaming	fire-min 10-20, fire-max 20-30	3	30	90	900	30	930	0.03333333333333333	0.03333333333333333	0.03225806451612903	0.0	-0.032258064516129004
prefix	misl	1108	224	Shivering	cold-min 3-5, cold-max 5-10	6	60	90	900	30	930	0.06666666666666667	0.06666666666666667	0.06451612903225806	0.0	-0.032258064516129004
prefix	misl	1109	224	Shivering	cold-min 10-20, cold-max 20-30	3	30	90	900	30	930	0.03333333333333333	0.03333333333333333	0.03225806451612903	0.0	-0.032258064516129004
prefix	misl	1111	225	Static	ltng-min 1-5, ltng-max 10-20	6	60	90	900	30	930	0.06666666666666667	0.06666666666666667	0.06451612903225806	0.0	-0.032258064516129004
prefix	misl	1112	225	Static	ltng-min 5-10, ltng-max 30-50	3	30	90	900	30	930	0.03333333333333333	0.03333333333333333	0.03225806451612903	0.0	-0.032258064516129004
prefix	misl	1114	226	Corosive	dmg-pois(100) 100-150	6	60	90	900	30	930	0.06666666666666667	0.06666666666666667	0.06451612903225806	0.0	-0.032258064516129004
prefix	misl	1115	226	Corosive	dmg-pois(100) 300-600	3	30	90	900	30	930	0.03333333333333333	0.03333333333333333	0.03225806451612903	0.0	-0.032258064516129004
prefix	misl	1117	227	Apprentice	dmg-mag 5-10	6	60	90	900	30	930	0.06666666666666667	0.06666666666666667	0.06451612903225806	0.0	-0.032258064516129004
prefix	misl	1118	227	Apprentice	dmg-mag 10-20	3	30	90	900	30	930	0.03333333333333333	0.03333333333333333	0.03225806451612903	0.0	-0.032258064516129004
prefix	shld	162	101	Eocene	ac/lvl(36) -	6	60	855	8550	192	8742	0.007017543859649123	0.007017543859649123	0.0068634179821551134	0.0	-0.021962937542896355
prefix	shld	172	101	Saintly	ac% 81-100	110	1100	855	8550	192	8742	0.1286549707602339	0.1286549707602339	0.12582932967284374	0.0	-0.021962937542896355
prefix	shld	173	101	Holy	ac% 101-133	110	1100	855	8550	192	8742	0.1286549707602339	0.1286549707602339	0.12582932967284374	0.0	-0.021962937542896355
prefix	shld	174	101	Hallowed	ac% 134-166	110	1100	855	8550	192	8742	0.1286549707602339	0.1286549707602339	0.12582932967284374	0.0	-0.021962937542896355
prefix	shld	175	101	Godly	ac% 167-200	110	1100	855	8550	192	8742	0.1286549707602339	0.1286549707602339	0.12582932967284374	0.0	-0.021962937542896355
prefix	shld	176	101	Godly	ac% 201-225	110	1100	855	8550	192	8742	0.1286549707602339	0.1286549707602339	0.12582932967284374	0.0	-0.021962937542896355
prefix	shld	177	101	Paradox	ac%/lvl(8) -	24	240	855	8550	192	8742	0.028070175438596492	0.028070175438596492	0.027453671928620454	0.0	-0.021962937542896355
prefix	shld	178	101	Paradox	ac%/lvl(16) -	24	240	855	8550	192	8742	0.028070175438596492	0.028070175438596492	0.027453671928620454	0.0	-0.021962937542896355
prefix	shld	179	101	Ghostly	ac% 25-40, ethereal 1-1, rep-dur(10) -	4	40	855	8550	192	8742	0.004678362573099415	0.004678362573099415	0.004575611988103409	0.0	-0.021962937542896244
prefix	shld	180	101	Spectral1	ac% 41-60, ethereal 1-1, rep-dur(10) -	4	40	855	8550	192	8742	0.004678362573099415	0.004678362573099415	0.004575611988103409	0.0	-0.021962937542896244
prefix	shld	181	101	Phantom1	ac% 61-80, ethereal 1-1, rep-dur(10) -	4	40	855	8550	192	8742	0.004678362573099415	0.004678362573099415	0.004575611988103409	0.0	-0.021962937542896244
prefix	shld	182	101	Wraithly1	ac% 81-100, ethereal 1-1, rep-dur(10) -	4	40	855	8550	192	8742	0.004678362573099415	0.004678362573099415	0.004575611988103409	0.0	-0.021962937542896244
prefix	shld	183	101	Strengthened1	ac% 20-30, red-dmg% 1-3	4	40	855	8550	192	8742	0.004678362573099415	0.004678362573099415	0.004575611988103409	0.0	-0.021962937542896244
prefix	shld	184	101	Reinforced1	ac% 31-40, red-dmg% 4-5	4	40	855	8550	192	8742	0.004678362573099415	0.004678362573099415	0.004575611988103409	0.0	-0.021962937542896244
prefix	shld	185	101	Fortified	ac% 41-50, red-dmg% 6-7	4	40	855	8550	192	8742	0.004678362573099415	0.004678362573099415	0.004575611988103409	0.0	-0.021962937542896244
prefix	shld	186	101	Hardened1	ac% 51-60, red-dmg% 8-10	4	40	855	8550	192	8742	0.004678362573099415	0.004678362573099415	0.004575611988103409	0.0	-0.021962937542896244
prefix	shld	187	101	Tempered1	ac% 61-70, red-dmg% 11-15	4	40	855	8550	192	8742	0.004678362573099415	0.004678362573099415	0.004575611988103409	0.0	-0.021962937542896244
prefix	shld	188	101	Treated1	ac% 71-80, red-dmg% 16-20	4	40	855	8550	192	8742	0.004678362573099415	0.004678362573099415	0.004575611988103409	0.0	-0.021962937542896244
prefix	shld	189	101	Invulnerable1	ac% 81-100, red-dmg% 21-25	4	40	855	8550	192	8742	0.004678362573099415	0.004678362573099415	0.004575611988103409	0.0	-0.021962937542896244
prefix	shld	190	125	Sage's	allskills 1-1	2	20	855	8550	192	8742	0.0023391812865497076	0.0023391812865497076	0.0022878059940517046	0.0	-0.021962937542896244
prefix	shld	205	125	Monk's	pal 1-1	8	80	855	8550	192	8742	0.00935672514619883	0.00935672514619883	0.009151223976206819	0.0	-0.021962937542896244
prefix	shld	206	125	Priest's	pal 2-2	4	40	855	8550	192	8742	0.004678362573099415	0.004678362573099415	0.004575611988103409	0.0	-0.021962937542896244
prefix	shld	266	125	Lion Branded	skilltab(9) 1-1	2	20	855	8550	192	8742	0.0023391812865497076	0.0023391812865497076	0.0022878059940517046	0.0	-0.021962937542896244
prefix	shld	267	125	Hawk Branded	skilltab(9) 2-2	2	20	855	8550	192	8742	0.0023391812865497076	0.0023391812865497076	0.0022878059940517046	0.0	-0.021962937542896244
prefix	shld	268	125	Rose Branded	skilltab(9) 3-3	2	20	855	8550	192	8742	0.0023391812865497076	0.0023391812865497076	0.0022878059940517046	0.0	-0.021962937542896244
prefix	shld	269	125	Captain's	skilltab(10) 1-1	2	20	855	8550	192	8742	0.0023391812865497076	0.0023391812865497076	0.0022878059940517046	0.0	-0.021962937542896244
prefix	shld	270	125	Commander's	skilltab(10) 2-2	2	20	855	8550	192	8742	0.0023391812865497076	0.0023391812865497076	0.0022878059940517046	0.0	-0.021962937542896244
prefix	shld	271	125	Marshal's	skilltab(10) 3-3	2	20	855	8550	192	8742	0.0023391812865497076	0.0023391812865497076	0.0022878059940517046	0.0	-0.021962937542896244
prefix	shld	272	125	Preserver's	skilltab(11) 1-1	2	20	855	8550	192	8742	0.0023391812865497076	0.0023391812865497076	0.0022878059940517046	0.0	-0.021962937542896244
prefix	shld	273	125	Warder's	skilltab(11) 2-2	2	20	855	8550	192	8742	0.0023391812865497076	0.0023391812865497076	0.0022878059940517046	0.0	-0.021962937542896244
prefix	shld	274	125	Guardian's	skilltab(11) 3-3	2	20	855	8550	192	8742	0.0023391812865497076	0.0023391812865497076	0.0022878059940517046	0.0	-0.021962937542896244
prefix	shld	350	117	Lapis	res-cold 11-20	8	80	855	8550	192	8742	0.00935672514619883	0.00935672514619883	0.009151223976206819	0.0	-0.021962937542896244
prefix	shld	352	117	Cobalt	res-cold 21-30	6	60	855	8550	192	8742	0.007017543859649123	0.007017543859649123	0.0068634179821551134	0.0	-0.021962937542896355
prefix	shld	359	118	Garnet	res-fire 21-30	6	60	855	8550	192	8742	0.007017543859649123	0.007017543859649123	0.0068634179821551134	0.0	-0.021962937542896355
prefix	shld	365	119	Ocher	res-ltng 11-20	8	80	855	8550	192	8742	0.00935672514619883	0.00935672514619883	0.009151223976206819	0.0	-0.021962937542896244
prefix	shld	367	119	Coral	res-ltng 21-30	6	60	855	8550	192	8742	0.007017543859649123	0.007017543859649123	0.0068634179821551134	0.0	-0.021962937542896355
prefix	shld	373	120	Viridian	res-pois 11-20	8	80	855	8550	192	8742	0.00935672514619883	0.00935672514619883	0.009151223976206819	0.0	-0.021962937542896244
prefix	shld	375	120	Jade	res-pois 21-30	6	60	855	8550	192	8742	0.007017543859649123	0.007017543859649123	0.0068634179821551134	0.0	-0.021962937542896355
prefix	shld	383	116	Prismatic	res-all 16-20	8	80	855	8550	192	8742	0.00935672514619883	0.00935672514619883	0.009151223976206819	0.0	-0.021962937542896244
prefix	shld	384	116	Chromatic	res-all 21-30	8	80	855	8550	192	8742	0.00935672514619883	0.00935672514619883	0.009151223976206819	0.0	-0.021962937542896244
prefix	shld	397	115	Serpent's	mana 11-20	6	60	855	8550	192	8742	0.007017543859649123	0.007017543859649123	0.0068634179821551134	0.0	-0.021962937542896355
prefix	shld	412	107	Vulpine	dmg-to-mana 7-12	6	60	855	8550	192	8742	0.007017543859649123	0.007017543859649123	0.0068634179821551134	0.0	-0.021962937542896355
prefix	shld	420	122	Mechanist's	sock 1-2	6	60	855	8550	192	8742	0.007017543859649123	0.007017543859649123	0.0068634179821551134	0.0	-0.021962937542896355
prefix	shld	421	122	Artificer's	sock(3) -	4	40	855	8550	192	8742	0.004678362573099415	0.004678362573099415	0.004575611988103409	0.0	-0.021962937542896244
prefix	shld	422	122	Jeweler's	sock(4) -	2	20	855	8550	192	8742	0.0023391812865497076	0.0023391812865497076	0.0022878059940517046	0.0	-0.021962937542896244
prefix	shld	428	102	Null	red-mag 4-5	8	80	855	8550	192	8742	0.00935672514619883	0.00935672514619883	0.009151223976206819	0.0	-0.021962937542896244
prefix	shld	429	102	Antimagic	red-mag 6-10	8	80	855	8550	192	8742	0.00935672514619883	0.00935672514619883	0.009151223976206819	0.0	-0.021962937542896244
prefix	shld	432	102	Null	res-mag 11-15	8	80	855	8550	192	8742	0.00935672514619883	0.00935672514619883	0.009151223976206819	0.0	-0.021962937542896244
prefix	shld	433	102	Antimagic	res-mag 16-20	8	80	855	8550	192	8742	0.00935672514619883	0.00935672514619883	0.009151223976206819	0.0	-0.021962937542896244
prefix	shld	450	204	Loremaster's1	addxp 1-1	10	100	855	8550	192	8742	0.011695906432748537	0.011695906432748537	0.011439029970258523	0.0	-0.021962937542896244
prefix	shld	451	204	Loremaster's1	addxp 2-2	8	80	855	8550	192	8742	0.00935672514619883	0.00935672514619883	0.009151223976206819	0.0	-0.021962937542896244
prefix	shld	452	204	Sage's	addxp 3-3	6	60	855	8550	192	8742	0.007017543859649123	0.007017543859649123	0.0068634179821551134	0.0	-0.021962937542896355
prefix	shld	470	206	Iron-Wrought	ac% 6-9, dur 6-10	4	40	855	8550	192	8742	0.004678362573099415	0.004678362573099415	0.004575611988103409	0.0	-0.021962937542896244
prefix	shld	471	206	Steel-Wrought	ac% 10-15, dur 11-15	4	40	855	8550	192	8742	0.004678362573099415	0.004678362573099415	0.004575611988103409	0.0	-0.021962937542896244
prefix	shld	472	206	Silver-Wrought	ac% 16-20, dur 16-20	4	40	855	8550	192	8742	0.004678362573099415	0.004678362573099415	0.004575611988103409	0.0	-0.021962937542896244
prefix	shld	473	206	Platimum-Wrought	ac% 21-30, dur 21-30	4	40	855	8550	192	8742	0.004678362573099415	0.004678362573099415	0.004575611988103409	0.0	-0.021962937542896244
prefix	shld	474	206	Titanium-Wrought	ac% 31-40, dur 31-45	4	40	855	8550	192	8742	0.004678362573099415	0.004678362573099415	0.004575611988103409	0.0	-0.021962937542896244
prefix	shld	475	206	Mithril-Wrought	ac% 41-50, dur 46-59	4	40	855	8550	192	8742	0.004678362573099415	0.004678362573099415	0.004575611988103409	0.0	-0.021962937542896244
prefix	shld	476	206	Adamantine-Wrought	ac% 51-75, dur 60-75	4	40	855	8550	192	8742	0.004678362573099415	0.004678362573099415	0.004575611988103409	0.0	-0.021962937542896244
prefix	shld	627	44	Charged1	charged(76) 75-10	1	10	855	8550	192	8742	0.0011695906432748538	0.0011695906432748538	0.0011439029970258523	0.0	-0.021962937542896244
prefix	shld	629	44	Charged1	charged(77) 65-12	1	10	855	8550	192	8742	0.0011695906432748538	0.0011695906432748538	0.0011439029970258523	0.0	-0.021962937542896244
prefix	shld	647	44	Charged1	charged(87) 35-15	1	10	855	8550	192	8742	0.0011695906432748538	0.0011695906432748538	0.0011439029970258523	0.0	-0.021962937542896244
prefix	tors	162	101	Eocene	ac/lvl(36) -	6	60	857	8570	182	8752	0.007001166861143524	0.007001166861143524	0.006855575868372943	0.0	-0.020795246800731304
prefix	tors	164	101	Paleocene	ac/lvl(48) -	4	40	857	8570	182	8752	0.004667444574095682	0.004667444574095682	0.004570383912248629	0.0	-0.020795246800731193
prefix	tors	172	101	Saintly	ac% 81-100	110	1100	857	8570	182	8752	0.12835472578763127	0.12835472578763127	0.1256855575868373	0.0	-0.020795246800731193
prefix	tors	173	101	Holy	ac% 101-133	110	1100	857	8570	182	8752	0.12835472578763127	0.12835472578763127	0.1256855575868373	0.0	-0.020795246800731193
prefix	tors	174	101	Hallowed	ac% 134-166	110	1100	857	8570	182	8752	0.12835472578763127	0.12835472578763127	0.1256855575868373	0.0	-0.020795246800731193
prefix	tors	175	101	Godly	ac% 167-200	110	1100	857	8570	182	8752	0.12835472578763127	0.12835472578763127	0.1256855575868373	0.0	-0.020795246800731193
prefix	tors	176	101	Godly	ac% 201-225	110	1100	857	8570	182	8752	0.12835472578763127	0.12835472578763127	0.1256855575868373	0.0	-0.020795246800731193
prefix	tors	177	101	Paradox	ac%/lvl(8) -	24	240	857	8570	182	8752	0.028004667444574097	0.028004667444574097	0.027422303473491772	0.0	-0.020795246800731304
prefix	tors	178	101	Paradox	ac%/lvl(16) -	24	240	857	8570	182	8752	0.028004667444574097	0.028004667444574097	0.027422303473491772	0.0	-0.020795246800731304
prefix	tors	179	101	Ghostly	ac% 25-40, ethereal 1-1, rep-dur(10) -	4	40	857	8570	182	8752	0.004667444574095682	0.004667444574095682	0.004570383912248629	0.0	-0.020795246800731193
prefix	tors	180	101	Spectral1	ac% 41-60, ethereal 1-1, rep-dur(10) -	4	40	857	8570	182	8752	0.004667444574095682	0.004667444574095682	0.004570383912248629	0.0	-0.020795246800731193
prefix	tors	181	101	Phantom1	ac% 61-80, ethereal 1-1, rep-dur(10) -	4	40	857	8570	182	8752	0.004667444574095682	0.004667444574095682	0.004570383912248629	0.0	-0.020795246800731193
prefix	tors	182	101	Wraithly1	ac% 81-100, ethereal 1-1, rep-dur(10) -	4	40	857	8570	182	8752	0.004667444574095682	0.004667444574095682	0.004570383912248629	0.0	-0.020795246800731193
prefix	tors	183	101	Strengthened1	ac% 20-30, red-dmg% 1-3	4	40	857	8570	182	8752	0.004667444574095682	0.004667444574095682	0.004570383912248629	0.0	-0.020795246800731193
prefix	tors	184	101	Reinforced1	ac% 31-40, red-dmg% 4-5	4	40	857	8570	182	8752	0.004667444574095682	0.004667444574095682	0.004570383912248629	0.0	-0.020795246800731193
prefix	tors	185	101	Fortified	ac% 41-50, red-dmg% 6-7	4	40	857	8570	182	8752	0.004667444574095682	0.004667444574095682	0.004570383912248629	0.0	-0.020795246800731193
prefix	tors	186	101	Hardened1	ac% 51-60, red-dmg% 8-10	4	40	857	8570	182	8752	0.004667444574095682	0.004667444574095682	0.004570383912248629	0.0	-0.020795246800731193
prefix	tors	187	101	Tempered1	ac% 61-70, red-dmg% 11-15	4	40	857	8570	182	8752	0.004667444574095682	0.004667444574095682	0.004570383912248629	0.0	-0.020795246800731193
prefix	tors	188	101	Treated1	ac% 71-80, red-dmg% 16-20	4	40	857	8570	182	8752	0.004667444574095682	0.004667444574095682	0.004570383912248629	0.0	-0.020795246800731193
prefix	tors	189	101	Invulnerable1	ac% 81-100, red-dmg% 21-25	4	40	857	8570	182	8752	0.004667444574095682	0.004667444574095682	0.004570383912248629	0.0	-0.020795246800731193
prefix	tors	190	125	Sage's	allskills 1-1	2	20	857	8570	182	8752	0.002333722287047841	0.002333722287047841	0.0022851919561243145	0.0	-0.020795246800731193
prefix	tors	192	125	Omniscient	allskills 2-2	2	20	857	8570	182	8752	0.002333722287047841	0.002333722287047841	0.0022851919561243145	0.0	-0.020795246800731193
prefix	tors	194	125	Maiden's	ama 1-1	2	20	857	8570	182	8752	0.002333722287047841	0.002333722287047841	0.0022851919561243145	0.0	-0.020795246800731193
prefix	tors	195	125	Valkyrie's	ama 2-2	2	20	857	8570	182	8752	0.002333722287047841	0.002333722287047841	0.0022851919561243145	0.0	-0.020795246800731193
prefix	tors	199	125	Monk's	pal 1-1	2	20	857	8570	182	8752	0.002333722287047841	0.002333722287047841	0.0022851919561243145	0.0	-0.020795246800731193
prefix	tors	201	125	Priest's	pal 2-2	2	20	857	8570	182	8752	0.002333722287047841	0.002333722287047841	0.0022851919561243145	0.0	-0.020795246800731193
prefix	tors	208	125	Summoner's	nec 1-1	2	20	857	8570	182	8752	0.002333722287047841	0.002333722287047841	0.0022851919561243145	0.0	-0.020795246800731193
prefix	tors	209	125	Necromancer's	nec 2-2	2	20	857	8570	182	8752	0.002333722287047841	0.002333722287047841	0.0022851919561243145	0.0	-0.020795246800731193
prefix	tors	214	125	Angel's	sor 1-1	2	20	857	8570	182	8752	0.002333722287047841	0.002333722287047841	0.0022851919561243145	0.0	-0.020795246800731193
prefix	tors	215	125	Arch-Angel's	sor 2-2	2	20	857	8570	182	8752	0.002333722287047841	0.002333722287047841	0.0022851919561243145	0.0	-0.020795246800731193
prefix	tors	220	125	Slayer's	bar 1-1	2	20	857	8570	182	8752	0.002333722287047841	0.002333722287047841	0.0022851919561243145	0.0	-0.020795246800731193
prefix	tors	221	125	Berserker's	bar 2-2	2	20	857	8570	182	8752	0.002333722287047841	0.002333722287047841	0.0022851919561243145	0.0	-0.020795246800731193
prefix	tors	228	125	Shaman's	dru 1-1	2	20	857	8570	182	8752	0.002333722287047841	0.002333722287047841	0.0022851919561243145	0.0	-0.020795246800731193
prefix	tors	229	125	Hierophant's	dru 2-2	2	20	857	8570	182	8752	0.002333722287047841	0.002333722287047841	0.0022851919561243145	0.0	-0.020795246800731193
prefix	tors	234	125	Magekiller's	ass 1-1	2	20	857	8570	182	8752	0.002333722287047841	0.002333722287047841	0.0022851919561243145	0.0	-0.020795246800731193
prefix	tors	235	125	Witch-hunter's	ass 2-2	2	20	857	8570	182	8752	0.002333722287047841	0.002333722287047841	0.0022851919561243145	0.0	-0.020795246800731193
prefix	tors	350	117	Lapis	res-cold 11-20	8	80	857	8570	182	8752	0.009334889148191364	0.009334889148191364	0.009140767824497258	0.0	-0.020795246800731193
prefix	tors	352	117	Cobalt	res-cold 21-30	6	60	857	8570	182	8752	0.007001166861143524	0.007001166861143524	0.006855575868372943	0.0	-0.020795246800731304
prefix	tors	359	118	Garnet	res-fire 21-30	6	60	857	8570	182	8752	0.007001166861143524	0.007001166861143524	0.006855575868372943	0.0	-0.020795246800731304
prefix	tors	365	119	Ocher	res-ltng 11-20	8	80	857	8570	182	8752	0.009334889148191364	0.009334889148191364	0.009140767824497258	0.0	-0.020795246800731193
prefix	tors	367	119	Coral	res-ltng 21-30	6	60	857	8570	182	8752	0.007001166861143524	0.007001166861143524	0.006855575868372943	0.0	-0.020795246800731304
prefix	tors	373	120	Viridian	res-pois 11-20	8	80	857	8570	182	8752	0.009334889148191364	0.009334889148191364	0.009140767824497258	0.0	-0.020795246800731193
prefix	tors	375	120	Jade	res-pois 21-30	6	60	857	8570	182	8752	0.007001166861143524	0.007001166861143524	0.006855575868372943	0.0	-0.020795246800731304
prefix	tors	398	115	Serpent's	mana 11-20	4	40	857	8570	182	8752	0.004667444574095682	0.004667444574095682	0.004570383912248629	0.0	-0.020795246800731193
prefix	tors	401	115	Dragon's	mana 31-40	4	40	857	8570	182	8752	0.004667444574095682	0.004667444574095682	0.004570383912248629	0.0	-0.020795246800731193
prefix	tors	420	122	Mechanist's	sock 1-2	6	60	857	8570	182	8752	0.007001166861143524	0.007001166861143524	0.006855575868372943	0.0	-0.020795246800731304
prefix	tors	421	122	Artificer's	sock(3) -	4	40	857	8570	182	8752	0.004667444574095682	0.004667444574095682	0.004570383912248629	0.0	-0.020795246800731193
prefix	tors	422	122	Jeweler's	sock(4) -	2	20	857	8570	182	8752	0.002333722287047841	0.002333722287047841	0.0022851919561243145	0.0	-0.020795246800731193
prefix	tors	432	102	Null	res-mag 11-15	8	80	857	8570	182	8752	0.009334889148191364	0.009334889148191364	0.009140767824497258	0.0	-0.020795246800731193
prefix	tors	433	102	Antimagic	res-mag 16-20	8	80	857	8570	182	8752	0.009334889148191364	0.009334889148191364	0.009140767824497258	0.0	-0.020795246800731193
prefix	tors	450	204	Loremaster's1	addxp 1-1	10	100	857	8570	182	8752	0.011668611435239206	0.011668611435239206	0.011425959780621572	0.0	-0.020795246800731304
prefix	tors	451	204	Loremaster's1	addxp 2-2	8	80	857	8570	182	8752	0.009334889148191364	0.009334889148191364	0.009140767824497258	0.0	-0.020795246800731193
prefix	tors	452	204	Sage's	addxp 3-3	6	60	857	8570	182	8752	0.007001166861143524	0.007001166861143524	0.006855575868372943	0.0	-0.020795246800731304
prefix	tors	470	206	Iron-Wrought	ac% 6-9, dur 6-10	4	40	857	8570	182	8752	0.004667444574095682	0.004667444574095682	0.004570383912248629	0.0	-0.020795246800731193
prefix	tors	471	206	Steel-Wrought	ac% 10-15, dur 11-15	4	40	857	8570	182	8752	0.004667444574095682	0.004667444574095682	0.004570383912248629	0.0	-0.020795246800731193
prefix	tors	472	206	Silver-Wrought	ac% 16-20, dur 16-20	4	40	857	8570	182	8752	0.004667444574095682	0.004667444574095682	0.004570383912248629	0.0	-0.020795246800731193
prefix	tors	473	206	Platimum-Wrought	ac% 21-30, dur 21-30	4	40	857	8570	182	8752	0.004667444574095682	0.004667444574095682	0.004570383912248629	0.0	-0.020795246800731193
prefix	tors	474	206	Titanium-Wrought	ac% 31-40, dur 31-45	4	40	857	8570	182	8752	0.004667444574095682	0.004667444574095682	0.004570383912248629	0.0	-0.020795246800731193
prefix	tors	475	206	Mithril-Wrought	ac% 41-50, dur 46-59	4	40	857	8570	182	8752	0.004667444574095682	0.004667444574095682	0.004570383912248629	0.0	-0.020795246800731193
prefix	tors	476	206	Adamantine-Wrought	ac% 51-75, dur 60-75	4	40	857	8570	182	8752	0.004667444574095682	0.004667444574095682	0.004570383912248629	0.0	-0.020795246800731193
prefix	tors	477	207	Aureole	aura(98) 1-3	2	20	857	8570	182	8752	0.002333722287047841	0.002333722287047841	0.0022851919561243145	0.0	-0.020795246800731193
prefix	tors	478	207	Aureole	aura(99) 1-3	2	20	857	8570	182	8752	0.002333722287047841	0.002333722287047841	0.0022851919561243145	0.0	-0.020795246800731193
prefix	tors	479	207	Aureole	aura(102) 1-3	2	20	857	8570	182	8752	0.002333722287047841	0.002333722287047841	0.0022851919561243145	0.0	-0.020795246800731193
prefix	tors	480	207	Aureole	aura(103) 1-3	2	20	857	8570	182	8752	0.002333722287047841	0.002333722287047841	0.0022851919561243145	0.0	-0.020795246800731193
prefix	tors	481	207	Aureole	aura(104) 1-3	2	20	857	8570	182	8752	0.002333722287047841	0.002333722287047841	0.0022851919561243145	0.0	-0.020795246800731193
prefix	tors	482	207	Aureole	aura(108) 1-3	2	20	857	8570	182	8752	0.002333722287047841	0.002333722287047841	0.0022851919561243145	0.0	-0.020795246800731193
prefix	tors	483	207	Aureole	aura(109) 1-3	2	20	857	8570	182	8752	0.002333722287047841	0.002333722287047841	0.0022851919561243145	0.0	-0.020795246800731193
prefix	tors	484	207	Aureole	aura(113) 1-3	2	20	857	8570	182	8752	0.002333722287047841	0.002333722287047841	0.0022851919561243145	0.0	-0.020795246800731193
prefix	tors	485	207	Aureole	aura(114) 1-3	2	20	857	8570	182	8752	0.002333722287047841	0.002333722287047841	0.0022851919561243145	0.0	-0.020795246800731193
prefix	tors	486	207	Aureole	aura(115) 1-3	2	20	857	8570	182	8752	0.002333722287047841	0.002333722287047841	0.0022851919561243145	0.0	-0.020795246800731193
prefix	tors	487	207	Aureole	aura(119) 1-3	2	20	857	8570	182	8752	0.002333722287047841	0.002333722287047841	0.0022851919561243145	0.0	-0.020795246800731193
prefix	tors	488	207	Aureole	aura(120) 1-3	2	20	857	8570	182	8752	0.002333722287047841	0.002333722287047841	0.0022851919561243145	0.0	-0.020795246800731193
prefix	tors	489	207	Aureole	aura(122) 1-3	2	20	857	8570	182	8752	0.002333722287047841	0.002333722287047841	0.0022851919561243145	0.0	-0.020795246800731193
prefix	tors	490	207	Aureole	aura(123) 1-3	2	20	857	8570	182	8752	0.002333722287047841	0.002333722287047841	0.0022851919561243145	0.0	-0.020795246800731193
prefix	tors	491	207	Aureole	aura(125) 1-3	2	20	857	8570	182	8752	0.002333722287047841	0.002333722287047841	0.0022851919561243145	0.0	-0.020795246800731193
prefix	tors	565	44	Charged1	charged(40) 25-10	1	10	857	8570	182	8752	0.0011668611435239206	0.0011668611435239206	0.0011425959780621572	0.0	-0.020795246800731193
prefix	tors	583	44	Charged1	charged(50) 45-16	1	10	857	8570	182	8752	0.0011668611435239206	0.0011668611435239206	0.0011425959780621572	0.0	-0.020795246800731193
prefix	tors	603	44	Charged1	charged(60) 35-15	1	10	857	8570	182	8752	0.0011668611435239206	0.0011668611435239206	0.0011425959780621572	0.0	-0.020795246800731193
prefix	tors	613	44	Charged1	charged(68) 30-15	1	10	857	8570	182	8752	0.0011668611435239206	0.0011668611435239206	0.0011425959780621572	0.0	-0.020795246800731193
prefix	tors	709	44	Charged1	charged(235) 75-19	1	10	857	8570	182	8752	0.0011668611435239206	0.0011668611435239206	0.0011425959780621572	0.0	-0.020795246800731193
prefix	tors	734	44	Charged1	charged(267) 35-12	1	10	857	8570	182	8752	0.0011668611435239206	0.0011668611435239206	0.0011425959780621572	0.0	-0.020795246800731193
prefix	tors	746	44	Charged1	charged(277) 35-20	1	10	857	8570	182	8752	0.0011668611435239206	0.0011668611435239206	0.0011425959780621572	0.0	-0.020795246800731193
prefix	wand	85	111	Stalwart	ac 33-40, dmg% 71-80	4	40	367	3670	74	3744	0.010899182561307902	0.010899182561307902	0.010683760683760684	0.0	-0.019764957264957195
prefix	wand	86	111	Stalwart	ac 44-50, dmg% 81-100	4	40	367	3670	74	3744	0.010899182561307902	0.010899182561307902	0.010683760683760684	0.0	-0.019764957264957195
prefix	wand	87	111	Stalwart	ac 60-70, dmg% 101-125	4	40	367	3670	74	3744	0.010899182561307902	0.010899182561307902	0.010683760683760684	0.0	-0.019764957264957195
prefix	wand	88	111	Stalwart	ac 70-85, dmg% 126-150	2	20	367	3670	74	3744	0.005449591280653951	0.005449591280653951	0.005341880341880342	0.0	-0.019764957264957195
prefix	wand	89	111	Stalwart	ac 86-100, dmg% 151-175	2	20	367	3670	74	3744	0.005449591280653951	0.005449591280653951	0.005341880341880342	0.0	-0.019764957264957195
prefix	wand	90	111	Stalwart	ac 100-125, dmg% 176-200	2	20	367	3670	74	3744	0.005449591280653951	0.005449591280653951	0.005341880341880342	0.0	-0.019764957264957195
prefix	wand	91	111	Loremaster's1	addxp 2-2, dmg% 76-100	4	40	367	3670	74	3744	0.010899182561307902	0.010899182561307902	0.010683760683760684	0.0	-0.019764957264957195
prefix	wand	92	111	Sage's	addxp 2-2, dmg% 101-150	4	40	367	3670	74	3744	0.010899182561307902	0.010899182561307902	0.010683760683760684	0.0	-0.019764957264957195
prefix	wand	93	111	Sage's	addxp 2-2, dmg% 151-225	2	20	367	3670	74	3744	0.005449591280653951	0.005449591280653951	0.005341880341880342	0.0	-0.019764957264957195
prefix	wand	94	111	Master Sage's	addxp 3-3, dmg% 225-250	2	20	367	3670	74	3744	0.005449591280653951	0.005449591280653951	0.005341880341880342	0.0	-0.019764957264957195
prefix	wand	132	200	Fastidious1	att% 15-19	4	40	367	3670	74	3744	0.010899182561307902	0.010899182561307902	0.010683760683760684	0.0	-0.019764957264957195
prefix	wand	133	200	Meticulous1	att% 20-24	4	40	367	3670	74	3744	0.010899182561307902	0.010899182561307902	0.010683760683760684	0.0	-0.019764957264957195
prefix	wand	134	200	Veracious1	att% 25-35	2	20	367	3670	74	3744	0.005449591280653951	0.005449591280653951	0.005341880341880342	0.0	-0.019764957264957195
prefix	wand	211	125	Summoner's	nec 1-1	8	80	367	3670	74	3744	0.021798365122615803	0.021798365122615803	0.021367521367521368	0.0	-0.019764957264957195
prefix	wand	212	125	Necromancer's	nec 2-2	4	40	367	3670	74	3744	0.010899182561307902	0.010899182561307902	0.010683760683760684	0.0	-0.019764957264957195
prefix	wand	257	125	Hexing	skilltab(6) 1-1	2	20	367	3670	74	3744	0.005449591280653951	0.005449591280653951	0.005341880341880342	0.0	-0.019764957264957195
prefix	wand	258	125	Blighting	skilltab(6) 2-2	2	20	367	3670	74	3744	0.005449591280653951	0.005449591280653951	0.005341880341880342	0.0	-0.019764957264957195
prefix	wand	259	125	Accursed	skilltab(6) 3-3	2	20	367	3670	74	3744	0.005449591280653951	0.005449591280653951	0.005341880341880342	0.0	-0.019764957264957195
prefix	wand	260	125	Fungal	skilltab(7) 1-1	2	20	367	3670	74	3744	0.005449591280653951	0.005449591280653951	0.005341880341880342	0.0	-0.019764957264957195
prefix	wand	261	125	Noxious	skilltab(7) 2-2	2	20	367	3670	74	3744	0.005449591280653951	0.005449591280653951	0.005341880341880342	0.0	-0.019764957264957195
prefix	wand	262	125	Venomous	skilltab(7) 3-3	2	20	367	3670	74	3744	0.005449591280653951	0.005449591280653951	0.005341880341880342	0.0	-0.019764957264957195
prefix	wand	263	125	Graverobber's	skilltab(8) 1-1	2	20	367	3670	74	3744	0.005449591280653951	0.005449591280653951	0.005341880341880342	0.0	-0.019764957264957195
prefix	wand	264	125	Vodoun	skilltab(8) 2-2	2	20	367	3670	74	3744	0.005449591280653951	0.005449591280653951	0.005341880341880342	0.0	-0.019764957264957195
prefix	wand	265	125	Golemlord's	skilltab(8) 3-3	2	20	367	3670	74	3744	0.005449591280653951	0.005449591280653951	0.005341880341880342	0.0	-0.019764957264957195
prefix	wand	331	137	Shivering	cold-len 50-50, cold-min 10-15, cold-max 31-45	4	40	367	3670	74	3744	0.010899182561307902	0.010899182561307902	0.010683760683760684	0.0	-0.019764957264957195
prefix	wand	332	137	Boreal	cold-len 75-75, cold-min 16-23, cold-max 46-90	2	20	367	3670	74	3744	0.005449591280653951	0.005449591280653951	0.005341880341880342	0.0	-0.019764957264957195
prefix	wand	333	137	Hibernal	cold-len 100-100, cold-min 24-45, cold-max 91-140	2	20	367	3670	74	3744	0.005449591280653951	0.005449591280653951	0.005341880341880342	0.0	-0.019764957264957195
prefix	wand	335	138	Smoldering	fire-min 26-50, fire-max 61-90	4	40	367	3670	74	3744	0.010899182561307902	0.010899182561307902	0.010683760683760684	0.0	-0.019764957264957195
prefix	wand	336	138	Smoking	fire-min 51-80, fire-max 91-130	2	20	367	3670	74	3744	0.005449591280653951	0.005449591280653951	0.005341880341880342	0.0	-0.019764957264957195
prefix	wand	337	138	Flaming	fire-min 81-120, fire-max 131-180	2	20	367	3670	74	3744	0.005449591280653951	0.005449591280653951	0.005341880341880342	0.0	-0.019764957264957195
prefix	wand	338	138	Scorching	fire-min 121-170, fire-max 181-240	2	20	367	3670	74	3744	0.005449591280653951	0.005449591280653951	0.005341880341880342	0.0	-0.019764957264957195
prefix	wand	340	139	Glowing	ltng-min 1-1, ltng-max 121-180	4	40	367	3670	74	3744	0.010899182561307902	0.010899182561307902	0.010683760683760684	0.0	-0.019764957264957195
prefix	wand	341	139	Buzzing	ltng-min 1-1, ltng-max 181-260	2	20	367	3670	74	3744	0.005449591280653951	0.005449591280653951	0.005341880341880342	0.0	-0.019764957264957195
prefix	wand	342	139	Arcing	ltng-min 1-1, ltng-max 261-360	2	20	367	3670	74	3744	0.005449591280653951	0.005449591280653951	0.005341880341880342	0.0	-0.019764957264957195
prefix	wand	343	139	Shocking	ltng-min 1-1, ltng-max 361-480	2	20	367	3670	74	3744	0.005449591280653951	0.005449591280653951	0.005341880341880342	0.0	-0.019764957264957195
prefix	wand	345	140	Envenomed	dmg-pois(75) 41-41	4	40	367	3670	74	3744	0.010899182561307902	0.010899182561307902	0.010683760683760684	0.0	-0.019764957264957195
prefix	wand	346	140	Corosive	dmg-pois(100) 205-205	2	20	367	3670	74	3744	0.005449591280653951	0.005449591280653951	0.005341880341880342	0.0	-0.019764957264957195
prefix	wand	347	140	Toxic	dmg-pois(125) 308-308	2	20	367	3670	74	3744	0.005449591280653951	0.005449591280653951	0.005341880341880342	0.0	-0.019764957264957195
prefix	wand	348	140	Pestilent	dmg-pois(150) 470-470	2	20	367	3670	74	3744	0.005449591280653951	0.005449591280653951	0.005341880341880342	0.0	-0.019764957264957195
prefix	wand	351	117	Lapis	res-cold 11-20	4	40	367	3670	74	3744	0.010899182561307902	0.010899182561307902	0.010683760683760684	0.0	-0.019764957264957195
prefix	wand	353	117	Cobalt	res-cold 21-30	4	40	367	3670	74	3744	0.010899182561307902	0.010899182561307902	0.010683760683760684	0.0	-0.019764957264957195
prefix	wand	354	117	Sapphire	res-cold 31-40	6	60	367	3670	74	3744	0.01634877384196185	0.01634877384196185	0.016025641025641024	0.0	-0.019764957264957306
prefix	wand	358	118	Russet	res-fire 11-20	2	20	367	3670	74	3744	0.005449591280653951	0.005449591280653951	0.005341880341880342	0.0	-0.019764957264957195
prefix	wand	360	118	Garnet	res-fire 21-30	2	20	367	3670	74	3744	0.005449591280653951	0.005449591280653951	0.005341880341880342	0.0	-0.019764957264957195
prefix	wand	361	118	Ruby	res-fire 31-40	6	60	367	3670	74	3744	0.01634877384196185	0.01634877384196185	0.016025641025641024	0.0	-0.019764957264957306
prefix	wand	366	119	Ocher	res-ltng 11-20	2	20	367	3670	74	3744	0.005449591280653951	0.005449591280653951	0.005341880341880342	0.0	-0.019764957264957195
prefix	wand	368	119	Coral	res-ltng 21-30	2	20	367	3670	74	3744	0.005449591280653951	0.005449591280653951	0.005341880341880342	0.0	-0.019764957264957195
prefix	wand	369	119	Amber	res-ltng 31-40	6	60	367	3670	74	3744	0.01634877384196185	0.01634877384196185	0.016025641025641024	0.0	-0.019764957264957306
prefix	wand	374	120	Viridian	res-pois 11-20	2	20	367	3670	74	3744	0.005449591280653951	0.005449591280653951	0.005341880341880342	0.0	-0.019764957264957195
prefix	wand	376	120	Jade	res-pois 21-30	2	20	367	3670	74	3744	0.005449591280653951	0.005449591280653951	0.005341880341880342	0.0	-0.019764957264957195
prefix	wand	377	120	Emerald	res-pois 31-40	6	60	367	3670	74	3744	0.01634877384196185	0.01634877384196185	0.016025641025641024	0.0	-0.019764957264957306
prefix	wand	397	115	Serpent's	mana 11-20	6	60	367	3670	74	3744	0.01634877384196185	0.01634877384196185	0.016025641025641024	0.0	-0.019764957264957306
prefix	wand	402	115	Wyrm's	mana 41-60	4	40	367	3670	74	3744	0.010899182561307902	0.010899182561307902	0.010683760683760684	0.0	-0.019764957264957195
prefix	wand	403	115	Great Wyrm's	mana 61-90	4	40	367	3670	74	3744	0.010899182561307902	0.010899182561307902	0.010683760683760684	0.0	-0.019764957264957195
prefix	wand	404	115	Bahamut's	mana 91-120	4	40	367	3670	74	3744	0.010899182561307902	0.010899182561307902	0.010683760683760684	0.0	-0.019764957264957195
prefix	wand	410	121	Victorious	mana-kill 2-5	8	80	367	3670	74	3744	0.021798365122615803	0.021798365122615803	0.021367521367521368	0.0	-0.019764957264957195
prefix	wand	420	122	Mechanist's	sock 1-2	6	60	367	3670	74	3744	0.01634877384196185	0.01634877384196185	0.016025641025641024	0.0	-0.019764957264957306
prefix	wand	421	122	Artificer's	sock(3) -	4	40	367	3670	74	3744	0.010899182561307902	0.010899182561307902	0.010683760683760684	0.0	-0.019764957264957195
prefix	wand	422	122	Jeweler's	sock(4) -	2	20	367	3670	74	3744	0.005449591280653951	0.005449591280653951	0.005341880341880342	0.0	-0.019764957264957195
prefix	wand	428	102	Null	red-mag 4-5	8	80	367	3670	74	3744	0.021798365122615803	0.021798365122615803	0.021367521367521368	0.0	-0.019764957264957195
prefix	wand	429	102	Antimagic	red-mag 6-10	8	80	367	3670	74	3744	0.021798365122615803	0.021798365122615803	0.021367521367521368	0.0	-0.019764957264957195
prefix	wand	432	102	Null	res-mag 11-15	8	80	367	3670	74	3744	0.021798365122615803	0.021798365122615803	0.021367521367521368	0.0	-0.019764957264957195
prefix	wand	433	102	Antimagic	res-mag 16-20	8	80	367	3670	74	3744	0.021798365122615803	0.021798365122615803	0.021367521367521368	0.0	-0.019764957264957195
prefix	wand	436	113	Wailing	howl 128-128	6	60	367	3670	74	3744	0.01634877384196185	0.01634877384196185	0.016025641025641024	0.0	-0.019764957264957306
prefix	wand	447	203	Elemental1	dmg-elem(75) 21-50	4	40	367	3670	74	3744	0.010899182561307902	0.010899182561307902	0.010683760683760684	0.0	-0.019764957264957195
prefix	wand	448	203	Elemental1	dmg-elem(100) 51-125	2	20	367	3670	74	3744	0.005449591280653951	0.005449591280653951	0.005341880341880342	0.0	-0.019764957264957195
prefix	wand	449	203	Elemental1	dmg-elem(125) 64-200	2	20	367	3670	74	3744	0.005449591280653951	0.005449591280653951	0.005341880341880342	0.0	-0.019764957264957195
prefix	wand	450	204	Loremaster's1	addxp 1-1	10	100	367	3670	74	3744	0.027247956403269755	0.027247956403269755	0.026709401709401708	0.0	-0.019764957264957306
prefix	wand	451	204	Loremaster's1	addxp 2-2	8	80	367	3670	74	3744	0.021798365122615803	0.021798365122615803	0.021367521367521368	0.0	-0.019764957264957195
prefix	wand	452	204	Sage's	addxp 3-3	6	60	367	3670	74	3744	0.01634877384196185	0.01634877384196185	0.016025641025641024	0.0	-0.019764957264957306
prefix	wand	492	209	Pyromaniac's2	pierce-fire 3-5	2	20	367	3670	74	3744	0.005449591280653951	0.005449591280653951	0.005341880341880342	0.0	-0.019764957264957195
prefix	wand	493	209	Pyromaniac's2	pierce-fire 6-9	2	20	367	3670	74	3744	0.005449591280653951	0.005449591280653951	0.005341880341880342	0.0	-0.019764957264957195
prefix	wand	494	209	Pyromaniac's2	pierce-fire 10-12	2	20	367	3670	74	3744	0.005449591280653951	0.005449591280653951	0.005341880341880342	0.0	-0.019764957264957195
prefix	wand	495	209	Frost Wyrm's2	pierce-cold 3-5	2	20	367	3670	74	3744	0.005449591280653951	0.005449591280653951	0.005341880341880342	0.0	-0.019764957264957195
prefix	wand	496	209	Frost Wyrm's2	pierce-cold 6-9	2	20	367	3670	74	3744	0.005449591280653951	0.005449591280653951	0.005341880341880342	0.0	-0.019764957264957195
prefix	wand	497	209	Frost Wyrm's2	pierce-cold 10-12	2	20	367	3670	74	3744	0.005449591280653951	0.005449591280653951	0.005341880341880342	0.0	-0.019764957264957195
prefix	wand	498	209	Zeus's2	pierce-ltng 3-5	2	20	367	3670	74	3744	0.005449591280653951	0.005449591280653951	0.005341880341880342	0.0	-0.019764957264957195
prefix	wand	499	209	Zeus's2	pierce-ltng 6-9	2	20	367	3670	74	3744	0.005449591280653951	0.005449591280653951	0.005341880341880342	0.0	-0.019764957264957195
prefix	wand	500	209	Zeus's2	pierce-ltng 10-12	2	20	367	3670	74	3744	0.005449591280653951	0.005449591280653951	0.005341880341880342	0.0	-0.019764957264957195
prefix	wand	501	209	Manticore's2	pierce-pois 3-5	2	20	367	3670	74	3744	0.005449591280653951	0.005449591280653951	0.005341880341880342	0.0	-0.019764957264957195
prefix	wand	502	209	Manticore's2	pierce-pois 6-9	2	20	367	3670	74	3744	0.005449591280653951	0.005449591280653951	0.005341880341880342	0.0	-0.019764957264957195
prefix	wand	503	209	Manticore's2	pierce-pois 10-12	2	20	367	3670	74	3744	0.005449591280653951	0.005449591280653951	0.005341880341880342	0.0	-0.019764957264957195
prefix	wand	504	209	Pyromaniac's2	extra-fire 3-5	2	20	367	3670	74	3744	0.005449591280653951	0.005449591280653951	0.005341880341880342	0.0	-0.019764957264957195
prefix	wand	505	209	Pyromaniac's2	extra-fire 6-9	2	20	367	3670	74	3744	0.005449591280653951	0.005449591280653951	0.005341880341880342	0.0	-0.019764957264957195
prefix	wand	506	209	Pyromaniac's2	extra-fire 10-12	2	20	367	3670	74	3744	0.005449591280653951	0.005449591280653951	0.005341880341880342	0.0	-0.019764957264957195
prefix	wand	507	209	Frost Wyrm's2	extra-cold 3-5	2	20	367	3670	74	3744	0.005449591280653951	0.005449591280653951	0.005341880341880342	0.0	-0.019764957264957195
prefix	wand	508	209	Frost Wyrm's2	extra-cold 6-9	2	20	367	3670	74	3744	0.005449591280653951	0.005449591280653951	0.005341880341880342	0.0	-0.019764957264957195
prefix	wand	509	209	Frost Wyrm's2	extra-cold 10-12	2	20	367	3670	74	3744	0.005449591280653951	0.005449591280653951	0.005341880341880342	0.0	-0.019764957264957195
prefix	wand	510	209	Zeus's2	extra-ltng 3-5	2	20	367	3670	74	3744	0.005449591280653951	0.005449591280653951	0.005341880341880342	0.0	-0.019764957264957195
prefix	wand	511	209	Zeus's2	extra-ltng 6-9	2	20	367	3670	74	3744	0.005449591280653951	0.005449591280653951	0.005341880341880342	0.0	-0.019764957264957195
prefix	wand	512	209	Zeus's2	extra-ltng 10-12	2	20	367	3670	74	3744	0.005449591280653951	0.005449591280653951	0.005341880341880342	0.0	-0.019764957264957195
prefix	wand	513	209	Manticore's2	extra-pois 3-5	2	20	367	3670	74	3744	0.005449591280653951	0.005449591280653951	0.005341880341880342	0.0	-0.019764957264957195
prefix	wand	514	209	Manticore's2	extra-pois 6-9	2	20	367	3670	74	3744	0.005449591280653951	0.005449591280653951	0.005341880341880342	0.0	-0.019764957264957195
prefix	wand	515	209	Manticore's2	extra-pois 10-12	2	20	367	3670	74	3744	0.005449591280653951	0.005449591280653951	0.005341880341880342	0.0	-0.019764957264957195
prefix	wand	567	44	Charged1	charged(42) 50-17	1	10	367	3670	74	3744	0.0027247956403269754	0.0027247956403269754	0.002670940170940171	0.0	-0.019764957264957195
prefix	wand	583	44	Charged1	charged(50) 45-16	1	10	367	3670	74	3744	0.0027247956403269754	0.0027247956403269754	0.002670940170940171	0.0	-0.019764957264957195
prefix	wand	585	44	Charged1	charged(51) 100-25	1	10	367	3670	74	3744	0.0027247956403269754	0.0027247956403269754	0.002670940170940171	0.0	-0.019764957264957195
prefix	wand	587	44	Charged1	charged(52) 15-25	1	10	367	3670	74	3744	0.0027247956403269754	0.0027247956403269754	0.002670940170940171	0.0	-0.019764957264957195
prefix	wand	591	44	Charged1	charged(54) 300-1	1	10	367	3670	74	3744	0.0027247956403269754	0.0027247956403269754	0.002670940170940171	0.0	-0.019764957264957195
prefix	wand	595	44	Charged1	charged(56) 300-22	1	10	367	3670	74	3744	0.0027247956403269754	0.0027247956403269754	0.002670940170940171	0.0	-0.019764957264957195
prefix	wand	597	44	Charged1	charged(57) 25-15	1	10	367	3670	74	3744	0.0027247956403269754	0.0027247956403269754	0.002670940170940171	0.0	-0.019764957264957195
prefix	wand	599	44	Charged1	charged(58) 15-10	1	10	367	3670	74	3744	0.0027247956403269754	0.0027247956403269754	0.002670940170940171	0.0	-0.019764957264957195
prefix	wand	601	44	Charged1	charged(59) 200-17	1	10	367	3670	74	3744	0.0027247956403269754	0.0027247956403269754	0.002670940170940171	0.0	-0.019764957264957195
prefix	wand	603	44	Charged1	charged(60) 35-15	1	10	367	3670	74	3744	0.0027247956403269754	0.0027247956403269754	0.002670940170940171	0.0	-0.019764957264957195
prefix	wand	605	44	Charged1	charged(62) 250-25	1	10	367	3670	74	3744	0.0027247956403269754	0.0027247956403269754	0.002670940170940171	0.0	-0.019764957264957195
prefix	wand	607	44	Charged1	charged(64) 300-25	1	10	367	3670	74	3744	0.0027247956403269754	0.0027247956403269754	0.002670940170940171	0.0	-0.019764957264957195
prefix	wand	609	44	Charged1	charged(66) 75-15	1	10	367	3670	74	3744	0.0027247956403269754	0.0027247956403269754	0.002670940170940171	0.0	-0.019764957264957195
prefix	wand	613	44	Charged1	charged(68) 30-15	1	10	367	3670	74	3744	0.0027247956403269754	0.0027247956403269754	0.002670940170940171	0.0	-0.019764957264957195
prefix	wand	615	44	Charged1	charged(70) 25-10	1	10	367	3670	74	3744	0.0027247956403269754	0.0027247956403269754	0.002670940170940171	0.0	-0.019764957264957195
prefix	wand	617	44	Charged1	charged(71) 25-12	1	10	367	3670	74	3744	0.0027247956403269754	0.0027247956403269754	0.002670940170940171	0.0	-0.019764957264957195
prefix	wand	619	44	Charged1	charged(72) 25-18	1	10	367	3670	74	3744	0.0027247956403269754	0.0027247956403269754	0.002670940170940171	0.0	-0.019764957264957195
prefix	wand	623	44	Charged1	charged(74) 150-15	1	10	367	3670	74	3744	0.0027247956403269754	0.0027247956403269754	0.002670940170940171	0.0	-0.019764957264957195
prefix	wand	627	44	Charged1	charged(76) 75-10	1	10	367	3670	74	3744	0.0027247956403269754	0.0027247956403269754	0.002670940170940171	0.0	-0.019764957264957195
prefix	wand	629	44	Charged1	charged(77) 65-12	1	10	367	3670	74	3744	0.0027247956403269754	0.0027247956403269754	0.002670940170940171	0.0	-0.019764957264957195
prefix	wand	631	44	Charged1	charged(78) 35-25	1	10	367	3670	74	3744	0.0027247956403269754	0.0027247956403269754	0.002670940170940171	0.0	-0.019764957264957195
prefix	wand	633	44	Charged1	charged(80) 50-20	1	10	367	3670	74	3744	0.0027247956403269754	0.0027247956403269754	0.002670940170940171	0.0	-0.019764957264957195
prefix	wand	635	44	Charged1	charged(81) 35-17	1	10	367	3670	74	3744	0.0027247956403269754	0.0027247956403269754	0.002670940170940171	0.0	-0.019764957264957195
prefix	wand	637	44	Charged1	charged(82) 35-15	1	10	367	3670	74	3744	0.0027247956403269754	0.0027247956403269754	0.002670940170940171	0.0	-0.019764957264957195
prefix	wand	641	44	Charged1	charged(84) 300-20	1	10	367	3670	74	3744	0.0027247956403269754	0.0027247956403269754	0.002670940170940171	0.0	-0.019764957264957195
prefix	wand	643	44	Charged1	charged(85) 15-18	1	10	367	3670	74	3744	0.0027247956403269754	0.0027247956403269754	0.002670940170940171	0.0	-0.019764957264957195
prefix	wand	647	44	Charged1	charged(87) 35-15	1	10	367	3670	74	3744	0.0027247956403269754	0.0027247956403269754	0.002670940170940171	0.0	-0.019764957264957195
prefix	wand	649	44	Charged1	charged(88) 55-14	1	10	367	3670	74	3744	0.0027247956403269754	0.0027247956403269754	0.002670940170940171	0.0	-0.019764957264957195
prefix	wand	651	44	Charged1	charged(90) 35-21	1	10	367	3670	74	3744	0.0027247956403269754	0.0027247956403269754	0.002670940170940171	0.0	-0.019764957264957195
prefix	wand	653	44	Charged1	charged(91) 35-22	1	10	367	3670	74	3744	0.0027247956403269754	0.0027247956403269754	0.002670940170940171	0.0	-0.019764957264957195
prefix	wand	655	44	Charged1	charged(92) 300-19	1	10	367	3670	74	3744	0.0027247956403269754	0.0027247956403269754	0.002670940170940171	0.0	-0.019764957264957195
prefix	wand	657	44	Charged1	charged(93) 200-23	1	10	367	3670	74	3744	0.0027247956403269754	0.0027247956403269754	0.002670940170940171	0.0	-0.019764957264957195
prefix	wand	659	44	Charged1	charged(94) 10-24	1	10	367	3670	74	3744	0.0027247956403269754	0.0027247956403269754	0.002670940170940171	0.0	-0.019764957264957195
prefix	wand	661	44	Charged1	charged(95) 35-10	1	10	367	3670	74	3744	0.0027247956403269754	0.0027247956403269754	0.002670940170940171	0.0	-0.019764957264957195
prefix	wand	663	44	Charged1	charged(96) 300-20	1	10	367	3670	74	3744	0.0027247956403269754	0.0027247956403269754	0.002670940170940171	0.0	-0.019764957264957195
prefix	wand	667	44	Charged1	charged(106) 300-18	1	10	367	3670	74	3744	0.0027247956403269754	0.0027247956403269754	0.002670940170940171	0.0	-0.019764957264957195
prefix	wand	669	44	Charged1	charged(111) 300-16	1	10	367	3670	74	3744	0.0027247956403269754	0.0027247956403269754	0.002670940170940171	0.0	-0.019764957264957195
prefix	wand	671	44	Charged1	charged(112) 300-20	1	10	367	3670	74	3744	0.0027247956403269754	0.0027247956403269754	0.002670940170940171	0.0	-0.019764957264957195
prefix	wand	675	44	Charged1	charged(121) 125-24	1	10	367	3670	74	3744	0.0027247956403269754	0.0027247956403269754	0.002670940170940171	0.0	-0.019764957264957195
prefix	wand	685	44	Charged1	charged(138) 25-20	1	10	367	3670	74	3744	0.0027247956403269754	0.0027247956403269754	0.002670940170940171	0.0	-0.019764957264957195
prefix	wand	689	44	Charged1	charged(142) 300-21	1	10	367	3670	74	3744	0.0027247956403269754	0.0027247956403269754	0.002670940170940171	0.0	-0.019764957264957195
prefix	wand	695	44	Charged1	charged(149) 35-18	1	10	367	3670	74	3744	0.0027247956403269754	0.0027247956403269754	0.002670940170940171	0.0	-0.019764957264957195
prefix	wand	697	44	Charged1	charged(150) 35-15	1	10	367	3670	74	3744	0.0027247956403269754	0.0027247956403269754	0.002670940170940171	0.0	-0.019764957264957195
prefix	wand	699	44	Charged1	charged(154) 35-13	1	10	367	3670	74	3744	0.0027247956403269754	0.0027247956403269754	0.002670940170940171	0.0	-0.019764957264957195
prefix	wand	701	44	Charged1	charged(155) 35-20	1	10	367	3670	74	3744	0.0027247956403269754	0.0027247956403269754	0.002670940170940171	0.0	-0.019764957264957195
prefix	wand	709	44	Charged1	charged(235) 75-19	1	10	367	3670	74	3744	0.0027247956403269754	0.0027247956403269754	0.002670940170940171	0.0	-0.019764957264957195
prefix	wand	711	44	Charged1	charged(240) 300-25	1	10	367	3670	74	3744	0.0027247956403269754	0.0027247956403269754	0.002670940170940171	0.0	-0.019764957264957195
prefix	wand	713	44	Charged1	charged(244) 125-18	1	10	367	3670	74	3744	0.0027247956403269754	0.0027247956403269754	0.002670940170940171	0.0	-0.019764957264957195
prefix	wand	715	44	Charged1	charged(245) 200-15	1	10	367	3670	74	3744	0.0027247956403269754	0.0027247956403269754	0.002670940170940171	0.0	-0.019764957264957195
prefix	wand	717	44	Charged1	charged(249) 100-30	1	10	367	3670	74	3744	0.0027247956403269754	0.0027247956403269754	0.002670940170940171	0.0	-0.019764957264957195
prefix	wand	719	44	Charged1	charged(250) 100-28	1	10	367	3670	74	3744	0.0027247956403269754	0.0027247956403269754	0.002670940170940171	0.0	-0.019764957264957195
prefix	wand	725	44	Charged1	charged(258) 25-12	1	10	367	3670	74	3744	0.0027247956403269754	0.0027247956403269754	0.002670940170940171	0.0	-0.019764957264957195
prefix	wand	731	44	Charged1	charged(264) 55-15	1	10	367	3670	74	3744	0.0027247956403269754	0.0027247956403269754	0.002670940170940171	0.0	-0.019764957264957195
prefix	wand	734	44	Charged1	charged(267) 35-12	1	10	367	3670	74	3744	0.0027247956403269754	0.0027247956403269754	0.002670940170940171	0.0	-0.019764957264957195
prefix	wand	736	44	Charged1	charged(268) 15-15	1	10	367	3670	74	3744	0.0027247956403269754	0.0027247956403269754	0.002670940170940171	0.0	-0.019764957264957195
prefix	wand	744	44	Charged1	charged(276) 100-17	1	10	367	3670	74	3744	0.0027247956403269754	0.0027247956403269754	0.002670940170940171	0.0	-0.019764957264957195
prefix	wand	746	44	Charged1	charged(277) 35-20	1	10	367	3670	74	3744	0.0027247956403269754	0.0027247956403269754	0.002670940170940171	0.0	-0.019764957264957195
prefix	wand	748	44	Charged1	charged(278) 55-19	1	10	367	3670	74	3744	0.0027247956403269754	0.0027247956403269754	0.002670940170940171	0.0	-0.019764957264957195
prefix	wand	750	44	Charged1	charged(279) 10-18	1	10	367	3670	74	3744	0.0027247956403269754	0.0027247956403269754	0.002670940170940171	0.0	-0.019764957264957195
suffix	amul	2	61	of Defense1	ac 5-10	60	600	3281	32810	956	33766	0.01828710758914965	0.01828710758914965	0.017769353787833914	0.0	-0.02831250370194882
suffix	amul	3	61	of Defense1	ac 11-25	60	600	3281	32810	956	33766	0.01828710758914965	0.01828710758914965	0.017769353787833914	0.0	-0.02831250370194882
suffix	amul	4	61	of Guarding	ac 26-50	60	600	3281	32810	956	33766	0.01828710758914965	0.01828710758914965	0.017769353787833914	0.0	-0.02831250370194882
suffix	amul	6	14	of Craftsmanship	dmg-max 3-4	96	960	3281	32810	956	33766	0.02925937214263944	0.02925937214263944	0.028430966060534264	0.0	-0.02831250370194882
suffix	amul	7	14	of Quality	dmg-max 5-7	96	960	3281	32810	956	33766	0.02925937214263944	0.02925937214263944	0.028430966060534264	0.0	-0.02831250370194882
suffix	amul	8	14	of Quality	dmg-max 8-10	96	960	3281	32810	956	33766	0.02925937214263944	0.02925937214263944	0.028430966060534264	0.0	-0.02831250370194882
suffix	amul	42	15	of Worth	dmg-min 2-3	32	320	3281	32810	956	33766	0.009753124047546479	0.009753124047546479	0.009476988686844755	0.0	-0.0283125037019486
suffix	amul	43	15	of Measure	dmg-min 4-5	32	320	3281	32810	956	33766	0.009753124047546479	0.009753124047546479	0.009476988686844755	0.0	-0.0283125037019486
suffix	amul	44	15	of Excellence	dmg-min 6-9	32	320	3281	32810	956	33766	0.009753124047546479	0.009753124047546479	0.009476988686844755	0.0	-0.0283125037019486
suffix	amul	45	15	of Performance	dmg-min 10-13	32	320	3281	32810	956	33766	0.009753124047546479	0.009753124047546479	0.009476988686844755	0.0	-0.0283125037019486
suffix	amul	54	10	of Frost	cold-min 1-1, cold-max 3-6, cold-len 75-75	24	240	3281	32810	956	33766	0.00731484303565986	0.00731484303565986	0.007107741515133566	0.0	-0.02831250370194882
suffix	amul	55	10	of Frigidity	cold-min 1-1, cold-max 7-10, cold-len 100-100	24	240	3281	32810	956	33766	0.00731484303565986	0.00731484303565986	0.007107741515133566	0.0	-0.02831250370194882
suffix	amul	56	10	of the Icicle	cold-min 2-3, cold-max 11-15, cold-len 125-125	24	240	3281	32810	956	33766	0.00731484303565986	0.00731484303565986	0.007107741515133566	0.0	-0.02831250370194882
suffix	amul	57	10	of the Glacier	cold-min 4-5, cold-max 16-25, cold-len 150-150	24	240	3281	32810	956	33766	0.00731484303565986	0.00731484303565986	0.007107741515133566	0.0	-0.02831250370194882
suffix	amul	67	12	of Flame	fire-min 1-1, fire-max 2-5	24	240	3281	32810	956	33766	0.00731484303565986	0.00731484303565986	0.007107741515133566	0.0	-0.02831250370194882
suffix	amul	68	12	of Passion	fire-min 1-3, fire-max 6-10	24	240	3281	32810	956	33766	0.00731484303565986	0.00731484303565986	0.007107741515133566	0.0	-0.02831250370194882
suffix	amul	69	12	of Fire	fire-min 4-10, fire-max 11-30	24	240	3281	32810	956	33766	0.00731484303565986	0.00731484303565986	0.007107741515133566	0.0	-0.02831250370194882
suffix	amul	70	12	of Burning	fire-min 11-25, fire-max 31-50	24	240	3281	32810	956	33766	0.00731484303565986	0.00731484303565986	0.007107741515133566	0.0	-0.02831250370194882
suffix	amul	80	13	of Shock	ltng-min 1-1, ltng-max 11-23	24	240	3281	32810	956	33766	0.00731484303565986	0.00731484303565986	0.007107741515133566	0.0	-0.02831250370194882
suffix	amul	81	13	of Lightning	ltng-min 1-1, ltng-max 24-50	24	240	3281	32810	956	33766	0.00731484303565986	0.00731484303565986	0.007107741515133566	0.0	-0.02831250370194882
suffix	amul	82	13	of Thunder	ltng-min 1-1, ltng-max 51-75	24	240	3281	32810	956	33766	0.00731484303565986	0.00731484303565986	0.007107741515133566	0.0	-0.02831250370194882
suffix	amul	83	13	of Storms	ltng-min 1-1, ltng-max 76-100	24	240	3281	32810	956	33766	0.00731484303565986	0.00731484303565986	0.007107741515133566	0.0	-0.02831250370194882
suffix	amul	91	16	of Blight	dmg-pois(75) 171-171	24	240	3281	32810	956	33766	0.00731484303565986	0.00731484303565986	0.007107741515133566	0.0	-0.02831250370194882
suffix	amul	92	16	of Venom	dmg-pois(75) 266-266	12	120	3281	32810	956	33766	0.00365742151782993	0.00365742151782993	0.003553870757566783	0.0	-0.02831250370194882
suffix	amul	93	16	of Blight	dmg-pois(75) 377-377	12	120	3281	32810	956	33766	0.00365742151782993	0.00365742151782993	0.003553870757566783	0.0	-0.02831250370194882
suffix	amul	97	11	of Warmth	half-freeze 1-1	48	480	3281	32810	956	33766	0.01462968607131972	0.01462968607131972	0.014215483030267132	0.0	-0.02831250370194882
suffix	amul	98	11	of Warmth	nofreeze 1-1	24	240	3281	32810	956	33766	0.00731484303565986	0.00731484303565986	0.007107741515133566	0.0	-0.02831250370194882
suffix	amul	99	29	of Defiance	res-pois-len 75-90	24	240	3281	32810	956	33766	0.00731484303565986	0.00731484303565986	0.007107741515133566	0.0	-0.02831250370194882
suffix	amul	100	29	of Amelioration	res-pois-len 50-74	36	360	3281	32810	956	33766	0.01097226455348979	0.01097226455348979	0.01066161227270035	0.0	-0.02831250370194871
suffix	amul	110	27	of the Leech	lifesteal 2-3	24	240	3281	32810	956	33766	0.00731484303565986	0.00731484303565986	0.007107741515133566	0.0	-0.02831250370194882
suffix	amul	111	27	of the Locust	lifesteal 4-5	24	240	3281	32810	956	33766	0.00731484303565986	0.00731484303565986	0.007107741515133566	0.0	-0.02831250370194882
suffix	amul	112	27	of the Lamprey	lifesteal 6-6	24	240	3281	32810	956	33766	0.00731484303565986	0.00731484303565986	0.007107741515133566	0.0	-0.02831250370194882
suffix	amul	116	28	of the Bat	manasteal 3-4	48	480	3281	32810	956	33766	0.01462968607131972	0.01462968607131972	0.014215483030267132	0.0	-0.02831250370194882
suffix	amul	117	28	of the Wraith	manasteal 5-6	48	480	3281	32810	956	33766	0.01462968607131972	0.01462968607131972	0.014215483030267132	0.0	-0.02831250370194882
suffix	amul	118	28	of the Vampire	manasteal 7-8	48	480	3281	32810	956	33766	0.01462968607131972	0.01462968607131972	0.014215483030267132	0.0	-0.02831250370194882
suffix	amul	123	60	of the Lich	manasteal 3-5, lifesteal 5-7	12	120	3281	32810	956	33766	0.00365742151782993	0.00365742151782993	0.003553870757566783	0.0	-0.02831250370194882
suffix	amul	124	60	of the Lich	manasteal 6-7, lifesteal 8-9	12	120	3281	32810	956	33766	0.00365742151782993	0.00365742151782993	0.003553870757566783	0.0	-0.02831250370194882
suffix	amul	125	60	of the Lich	manasteal 8-9, lifesteal 10-12	12	120	3281	32810	956	33766	0.00365742151782993	0.00365742151782993	0.003553870757566783	0.0	-0.02831250370194882
suffix	amul	129	1	of Life	red-dmg 6-10	48	480	3281	32810	956	33766	0.01462968607131972	0.01462968607131972	0.014215483030267132	0.0	-0.02831250370194882
suffix	amul	130	1	of Life Everlasting	red-dmg 10-25	48	480	3281	32810	956	33766	0.01462968607131972	0.01462968607131972	0.014215483030267132	0.0	-0.02831250370194882
suffix	amul	136	2	of the Sentinel	red-mag 3-4	48	480	3281	32810	956	33766	0.01462968607131972	0.01462968607131972	0.014215483030267132	0.0	-0.02831250370194882
suffix	amul	137	2	of Guarding	red-mag 5-6	48	480	3281	32810	956	33766	0.01462968607131972	0.01462968607131972	0.014215483030267132	0.0	-0.02831250370194882
suffix	amul	138	2	of Negation	red-mag 7-8	48	480	3281	32810	956	33766	0.01462968607131972	0.01462968607131972	0.014215483030267132	0.0	-0.02831250370194882
suffix	amul	143	2	of the Sentinel	res-mag 6-9	48	480	3281	32810	956	33766	0.01462968607131972	0.01462968607131972	0.014215483030267132	0.0	-0.02831250370194882
suffix	amul	144	2	of Guarding	res-mag 10-13	48	480	3281	32810	956	33766	0.01462968607131972	0.01462968607131972	0.014215483030267132	0.0	-0.02831250370194882
suffix	amul	150	3	of Coolness	abs-fire 1-2	12	120	3281	32810	956	33766	0.00365742151782993	0.00365742151782993	0.003553870757566783	0.0	-0.02831250370194882
suffix	amul	151	3	of Incombustibility	abs-fire 3-4	12	120	3281	32810	956	33766	0.00365742151782993	0.00365742151782993	0.003553870757566783	0.0	-0.02831250370194882
suffix	amul	152	3	of Amianthus	abs-fire 5-6	12	120	3281	32810	956	33766	0.00365742151782993	0.00365742151782993	0.003553870757566783	0.0	-0.02831250370194882
suffix	amul	153	3	of Fire Quenching	abs-fire 8-10	12	120	3281	32810	956	33766	0.00365742151782993	0.00365742151782993	0.003553870757566783	0.0	-0.02831250370194882
suffix	amul	156	3	of Fire Coalescence1	abs-fire% 3-7	12	120	3281	32810	956	33766	0.00365742151782993	0.00365742151782993	0.003553870757566783	0.0	-0.02831250370194882
suffix	amul	157	3	of Fire Coalescence1	abs-fire% 8-15	12	120	3281	32810	956	33766	0.00365742151782993	0.00365742151782993	0.003553870757566783	0.0	-0.02831250370194882
suffix	amul	158	3	of Fire Coalescence1	abs-fire% 16-25	12	120	3281	32810	956	33766	0.00365742151782993	0.00365742151782993	0.003553870757566783	0.0	-0.02831250370194882
suffix	amul	163	3	of Resistance	abs-ltng 1-2	12	120	3281	32810	956	33766	0.00365742151782993	0.00365742151782993	0.003553870757566783	0.0	-0.02831250370194882
suffix	amul	164	3	of Insulation	abs-ltng 3-4	12	120	3281	32810	956	33766	0.00365742151782993	0.00365742151782993	0.003553870757566783	0.0	-0.02831250370194882
suffix	amul	165	3	of Grounding	abs-ltng 5-6	12	120	3281	32810	956	33766	0.00365742151782993	0.00365742151782993	0.003553870757566783	0.0	-0.02831250370194882
suffix	amul	166	3	of the Dynamo	abs-ltng 8-10	12	120	3281	32810	956	33766	0.00365742151782993	0.00365742151782993	0.003553870757566783	0.0	-0.02831250370194882
suffix	amul	169	3	of Lightning Coalescence1	abs-ltng% 3-7	12	120	3281	32810	956	33766	0.00365742151782993	0.00365742151782993	0.003553870757566783	0.0	-0.02831250370194882
suffix	amul	170	3	of Lightning Coalescence1	abs-ltng% 8-15	12	120	3281	32810	956	33766	0.00365742151782993	0.00365742151782993	0.003553870757566783	0.0	-0.02831250370194882
suffix	amul	171	3	of Lightning Coalescence1	abs-ltng% 16-25	12	120	3281	32810	956	33766	0.00365742151782993	0.00365742151782993	0.003553870757566783	0.0	-0.02831250370194882
suffix	amul	176	3	of Warming	abs-cold 1-2	12	120	3281	32810	956	33766	0.00365742151782993	0.00365742151782993	0.003553870757566783	0.0	-0.02831250370194882
suffix	amul	177	3	of Thawing	abs-cold 3-4	12	120	3281	32810	956	33766	0.00365742151782993	0.00365742151782993	0.003553870757566783	0.0	-0.02831250370194882
suffix	amul	178	3	of the Dunes	abs-cold 5-6	12	120	3281	32810	956	33766	0.00365742151782993	0.00365742151782993	0.003553870757566783	0.0	-0.02831250370194882
suffix	amul	179	3	of the Sirocco	abs-cold 8-10	12	120	3281	32810	956	33766	0.00365742151782993	0.00365742151782993	0.003553870757566783	0.0	-0.02831250370194882
suffix	amul	182	3	of Chilling Coalescence1	abs-cold% 3-7	12	120	3281	32810	956	33766	0.00365742151782993	0.00365742151782993	0.003553870757566783	0.0	-0.02831250370194882
suffix	amul	183	3	of Chilling Coalescence1	abs-cold% 8-15	12	120	3281	32810	956	33766	0.00365742151782993	0.00365742151782993	0.003553870757566783	0.0	-0.02831250370194882
suffix	amul	184	3	of Chilling Coalescence1	abs-cold% 16-25	12	120	3281	32810	956	33766	0.00365742151782993	0.00365742151782993	0.003553870757566783	0.0	-0.02831250370194882
suffix	amul	186	43	of the Yeti	res-cold/lvl(6) -	12	120	3281	32810	956	33766	0.00365742151782993	0.00365742151782993	0.003553870757566783	0.0	-0.02831250370194882
suffix	amul	188	43	of the Phoenix	res-fire/lvl(6) -	12	120	3281	32810	956	33766	0.00365742151782993	0.00365742151782993	0.003553870757566783	0.0	-0.02831250370194882
suffix	amul	190	43	of the Efreeti	res-ltng/lvl(6) -	12	120	3281	32810	956	33766	0.00365742151782993	0.00365742151782993	0.003553870757566783	0.0	-0.02831250370194882
suffix	amul	192	43	of the Cobra	res-pois/lvl(6) -	12	120	3281	32810	956	33766	0.00365742151782993	0.00365742151782993	0.003553870757566783	0.0	-0.02831250370194882
suffix	amul	196	67	of Winter2	res-cold-max 1-10	24	240	3281	32810	956	33766	0.00731484303565986	0.00731484303565986	0.007107741515133566	0.0	-0.02831250370194882
suffix	amul	197	67	of Summer2	res-fire-max 1-10	24	240	3281	32810	956	33766	0.00731484303565986	0.00731484303565986	0.007107741515133566	0.0	-0.02831250370194882
suffix	amul	198	67	of Spring2	res-ltng-max 1-10	24	240	3281	32810	956	33766	0.00731484303565986	0.00731484303565986	0.007107741515133566	0.0	-0.02831250370194882
suffix	amul	199	67	of Autumn2	res-pois-max 1-10	24	240	3281	32810	956	33766	0.00731484303565986	0.00731484303565986	0.007107741515133566	0.0	-0.02831250370194882
suffix	amul	200	67	of the Four Seasons2	res-all-max 1-3	24	240	3281	32810	956	33766	0.00731484303565986	0.00731484303565986	0.007107741515133566	0.0	-0.02831250370194882
suffix	amul	201	67	of the Four Seasons2	res-all-max 4-6	12	120	3281	32810	956	33766	0.00365742151782993	0.00365742151782993	0.003553870757566783	0.0	-0.02831250370194882
suffix	amul	206	17	of Perfection	dex 16-20	36	360	3281	32810	956	33766	0.01097226455348979	0.01097226455348979	0.01066161227270035	0.0	-0.02831250370194871
suffix	amul	207	17	of Nirvana	dex 21-30	36	360	3281	32810	956	33766	0.01097226455348979	0.01097226455348979	0.01066161227270035	0.0	-0.02831250370194871
suffix	amul	226	31	of the Giant	str 10-15	36	360	3281	32810	956	33766	0.01097226455348979	0.01097226455348979	0.01066161227270035	0.0	-0.02831250370194871
suffix	amul	227	31	of the Titan	str 16-20	36	360	3281	32810	956	33766	0.01097226455348979	0.01097226455348979	0.01066161227270035	0.0	-0.02831250370194871
suffix	amul	228	31	of Atlus	str 21-30	36	360	3281	32810	956	33766	0.01097226455348979	0.01097226455348979	0.01066161227270035	0.0	-0.02831250370194871
suffix	amul	246	23	of Sorcery	enr 11-15	36	360	3281	32810	956	33766	0.01097226455348979	0.01097226455348979	0.01066161227270035	0.0	-0.02831250370194871
suffix	amul	247	23	of Wizardry	enr 16-20	36	360	3281	32810	956	33766	0.01097226455348979	0.01097226455348979	0.01066161227270035	0.0	-0.02831250370194871
suffix	amul	248	23	of Enlightenment	enr 21-30	36	360	3281	32810	956	33766	0.01097226455348979	0.01097226455348979	0.01066161227270035	0.0	-0.02831250370194871
suffix	amul	262	42	of Grace	dex/lvl(3) -	12	120	3281	32810	956	33766	0.00365742151782993	0.00365742151782993	0.003553870757566783	0.0	-0.02831250370194882
suffix	amul	263	42	of Power	str/lvl(3) -	12	120	3281	32810	956	33766	0.00365742151782993	0.00365742151782993	0.003553870757566783	0.0	-0.02831250370194882
suffix	amul	264	42	of Grace and Power	str/lvl(3) -, dex/lvl(3) -	12	120	3281	32810	956	33766	0.00365742151782993	0.00365742151782993	0.003553870757566783	0.0	-0.02831250370194882
suffix	amul	277	42	of the Sky	all-stats 5-10	12	120	3281	32810	956	33766	0.00365742151782993	0.00365742151782993	0.003553870757566783	0.0	-0.02831250370194882
suffix	amul	278	42	of the Stars	all-stats 11-15	12	120	3281	32810	956	33766	0.00365742151782993	0.00365742151782993	0.003553870757566783	0.0	-0.02831250370194882
suffix	amul	279	42	of the Heavens	all-stats 16-20	12	120	3281	32810	956	33766	0.00365742151782993	0.00365742151782993	0.003553870757566783	0.0	-0.02831250370194882
suffix	amul	280	42	of the Zodiac	all-stats 21-30	12	120	3281	32810	956	33766	0.00365742151782993	0.00365742151782993	0.003553870757566783	0.0	-0.02831250370194882
suffix	amul	285	26	of the Mammoth	hp 31-40	36	360	3281	32810	956	33766	0.01097226455348979	0.01097226455348979	0.01066161227270035	0.0	-0.02831250370194871
suffix	amul	286	26	of the Colosuss	hp 41-60	36	360	3281	32810	956	33766	0.01097226455348979	0.01097226455348979	0.01066161227270035	0.0	-0.02831250370194871
suffix	amul	287	26	of the Squid	hp 61-80	36	360	3281	32810	956	33766	0.01097226455348979	0.01097226455348979	0.01066161227270035	0.0	-0.02831250370194871
suffix	amul	288	26	of the Whale	hp 81-100	36	360	3281	32810	956	33766	0.01097226455348979	0.01097226455348979	0.01066161227270035	0.0	-0.02831250370194871
suffix	amul	302	41	of the Elephant	hp/lvl(4) -, mana/lvl(2) -	24	240	3281	32810	956	33766	0.00731484303565986	0.00731484303565986	0.007107741515133566	0.0	-0.02831250370194882
suffix	amul	304	41	of the Kraken	hp/lvl(6) -	12	120	3281	32810	956	33766	0.00365742151782993	0.00365742151782993	0.003553870757566783	0.0	-0.02831250370194882
suffix	amul	305	41	of Memory	mana/lvl(6) -	12	120	3281	32810	956	33766	0.00365742151782993	0.00365742151782993	0.003553870757566783	0.0	-0.02831250370194882
suffix	amul	309	19	of Regrowth	regen 6-10	48	480	3281	32810	956	33766	0.01462968607131972	0.01462968607131972	0.014215483030267132	0.0	-0.02831250370194882
suffix	amul	311	19	of Revivification	regen 11-15	48	480	3281	32810	956	33766	0.01462968607131972	0.01462968607131972	0.014215483030267132	0.0	-0.02831250370194882
suffix	amul	314	67	of Vampiric Essence2	heal-kill 3-5	24	240	3281	32810	956	33766	0.00731484303565986	0.00731484303565986	0.007107741515133566	0.0	-0.02831250370194882
suffix	amul	315	67	of the Wight2	heal-kill 6-8	24	240	3281	32810	956	33766	0.00731484303565986	0.00731484303565986	0.007107741515133566	0.0	-0.02831250370194882
suffix	amul	316	67	of the Dragon's Spirit2	heal-kill 9-15	24	240	3281	32810	956	33766	0.00731484303565986	0.00731484303565986	0.007107741515133566	0.0	-0.02831250370194882
suffix	amul	317	67	of the Soul2	heal-kill 16-25	24	240	3281	32810	956	33766	0.00731484303565986	0.00731484303565986	0.007107741515133566	0.0	-0.02831250370194882
suffix	amul	349	25	of the Sun	light 5-5, att% 5-5	12	120	3281	32810	956	33766	0.00365742151782993	0.00365742151782993	0.003553870757566783	0.0	-0.02831250370194882
suffix	amul	351	22	of Fortune	mag% 13-20	48	480	3281	32810	956	33766	0.01462968607131972	0.01462968607131972	0.014215483030267132	0.0	-0.02831250370194882
suffix	amul	352	22	of Fortune	mag% 21-25	48	480	3281	32810	956	33766	0.01462968607131972	0.01462968607131972	0.014215483030267132	0.0	-0.02831250370194882
suffix	amul	353	22	of Luck	mag% 26-35	48	480	3281	32810	956	33766	0.01462968607131972	0.01462968607131972	0.014215483030267132	0.0	-0.02831250370194882
suffix	amul	354	22	of Luck	mag% 36-50	48	480	3281	32810	956	33766	0.01462968607131972	0.01462968607131972	0.014215483030267132	0.0	-0.02831250370194882
suffix	amul	358	21	of Greed	gold% 25-40	48	480	3281	32810	956	33766	0.01462968607131972	0.01462968607131972	0.014215483030267132	0.0	-0.02831250370194882
suffix	amul	359	21	of Wealth	gold% 41-80	48	480	3281	32810	956	33766	0.01462968607131972	0.01462968607131972	0.014215483030267132	0.0	-0.02831250370194882
suffix	amul	375	9	of the Apprentice	cast1 10-10	72	720	3281	32810	956	33766	0.02194452910697958	0.02194452910697958	0.0213232245454007	0.0	-0.02831250370194871
suffix	amul	380	63	of Bartering1	cheap 1-2	12	120	3281	32810	956	33766	0.00365742151782993	0.00365742151782993	0.003553870757566783	0.0	-0.02831250370194882
suffix	amul	381	63	of Haggling1	cheap 3-4	8	80	3281	32810	956	33766	0.0024382810118866198	0.0024382810118866198	0.0023692471717111888	0.0	-0.0283125037019486
suffix	amul	382	63	of Charming1	cheap 5-6	6	60	3281	32810	956	33766	0.001828710758914965	0.001828710758914965	0.0017769353787833915	0.0	-0.02831250370194882
suffix	amul	390	66	of Reanimation1	reanimate(5) 3-5	12	120	3281	32810	956	33766	0.00365742151782993	0.00365742151782993	0.003553870757566783	0.0	-0.02831250370194882
suffix	amul	391	77	of Inner Sight	gethit-skill(8) 4-6	1	10	3281	32810	956	33766	0.00030478512648582747	0.00030478512648582747	0.0002961558964638986	0.0	-0.0283125037019486
suffix	amul	394	77	of Slow Missiles	gethit-skill(17) 10-8	1	10	3281	32810	956	33766	0.00030478512648582747	0.00030478512648582747	0.0002961558964638986	0.0	-0.0283125037019486
suffix	amul	411	77	of Frost Novas	gethit-skill(44) 8-7	1	10	3281	32810	956	33766	0.00030478512648582747	0.00030478512648582747	0.0002961558964638986	0.0	-0.0283125037019486
suffix	amul	429	77	of Teleportation	gethit-skill(54) 10-1	1	10	3281	32810	956	33766	0.00030478512648582747	0.00030478512648582747	0.0002961558964638986	0.0	-0.0283125037019486
suffix	amul	481	77	of Bone Spirits	gethit-skill(93) 6-23	1	10	3281	32810	956	33766	0.00030478512648582747	0.00030478512648582747	0.0002961558964638986	0.0	-0.0283125037019486
suffix	amul	501	77	of Korlics Fury	gethit-skill(150) 8-15	1	10	3281	32810	956	33766	0.00030478512648582747	0.00030478512648582747	0.0002961558964638986	0.0	-0.0283125037019486
suffix	amul	515	77	of Twister	gethit-skill(240) 8-17	1	10	3281	32810	956	33766	0.00030478512648582747	0.00030478512648582747	0.0002961558964638986	0.0	-0.0283125037019486
suffix	amul	519	77	of Tornado	gethit-skill(245) 7-16	1	10	3281	32810	956	33766	0.00030478512648582747	0.00030478512648582747	0.0002961558964638986	0.0	-0.0283125037019486
suffix	amul	523	77	of Hurricane	gethit-skill(250) 8-21	1	10	3281	32810	956	33766	0.00030478512648582747	0.00030478512648582747	0.0002961558964638986	0.0	-0.0283125037019486
suffix	amul	527	77	of Snowlash	gethit-skill(264) 9-13	1	10	3281	32810	956	33766	0.00030478512648582747	0.00030478512648582747	0.0002961558964638986	0.0	-0.0283125037019486
suffix	amul	529	77	of Fading2	gethit-skill(267) 8-12	1	10	3281	32810	956	33766	0.00030478512648582747	0.00030478512648582747	0.0002961558964638986	0.0	-0.0283125037019486
suffix	amul	537	78	of Inner Sight	hit-skill(8) 10-11	1	10	3281	32810	956	33766	0.00030478512648582747	0.00030478512648582747	0.0002961558964638986	0.0	-0.0283125037019486
suffix	amul	538	78	of Slow Missiles	hit-skill(17) 4-2	1	10	3281	32810	956	33766	0.00030478512648582747	0.00030478512648582747	0.0002961558964638986	0.0	-0.0283125037019486
suffix	amul	550	78	of Frost Novas	hit-skill(44) 6-13	1	10	3281	32810	956	33766	0.00030478512648582747	0.00030478512648582747	0.0002961558964638986	0.0	-0.0283125037019486
suffix	amul	586	78	of Bone Spirits	hit-skill(93) 4-18	1	10	3281	32810	956	33766	0.00030478512648582747	0.00030478512648582747	0.0002961558964638986	0.0	-0.0283125037019486
suffix	amul	594	78	of Tornado	hit-skill(245) 7-12	1	10	3281	32810	956	33766	0.00030478512648582747	0.00030478512648582747	0.0002961558964638986	0.0	-0.0283125037019486
suffix	amul	596	78	of Snowlash	hit-skill(264) 5-3	1	10	3281	32810	956	33766	0.00030478512648582747	0.00030478512648582747	0.0002961558964638986	0.0	-0.0283125037019486
suffix	amul	598	79	of Inner Sight	levelup-skill(Inner Sight) 100-17	4	40	3281	32810	956	33766	0.0012191405059433099	0.0012191405059433099	0.0011846235858555944	0.0	-0.0283125037019486
suffix	amul	609	79	of Hurricane	levelup-skill(Hurricane) 100-22	4	40	3281	32810	956	33766	0.0012191405059433099	0.0012191405059433099	0.0011846235858555944	0.0	-0.0283125037019486
suffix	amul	612	79	of Fading2	levelup-skill(Fade) 100-14	4	40	3281	32810	956	33766	0.0012191405059433099	0.0012191405059433099	0.0011846235858555944	0.0	-0.0283125037019486
suffix	amul	613	79	of Frost Novas	death-skill(Frost Nova) 100-48	2	20	3281	32810	956	33766	0.0006095702529716549	0.0006095702529716549	0.0005923117929277972	0.0	-0.0283125037019486
suffix	axe	15	14	of Slaughter	dmg-max 15-20	168	1680	2715	27150	642	27792	0.061878453038674036	0.061878453038674036	0.06044905008635579	0.0	-0.02310017271157172
suffix	axe	16	14	of Butchery	dmg-max 21-40	160	1600	2715	27150	642	27792	0.058931860036832415	0.058931860036832415	0.057570523891767415	0.0	-0.02310017271157172
suffix	axe	17	14	of Evisceration	dmg-max 41-63	144	1440	2715	27150	642	27792	0.05303867403314917	0.05303867403314917	0.05181347150259067	0.0	-0.02310017271157172
suffix	axe	18	14	of Evisceration	dmg-max 64-80	128	1280	2715	27150	642	27792	0.04714548802946593	0.04714548802946593	0.04605641911341393	0.0	-0.02310017271157161
suffix	axe	19	14	of Evisceration	dmg-max 81-100	112	1120	2715	27150	642	27792	0.041252302025782686	0.041252302025782686	0.04029936672423719	0.0	-0.02310017271157172
suffix	axe	20	14	of Evisceration	dmg-max 101-120	88	880	2715	27150	642	27792	0.03241252302025783	0.03241252302025783	0.03166378814047208	0.0	-0.02310017271157183
suffix	axe	40	15	of Transcendence	dmg-min 30-40	36	360	2715	27150	642	27792	0.013259668508287293	0.013259668508287293	0.012953367875647668	0.0	-0.02310017271157172
suffix	axe	41	15	of Transcendence	dmg-min 50-60	24	240	2715	27150	642	27792	0.008839779005524863	0.008839779005524863	0.008635578583765112	0.0	-0.02310017271157172
suffix	axe	51	10	of Winter	cold-min 5-9, cold-max 16-50, cold-len 150-150	24	240	2715	27150	642	27792	0.008839779005524863	0.008839779005524863	0.008635578583765112	0.0	-0.02310017271157172
suffix	axe	52	10	of Winter	cold-min 20-30, cold-max 75-100, cold-len 150-150	12	120	2715	27150	642	27792	0.004419889502762431	0.004419889502762431	0.004317789291882556	0.0	-0.02310017271157172
suffix	axe	53	10	of Winter	cold-min 35-45, cold-max 100-150, cold-len 150-150	12	120	2715	27150	642	27792	0.004419889502762431	0.004419889502762431	0.004317789291882556	0.0	-0.02310017271157172
suffix	axe	64	12	of Incineration	fire-min 10-20, fire-max 21-75	24	240	2715	27150	642	27792	0.008839779005524863	0.008839779005524863	0.008635578583765112	0.0	-0.02310017271157172
suffix	axe	65	12	of Incineration	fire-min 40-60, fire-max 170-200	12	120	2715	27150	642	27792	0.004419889502762431	0.004419889502762431	0.004317789291882556	0.0	-0.02310017271157172
suffix	axe	66	12	of Incineration	fire-min 75-100, fire-max 200-250	12	120	2715	27150	642	27792	0.004419889502762431	0.004419889502762431	0.004317789291882556	0.0	-0.02310017271157172
suffix	axe	77	13	of Storms	ltng-min 1-6, ltng-max 41-120	24	240	2715	27150	642	27792	0.008839779005524863	0.008839779005524863	0.008635578583765112	0.0	-0.02310017271157172
suffix	axe	78	13	of Storms	ltng-min 1-12, ltng-max 250-300	12	120	2715	27150	642	27792	0.004419889502762431	0.004419889502762431	0.004317789291882556	0.0	-0.02310017271157172
suffix	axe	79	13	of Storms	ltng-min 1-20, ltng-max 300-350	12	120	2715	27150	642	27792	0.004419889502762431	0.004419889502762431	0.004317789291882556	0.0	-0.02310017271157172
suffix	axe	90	16	of Anthrax	dmg-pois(150) 171-171	24	240	2715	27150	642	27792	0.008839779005524863	0.008839779005524863	0.008635578583765112	0.0	-0.02310017271157172
suffix	axe	103	27	of the Leech	lifesteal 4-5	84	840	2715	27150	642	27792	0.030939226519337018	0.030939226519337018	0.030224525043177894	0.0	-0.02310017271157172
suffix	axe	104	27	of the Locust	lifesteal 6-7	84	840	2715	27150	642	27792	0.030939226519337018	0.030939226519337018	0.030224525043177894	0.0	-0.02310017271157172
suffix	axe	105	27	of the Lamprey	lifesteal 8-9	84	840	2715	27150	642	27792	0.030939226519337018	0.030939226519337018	0.030224525043177894	0.0	-0.02310017271157172
suffix	axe	113	28	of the Bat	manasteal 4-5	84	840	2715	27150	642	27792	0.030939226519337018	0.030939226519337018	0.030224525043177894	0.0	-0.02310017271157172
suffix	axe	114	28	of the Wraith	manasteal 6-7	84	840	2715	27150	642	27792	0.030939226519337018	0.030939226519337018	0.030224525043177894	0.0	-0.02310017271157172
suffix	axe	115	28	of the Vampire	manasteal 8-9	84	840	2715	27150	642	27792	0.030939226519337018	0.030939226519337018	0.030224525043177894	0.0	-0.02310017271157172
suffix	axe	156	3	of Fire Coalescence1	abs-fire% 3-7	12	120	2715	27150	642	27792	0.004419889502762431	0.004419889502762431	0.004317789291882556	0.0	-0.02310017271157172
suffix	axe	157	3	of Fire Coalescence1	abs-fire% 8-15	12	120	2715	27150	642	27792	0.004419889502762431	0.004419889502762431	0.004317789291882556	0.0	-0.02310017271157172
suffix	axe	158	3	of Fire Coalescence1	abs-fire% 16-25	12	120	2715	27150	642	27792	0.004419889502762431	0.004419889502762431	0.004317789291882556	0.0	-0.02310017271157172
suffix	axe	169	3	of Lightning Coalescence1	abs-ltng% 3-7	12	120	2715	27150	642	27792	0.004419889502762431	0.004419889502762431	0.004317789291882556	0.0	-0.02310017271157172
suffix	axe	170	3	of Lightning Coalescence1	abs-ltng% 8-15	12	120	2715	27150	642	27792	0.004419889502762431	0.004419889502762431	0.004317789291882556	0.0	-0.02310017271157172
suffix	axe	171	3	of Lightning Coalescence1	abs-ltng% 16-25	12	120	2715	27150	642	27792	0.004419889502762431	0.004419889502762431	0.004317789291882556	0.0	-0.02310017271157172
suffix	axe	182	3	of Chilling Coalescence1	abs-cold% 3-7	12	120	2715	27150	642	27792	0.004419889502762431	0.004419889502762431	0.004317789291882556	0.0	-0.02310017271157172
suffix	axe	183	3	of Chilling Coalescence1	abs-cold% 8-15	12	120	2715	27150	642	27792	0.004419889502762431	0.004419889502762431	0.004317789291882556	0.0	-0.02310017271157172
suffix	axe	184	3	of Chilling Coalescence1	abs-cold% 16-25	12	120	2715	27150	642	27792	0.004419889502762431	0.004419889502762431	0.004317789291882556	0.0	-0.02310017271157172
suffix	axe	236	31	of the Ox	str 6-9	36	360	2715	27150	642	27792	0.013259668508287293	0.013259668508287293	0.012953367875647668	0.0	-0.02310017271157172
suffix	axe	237	31	of the Giant	str 10-15	36	360	2715	27150	642	27792	0.013259668508287293	0.013259668508287293	0.012953367875647668	0.0	-0.02310017271157172
suffix	axe	267	42	of Agility2	dex% 21-30	12	120	2715	27150	642	27792	0.004419889502762431	0.004419889502762431	0.004317789291882556	0.0	-0.02310017271157172
suffix	axe	270	42	of Power2	str% 21-30	12	120	2715	27150	642	27792	0.004419889502762431	0.004419889502762431	0.004317789291882556	0.0	-0.02310017271157172
suffix	axe	273	42	of Endurance2	vit% 21-30	12	120	2715	27150	642	27792	0.004419889502762431	0.004419889502762431	0.004317789291882556	0.0	-0.02310017271157172
suffix	axe	276	42	of Spirit2	enr% 21-30	12	120	2715	27150	642	27792	0.004419889502762431	0.004419889502762431	0.004317789291882556	0.0	-0.02310017271157172
suffix	axe	308	19	of Regeneration	regen 3-5	48	480	2715	27150	642	27792	0.017679558011049725	0.017679558011049725	0.017271157167530225	0.0	-0.02310017271157172
suffix	axe	314	67	of Vampiric Essence2	heal-kill 3-5	24	240	2715	27150	642	27792	0.008839779005524863	0.008839779005524863	0.008635578583765112	0.0	-0.02310017271157172
suffix	axe	315	67	of the Wight2	heal-kill 6-8	24	240	2715	27150	642	27792	0.008839779005524863	0.008839779005524863	0.008635578583765112	0.0	-0.02310017271157172
suffix	axe	316	67	of the Dragon's Spirit2	heal-kill 9-15	24	240	2715	27150	642	27792	0.008839779005524863	0.008839779005524863	0.008635578583765112	0.0	-0.02310017271157172
suffix	axe	317	67	of the Soul2	heal-kill 16-25	24	240	2715	27150	642	27792	0.008839779005524863	0.008839779005524863	0.008635578583765112	0.0	-0.02310017271157172
suffix	axe	327	7	of Readiness	swing1 10-10	72	720	2715	27150	642	27792	0.026519337016574586	0.026519337016574586	0.025906735751295335	0.0	-0.02310017271157172
suffix	axe	328	7	of Alacrity	swing2 20-20	72	720	2715	27150	642	27792	0.026519337016574586	0.026519337016574586	0.025906735751295335	0.0	-0.02310017271157172
suffix	axe	329	7	of Swiftness	swing2 30-30	72	720	2715	27150	642	27792	0.026519337016574586	0.026519337016574586	0.025906735751295335	0.0	-0.02310017271157172
suffix	axe	330	7	of Quickness	swing3 40-40	60	600	2715	27150	642	27792	0.022099447513812154	0.022099447513812154	0.02158894645941278	0.0	-0.02310017271157172
suffix	axe	361	30	of Simplicity	ease -30--30	24	240	2715	27150	642	27792	0.008839779005524863	0.008839779005524863	0.008635578583765112	0.0	-0.02310017271157172
suffix	axe	362	30	of Ease	ease -20--20	36	360	2715	27150	642	27792	0.013259668508287293	0.013259668508287293	0.012953367875647668	0.0	-0.02310017271157172
suffix	axe	365	37	of Fast Repair	rep-dur(5) -	12	120	2715	27150	642	27792	0.004419889502762431	0.004419889502762431	0.004317789291882556	0.0	-0.02310017271157172
suffix	axe	366	39	of Ages	indestruct 1-1	12	120	2715	27150	642	27792	0.004419889502762431	0.004419889502762431	0.004317789291882556	0.0	-0.02310017271157172
suffix	axe	370	4	of Piercing	ignore-ac 1-1	24	240	2715	27150	642	27792	0.008839779005524863	0.008839779005524863	0.008635578583765112	0.0	-0.02310017271157172
suffix	axe	377	20	of Vileness	noheal 1-1	36	360	2715	27150	642	27792	0.013259668508287293	0.013259668508287293	0.012953367875647668	0.0	-0.02310017271157172
suffix	axe	379	24	of the Bear	knock 1-1	36	360	2715	27150	642	27792	0.013259668508287293	0.013259668508287293	0.012953367875647668	0.0	-0.02310017271157172
suffix	axe	380	63	of Bartering1	cheap 1-2	12	120	2715	27150	642	27792	0.004419889502762431	0.004419889502762431	0.004317789291882556	0.0	-0.02310017271157172
suffix	axe	381	63	of Haggling1	cheap 3-4	8	80	2715	27150	642	27792	0.0029465930018416206	0.0029465930018416206	0.0028785261945883708	0.0	-0.02310017271157161
suffix	axe	382	63	of Charming1	cheap 5-6	6	60	2715	27150	642	27792	0.0022099447513812156	0.0022099447513812156	0.002158894645941278	0.0	-0.02310017271157172
suffix	axe	383	64	Startling	slow 5-10	24	240	2715	27150	642	27792	0.008839779005524863	0.008839779005524863	0.008635578583765112	0.0	-0.02310017271157172
suffix	axe	384	64	Stunning1	slow 11-15	24	240	2715	27150	642	27792	0.008839779005524863	0.008839779005524863	0.008635578583765112	0.0	-0.02310017271157172
suffix	axe	385	64	Daze1	slow 16-20	24	240	2715	27150	642	27792	0.008839779005524863	0.008839779005524863	0.008635578583765112	0.0	-0.02310017271157172
suffix	axe	386	64	Paralysis1	slow 21-25	24	240	2715	27150	642	27792	0.008839779005524863	0.008839779005524863	0.008635578583765112	0.0	-0.02310017271157172
suffix	axe	387	65	of Blindness1	stupidity 1-1	12	120	2715	27150	642	27792	0.004419889502762431	0.004419889502762431	0.004317789291882556	0.0	-0.02310017271157172
suffix	axe	388	65	of Blindness1	stupidity 2-2	12	120	2715	27150	642	27792	0.004419889502762431	0.004419889502762431	0.004317789291882556	0.0	-0.02310017271157172
suffix	axe	389	65	of Blindness1	stupidity 3-3	12	120	2715	27150	642	27792	0.004419889502762431	0.004419889502762431	0.004317789291882556	0.0	-0.02310017271157172
suffix	axe	390	66	of Reanimation1	reanimate(5) 3-5	12	120	2715	27150	642	27792	0.004419889502762431	0.004419889502762431	0.004317789291882556	0.0	-0.02310017271157172
suffix	axe	409	77	of Static Field	gethit-skill(42) 7-9	1	10	2715	27150	642	27792	0.00036832412523020257	0.00036832412523020257	0.00035981577432354635	0.0	-0.02310017271157161
suffix	axe	411	77	of Frost Novas	gethit-skill(44) 8-7	1	10	2715	27150	642	27792	0.00036832412523020257	0.00036832412523020257	0.00035981577432354635	0.0	-0.02310017271157161
suffix	axe	413	77	of Ice Blasts	gethit-skill(45) 9-8	1	10	2715	27150	642	27792	0.00036832412523020257	0.00036832412523020257	0.00035981577432354635	0.0	-0.02310017271157161
suffix	axe	417	77	of Fire Balls	gethit-skill(47) 8-20	1	10	2715	27150	642	27792	0.00036832412523020257	0.00036832412523020257	0.00035981577432354635	0.0	-0.02310017271157161
suffix	axe	419	77	of Novas	gethit-skill(48) 12-15	1	10	2715	27150	642	27792	0.00036832412523020257	0.00036832412523020257	0.00035981577432354635	0.0	-0.02310017271157161
suffix	axe	422	77	of Shiver Armor	gethit-skill(50) 12-9	1	10	2715	27150	642	27792	0.00036832412523020257	0.00036832412523020257	0.00035981577432354635	0.0	-0.02310017271157161
suffix	axe	424	77	of Fire Walls	gethit-skill(51) 7-16	1	10	2715	27150	642	27792	0.00036832412523020257	0.00036832412523020257	0.00035981577432354635	0.0	-0.02310017271157161
suffix	axe	426	77	of Enchantment	gethit-skill(52) 11-19	1	10	2715	27150	642	27792	0.00036832412523020257	0.00036832412523020257	0.00035981577432354635	0.0	-0.02310017271157161
suffix	axe	428	77	of Chain Lightning	gethit-skill(53) 9-17	1	10	2715	27150	642	27792	0.00036832412523020257	0.00036832412523020257	0.00035981577432354635	0.0	-0.02310017271157161
suffix	axe	429	77	of Teleportation	gethit-skill(54) 10-1	1	10	2715	27150	642	27792	0.00036832412523020257	0.00036832412523020257	0.00035981577432354635	0.0	-0.02310017271157161
suffix	axe	431	77	of Glacial Spikes	gethit-skill(55) 9-16	1	10	2715	27150	642	27792	0.00036832412523020257	0.00036832412523020257	0.00035981577432354635	0.0	-0.02310017271157161
suffix	axe	433	77	of Meteors	gethit-skill(56) 8-18	1	10	2715	27150	642	27792	0.00036832412523020257	0.00036832412523020257	0.00035981577432354635	0.0	-0.02310017271157161
suffix	axe	436	77	of Energy Shield	gethit-skill(58) 10-13	1	10	2715	27150	642	27792	0.00036832412523020257	0.00036832412523020257	0.00035981577432354635	0.0	-0.02310017271157161
suffix	axe	438	77	of Blizzards	gethit-skill(59) 14-17	1	10	2715	27150	642	27792	0.00036832412523020257	0.00036832412523020257	0.00035981577432354635	0.0	-0.02310017271157161
suffix	axe	439	77	of Chilling Armor	gethit-skill(60) 15-12	1	10	2715	27150	642	27792	0.00036832412523020257	0.00036832412523020257	0.00035981577432354635	0.0	-0.02310017271157161
suffix	axe	441	77	of Hydras	gethit-skill(62) 12-19	1	10	2715	27150	642	27792	0.00036832412523020257	0.00036832412523020257	0.00035981577432354635	0.0	-0.02310017271157161
suffix	axe	443	77	of Frozen Orbs	gethit-skill(64) 4-22	1	10	2715	27150	642	27792	0.00036832412523020257	0.00036832412523020257	0.00035981577432354635	0.0	-0.02310017271157161
suffix	axe	445	77	of Amplify Damage	gethit-skill(66) 8-12	1	10	2715	27150	642	27792	0.00036832412523020257	0.00036832412523020257	0.00035981577432354635	0.0	-0.02310017271157161
suffix	axe	447	77	of Teeth	gethit-skill(67) 8-20	1	10	2715	27150	642	27792	0.00036832412523020257	0.00036832412523020257	0.00035981577432354635	0.0	-0.02310017271157161
suffix	axe	449	77	of Bone Armor	gethit-skill(68) 9-15	1	10	2715	27150	642	27792	0.00036832412523020257	0.00036832412523020257	0.00035981577432354635	0.0	-0.02310017271157161
suffix	axe	451	77	of Dim Vision	gethit-skill(71) 7-10	1	10	2715	27150	642	27792	0.00036832412523020257	0.00036832412523020257	0.00035981577432354635	0.0	-0.02310017271157161
suffix	axe	453	77	of Weaken	gethit-skill(72) 8-12	1	10	2715	27150	642	27792	0.00036832412523020257	0.00036832412523020257	0.00035981577432354635	0.0	-0.02310017271157161
suffix	axe	455	77	of Corpse Explosions	gethit-skill(74) 7-18	1	10	2715	27150	642	27792	0.00036832412523020257	0.00036832412523020257	0.00035981577432354635	0.0	-0.02310017271157161
suffix	axe	457	77	of Iron Maiden	gethit-skill(76) 6-10	1	10	2715	27150	642	27792	0.00036832412523020257	0.00036832412523020257	0.00035981577432354635	0.0	-0.02310017271157161
suffix	axe	459	77	of Terror	gethit-skill(77) 9-12	1	10	2715	27150	642	27792	0.00036832412523020257	0.00036832412523020257	0.00035981577432354635	0.0	-0.02310017271157161
suffix	axe	461	77	of Bone Walls	gethit-skill(78) 4-25	1	10	2715	27150	642	27792	0.00036832412523020257	0.00036832412523020257	0.00035981577432354635	0.0	-0.02310017271157161
suffix	axe	463	77	of Confusion	gethit-skill(81) 35-5	1	10	2715	27150	642	27792	0.00036832412523020257	0.00036832412523020257	0.00035981577432354635	0.0	-0.02310017271157161
suffix	axe	465	77	of Life Tap	gethit-skill(82) 19-5	1	10	2715	27150	642	27792	0.00036832412523020257	0.00036832412523020257	0.00035981577432354635	0.0	-0.02310017271157161
suffix	axe	467	77	of Poison Explosion	gethit-skill(83) 5-10	1	10	2715	27150	642	27792	0.00036832412523020257	0.00036832412523020257	0.00035981577432354635	0.0	-0.02310017271157161
suffix	axe	469	77	of Bone Spears	gethit-skill(84) 11-20	1	10	2715	27150	642	27792	0.00036832412523020257	0.00036832412523020257	0.00035981577432354635	0.0	-0.02310017271157161
suffix	axe	473	77	of Decrepification	gethit-skill(87) 10-15	1	10	2715	27150	642	27792	0.00036832412523020257	0.00036832412523020257	0.00035981577432354635	0.0	-0.02310017271157161
suffix	axe	475	77	of Bone Imprisonment	gethit-skill(88) 8-14	1	10	2715	27150	642	27792	0.00036832412523020257	0.00036832412523020257	0.00035981577432354635	0.0	-0.02310017271157161
suffix	axe	477	77	of Lower Resistance	gethit-skill(91) 6-18	1	10	2715	27150	642	27792	0.00036832412523020257	0.00036832412523020257	0.00035981577432354635	0.0	-0.02310017271157161
suffix	axe	479	77	of Poison Novas	gethit-skill(92) 7-14	1	10	2715	27150	642	27792	0.00036832412523020257	0.00036832412523020257	0.00035981577432354635	0.0	-0.02310017271157161
suffix	axe	481	77	of Bone Spirits	gethit-skill(93) 6-23	1	10	2715	27150	642	27792	0.00036832412523020257	0.00036832412523020257	0.00035981577432354635	0.0	-0.02310017271157161
suffix	axe	483	77	of Revivification	gethit-skill(95) 7-10	1	10	2715	27150	642	27792	0.00036832412523020257	0.00036832412523020257	0.00035981577432354635	0.0	-0.02310017271157161
suffix	axe	487	77	of Blessed Hammers	gethit-skill(112) 9-20	1	10	2715	27150	642	27792	0.00036832412523020257	0.00036832412523020257	0.00035981577432354635	0.0	-0.02310017271157161
suffix	axe	489	77	of Fist of the Heavens	gethit-skill(121) 7-14	1	10	2715	27150	642	27792	0.00036832412523020257	0.00036832412523020257	0.00035981577432354635	0.0	-0.02310017271157161
suffix	axe	495	77	of Shouting	gethit-skill(138) 8-17	1	10	2715	27150	642	27792	0.00036832412523020257	0.00036832412523020257	0.00035981577432354635	0.0	-0.02310017271157161
suffix	axe	499	77	of Battle Orders	gethit-skill(149) 7-22	1	10	2715	27150	642	27792	0.00036832412523020257	0.00036832412523020257	0.00035981577432354635	0.0	-0.02310017271157161
suffix	axe	501	77	of Korlics Fury	gethit-skill(150) 8-15	1	10	2715	27150	642	27792	0.00036832412523020257	0.00036832412523020257	0.00035981577432354635	0.0	-0.02310017271157161
suffix	axe	503	77	of War Cry	gethit-skill(154) 10-13	1	10	2715	27150	642	27792	0.00036832412523020257	0.00036832412523020257	0.00035981577432354635	0.0	-0.02310017271157161
suffix	axe	505	77	of Battle Command	gethit-skill(155) 8-10	1	10	2715	27150	642	27792	0.00036832412523020257	0.00036832412523020257	0.00035981577432354635	0.0	-0.02310017271157161
suffix	axe	513	77	of Cyclone Armor	gethit-skill(235) 9-14	1	10	2715	27150	642	27792	0.00036832412523020257	0.00036832412523020257	0.00035981577432354635	0.0	-0.02310017271157161
suffix	axe	515	77	of Twister	gethit-skill(240) 8-17	1	10	2715	27150	642	27792	0.00036832412523020257	0.00036832412523020257	0.00035981577432354635	0.0	-0.02310017271157161
suffix	axe	517	77	of Volcano	gethit-skill(244) 7-15	1	10	2715	27150	642	27792	0.00036832412523020257	0.00036832412523020257	0.00035981577432354635	0.0	-0.02310017271157161
suffix	axe	519	77	of Tornado	gethit-skill(245) 7-16	1	10	2715	27150	642	27792	0.00036832412523020257	0.00036832412523020257	0.00035981577432354635	0.0	-0.02310017271157161
suffix	axe	521	77	of Armageddon	gethit-skill(249) 6-19	1	10	2715	27150	642	27792	0.00036832412523020257	0.00036832412523020257	0.00035981577432354635	0.0	-0.02310017271157161
suffix	axe	523	77	of Hurricane	gethit-skill(250) 8-21	1	10	2715	27150	642	27792	0.00036832412523020257	0.00036832412523020257	0.00035981577432354635	0.0	-0.02310017271157161
suffix	axe	525	77	of Burst of Speed2	gethit-skill(258) 8-8	1	10	2715	27150	642	27792	0.00036832412523020257	0.00036832412523020257	0.00035981577432354635	0.0	-0.02310017271157161
suffix	axe	527	77	of Snowlash	gethit-skill(264) 9-13	1	10	2715	27150	642	27792	0.00036832412523020257	0.00036832412523020257	0.00035981577432354635	0.0	-0.02310017271157161
suffix	axe	529	77	of Fading2	gethit-skill(267) 8-12	1	10	2715	27150	642	27792	0.00036832412523020257	0.00036832412523020257	0.00035981577432354635	0.0	-0.02310017271157161
suffix	axe	531	77	of Mind Blasting2	gethit-skill(273) 7-18	1	10	2715	27150	642	27792	0.00036832412523020257	0.00036832412523020257	0.00035981577432354635	0.0	-0.02310017271157161
suffix	axe	533	77	of Blade Shield2	gethit-skill(277) 9-17	1	10	2715	27150	642	27792	0.00036832412523020257	0.00036832412523020257	0.00035981577432354635	0.0	-0.02310017271157161
suffix	axe	535	77	of Venom	gethit-skill(278) 8-19	1	10	2715	27150	642	27792	0.00036832412523020257	0.00036832412523020257	0.00035981577432354635	0.0	-0.02310017271157161
suffix	axe	548	78	of Static Field	hit-skill(42) 6-9	1	10	2715	27150	642	27792	0.00036832412523020257	0.00036832412523020257	0.00035981577432354635	0.0	-0.02310017271157161
suffix	axe	550	78	of Frost Novas	hit-skill(44) 6-13	1	10	2715	27150	642	27792	0.00036832412523020257	0.00036832412523020257	0.00035981577432354635	0.0	-0.02310017271157161
suffix	axe	552	78	of Ice Blasts	hit-skill(45) 7-12	1	10	2715	27150	642	27792	0.00036832412523020257	0.00036832412523020257	0.00035981577432354635	0.0	-0.02310017271157161
suffix	axe	554	78	of Fire Balls	hit-skill(47) 5-19	1	10	2715	27150	642	27792	0.00036832412523020257	0.00036832412523020257	0.00035981577432354635	0.0	-0.02310017271157161
suffix	axe	556	78	of Novas	hit-skill(48) 6-21	1	10	2715	27150	642	27792	0.00036832412523020257	0.00036832412523020257	0.00035981577432354635	0.0	-0.02310017271157161
suffix	axe	557	78	of Lightning	hit-skill(49) 8-14	1	10	2715	27150	642	27792	0.00036832412523020257	0.00036832412523020257	0.00035981577432354635	0.0	-0.02310017271157161
suffix	axe	559	78	of Fire Walls	hit-skill(51) 6-14	1	10	2715	27150	642	27792	0.00036832412523020257	0.00036832412523020257	0.00035981577432354635	0.0	-0.02310017271157161
suffix	axe	560	78	of Chain Lightning	hit-skill(53) 6-16	1	10	2715	27150	642	27792	0.00036832412523020257	0.00036832412523020257	0.00035981577432354635	0.0	-0.02310017271157161
suffix	axe	562	78	of Glacial Spikes	hit-skill(55) 7-11	1	10	2715	27150	642	27792	0.00036832412523020257	0.00036832412523020257	0.00035981577432354635	0.0	-0.02310017271157161
suffix	axe	564	78	of Meteors	hit-skill(56) 5-19	1	10	2715	27150	642	27792	0.00036832412523020257	0.00036832412523020257	0.00035981577432354635	0.0	-0.02310017271157161
suffix	axe	566	78	of Blizzards	hit-skill(59) 5-18	1	10	2715	27150	642	27792	0.00036832412523020257	0.00036832412523020257	0.00035981577432354635	0.0	-0.02310017271157161
suffix	axe	568	78	of Hydras	hit-skill(62) 2-21	1	10	2715	27150	642	27792	0.00036832412523020257	0.00036832412523020257	0.00035981577432354635	0.0	-0.02310017271157161
suffix	axe	569	78	of Frozen Orbs	hit-skill(64) 7-12	1	10	2715	27150	642	27792	0.00036832412523020257	0.00036832412523020257	0.00035981577432354635	0.0	-0.02310017271157161
suffix	axe	571	78	of Amplify Damage	hit-skill(66) 5-9	1	10	2715	27150	642	27792	0.00036832412523020257	0.00036832412523020257	0.00035981577432354635	0.0	-0.02310017271157161
suffix	axe	573	78	of Dim Vision	hit-skill(71) 5-9	1	10	2715	27150	642	27792	0.00036832412523020257	0.00036832412523020257	0.00035981577432354635	0.0	-0.02310017271157161
suffix	axe	574	78	of Weaken	hit-skill(72) 5-10	1	10	2715	27150	642	27792	0.00036832412523020257	0.00036832412523020257	0.00035981577432354635	0.0	-0.02310017271157161
suffix	axe	575	78	of Corpse Explosions	hit-skill(74) 4-11	1	10	2715	27150	642	27792	0.00036832412523020257	0.00036832412523020257	0.00035981577432354635	0.0	-0.02310017271157161
suffix	axe	576	78	of Iron Maiden	hit-skill(76) 5-8	1	10	2715	27150	642	27792	0.00036832412523020257	0.00036832412523020257	0.00035981577432354635	0.0	-0.02310017271157161
suffix	axe	577	78	of Terror	hit-skill(77) 4-7	1	10	2715	27150	642	27792	0.00036832412523020257	0.00036832412523020257	0.00035981577432354635	0.0	-0.02310017271157161
suffix	axe	578	78	of Confusion	hit-skill(81) 7-5	1	10	2715	27150	642	27792	0.00036832412523020257	0.00036832412523020257	0.00035981577432354635	0.0	-0.02310017271157161
suffix	axe	579	78	of Life Tap	hit-skill(82) 8-7	1	10	2715	27150	642	27792	0.00036832412523020257	0.00036832412523020257	0.00035981577432354635	0.0	-0.02310017271157161
suffix	axe	580	78	of Poison Explosion	hit-skill(83) 4-9	1	10	2715	27150	642	27792	0.00036832412523020257	0.00036832412523020257	0.00035981577432354635	0.0	-0.02310017271157161
suffix	axe	581	78	of Bone Spears	hit-skill(84) 4-11	1	10	2715	27150	642	27792	0.00036832412523020257	0.00036832412523020257	0.00035981577432354635	0.0	-0.02310017271157161
suffix	axe	582	78	of Decrepification	hit-skill(87) 6-9	1	10	2715	27150	642	27792	0.00036832412523020257	0.00036832412523020257	0.00035981577432354635	0.0	-0.02310017271157161
suffix	axe	583	78	of Bone Imprisonment	hit-skill(88) 5-5	1	10	2715	27150	642	27792	0.00036832412523020257	0.00036832412523020257	0.00035981577432354635	0.0	-0.02310017271157161
suffix	axe	584	78	of Lower Resistance	hit-skill(91) 6-13	1	10	2715	27150	642	27792	0.00036832412523020257	0.00036832412523020257	0.00035981577432354635	0.0	-0.02310017271157161
suffix	axe	585	78	of Poison Novas	hit-skill(92) 5-22	1	10	2715	27150	642	27792	0.00036832412523020257	0.00036832412523020257	0.00035981577432354635	0.0	-0.02310017271157161
suffix	axe	586	78	of Bone Spirits	hit-skill(93) 4-18	1	10	2715	27150	642	27792	0.00036832412523020257	0.00036832412523020257	0.00035981577432354635	0.0	-0.02310017271157161
suffix	axe	587	78	of Revivification	hit-skill(95) 3-8	1	10	2715	27150	642	27792	0.00036832412523020257	0.00036832412523020257	0.00035981577432354635	0.0	-0.02310017271157161
suffix	axe	590	78	of Molten Boulders	hit-skill(229) 4-9	1	10	2715	27150	642	27792	0.00036832412523020257	0.00036832412523020257	0.00035981577432354635	0.0	-0.02310017271157161
suffix	axe	591	78	of Eruption	hit-skill(234) 5-21	1	10	2715	27150	642	27792	0.00036832412523020257	0.00036832412523020257	0.00035981577432354635	0.0	-0.02310017271157161
suffix	axe	593	78	of Volcano	hit-skill(244) 3-22	1	10	2715	27150	642	27792	0.00036832412523020257	0.00036832412523020257	0.00035981577432354635	0.0	-0.02310017271157161
suffix	axe	594	78	of Tornado	hit-skill(245) 7-12	1	10	2715	27150	642	27792	0.00036832412523020257	0.00036832412523020257	0.00035981577432354635	0.0	-0.02310017271157161
suffix	axe	595	78	of Armageddon	hit-skill(249) 3-24	1	10	2715	27150	642	27792	0.00036832412523020257	0.00036832412523020257	0.00035981577432354635	0.0	-0.02310017271157161
suffix	axe	596	78	of Snowlash	hit-skill(264) 5-3	1	10	2715	27150	642	27792	0.00036832412523020257	0.00036832412523020257	0.00035981577432354635	0.0	-0.02310017271157161
suffix	axe	597	78	of Mind Blasting2	hit-skill(273) 3-7	1	10	2715	27150	642	27792	0.00036832412523020257	0.00036832412523020257	0.00035981577432354635	0.0	-0.02310017271157161
suffix	axe	599	79	of Enchantment	levelup-skill(Enchant) 100-27	4	40	2715	27150	642	27792	0.0014732965009208103	0.0014732965009208103	0.0014392630972941854	0.0	-0.02310017271157161
suffix	axe	600	79	of Thunder Storm	levelup-skill(Thunder Storm) 100-24	4	40	2715	27150	642	27792	0.0014732965009208103	0.0014732965009208103	0.0014392630972941854	0.0	-0.02310017271157161
suffix	axe	601	79	of Chilling Armor	levelup-skill(Chilling Armor) 100-17	4	40	2715	27150	642	27792	0.0014732965009208103	0.0014732965009208103	0.0014392630972941854	0.0	-0.02310017271157161
suffix	axe	602	79	of Bone Armor	levelup-skill(Bone Armor) 100-20	4	40	2715	27150	642	27792	0.0014732965009208103	0.0014732965009208103	0.0014392630972941854	0.0	-0.02310017271157161
suffix	axe	603	79	of Shouting	levelup-skill(Shout) 100-9	4	40	2715	27150	642	27792	0.0014732965009208103	0.0014732965009208103	0.0014392630972941854	0.0	-0.02310017271157161
suffix	axe	604	79	of Shouting	levelup-skill(Shout) 100-20	4	40	2715	27150	642	27792	0.0014732965009208103	0.0014732965009208103	0.0014392630972941854	0.0	-0.02310017271157161
suffix	axe	605	79	of Battle Orders	levelup-skill(Battle Orders) 100-7	4	40	2715	27150	642	27792	0.0014732965009208103	0.0014732965009208103	0.0014392630972941854	0.0	-0.02310017271157161
suffix	axe	606	79	of Battle Orders	levelup-skill(Battle Orders) 100-39	4	40	2715	27150	642	27792	0.0014732965009208103	0.0014732965009208103	0.0014392630972941854	0.0	-0.02310017271157161
suffix	axe	607	79	of Battle Command	levelup-skill(Battle Command) 100-28	4	40	2715	27150	642	27792	0.0014732965009208103	0.0014732965009208103	0.0014392630972941854	0.0	-0.02310017271157161
suffix	axe	608	79	of Cyclone Armor	levelup-skill(Cyclone Armor) 100-24	4	40	2715	27150	642	27792	0.0014732965009208103	0.0014732965009208103	0.0014392630972941854	0.0	-0.02310017271157161
suffix	axe	609	79	of Hurricane	levelup-skill(Hurricane) 100-22	4	40	2715	27150	642	27792	0.0014732965009208103	0.0014732965009208103	0.0014392630972941854	0.0	-0.02310017271157161
suffix	axe	610	79	of Burst of Speed2	levelup-skill(Quickness) 100-4	4	40	2715	27150	642	27792	0.0014732965009208103	0.0014732965009208103	0.0014392630972941854	0.0	-0.02310017271157161
suffix	axe	611	79	of Burst of Speed2	levelup-skill(Quickness) 100-30	4	40	2715	27150	642	27792	0.0014732965009208103	0.0014732965009208103	0.0014392630972941854	0.0	-0.02310017271157161
suffix	axe	612	79	of Fading2	levelup-skill(Fade) 100-14	4	40	2715	27150	642	27792	0.0014732965009208103	0.0014732965009208103	0.0014392630972941854	0.0	-0.02310017271157161
suffix	axe	613	79	of Frost Novas	death-skill(Frost Nova) 100-48	2	20	2715	27150	642	27792	0.0007366482504604051	0.0007366482504604051	0.0007196315486470927	0.0	-0.02310017271157161
suffix	axe	614	79	of Novas	death-skill(Nova) 100-48	2	20	2715	27150	642	27792	0.0007366482504604051	0.0007366482504604051	0.0007196315486470927	0.0	-0.02310017271157161
suffix	axe	615	79	of Chain Lightning	death-skill(Chain Lightning) 100-48	2	20	2715	27150	642	27792	0.0007366482504604051	0.0007366482504604051	0.0007196315486470927	0.0	-0.02310017271157161
suffix	axe	616	79	of Meteors	death-skill(Meteor) 100-48	2	20	2715	27150	642	27792	0.0007366482504604051	0.0007366482504604051	0.0007196315486470927	0.0	-0.02310017271157161
suffix	axe	617	79	of Blizzards	death-skill(Blizzard) 100-48	2	20	2715	27150	642	27792	0.0007366482504604051	0.0007366482504604051	0.0007196315486470927	0.0	-0.02310017271157161
suffix	axe	618	79	of Frozen Orbs	death-skill(Frozen Orb) 100-48	2	20	2715	27150	642	27792	0.0007366482504604051	0.0007366482504604051	0.0007196315486470927	0.0	-0.02310017271157161
suffix	axe	619	79	of Corpse Explosions	death-skill(Corpse Explosion) 100-36	2	20	2715	27150	642	27792	0.0007366482504604051	0.0007366482504604051	0.0007196315486470927	0.0	-0.02310017271157161
suffix	axe	620	79	of Poison Novas	death-skill(Poison Nova) 100-48	2	20	2715	27150	642	27792	0.0007366482504604051	0.0007366482504604051	0.0007196315486470927	0.0	-0.02310017271157161
suffix	axe	621	79	of Armageddon	death-skill(Armageddon) 100-48	2	20	2715	27150	642	27792	0.0007366482504604051	0.0007366482504604051	0.0007196315486470927	0.0	-0.02310017271157161
suffix	axe	622	80	of Draining	healperhit 1-3	8	80	2715	27150	642	27792	0.0029465930018416206	0.0029465930018416206	0.0028785261945883708	0.0	-0.02310017271157161
suffix	axe	623	80	of Funneling	healperhit 4-6	6	60	2715	27150	642	27792	0.0022099447513812156	0.0022099447513812156	0.002158894645941278	0.0	-0.02310017271157172
suffix	axe	624	80	of Pumping	healperhit 7-9	4	40	2715	27150	642	27792	0.0014732965009208103	0.0014732965009208103	0.0014392630972941854	0.0	-0.02310017271157161
suffix	axe	625	80	of Siphoning	healperhit 10-12	2	20	2715	27150	642	27792	0.0007366482504604051	0.0007366482504604051	0.0007196315486470927	0.0	-0.02310017271157161
suffix	belt	54	10	of Frost	cold-min 1-1, cold-max 3-6, cold-len 75-75	24	240	1056	10560	336	10896	0.022727272727272728	0.022727272727272728	0.022026431718061675	0.0	-0.03083700440528636
suffix	belt	55	10	of Frigidity	cold-min 1-1, cold-max 7-10, cold-len 100-100	24	240	1056	10560	336	10896	0.022727272727272728	0.022727272727272728	0.022026431718061675	0.0	-0.03083700440528636
suffix	belt	56	10	of the Icicle	cold-min 2-3, cold-max 11-15, cold-len 125-125	24	240	1056	10560	336	10896	0.022727272727272728	0.022727272727272728	0.022026431718061675	0.0	-0.03083700440528636
suffix	belt	57	10	of the Glacier	cold-min 4-5, cold-max 16-25, cold-len 150-150	24	240	1056	10560	336	10896	0.022727272727272728	0.022727272727272728	0.022026431718061675	0.0	-0.03083700440528636
suffix	belt	186	43	of the Yeti	res-cold/lvl(6) -	12	120	1056	10560	336	10896	0.011363636363636364	0.011363636363636364	0.011013215859030838	0.0	-0.03083700440528636
suffix	belt	188	43	of the Phoenix	res-fire/lvl(6) -	12	120	1056	10560	336	10896	0.011363636363636364	0.011363636363636364	0.011013215859030838	0.0	-0.03083700440528636
suffix	belt	190	43	of the Efreeti	res-ltng/lvl(6) -	12	120	1056	10560	336	10896	0.011363636363636364	0.011363636363636364	0.011013215859030838	0.0	-0.03083700440528636
suffix	belt	192	43	of the Cobra	res-pois/lvl(6) -	12	120	1056	10560	336	10896	0.011363636363636364	0.011363636363636364	0.011013215859030838	0.0	-0.03083700440528636
suffix	belt	196	67	of Winter2	res-cold-max 1-10	24	240	1056	10560	336	10896	0.022727272727272728	0.022727272727272728	0.022026431718061675	0.0	-0.03083700440528636
suffix	belt	197	67	of Summer2	res-fire-max 1-10	24	240	1056	10560	336	10896	0.022727272727272728	0.022727272727272728	0.022026431718061675	0.0	-0.03083700440528636
suffix	belt	198	67	of Spring2	res-ltng-max 1-10	24	240	1056	10560	336	10896	0.022727272727272728	0.022727272727272728	0.022026431718061675	0.0	-0.03083700440528636
suffix	belt	199	67	of Autumn2	res-pois-max 1-10	24	240	1056	10560	336	10896	0.022727272727272728	0.022727272727272728	0.022026431718061675	0.0	-0.03083700440528636
suffix	belt	200	67	of the Four Seasons2	res-all-max 1-3	24	240	1056	10560	336	10896	0.022727272727272728	0.022727272727272728	0.022026431718061675	0.0	-0.03083700440528636
suffix	belt	201	67	of the Four Seasons2	res-all-max 4-6	12	120	1056	10560	336	10896	0.011363636363636364	0.011363636363636364	0.011013215859030838	0.0	-0.03083700440528636
suffix	belt	226	31	of the Giant	str 10-15	36	360	1056	10560	336	10896	0.03409090909090909	0.03409090909090909	0.03303964757709251	0.0	-0.03083700440528625
suffix	belt	227	31	of the Titan	str 16-20	36	360	1056	10560	336	10896	0.03409090909090909	0.03409090909090909	0.03303964757709251	0.0	-0.03083700440528625
suffix	belt	228	31	of Atlus	str 21-30	36	360	1056	10560	336	10896	0.03409090909090909	0.03409090909090909	0.03303964757709251	0.0	-0.03083700440528625
suffix	belt	263	42	of Power	str/lvl(3) -	12	120	1056	10560	336	10896	0.011363636363636364	0.011363636363636364	0.011013215859030838	0.0	-0.03083700440528636
suffix	belt	285	26	of the Mammoth	hp 31-40	36	360	1056	10560	336	10896	0.03409090909090909	0.03409090909090909	0.03303964757709251	0.0	-0.03083700440528625
suffix	belt	286	26	of the Colosuss	hp 41-60	36	360	1056	10560	336	10896	0.03409090909090909	0.03409090909090909	0.03303964757709251	0.0	-0.03083700440528625
suffix	belt	287	26	of the Squid	hp 61-80	36	360	1056	10560	336	10896	0.03409090909090909	0.03409090909090909	0.03303964757709251	0.0	-0.03083700440528625
suffix	belt	288	26	of the Whale	hp 81-100	36	360	1056	10560	336	10896	0.03409090909090909	0.03409090909090909	0.03303964757709251	0.0	-0.03083700440528625
suffix	belt	310	19	of Regrowth	regen 6-9	48	480	1056	10560	336	10896	0.045454545454545456	0.045454545454545456	0.04405286343612335	0.0	-0.03083700440528636
suffix	belt	314	67	of Vampiric Essence2	heal-kill 3-5	24	240	1056	10560	336	10896	0.022727272727272728	0.022727272727272728	0.022026431718061675	0.0	-0.03083700440528636
suffix	belt	315	67	of the Wight2	heal-kill 6-8	24	240	1056	10560	336	10896	0.022727272727272728	0.022727272727272728	0.022026431718061675	0.0	-0.03083700440528636
suffix	belt	316	67	of the Dragon's Spirit2	heal-kill 9-15	24	240	1056	10560	336	10896	0.022727272727272728	0.022727272727272728	0.022026431718061675	0.0	-0.03083700440528636
suffix	belt	317	67	of the Soul2	heal-kill 16-25	24	240	1056	10560	336	10896	0.022727272727272728	0.022727272727272728	0.022026431718061675	0.0	-0.03083700440528636
suffix	belt	323	18	of Balance	balance1 10-10	48	480	1056	10560	336	10896	0.045454545454545456	0.045454545454545456	0.04405286343612335	0.0	-0.03083700440528636
suffix	belt	324	18	of Equilibrium	balance2 20-20	48	480	1056	10560	336	10896	0.045454545454545456	0.045454545454545456	0.04405286343612335	0.0	-0.03083700440528636
suffix	belt	325	18	of Stability	balance3 25-25	48	480	1056	10560	336	10896	0.045454545454545456	0.045454545454545456	0.04405286343612335	0.0	-0.03083700440528636
suffix	belt	338	6	of Swords	thorns 10-20	48	480	1056	10560	336	10896	0.045454545454545456	0.045454545454545456	0.04405286343612335	0.0	-0.03083700440528636
suffix	belt	343	6	of Swords	thorns 21-40	36	360	1056	10560	336	10896	0.03409090909090909	0.03409090909090909	0.03303964757709251	0.0	-0.03083700440528625
suffix	belt	344	6	of Swords	thorns 41-50	24	240	1056	10560	336	10896	0.022727272727272728	0.022727272727272728	0.022026431718061675	0.0	-0.03083700440528636
suffix	belt	349	25	of the Sun	light 5-5, att% 5-5	12	120	1056	10560	336	10896	0.011363636363636364	0.011363636363636364	0.011013215859030838	0.0	-0.03083700440528636
suffix	belt	359	21	of Wealth	gold% 41-80	48	480	1056	10560	336	10896	0.045454545454545456	0.045454545454545456	0.04405286343612335	0.0	-0.03083700440528636
suffix	belt	365	37	of Fast Repair	rep-dur(5) -	12	120	1056	10560	336	10896	0.011363636363636364	0.011363636363636364	0.011013215859030838	0.0	-0.03083700440528636
suffix	belt	366	39	of Ages	indestruct 1-1	12	120	1056	10560	336	10896	0.011363636363636364	0.011363636363636364	0.011013215859030838	0.0	-0.03083700440528636
suffix	belt	378	20	of Vileness	noheal 1-1	36	360	1056	10560	336	10896	0.03409090909090909	0.03409090909090909	0.03303964757709251	0.0	-0.03083700440528625
suffix	boot	80	13	of Shock	ltng-min 1-1, ltng-max 11-23	24	240	1029	10290	372	10662	0.023323615160349854	0.023323615160349854	0.022509848058525603	0.0	-0.03489026449071475
suffix	boot	81	13	of Lightning	ltng-min 1-1, ltng-max 24-50	24	240	1029	10290	372	10662	0.023323615160349854	0.023323615160349854	0.022509848058525603	0.0	-0.03489026449071475
suffix	boot	82	13	of Thunder	ltng-min 1-1, ltng-max 51-75	24	240	1029	10290	372	10662	0.023323615160349854	0.023323615160349854	0.022509848058525603	0.0	-0.03489026449071475
suffix	boot	83	13	of Storms	ltng-min 1-1, ltng-max 76-100	24	240	1029	10290	372	10662	0.023323615160349854	0.023323615160349854	0.022509848058525603	0.0	-0.03489026449071475
suffix	boot	97	11	of Warmth	half-freeze 1-1	48	480	1029	10290	372	10662	0.04664723032069971	0.04664723032069971	0.04501969611705121	0.0	-0.03489026449071475
suffix	boot	98	11	of Warmth	nofreeze 1-1	24	240	1029	10290	372	10662	0.023323615160349854	0.023323615160349854	0.022509848058525603	0.0	-0.03489026449071475
suffix	boot	148	3	of Amianthus	abs-fire 7-9	12	120	1029	10290	372	10662	0.011661807580174927	0.011661807580174927	0.011254924029262802	0.0	-0.03489026449071475
suffix	boot	149	3	of Fire Quenching	abs-fire 10-15	12	120	1029	10290	372	10662	0.011661807580174927	0.011661807580174927	0.011254924029262802	0.0	-0.03489026449071475
suffix	boot	161	3	of Grounding	abs-ltng 7-9	12	120	1029	10290	372	10662	0.011661807580174927	0.011661807580174927	0.011254924029262802	0.0	-0.03489026449071475
suffix	boot	162	3	of the Dynamo	abs-ltng 10-15	12	120	1029	10290	372	10662	0.011661807580174927	0.011661807580174927	0.011254924029262802	0.0	-0.03489026449071475
suffix	boot	174	3	of the Dunes	abs-cold 7-9	12	120	1029	10290	372	10662	0.011661807580174927	0.011661807580174927	0.011254924029262802	0.0	-0.03489026449071475
suffix	boot	175	3	of the Sirocco	abs-cold 10-15	12	120	1029	10290	372	10662	0.011661807580174927	0.011661807580174927	0.011254924029262802	0.0	-0.03489026449071475
suffix	boot	186	43	of the Yeti	res-cold/lvl(6) -	12	120	1029	10290	372	10662	0.011661807580174927	0.011661807580174927	0.011254924029262802	0.0	-0.03489026449071475
suffix	boot	188	43	of the Phoenix	res-fire/lvl(6) -	12	120	1029	10290	372	10662	0.011661807580174927	0.011661807580174927	0.011254924029262802	0.0	-0.03489026449071475
suffix	boot	190	43	of the Efreeti	res-ltng/lvl(6) -	12	120	1029	10290	372	10662	0.011661807580174927	0.011661807580174927	0.011254924029262802	0.0	-0.03489026449071475
suffix	boot	192	43	of the Cobra	res-pois/lvl(6) -	12	120	1029	10290	372	10662	0.011661807580174927	0.011661807580174927	0.011254924029262802	0.0	-0.03489026449071475
suffix	boot	196	67	of Winter2	res-cold-max 1-10	24	240	1029	10290	372	10662	0.023323615160349854	0.023323615160349854	0.022509848058525603	0.0	-0.03489026449071475
suffix	boot	197	67	of Summer2	res-fire-max 1-10	24	240	1029	10290	372	10662	0.023323615160349854	0.023323615160349854	0.022509848058525603	0.0	-0.03489026449071475
suffix	boot	198	67	of Spring2	res-ltng-max 1-10	24	240	1029	10290	372	10662	0.023323615160349854	0.023323615160349854	0.022509848058525603	0.0	-0.03489026449071475
suffix	boot	199	67	of Autumn2	res-pois-max 1-10	24	240	1029	10290	372	10662	0.023323615160349854	0.023323615160349854	0.022509848058525603	0.0	-0.03489026449071475
suffix	boot	200	67	of the Four Seasons2	res-all-max 1-3	24	240	1029	10290	372	10662	0.023323615160349854	0.023323615160349854	0.022509848058525603	0.0	-0.03489026449071475
suffix	boot	201	67	of the Four Seasons2	res-all-max 4-6	12	120	1029	10290	372	10662	0.011661807580174927	0.011661807580174927	0.011254924029262802	0.0	-0.03489026449071475
suffix	boot	216	17	of Precision	dex 10-15	36	360	1029	10290	372	10662	0.03498542274052478	0.03498542274052478	0.03376477208778841	0.0	-0.03489026449071475
suffix	boot	222	17	of Perfection	dex 20-30	36	360	1029	10290	372	10662	0.03498542274052478	0.03498542274052478	0.03376477208778841	0.0	-0.03489026449071475
suffix	boot	267	42	of Agility2	dex% 21-30	12	120	1029	10290	372	10662	0.011661807580174927	0.011661807580174927	0.011254924029262802	0.0	-0.03489026449071475
suffix	boot	308	19	of Regeneration	regen 3-5	48	480	1029	10290	372	10662	0.04664723032069971	0.04664723032069971	0.04501969611705121	0.0	-0.03489026449071475
suffix	boot	319	35	of Haste	move2 20-20	48	480	1029	10290	372	10662	0.04664723032069971	0.04664723032069971	0.04501969611705121	0.0	-0.03489026449071475
suffix	boot	320	35	of Speed	move3 30-30	48	480	1029	10290	372	10662	0.04664723032069971	0.04664723032069971	0.04501969611705121	0.0	-0.03489026449071475
suffix	boot	321	35	of Traveling	move3 30-30, stamdrain 80-90	48	480	1029	10290	372	10662	0.04664723032069971	0.04664723032069971	0.04501969611705121	0.0	-0.03489026449071475
suffix	boot	322	35	of Acceleration	move3 40-40	48	480	1029	10290	372	10662	0.04664723032069971	0.04664723032069971	0.04501969611705121	0.0	-0.03489026449071475
suffix	boot	323	18	of Balance	balance1 10-10	48	480	1029	10290	372	10662	0.04664723032069971	0.04664723032069971	0.04501969611705121	0.0	-0.03489026449071475
suffix	boot	349	25	of the Sun	light 5-5, att% 5-5	12	120	1029	10290	372	10662	0.011661807580174927	0.011661807580174927	0.011254924029262802	0.0	-0.03489026449071475
suffix	boot	351	22	of Fortune	mag% 13-20	48	480	1029	10290	372	10662	0.04664723032069971	0.04664723032069971	0.04501969611705121	0.0	-0.03489026449071475
suffix	boot	352	22	of Fortune	mag% 21-25	48	480	1029	10290	372	10662	0.04664723032069971	0.04664723032069971	0.04501969611705121	0.0	-0.03489026449071475
suffix	boot	353	22	of Luck	mag% 26-35	48	480	1029	10290	372	10662	0.04664723032069971	0.04664723032069971	0.04501969611705121	0.0	-0.03489026449071475
suffix	boot	359	21	of Wealth	gold% 41-80	48	480	1029	10290	372	10662	0.04664723032069971	0.04664723032069971	0.04501969611705121	0.0	-0.03489026449071475
suffix	boot	365	37	of Fast Repair	rep-dur(5) -	12	120	1029	10290	372	10662	0.011661807580174927	0.011661807580174927	0.011254924029262802	0.0	-0.03489026449071475
suffix	boot	366	39	of Ages	indestruct 1-1	12	120	1029	10290	372	10662	0.011661807580174927	0.011661807580174927	0.011254924029262802	0.0	-0.03489026449071475
suffix	boot	525	77	of Burst of Speed2	gethit-skill(258) 8-8	1	10	1029	10290	372	10662	0.0009718172983479105	0.0009718172983479105	0.0009379103357719002	0.0	-0.03489026449071464
suffix	boot	610	79	of Burst of Speed2	levelup-skill(Quickness) 100-4	4	40	1029	10290	372	10662	0.003887269193391642	0.003887269193391642	0.003751641343087601	0.0	-0.03489026449071464
suffix	boot	611	79	of Burst of Speed2	levelup-skill(Quickness) 100-30	4	40	1029	10290	372	10662	0.003887269193391642	0.003887269193391642	0.003751641343087601	0.0	-0.03489026449071464
suffix	glov	67	12	of Flame	fire-min 1-1, fire-max 2-5	24	240	1109	11090	516	11606	0.02164111812443643	0.02164111812443643	0.02067895915905566	0.0	-0.044459762191969676
suffix	glov	68	12	of Passion	fire-min 1-3, fire-max 6-10	24	240	1109	11090	516	11606	0.02164111812443643	0.02164111812443643	0.02067895915905566	0.0	-0.044459762191969676
suffix	glov	69	12	of Fire	fire-min 4-10, fire-max 11-30	24	240	1109	11090	516	11606	0.02164111812443643	0.02164111812443643	0.02067895915905566	0.0	-0.044459762191969676
suffix	glov	70	12	of Burning	fire-min 11-25, fire-max 31-50	24	240	1109	11090	516	11606	0.02164111812443643	0.02164111812443643	0.02067895915905566	0.0	-0.044459762191969676
suffix	glov	97	11	of Warmth	half-freeze 1-1	48	480	1109	11090	516	11606	0.04328223624887286	0.04328223624887286	0.04135791831811132	0.0	-0.044459762191969676
suffix	glov	98	11	of Warmth	nofreeze 1-1	24	240	1109	11090	516	11606	0.02164111812443643	0.02164111812443643	0.02067895915905566	0.0	-0.044459762191969676
suffix	glov	109	27	of the Leech	lifesteal 3-3	48	480	1109	11090	516	11606	0.04328223624887286	0.04328223624887286	0.04135791831811132	0.0	-0.044459762191969676
suffix	glov	119	28	of the Bat	manasteal 3-3	48	480	1109	11090	516	11606	0.04328223624887286	0.04328223624887286	0.04135791831811132	0.0	-0.044459762191969676
suffix	glov	186	43	of the Yeti	res-cold/lvl(6) -	12	120	1109	11090	516	11606	0.010820559062218215	0.010820559062218215	0.01033947957952783	0.0	-0.044459762191969676
suffix	glov	188	43	of the Phoenix	res-fire/lvl(6) -	12	120	1109	11090	516	11606	0.010820559062218215	0.010820559062218215	0.01033947957952783	0.0	-0.044459762191969676
suffix	glov	190	43	of the Efreeti	res-ltng/lvl(6) -	12	120	1109	11090	516	11606	0.010820559062218215	0.010820559062218215	0.01033947957952783	0.0	-0.044459762191969676
suffix	glov	192	43	of the Cobra	res-pois/lvl(6) -	12	120	1109	11090	516	11606	0.010820559062218215	0.010820559062218215	0.01033947957952783	0.0	-0.044459762191969676
suffix	glov	196	67	of Winter2	res-cold-max 1-10	24	240	1109	11090	516	11606	0.02164111812443643	0.02164111812443643	0.02067895915905566	0.0	-0.044459762191969676
suffix	glov	197	67	of Summer2	res-fire-max 1-10	24	240	1109	11090	516	11606	0.02164111812443643	0.02164111812443643	0.02067895915905566	0.0	-0.044459762191969676
suffix	glov	198	67	of Spring2	res-ltng-max 1-10	24	240	1109	11090	516	11606	0.02164111812443643	0.02164111812443643	0.02067895915905566	0.0	-0.044459762191969676
suffix	glov	199	67	of Autumn2	res-pois-max 1-10	24	240	1109	11090	516	11606	0.02164111812443643	0.02164111812443643	0.02067895915905566	0.0	-0.044459762191969676
suffix	glov	200	67	of the Four Seasons2	res-all-max 1-3	24	240	1109	11090	516	11606	0.02164111812443643	0.02164111812443643	0.02067895915905566	0.0	-0.044459762191969676
suffix	glov	201	67	of the Four Seasons2	res-all-max 4-6	12	120	1109	11090	516	11606	0.010820559062218215	0.010820559062218215	0.01033947957952783	0.0	-0.044459762191969676
suffix	glov	211	17	of Precision	dex 10-15	36	360	1109	11090	516	11606	0.032461677186654644	0.032461677186654644	0.031018438738583492	0.0	-0.044459762191969676
suffix	glov	212	17	of Perfection	dex 16-20	36	360	1109	11090	516	11606	0.032461677186654644	0.032461677186654644	0.031018438738583492	0.0	-0.044459762191969676
suffix	glov	236	31	of the Ox	str 6-9	36	360	1109	11090	516	11606	0.032461677186654644	0.032461677186654644	0.031018438738583492	0.0	-0.044459762191969676
suffix	glov	237	31	of the Giant	str 10-15	36	360	1109	11090	516	11606	0.032461677186654644	0.032461677186654644	0.031018438738583492	0.0	-0.044459762191969676
suffix	glov	270	42	of Power2	str% 21-30	12	120	1109	11090	516	11606	0.010820559062218215	0.010820559062218215	0.01033947957952783	0.0	-0.044459762191969676
suffix	glov	273	42	of Endurance2	vit% 21-30	12	120	1109	11090	516	11606	0.010820559062218215	0.010820559062218215	0.01033947957952783	0.0	-0.044459762191969676
suffix	glov	276	42	of Spirit2	enr% 21-30	12	120	1109	11090	516	11606	0.010820559062218215	0.010820559062218215	0.01033947957952783	0.0	-0.044459762191969676
suffix	glov	307	19	of Regeneration	regen 3-5	48	480	1109	11090	516	11606	0.04328223624887286	0.04328223624887286	0.04135791831811132	0.0	-0.044459762191969676
suffix	glov	331	7	of Alacrity	swing2 20-20	48	480	1109	11090	516	11606	0.04328223624887286	0.04328223624887286	0.04135791831811132	0.0	-0.044459762191969676
suffix	glov	332	7	of Fervor	swing1 15-15	48	480	1109	11090	516	11606	0.04328223624887286	0.04328223624887286	0.04135791831811132	0.0	-0.044459762191969676
suffix	glov	333	7	of Readiness	swing1 10-10	24	240	1109	11090	516	11606	0.02164111812443643	0.02164111812443643	0.02067895915905566	0.0	-0.044459762191969676
suffix	glov	349	25	of the Sun	light 5-5, att% 5-5	12	120	1109	11090	516	11606	0.010820559062218215	0.010820559062218215	0.01033947957952783	0.0	-0.044459762191969676
suffix	glov	351	22	of Fortune	mag% 13-20	48	480	1109	11090	516	11606	0.04328223624887286	0.04328223624887286	0.04135791831811132	0.0	-0.044459762191969676
suffix	glov	352	22	of Fortune	mag% 21-25	48	480	1109	11090	516	11606	0.04328223624887286	0.04328223624887286	0.04135791831811132	0.0	-0.044459762191969676
suffix	glov	359	21	of Wealth	gold% 41-80	48	480	1109	11090	516	11606	0.04328223624887286	0.04328223624887286	0.04135791831811132	0.0	-0.044459762191969676
suffix	glov	365	37	of Fast Repair	rep-dur(5) -	12	120	1109	11090	516	11606	0.010820559062218215	0.010820559062218215	0.01033947957952783	0.0	-0.044459762191969676
suffix	glov	366	39	of Ages	indestruct 1-1	12	120	1109	11090	516	11606	0.010820559062218215	0.010820559062218215	0.01033947957952783	0.0	-0.044459762191969676
suffix	glov	378	20	of Vileness	noheal 1-1	36	360	1109	11090	516	11606	0.032461677186654644	0.032461677186654644	0.031018438738583492	0.0	-0.044459762191969676
suffix	glov	383	64	Startling	slow 5-10	24	240	1109	11090	516	11606	0.02164111812443643	0.02164111812443643	0.02067895915905566	0.0	-0.044459762191969676
suffix	glov	384	64	Stunning1	slow 11-15	24	240	1109	11090	516	11606	0.02164111812443643	0.02164111812443643	0.02067895915905566	0.0	-0.044459762191969676
suffix	glov	385	64	Daze1	slow 16-20	24	240	1109	11090	516	11606	0.02164111812443643	0.02164111812443643	0.02067895915905566	0.0	-0.044459762191969676
suffix	glov	390	66	of Reanimation1	reanimate(5) 3-5	12	120	1109	11090	516	11606	0.010820559062218215	0.010820559062218215	0.01033947957952783	0.0	-0.044459762191969676
suffix	glov	391	77	of Inner Sight	gethit-skill(8) 4-6	1	10	1109	11090	516	11606	0.0009017132551848512	0.0009017132551848512	0.0008616232982939859	0.0	-0.044459762191969565
suffix	glov	394	77	of Slow Missiles	gethit-skill(17) 10-8	1	10	1109	11090	516	11606	0.0009017132551848512	0.0009017132551848512	0.0008616232982939859	0.0	-0.044459762191969565
suffix	glov	453	77	of Weaken	gethit-skill(72) 8-12	1	10	1109	11090	516	11606	0.0009017132551848512	0.0009017132551848512	0.0008616232982939859	0.0	-0.044459762191969565
suffix	glov	479	77	of Poison Novas	gethit-skill(92) 7-14	1	10	1109	11090	516	11606	0.0009017132551848512	0.0009017132551848512	0.0008616232982939859	0.0	-0.044459762191969565
suffix	glov	489	77	of Fist of the Heavens	gethit-skill(121) 7-14	1	10	1109	11090	516	11606	0.0009017132551848512	0.0009017132551848512	0.0008616232982939859	0.0	-0.044459762191969565
suffix	glov	535	77	of Venom	gethit-skill(278) 8-19	1	10	1109	11090	516	11606	0.0009017132551848512	0.0009017132551848512	0.0008616232982939859	0.0	-0.044459762191969565
suffix	glov	537	78	of Inner Sight	hit-skill(8) 10-11	1	10	1109	11090	516	11606	0.0009017132551848512	0.0009017132551848512	0.0008616232982939859	0.0	-0.044459762191969565
suffix	glov	538	78	of Slow Missiles	hit-skill(17) 4-2	1	10	1109	11090	516	11606	0.0009017132551848512	0.0009017132551848512	0.0008616232982939859	0.0	-0.044459762191969565
suffix	glov	574	78	of Weaken	hit-skill(72) 5-10	1	10	1109	11090	516	11606	0.0009017132551848512	0.0009017132551848512	0.0008616232982939859	0.0	-0.044459762191969565
suffix	glov	585	78	of Poison Novas	hit-skill(92) 5-22	1	10	1109	11090	516	11606	0.0009017132551848512	0.0009017132551848512	0.0008616232982939859	0.0	-0.044459762191969565
suffix	glov	598	79	of Inner Sight	levelup-skill(Inner Sight) 100-17	4	40	1109	11090	516	11606	0.0036068530207394047	0.0036068530207394047	0.0034464931931759437	0.0	-0.044459762191969565
suffix	glov	620	79	of Poison Novas	death-skill(Poison Nova) 100-48	2	20	1109	11090	516	11606	0.0018034265103697023	0.0018034265103697023	0.0017232465965879718	0.0	-0.044459762191969565
suffix	glov	781	44	of Apocalypse	charged(401) -20--1	1	10	1109	11090	516	11606	0.0009017132551848512	0.0009017132551848512	0.0008616232982939859	0.0	-0.044459762191969565
suffix	jewl	31	14	of Ire	dmg-max 2-5	48	480	1304	13040	608	13648	0.03680981595092025	0.03680981595092025	0.035169988276670575	0.0	-0.04454865181711609
suffix	jewl	32	14	of Wrath	dmg-max 6-9	48	480	1304	13040	608	13648	0.03680981595092025	0.03680981595092025	0.035169988276670575	0.0	-0.04454865181711609
suffix	jewl	33	14	of Carnage	dmg-max 10-15	48	480	1304	13040	608	13648	0.03680981595092025	0.03680981595092025	0.035169988276670575	0.0	-0.04454865181711609
suffix	jewl	34	14	of Carnage	dmg-max 16-20	48	480	1304	13040	608	13648	0.03680981595092025	0.03680981595092025	0.035169988276670575	0.0	-0.04454865181711609
suffix	jewl	47	15	of Bliss	dmg-min 5-10	32	320	1304	13040	608	13648	0.024539877300613498	0.024539877300613498	0.023446658851113716	0.0	-0.04454865181711609
suffix	jewl	58	10	of Frigidity	cold-min 1-1, cold-max 3-5, cold-len 50-50	24	240	1304	13040	608	13648	0.018404907975460124	0.018404907975460124	0.017584994138335287	0.0	-0.04454865181711609
suffix	jewl	59	10	of the Icicle	cold-min 2-3, cold-max 6-10, cold-len 75-75	24	240	1304	13040	608	13648	0.018404907975460124	0.018404907975460124	0.017584994138335287	0.0	-0.04454865181711609
suffix	jewl	60	10	of the Glacier	cold-min 4-5, cold-max 11-15, cold-len 100-100	24	240	1304	13040	608	13648	0.018404907975460124	0.018404907975460124	0.017584994138335287	0.0	-0.04454865181711609
suffix	jewl	71	12	of Passion	fire-min 1-3, fire-max 6-10	24	240	1304	13040	608	13648	0.018404907975460124	0.018404907975460124	0.017584994138335287	0.0	-0.04454865181711609
suffix	jewl	72	12	of Fire	fire-min 4-10, fire-max 11-30	24	240	1304	13040	608	13648	0.018404907975460124	0.018404907975460124	0.017584994138335287	0.0	-0.04454865181711609
suffix	jewl	73	12	of Burning	fire-min 11-25, fire-max 31-50	24	240	1304	13040	608	13648	0.018404907975460124	0.018404907975460124	0.017584994138335287	0.0	-0.04454865181711609
suffix	jewl	84	13	of Ennui	ltng-min 1-1, ltng-max 10-20	24	240	1304	13040	608	13648	0.018404907975460124	0.018404907975460124	0.017584994138335287	0.0	-0.04454865181711609
suffix	jewl	85	13	of Lightning	ltng-min 1-1, ltng-max 21-60	24	240	1304	13040	608	13648	0.018404907975460124	0.018404907975460124	0.017584994138335287	0.0	-0.04454865181711609
suffix	jewl	86	13	of Thunder	ltng-min 1-1, ltng-max 61-100	24	240	1304	13040	608	13648	0.018404907975460124	0.018404907975460124	0.017584994138335287	0.0	-0.04454865181711609
suffix	jewl	94	16	of Anthrax	dmg-pois(50) 103-103	24	240	1304	13040	608	13648	0.018404907975460124	0.018404907975460124	0.017584994138335287	0.0	-0.04454865181711609
suffix	jewl	95	16	of Anthrax	dmg-pois(50) 206-206	24	240	1304	13040	608	13648	0.018404907975460124	0.018404907975460124	0.017584994138335287	0.0	-0.04454865181711609
suffix	jewl	96	16	of Anthrax	dmg-pois(50) 309-309	24	240	1304	13040	608	13648	0.018404907975460124	0.018404907975460124	0.017584994138335287	0.0	-0.04454865181711609
suffix	jewl	154	3	of Faith	abs-fire 2-3	12	120	1304	13040	608	13648	0.009202453987730062	0.009202453987730062	0.008792497069167644	0.0	-0.04454865181711609
suffix	jewl	155	3	of Faith	abs-fire 4-7	12	120	1304	13040	608	13648	0.009202453987730062	0.009202453987730062	0.008792497069167644	0.0	-0.04454865181711609
suffix	jewl	167	3	of Stoicism	abs-ltng 2-3	12	120	1304	13040	608	13648	0.009202453987730062	0.009202453987730062	0.008792497069167644	0.0	-0.04454865181711609
suffix	jewl	168	3	of Stoicism	abs-ltng 4-7	12	120	1304	13040	608	13648	0.009202453987730062	0.009202453987730062	0.008792497069167644	0.0	-0.04454865181711609
suffix	jewl	180	3	of Desire	abs-cold 2-3	12	120	1304	13040	608	13648	0.009202453987730062	0.009202453987730062	0.008792497069167644	0.0	-0.04454865181711609
suffix	jewl	181	3	of Desire	abs-cold 4-7	12	120	1304	13040	608	13648	0.009202453987730062	0.009202453987730062	0.008792497069167644	0.0	-0.04454865181711609
suffix	jewl	217	17	of Daring	dex 1-5	48	480	1304	13040	608	13648	0.03680981595092025	0.03680981595092025	0.035169988276670575	0.0	-0.04454865181711609
suffix	jewl	218	17	of Daring	dex 4-6	48	480	1304	13040	608	13648	0.03680981595092025	0.03680981595092025	0.035169988276670575	0.0	-0.04454865181711609
suffix	jewl	219	17	of Daring	dex 7-9	48	480	1304	13040	608	13648	0.03680981595092025	0.03680981595092025	0.035169988276670575	0.0	-0.04454865181711609
suffix	jewl	238	31	of Virility	str 1-5	48	480	1304	13040	608	13648	0.03680981595092025	0.03680981595092025	0.035169988276670575	0.0	-0.04454865181711609
suffix	jewl	239	31	of Virility	str 5-6	48	480	1304	13040	608	13648	0.03680981595092025	0.03680981595092025	0.035169988276670575	0.0	-0.04454865181711609
suffix	jewl	240	31	of Virility	str 7-9	48	480	1304	13040	608	13648	0.03680981595092025	0.03680981595092025	0.035169988276670575	0.0	-0.04454865181711609
suffix	jewl	259	23	of Knowledge	enr 4-6	36	360	1304	13040	608	13648	0.027607361963190184	0.027607361963190184	0.02637749120750293	0.0	-0.04454865181711609
suffix	jewl	260	23	of Knowledge	enr 7-9	36	360	1304	13040	608	13648	0.027607361963190184	0.027607361963190184	0.02637749120750293	0.0	-0.04454865181711609
suffix	jewl	301	26	of Hope	hp 9-20	48	480	1304	13040	608	13648	0.03680981595092025	0.03680981595092025	0.035169988276670575	0.0	-0.04454865181711609
suffix	jewl	312	19	of Honor	regen 1-4	48	480	1304	13040	608	13648	0.03680981595092025	0.03680981595092025	0.035169988276670575	0.0	-0.04454865181711609
suffix	jewl	326	18	of Truth	balance1 7-7	48	480	1304	13040	608	13648	0.03680981595092025	0.03680981595092025	0.035169988276670575	0.0	-0.04454865181711609
suffix	jewl	334	7	of Fervor	swing1 15-15	48	480	1304	13040	608	13648	0.03680981595092025	0.03680981595092025	0.035169988276670575	0.0	-0.04454865181711609
suffix	jewl	345	6	of Malice	thorns 8-15	48	480	1304	13040	608	13648	0.03680981595092025	0.03680981595092025	0.035169988276670575	0.0	-0.04454865181711609
suffix	jewl	356	22	of Prosperity	mag% 11-15	24	240	1304	13040	608	13648	0.018404907975460124	0.018404907975460124	0.017584994138335287	0.0	-0.04454865181711609
suffix	jewl	357	22	of Prosperity	mag% 16-20	12	120	1304	13040	608	13648	0.009202453987730062	0.009202453987730062	0.008792497069167644	0.0	-0.04454865181711609
suffix	jewl	360	21	of Avarice	gold% 10-30	48	480	1304	13040	608	13648	0.03680981595092025	0.03680981595092025	0.035169988276670575	0.0	-0.04454865181711609
suffix	jewl	363	30	of Freedom	ease -15--15	36	360	1304	13040	608	13648	0.027607361963190184	0.027607361963190184	0.02637749120750293	0.0	-0.04454865181711609
suffix	lcha	704	10	of the Glacier	cold-min 8-10, cold-max 12-18	6	60	88	880	46	926	0.06818181818181818	0.06818181818181818	0.06479481641468683	0.0	-0.049676025917926414
suffix	lcha	705	10	of Winter	cold-min 12-14, cold-max 20-25	6	60	88	880	46	926	0.06818181818181818	0.06818181818181818	0.06479481641468683	0.0	-0.049676025917926414
suffix	lcha	708	10	of Burning	fire-min 6-8, fire-max 12-18	6	60	88	880	46	926	0.06818181818181818	0.06818181818181818	0.06479481641468683	0.0	-0.049676025917926414
suffix	lcha	709	10	of Incineration	fire-min 10-15, fire-max 20-25	6	60	88	880	46	926	0.06818181818181818	0.06818181818181818	0.06479481641468683	0.0	-0.049676025917926414
suffix	lcha	712	10	of Thunder	ltng-min 6-8, ltng-max 12-18	6	60	88	880	46	926	0.06818181818181818	0.06818181818181818	0.06479481641468683	0.0	-0.049676025917926414
suffix	lcha	713	10	of Storms	ltng-min 10-15, ltng-max 20-25	6	60	88	880	46	926	0.06818181818181818	0.06818181818181818	0.06479481641468683	0.0	-0.049676025917926414
suffix	lcha	716	10	of Pestilence	dmg-pois(100) 100-120	6	60	88	880	46	926	0.06818181818181818	0.06818181818181818	0.06479481641468683	0.0	-0.049676025917926414
suffix	lcha	717	10	of Anthrax	dmg-pois(125) 120-140	6	60	88	880	46	926	0.06818181818181818	0.06818181818181818	0.06479481641468683	0.0	-0.049676025917926414
suffix	lcha	729	26	of Vita	hp 50-60	6	60	88	880	46	926	0.06818181818181818	0.06818181818181818	0.06479481641468683	0.0	-0.049676025917926414
suffix	lcha	730	26	of Vita	hp 60-70	6	60	88	880	46	926	0.06818181818181818	0.06818181818181818	0.06479481641468683	0.0	-0.049676025917926414
suffix	lcha	731	35	of Inertia	move3 5-5	6	60	88	880	46	926	0.06818181818181818	0.06818181818181818	0.06479481641468683	0.0	-0.049676025917926414
suffix	lcha	732	18	of Balance	balance3 5-5	6	60	88	880	46	926	0.06818181818181818	0.06818181818181818	0.06479481641468683	0.0	-0.049676025917926414
suffix	lcha	741	31	of Energy	enr 5-8	4	40	88	880	46	926	0.045454545454545456	0.045454545454545456	0.04319654427645788	0.0	-0.049676025917926636
suffix	lcha	742	35	of Inertia	move3 10-10	6	60	88	880	46	926	0.06818181818181818	0.06818181818181818	0.06479481641468683	0.0	-0.049676025917926414
suffix	lcha	743	18	of Balance	balance3 10-10	6	60	88	880	46	926	0.06818181818181818	0.06818181818181818	0.06479481641468683	0.0	-0.049676025917926414
suffix	misl	784	200	of the Swift	swing1 10-20	6	60	120	1200	39	1239	0.05	0.05	0.048426150121065374	0.0	-0.0314769975786926
suffix	misl	785	200	of the Swift	swing1 20-30	3	30	120	1200	39	1239	0.025	0.025	0.024213075060532687	0.0	-0.0314769975786926
suffix	misl	787	201	of Slaying	deadly 10-15	6	60	120	1200	39	1239	0.05	0.05	0.048426150121065374	0.0	-0.0314769975786926
suffix	misl	788	201	of Slaying	deadly 15-20	3	30	120	1200	39	1239	0.025	0.025	0.024213075060532687	0.0	-0.0314769975786926
suffix	misl	790	201	of Maiming	openwounds 10-15	6	60	120	1200	39	1239	0.05	0.05	0.048426150121065374	0.0	-0.0314769975786926
suffix	misl	791	201	of Maiming	openwounds 15-20	3	30	120	1200	39	1239	0.025	0.025	0.024213075060532687	0.0	-0.0314769975786926
suffix	misl	793	201	of Piercing	pierce 10-20	6	60	120	1200	39	1239	0.05	0.05	0.048426150121065374	0.0	-0.0314769975786926
suffix	misl	794	201	of Piercing	pierce 20-30	3	30	120	1200	39	1239	0.025	0.025	0.024213075060532687	0.0	-0.0314769975786926
suffix	misl	796	202	of the Vampire	lifesteal 3-5	6	60	120	1200	39	1239	0.05	0.05	0.048426150121065374	0.0	-0.0314769975786926
suffix	misl	797	202	of the Vampire	lifesteal 5-10	3	30	120	1200	39	1239	0.025	0.025	0.024213075060532687	0.0	-0.0314769975786926
suffix	misl	799	203	of the Bat	manasteal 3-5	6	60	120	1200	39	1239	0.05	0.05	0.048426150121065374	0.0	-0.0314769975786926
suffix	misl	800	203	of the Bat	manasteal 5-10	3	30	120	1200	39	1239	0.025	0.025	0.024213075060532687	0.0	-0.0314769975786926
suffix	misl	802	204	of Resistance	res-fire 10-20	6	60	120	1200	39	1239	0.05	0.05	0.048426150121065374	0.0	-0.0314769975786926
suffix	misl	803	204	of Resistance	res-fire 20-30	3	30	120	1200	39	1239	0.025	0.025	0.024213075060532687	0.0	-0.0314769975786926
suffix	misl	805	204	of Resistance	res-cold 10-20	6	60	120	1200	39	1239	0.05	0.05	0.048426150121065374	0.0	-0.0314769975786926
suffix	misl	806	204	of Resistance	res-cold 20-30	3	30	120	1200	39	1239	0.025	0.025	0.024213075060532687	0.0	-0.0314769975786926
suffix	misl	808	204	of Resistance	res-ltng 10-20	6	60	120	1200	39	1239	0.05	0.05	0.048426150121065374	0.0	-0.0314769975786926
suffix	misl	809	204	of Resistance	res-ltng 20-30	3	30	120	1200	39	1239	0.025	0.025	0.024213075060532687	0.0	-0.0314769975786926
suffix	misl	811	204	of Resistance	res-pois 10-20	6	60	120	1200	39	1239	0.05	0.05	0.048426150121065374	0.0	-0.0314769975786926
suffix	misl	812	204	of Resistance	res-pois 20-30	3	30	120	1200	39	1239	0.025	0.025	0.024213075060532687	0.0	-0.0314769975786926
suffix	misl	814	204	of Resistance	res-all 5-8	6	60	120	1200	39	1239	0.05	0.05	0.048426150121065374	0.0	-0.0314769975786926
suffix	misl	815	204	of Resistance	res-all 8-12	3	30	120	1200	39	1239	0.025	0.025	0.024213075060532687	0.0	-0.0314769975786926
suffix	misl	817	205	of Fortune	mag% 15-25, gold% 30-50	6	60	120	1200	39	1239	0.05	0.05	0.048426150121065374	0.0	-0.0314769975786926
suffix	misl	818	205	of Fortune	mag% 25-40, gold% 50-80	3	30	120	1200	39	1239	0.025	0.025	0.024213075060532687	0.0	-0.0314769975786926
suffix	misl	819	206	of Transcendence	hit-skill(Lower Resist) 10-5	3	30	120	1200	39	1239	0.025	0.025	0.024213075060532687	0.0	-0.0314769975786926
suffix	misl	820	206	of Transcendence	hit-skill(Amplify Damage) 10-5	3	30	120	1200	39	1239	0.025	0.025	0.024213075060532687	0.0	-0.0314769975786926
suffix	misl	821	206	of Transcendence	hit-skill(Weaken) 10-5	3	30	120	1200	39	1239	0.025	0.025	0.024213075060532687	0.0	-0.0314769975786926
suffix	misl	822	206	of Transcendence	hit-skill(Lower Resist) 10-10, pierce-elem 10-15	1	10	120	1200	39	1239	0.008333333333333333	0.008333333333333333	0.008071025020177562	0.0	-0.0314769975786926
suffix	misl	823	206	of Transcendence	hit-skill(Amplify Damage) 10-10, pierce-dmg 10-15	1	10	120	1200	39	1239	0.008333333333333333	0.008333333333333333	0.008071025020177562	0.0	-0.0314769975786926
suffix	misl	824	206	of Transcendence	hit-skill(Weaken) 10-10, pierce-mag 10-15	1	10	120	1200	39	1239	0.008333333333333333	0.008333333333333333	0.008071025020177562	0.0	-0.0314769975786926
suffix	orb	97	11	of Warmth	half-freeze 1-1	48	480	1528	15280	396	15676	0.031413612565445025	0.031413612565445025	0.030620056136769585	0.0	-0.025261546312834837
suffix	orb	98	11	of Warmth	nofreeze 1-1	24	240	1528	15280	396	15676	0.015706806282722512	0.015706806282722512	0.015310028068384792	0.0	-0.025261546312834837
suffix	orb	114	28	of the Wraith	manasteal 6-7	84	840	1528	15280	396	15676	0.0549738219895288	0.0549738219895288	0.05358509823934677	0.0	-0.025261546312834948
suffix	orb	136	2	of the Sentinel	red-mag 3-4	48	480	1528	15280	396	15676	0.031413612565445025	0.031413612565445025	0.030620056136769585	0.0	-0.025261546312834837
suffix	orb	137	2	of Guarding	red-mag 5-6	48	480	1528	15280	396	15676	0.031413612565445025	0.031413612565445025	0.030620056136769585	0.0	-0.025261546312834837
suffix	orb	138	2	of Negation	red-mag 7-8	48	480	1528	15280	396	15676	0.031413612565445025	0.031413612565445025	0.030620056136769585	0.0	-0.025261546312834837
suffix	orb	143	2	of the Sentinel	res-mag 6-9	48	480	1528	15280	396	15676	0.031413612565445025	0.031413612565445025	0.030620056136769585	0.0	-0.025261546312834837
suffix	orb	144	2	of Guarding	res-mag 10-13	48	480	1528	15280	396	15676	0.031413612565445025	0.031413612565445025	0.030620056136769585	0.0	-0.025261546312834837
suffix	orb	145	2	of Negation	res-mag 14-20	48	480	1528	15280	396	15676	0.031413612565445025	0.031413612565445025	0.030620056136769585	0.0	-0.025261546312834837
suffix	orb	150	3	of Coolness	abs-fire 1-2	12	120	1528	15280	396	15676	0.007853403141361256	0.007853403141361256	0.007655014034192396	0.0	-0.025261546312834837
suffix	orb	151	3	of Incombustibility	abs-fire 3-4	12	120	1528	15280	396	15676	0.007853403141361256	0.007853403141361256	0.007655014034192396	0.0	-0.025261546312834837
suffix	orb	152	3	of Amianthus	abs-fire 5-6	12	120	1528	15280	396	15676	0.007853403141361256	0.007853403141361256	0.007655014034192396	0.0	-0.025261546312834837
suffix	orb	153	3	of Fire Quenching	abs-fire 8-10	12	120	1528	15280	396	15676	0.007853403141361256	0.007853403141361256	0.007655014034192396	0.0	-0.025261546312834837
suffix	orb	156	3	of Fire Coalescence1	abs-fire% 3-7	12	120	1528	15280	396	15676	0.007853403141361256	0.007853403141361256	0.007655014034192396	0.0	-0.025261546312834837
suffix	orb	157	3	of Fire Coalescence1	abs-fire% 8-15	12	120	1528	15280	396	15676	0.007853403141361256	0.007853403141361256	0.007655014034192396	0.0	-0.025261546312834837
suffix	orb	158	3	of Fire Coalescence1	abs-fire% 16-25	12	120	1528	15280	396	15676	0.007853403141361256	0.007853403141361256	0.007655014034192396	0.0	-0.025261546312834837
suffix	orb	163	3	of Resistance	abs-ltng 1-2	12	120	1528	15280	396	15676	0.007853403141361256	0.007853403141361256	0.007655014034192396	0.0	-0.025261546312834837
suffix	orb	164	3	of Insulation	abs-ltng 3-4	12	120	1528	15280	396	15676	0.007853403141361256	0.007853403141361256	0.007655014034192396	0.0	-0.025261546312834837
suffix	orb	165	3	of Grounding	abs-ltng 5-6	12	120	1528	15280	396	15676	0.007853403141361256	0.007853403141361256	0.007655014034192396	0.0	-0.025261546312834837
suffix	orb	166	3	of the Dynamo	abs-ltng 8-10	12	120	1528	15280	396	15676	0.007853403141361256	0.007853403141361256	0.007655014034192396	0.0	-0.025261546312834837
suffix	orb	169	3	of Lightning Coalescence1	abs-ltng% 3-7	12	120	1528	15280	396	15676	0.007853403141361256	0.007853403141361256	0.007655014034192396	0.0	-0.025261546312834837
suffix	orb	170	3	of Lightning Coalescence1	abs-ltng% 8-15	12	120	1528	15280	396	15676	0.007853403141361256	0.007853403141361256	0.007655014034192396	0.0	-0.025261546312834837
suffix	orb	171	3	of Lightning Coalescence1	abs-ltng% 16-25	12	120	1528	15280	396	15676	0.007853403141361256	0.007853403141361256	0.007655014034192396	0.0	-0.025261546312834837
suffix	orb	176	3	of Warming	abs-cold 1-2	12	120	1528	15280	396	15676	0.007853403141361256	0.007853403141361256	0.007655014034192396	0.0	-0.025261546312834837
suffix	orb	177	3	of Thawing	abs-cold 3-4	12	120	1528	15280	396	15676	0.007853403141361256	0.007853403141361256	0.007655014034192396	0.0	-0.025261546312834837
suffix	orb	178	3	of the Dunes	abs-cold 5-6	12	120	1528	15280	396	15676	0.007853403141361256	0.007853403141361256	0.007655014034192396	0.0	-0.025261546312834837
suffix	orb	179	3	of the Sirocco	abs-cold 8-10	12	120	1528	15280	396	15676	0.007853403141361256	0.007853403141361256	0.007655014034192396	0.0	-0.025261546312834837
suffix	orb	182	3	of Chilling Coalescence1	abs-cold% 3-7	12	120	1528	15280	396	15676	0.007853403141361256	0.007853403141361256	0.007655014034192396	0.0	-0.025261546312834837
suffix	orb	183	3	of Chilling Coalescence1	abs-cold% 8-15	12	120	1528	15280	396	15676	0.007853403141361256	0.007853403141361256	0.007655014034192396	0.0	-0.025261546312834837
suffix	orb	184	3	of Chilling Coalescence1	abs-cold% 16-25	12	120	1528	15280	396	15676	0.007853403141361256	0.007853403141361256	0.007655014034192396	0.0	-0.025261546312834837
suffix	orb	246	23	of Sorcery	enr 11-15	36	360	1528	15280	396	15676	0.02356020942408377	0.02356020942408377	0.022965042102577188	0.0	-0.025261546312834948
suffix	orb	247	23	of Wizardry	enr 16-20	36	360	1528	15280	396	15676	0.02356020942408377	0.02356020942408377	0.022965042102577188	0.0	-0.025261546312834948
suffix	orb	248	23	of Enlightenment	enr 21-30	36	360	1528	15280	396	15676	0.02356020942408377	0.02356020942408377	0.022965042102577188	0.0	-0.025261546312834948
suffix	orb	267	42	of Agility2	dex% 21-30	12	120	1528	15280	396	15676	0.007853403141361256	0.007853403141361256	0.007655014034192396	0.0	-0.025261546312834837
suffix	orb	270	42	of Power2	str% 21-30	12	120	1528	15280	396	15676	0.007853403141361256	0.007853403141361256	0.007655014034192396	0.0	-0.025261546312834837
suffix	orb	273	42	of Endurance2	vit% 21-30	12	120	1528	15280	396	15676	0.007853403141361256	0.007853403141361256	0.007655014034192396	0.0	-0.025261546312834837
suffix	orb	276	42	of Spirit2	enr% 21-30	12	120	1528	15280	396	15676	0.007853403141361256	0.007853403141361256	0.007655014034192396	0.0	-0.025261546312834837
suffix	orb	277	42	of the Sky	all-stats 5-10	12	120	1528	15280	396	15676	0.007853403141361256	0.007853403141361256	0.007655014034192396	0.0	-0.025261546312834837
suffix	orb	278	42	of the Stars	all-stats 11-15	12	120	1528	15280	396	15676	0.007853403141361256	0.007853403141361256	0.007655014034192396	0.0	-0.025261546312834837
suffix	orb	279	42	of the Heavens	all-stats 16-20	12	120	1528	15280	396	15676	0.007853403141361256	0.007853403141361256	0.007655014034192396	0.0	-0.025261546312834837
suffix	orb	280	42	of the Zodiac	all-stats 21-30	12	120	1528	15280	396	15676	0.007853403141361256	0.007853403141361256	0.007655014034192396	0.0	-0.025261546312834837
suffix	orb	308	19	of Regeneration	regen 3-5	48	480	1528	15280	396	15676	0.031413612565445025	0.031413612565445025	0.030620056136769585	0.0	-0.025261546312834837
suffix	orb	314	67	of Vampiric Essence2	heal-kill 3-5	24	240	1528	15280	396	15676	0.015706806282722512	0.015706806282722512	0.015310028068384792	0.0	-0.025261546312834837
suffix	orb	315	67	of the Wight2	heal-kill 6-8	24	240	1528	15280	396	15676	0.015706806282722512	0.015706806282722512	0.015310028068384792	0.0	-0.025261546312834837
suffix	orb	316	67	of the Dragon's Spirit2	heal-kill 9-15	24	240	1528	15280	396	15676	0.015706806282722512	0.015706806282722512	0.015310028068384792	0.0	-0.025261546312834837
suffix	orb	317	67	of the Soul2	heal-kill 16-25	24	240	1528	15280	396	15676	0.015706806282722512	0.015706806282722512	0.015310028068384792	0.0	-0.025261546312834837
suffix	orb	365	37	of Fast Repair	rep-dur(5) -	12	120	1528	15280	396	15676	0.007853403141361256	0.007853403141361256	0.007655014034192396	0.0	-0.025261546312834837
suffix	orb	366	39	of Ages	indestruct 1-1	12	120	1528	15280	396	15676	0.007853403141361256	0.007853403141361256	0.007655014034192396	0.0	-0.025261546312834837
suffix	orb	370	4	of Piercing	ignore-ac 1-1	24	240	1528	15280	396	15676	0.015706806282722512	0.015706806282722512	0.015310028068384792	0.0	-0.025261546312834837
suffix	orb	375	9	of the Apprentice	cast1 10-10	72	720	1528	15280	396	15676	0.04712041884816754	0.04712041884816754	0.045930084205154376	0.0	-0.025261546312834948
suffix	orb	376	9	of the Magus	cast3 20-20	60	600	1528	15280	396	15676	0.03926701570680628	0.03926701570680628	0.03827507017096198	0.0	-0.025261546312834837
suffix	orb	379	24	of the Bear	knock 1-1	36	360	1528	15280	396	15676	0.02356020942408377	0.02356020942408377	0.022965042102577188	0.0	-0.025261546312834948
suffix	orb	380	63	of Bartering1	cheap 1-2	12	120	1528	15280	396	15676	0.007853403141361256	0.007853403141361256	0.007655014034192396	0.0	-0.025261546312834837
suffix	orb	381	63	of Haggling1	cheap 3-4	8	80	1528	15280	396	15676	0.005235602094240838	0.005235602094240838	0.0051033426894615975	0.0	-0.025261546312834948
suffix	orb	382	63	of Charming1	cheap 5-6	6	60	1528	15280	396	15676	0.003926701570680628	0.003926701570680628	0.003827507017096198	0.0	-0.025261546312834837
suffix	orb	383	64	Startling	slow 5-10	24	240	1528	15280	396	15676	0.015706806282722512	0.015706806282722512	0.015310028068384792	0.0	-0.025261546312834837
suffix	orb	384	64	Stunning1	slow 11-15	24	240	1528	15280	396	15676	0.015706806282722512	0.015706806282722512	0.015310028068384792	0.0	-0.025261546312834837
suffix	orb	385	64	Daze1	slow 16-20	24	240	1528	15280	396	15676	0.015706806282722512	0.015706806282722512	0.015310028068384792	0.0	-0.025261546312834837
suffix	orb	386	64	Paralysis1	slow 21-25	24	240	1528	15280	396	15676	0.015706806282722512	0.015706806282722512	0.015310028068384792	0.0	-0.025261546312834837
suffix	orb	387	65	of Blindness1	stupidity 1-1	12	120	1528	15280	396	15676	0.007853403141361256	0.007853403141361256	0.007655014034192396	0.0	-0.025261546312834837
suffix	orb	388	65	of Blindness1	stupidity 2-2	12	120	1528	15280	396	15676	0.007853403141361256	0.007853403141361256	0.007655014034192396	0.0	-0.025261546312834837
suffix	orb	389	65	of Blindness1	stupidity 3-3	12	120	1528	15280	396	15676	0.007853403141361256	0.007853403141361256	0.007655014034192396	0.0	-0.025261546312834837
suffix	orb	390	66	of Reanimation1	reanimate(5) 3-5	12	120	1528	15280	396	15676	0.007853403141361256	0.007853403141361256	0.007655014034192396	0.0	-0.025261546312834837
suffix	orb	407	77	of Frozen Armor	gethit-skill(40) 13-4	1	10	1528	15280	396	15676	0.0006544502617801048	0.0006544502617801048	0.0006379178361826997	0.0	-0.025261546312834948
suffix	orb	409	77	of Static Field	gethit-skill(42) 7-9	1	10	1528	15280	396	15676	0.0006544502617801048	0.0006544502617801048	0.0006379178361826997	0.0	-0.025261546312834948
suffix	orb	411	77	of Frost Novas	gethit-skill(44) 8-7	1	10	1528	15280	396	15676	0.0006544502617801048	0.0006544502617801048	0.0006379178361826997	0.0	-0.025261546312834948
suffix	orb	413	77	of Ice Blasts	gethit-skill(45) 9-8	1	10	1528	15280	396	15676	0.0006544502617801048	0.0006544502617801048	0.0006379178361826997	0.0	-0.025261546312834948
suffix	orb	417	77	of Fire Balls	gethit-skill(47) 8-20	1	10	1528	15280	396	15676	0.0006544502617801048	0.0006544502617801048	0.0006379178361826997	0.0	-0.025261546312834948
suffix	orb	419	77	of Novas	gethit-skill(48) 12-15	1	10	1528	15280	396	15676	0.0006544502617801048	0.0006544502617801048	0.0006379178361826997	0.0	-0.025261546312834948
suffix	orb	422	77	of Shiver Armor	gethit-skill(50) 12-9	1	10	1528	15280	396	15676	0.0006544502617801048	0.0006544502617801048	0.0006379178361826997	0.0	-0.025261546312834948
suffix	orb	424	77	of Fire Walls	gethit-skill(51) 7-16	1	10	1528	15280	396	15676	0.0006544502617801048	0.0006544502617801048	0.0006379178361826997	0.0	-0.025261546312834948
suffix	orb	426	77	of Enchantment	gethit-skill(52) 11-19	1	10	1528	15280	396	15676	0.0006544502617801048	0.0006544502617801048	0.0006379178361826997	0.0	-0.025261546312834948
suffix	orb	428	77	of Chain Lightning	gethit-skill(53) 9-17	1	10	1528	15280	396	15676	0.0006544502617801048	0.0006544502617801048	0.0006379178361826997	0.0	-0.025261546312834948
suffix	orb	429	77	of Teleportation	gethit-skill(54) 10-1	1	10	1528	15280	396	15676	0.0006544502617801048	0.0006544502617801048	0.0006379178361826997	0.0	-0.025261546312834948
suffix	orb	431	77	of Glacial Spikes	gethit-skill(55) 9-16	1	10	1528	15280	396	15676	0.0006544502617801048	0.0006544502617801048	0.0006379178361826997	0.0	-0.025261546312834948
suffix	orb	433	77	of Meteors	gethit-skill(56) 8-18	1	10	1528	15280	396	15676	0.0006544502617801048	0.0006544502617801048	0.0006379178361826997	0.0	-0.025261546312834948
suffix	orb	436	77	of Energy Shield	gethit-skill(58) 10-13	1	10	1528	15280	396	15676	0.0006544502617801048	0.0006544502617801048	0.0006379178361826997	0.0	-0.025261546312834948
suffix	orb	438	77	of Blizzards	gethit-skill(59) 14-17	1	10	1528	15280	396	15676	0.0006544502617801048	0.0006544502617801048	0.0006379178361826997	0.0	-0.025261546312834948
suffix	orb	439	77	of Chilling Armor	gethit-skill(60) 15-12	1	10	1528	15280	396	15676	0.0006544502617801048	0.0006544502617801048	0.0006379178361826997	0.0	-0.025261546312834948
suffix	orb	441	77	of Hydras	gethit-skill(62) 12-19	1	10	1528	15280	396	15676	0.0006544502617801048	0.0006544502617801048	0.0006379178361826997	0.0	-0.025261546312834948
suffix	orb	443	77	of Frozen Orbs	gethit-skill(64) 4-22	1	10	1528	15280	396	15676	0.0006544502617801048	0.0006544502617801048	0.0006379178361826997	0.0	-0.025261546312834948
suffix	orb	445	77	of Amplify Damage	gethit-skill(66) 8-12	1	10	1528	15280	396	15676	0.0006544502617801048	0.0006544502617801048	0.0006379178361826997	0.0	-0.025261546312834948
suffix	orb	447	77	of Teeth	gethit-skill(67) 8-20	1	10	1528	15280	396	15676	0.0006544502617801048	0.0006544502617801048	0.0006379178361826997	0.0	-0.025261546312834948
suffix	orb	449	77	of Bone Armor	gethit-skill(68) 9-15	1	10	1528	15280	396	15676	0.0006544502617801048	0.0006544502617801048	0.0006379178361826997	0.0	-0.025261546312834948
suffix	orb	451	77	of Dim Vision	gethit-skill(71) 7-10	1	10	1528	15280	396	15676	0.0006544502617801048	0.0006544502617801048	0.0006379178361826997	0.0	-0.025261546312834948
suffix	orb	453	77	of Weaken	gethit-skill(72) 8-12	1	10	1528	15280	396	15676	0.0006544502617801048	0.0006544502617801048	0.0006379178361826997	0.0	-0.025261546312834948
suffix	orb	455	77	of Corpse Explosions	gethit-skill(74) 7-18	1	10	1528	15280	396	15676	0.0006544502617801048	0.0006544502617801048	0.0006379178361826997	0.0	-0.025261546312834948
suffix	orb	457	77	of Iron Maiden	gethit-skill(76) 6-10	1	10	1528	15280	396	15676	0.0006544502617801048	0.0006544502617801048	0.0006379178361826997	0.0	-0.025261546312834948
suffix	orb	459	77	of Terror	gethit-skill(77) 9-12	1	10	1528	15280	396	15676	0.0006544502617801048	0.0006544502617801048	0.0006379178361826997	0.0	-0.025261546312834948
suffix	orb	461	77	of Bone Walls	gethit-skill(78) 4-25	1	10	1528	15280	396	15676	0.0006544502617801048	0.0006544502617801048	0.0006379178361826997	0.0	-0.025261546312834948
suffix	orb	463	77	of Confusion	gethit-skill(81) 35-5	1	10	1528	15280	396	15676	0.0006544502617801048	0.0006544502617801048	0.0006379178361826997	0.0	-0.025261546312834948
suffix	orb	465	77	of Life Tap	gethit-skill(82) 19-5	1	10	1528	15280	396	15676	0.0006544502617801048	0.0006544502617801048	0.0006379178361826997	0.0	-0.025261546312834948
suffix	orb	467	77	of Poison Explosion	gethit-skill(83) 5-10	1	10	1528	15280	396	15676	0.0006544502617801048	0.0006544502617801048	0.0006379178361826997	0.0	-0.025261546312834948
suffix	orb	469	77	of Bone Spears	gethit-skill(84) 11-20	1	10	1528	15280	396	15676	0.0006544502617801048	0.0006544502617801048	0.0006379178361826997	0.0	-0.025261546312834948
suffix	orb	473	77	of Decrepification	gethit-skill(87) 10-15	1	10	1528	15280	396	15676	0.0006544502617801048	0.0006544502617801048	0.0006379178361826997	0.0	-0.025261546312834948
suffix	orb	475	77	of Bone Imprisonment	gethit-skill(88) 8-14	1	10	1528	15280	396	15676	0.0006544502617801048	0.0006544502617801048	0.0006379178361826997	0.0	-0.025261546312834948
suffix	orb	477	77	of Lower Resistance	gethit-skill(91) 6-18	1	10	1528	15280	396	15676	0.0006544502617801048	0.0006544502617801048	0.0006379178361826997	0.0	-0.025261546312834948
suffix	orb	479	77	of Poison Novas	gethit-skill(92) 7-14	1	10	1528	15280	396	15676	0.0006544502617801048	0.0006544502617801048	0.0006379178361826997	0.0	-0.025261546312834948
suffix	orb	481	77	of Bone Spirits	gethit-skill(93) 6-23	1	10	1528	15280	396	15676	0.0006544502617801048	0.0006544502617801048	0.0006379178361826997	0.0	-0.025261546312834948
suffix	orb	483	77	of Revivification	gethit-skill(95) 7-10	1	10	1528	15280	396	15676	0.0006544502617801048	0.0006544502617801048	0.0006379178361826997	0.0	-0.025261546312834948
suffix	orb	548	78	of Static Field	hit-skill(42) 6-9	1	10	1528	15280	396	15676	0.0006544502617801048	0.0006544502617801048	0.0006379178361826997	0.0	-0.025261546312834948
suffix	orb	550	78	of Frost Novas	hit-skill(44) 6-13	1	10	1528	15280	396	15676	0.0006544502617801048	0.0006544502617801048	0.0006379178361826997	0.0	-0.025261546312834948
suffix	orb	552	78	of Ice Blasts	hit-skill(45) 7-12	1	10	1528	15280	396	15676	0.0006544502617801048	0.0006544502617801048	0.0006379178361826997	0.0	-0.025261546312834948
suffix	orb	554	78	of Fire Balls	hit-skill(47) 5-19	1	10	1528	15280	396	15676	0.0006544502617801048	0.0006544502617801048	0.0006379178361826997	0.0	-0.025261546312834948
suffix	orb	556	78	of Novas	hit-skill(48) 6-21	1	10	1528	15280	396	15676	0.0006544502617801048	0.0006544502617801048	0.0006379178361826997	0.0	-0.025261546312834948
suffix	orb	557	78	of Lightning	hit-skill(49) 8-14	1	10	1528	15280	396	15676	0.0006544502617801048	0.0006544502617801048	0.0006379178361826997	0.0	-0.025261546312834948
suffix	orb	559	78	of Fire Walls	hit-skill(51) 6-14	1	10	1528	15280	396	15676	0.0006544502617801048	0.0006544502617801048	0.0006379178361826997	0.0	-0.025261546312834948
suffix	orb	560	78	of Chain Lightning	hit-skill(53) 6-16	1	10	1528	15280	396	15676	0.0006544502617801048	0.0006544502617801048	0.0006379178361826997	0.0	-0.025261546312834948
suffix	orb	562	78	of Glacial Spikes	hit-skill(55) 7-11	1	10	1528	15280	396	15676	0.0006544502617801048	0.0006544502617801048	0.0006379178361826997	0.0	-0.025261546312834948
suffix	orb	564	78	of Meteors	hit-skill(56) 5-19	1	10	1528	15280	396	15676	0.0006544502617801048	0.0006544502617801048	0.0006379178361826997	0.0	-0.025261546312834948
suffix	orb	566	78	of Blizzards	hit-skill(59) 5-18	1	10	1528	15280	396	15676	0.0006544502617801048	0.0006544502617801048	0.0006379178361826997	0.0	-0.025261546312834948
suffix	orb	568	78	of Hydras	hit-skill(62) 2-21	1	10	1528	15280	396	15676	0.0006544502617801048	0.0006544502617801048	0.0006379178361826997	0.0	-0.025261546312834948
suffix	orb	569	78	of Frozen Orbs	hit-skill(64) 7-12	1	10	1528	15280	396	15676	0.0006544502617801048	0.0006544502617801048	0.0006379178361826997	0.0	-0.025261546312834948
suffix	orb	571	78	of Amplify Damage	hit-skill(66) 5-9	1	10	1528	15280	396	15676	0.0006544502617801048	0.0006544502617801048	0.0006379178361826997	0.0	-0.025261546312834948
suffix	orb	573	78	of Dim Vision	hit-skill(71) 5-9	1	10	1528	15280	396	15676	0.0006544502617801048	0.0006544502617801048	0.0006379178361826997	0.0	-0.025261546312834948
suffix	orb	574	78	of Weaken	hit-skill(72) 5-10	1	10	1528	15280	396	15676	0.0006544502617801048	0.0006544502617801048	0.0006379178361826997	0.0	-0.025261546312834948
suffix	orb	575	78	of Corpse Explosions	hit-skill(74) 4-11	1	10	1528	15280	396	15676	0.0006544502617801048	0.0006544502617801048	0.0006379178361826997	0.0	-0.025261546312834948
suffix	orb	576	78	of Iron Maiden	hit-skill(76) 5-8	1	10	1528	15280	396	15676	0.0006544502617801048	0.0006544502617801048	0.0006379178361826997	0.0	-0.025261546312834948
suffix	orb	577	78	of Terror	hit-skill(77) 4-7	1	10	1528	15280	396	15676	0.0006544502617801048	0.0006544502617801048	0.0006379178361826997	0.0	-0.025261546312834948
suffix	orb	578	78	of Confusion	hit-skill(81) 7-5	1	10	1528	15280	396	15676	0.0006544502617801048	0.0006544502617801048	0.0006379178361826997	0.0	-0.025261546312834948
suffix	orb	579	78	of Life Tap	hit-skill(82) 8-7	1	10	1528	15280	396	15676	0.0006544502617801048	0.0006544502617801048	0.0006379178361826997	0.0	-0.025261546312834948
suffix	orb	580	78	of Poison Explosion	hit-skill(83) 4-9	1	10	1528	15280	396	15676	0.0006544502617801048	0.0006544502617801048	0.0006379178361826997	0.0	-0.025261546312834948
suffix	orb	581	78	of Bone Spears	hit-skill(84) 4-11	1	10	1528	15280	396	15676	0.0006544502617801048	0.0006544502617801048	0.0006379178361826997	0.0	-0.025261546312834948
suffix	orb	582	78	of Decrepification	hit-skill(87) 6-9	1	10	1528	15280	396	15676	0.0006544502617801048	0.0006544502617801048	0.0006379178361826997	0.0	-0.025261546312834948
suffix	orb	583	78	of Bone Imprisonment	hit-skill(88) 5-5	1	10	1528	15280	396	15676	0.0006544502617801048	0.0006544502617801048	0.0006379178361826997	0.0	-0.025261546312834948
suffix	orb	584	78	of Lower Resistance	hit-skill(91) 6-13	1	10	1528	15280	396	15676	0.0006544502617801048	0.0006544502617801048	0.0006379178361826997	0.0	-0.025261546312834948
suffix	orb	585	78	of Poison Novas	hit-skill(92) 5-22	1	10	1528	15280	396	15676	0.0006544502617801048	0.0006544502617801048	0.0006379178361826997	0.0	-0.025261546312834948
suffix	orb	586	78	of Bone Spirits	hit-skill(93) 4-18	1	10	1528	15280	396	15676	0.0006544502617801048	0.0006544502617801048	0.0006379178361826997	0.0	-0.025261546312834948
suffix	orb	587	78	of Revivification	hit-skill(95) 3-8	1	10	1528	15280	396	15676	0.0006544502617801048	0.0006544502617801048	0.0006379178361826997	0.0	-0.025261546312834948
suffix	orb	599	79	of Enchantment	levelup-skill(Enchant) 100-27	4	40	1528	15280	396	15676	0.002617801047120419	0.002617801047120419	0.0025516713447307987	0.0	-0.025261546312834948
suffix	orb	600	79	of Thunder Storm	levelup-skill(Thunder Storm) 100-24	4	40	1528	15280	396	15676	0.002617801047120419	0.002617801047120419	0.0025516713447307987	0.0	-0.025261546312834948
suffix	orb	601	79	of Chilling Armor	levelup-skill(Chilling Armor) 100-17	4	40	1528	15280	396	15676	0.002617801047120419	0.002617801047120419	0.0025516713447307987	0.0	-0.025261546312834948
suffix	orb	602	79	of Bone Armor	levelup-skill(Bone Armor) 100-20	4	40	1528	15280	396	15676	0.002617801047120419	0.002617801047120419	0.0025516713447307987	0.0	-0.025261546312834948
suffix	orb	613	79	of Frost Novas	death-skill(Frost Nova) 100-48	2	20	1528	15280	396	15676	0.0013089005235602095	0.0013089005235602095	0.0012758356723653994	0.0	-0.025261546312834948
suffix	orb	614	79	of Novas	death-skill(Nova) 100-48	2	20	1528	15280	396	15676	0.0013089005235602095	0.0013089005235602095	0.0012758356723653994	0.0	-0.025261546312834948
suffix	orb	615	79	of Chain Lightning	death-skill(Chain Lightning) 100-48	2	20	1528	15280	396	15676	0.0013089005235602095	0.0013089005235602095	0.0012758356723653994	0.0	-0.025261546312834948
suffix	orb	616	79	of Meteors	death-skill(Meteor) 100-48	2	20	1528	15280	396	15676	0.0013089005235602095	0.0013089005235602095	0.0012758356723653994	0.0	-0.025261546312834948
suffix	orb	617	79	of Blizzards	death-skill(Blizzard) 100-48	2	20	1528	15280	396	15676	0.0013089005235602095	0.0013089005235602095	0.0012758356723653994	0.0	-0.025261546312834948
suffix	orb	618	79	of Frozen Orbs	death-skill(Frozen Orb) 100-48	2	20	1528	15280	396	15676	0.0013089005235602095	0.0013089005235602095	0.0012758356723653994	0.0	-0.025261546312834948
suffix	orb	619	79	of Corpse Explosions	death-skill(Corpse Explosion) 100-36	2	20	1528	15280	396	15676	0.0013089005235602095	0.0013089005235602095	0.0012758356723653994	0.0	-0.025261546312834948
suffix	orb	620	79	of Poison Novas	death-skill(Poison Nova) 100-48	2	20	1528	15280	396	15676	0.0013089005235602095	0.0013089005235602095	0.0012758356723653994	0.0	-0.025261546312834948
suffix	ring	2	61	of Defense1	ac 5-10	60	600	2675	26750	968	27718	0.022429906542056073	0.022429906542056073	0.02164658344757919	0.0	-0.034923154628761055
suffix	ring	3	61	of Defense1	ac 11-25	60	600	2675	26750	968	27718	0.022429906542056073	0.022429906542056073	0.02164658344757919	0.0	-0.034923154628761055
suffix	ring	4	61	of Guarding	ac 26-50	60	600	2675	26750	968	27718	0.022429906542056073	0.022429906542056073	0.02164658344757919	0.0	-0.034923154628761055
suffix	ring	6	14	of Craftsmanship	dmg-max 3-4	96	960	2675	26750	968	27718	0.03588785046728972	0.03588785046728972	0.034634533516126706	0.0	-0.034923154628761055
suffix	ring	7	14	of Quality	dmg-max 5-7	96	960	2675	26750	968	27718	0.03588785046728972	0.03588785046728972	0.034634533516126706	0.0	-0.034923154628761055
suffix	ring	8	14	of Quality	dmg-max 8-10	96	960	2675	26750	968	27718	0.03588785046728972	0.03588785046728972	0.034634533516126706	0.0	-0.034923154628761055
suffix	ring	42	15	of Worth	dmg-min 2-3	32	320	2675	26750	968	27718	0.011962616822429906	0.011962616822429906	0.011544844505375568	0.0	-0.034923154628761055
suffix	ring	43	15	of Measure	dmg-min 4-5	32	320	2675	26750	968	27718	0.011962616822429906	0.011962616822429906	0.011544844505375568	0.0	-0.034923154628761055
suffix	ring	44	15	of Excellence	dmg-min 6-9	32	320	2675	26750	968	27718	0.011962616822429906	0.011962616822429906	0.011544844505375568	0.0	-0.034923154628761055
suffix	ring	45	15	of Performance	dmg-min 10-13	32	320	2675	26750	968	27718	0.011962616822429906	0.011962616822429906	0.011544844505375568	0.0	-0.034923154628761055
suffix	ring	67	12	of Flame	fire-min 1-1, fire-max 2-5	24	240	2675	26750	968	27718	0.00897196261682243	0.00897196261682243	0.008658633379031676	0.0	-0.034923154628761055
suffix	ring	68	12	of Passion	fire-min 1-3, fire-max 6-10	24	240	2675	26750	968	27718	0.00897196261682243	0.00897196261682243	0.008658633379031676	0.0	-0.034923154628761055
suffix	ring	69	12	of Fire	fire-min 4-10, fire-max 11-30	24	240	2675	26750	968	27718	0.00897196261682243	0.00897196261682243	0.008658633379031676	0.0	-0.034923154628761055
suffix	ring	70	12	of Burning	fire-min 11-25, fire-max 31-50	24	240	2675	26750	968	27718	0.00897196261682243	0.00897196261682243	0.008658633379031676	0.0	-0.034923154628761055
suffix	ring	80	13	of Shock	ltng-min 1-1, ltng-max 11-23	24	240	2675	26750	968	27718	0.00897196261682243	0.00897196261682243	0.008658633379031676	0.0	-0.034923154628761055
suffix	ring	81	13	of Lightning	ltng-min 1-1, ltng-max 24-50	24	240	2675	26750	968	27718	0.00897196261682243	0.00897196261682243	0.008658633379031676	0.0	-0.034923154628761055
suffix	ring	82	13	of Thunder	ltng-min 1-1, ltng-max 51-75	24	240	2675	26750	968	27718	0.00897196261682243	0.00897196261682243	0.008658633379031676	0.0	-0.034923154628761055
suffix	ring	83	13	of Storms	ltng-min 1-1, ltng-max 76-100	24	240	2675	26750	968	27718	0.00897196261682243	0.00897196261682243	0.008658633379031676	0.0	-0.034923154628761055
suffix	ring	91	16	of Blight	dmg-pois(75) 171-171	24	240	2675	26750	968	27718	0.00897196261682243	0.00897196261682243	0.008658633379031676	0.0	-0.034923154628761055
suffix	ring	92	16	of Venom	dmg-pois(75) 266-266	12	120	2675	26750	968	27718	0.004485981308411215	0.004485981308411215	0.004329316689515838	0.0	-0.034923154628761055
suffix	ring	93	16	of Blight	dmg-pois(75) 377-377	12	120	2675	26750	968	27718	0.004485981308411215	0.004485981308411215	0.004329316689515838	0.0	-0.034923154628761055
suffix	ring	97	11	of Warmth	half-freeze 1-1	48	480	2675	26750	968	27718	0.01794392523364486	0.01794392523364486	0.017317266758063353	0.0	-0.034923154628761055
suffix	ring	98	11	of Warmth	nofreeze 1-1	24	240	2675	26750	968	27718	0.00897196261682243	0.00897196261682243	0.008658633379031676	0.0	-0.034923154628761055
suffix	ring	106	27	of the Leech	lifesteal 3-4	48	480	2675	26750	968	27718	0.01794392523364486	0.01794392523364486	0.017317266758063353	0.0	-0.034923154628761055
suffix	ring	107	27	of the Locust	lifesteal 5-6	48	480	2675	26750	968	27718	0.01794392523364486	0.01794392523364486	0.017317266758063353	0.0	-0.034923154628761055
suffix	ring	108	27	of the Lamprey	lifesteal 7-8	48	480	2675	26750	968	27718	0.01794392523364486	0.01794392523364486	0.017317266758063353	0.0	-0.034923154628761055
suffix	ring	120	28	of the Bat	manasteal 2-3	24	240	2675	26750	968	27718	0.00897196261682243	0.00897196261682243	0.008658633379031676	0.0	-0.034923154628761055
suffix	ring	121	28	of the Wraith	manasteal 4-5	24	240	2675	26750	968	27718	0.00897196261682243	0.00897196261682243	0.008658633379031676	0.0	-0.034923154628761055
suffix	ring	122	28	of the Vampire	manasteal 6-8	24	240	2675	26750	968	27718	0.00897196261682243	0.00897196261682243	0.008658633379031676	0.0	-0.034923154628761055
suffix	ring	123	60	of the Lich	manasteal 3-5, lifesteal 5-7	12	120	2675	26750	968	27718	0.004485981308411215	0.004485981308411215	0.004329316689515838	0.0	-0.034923154628761055
suffix	ring	124	60	of the Lich	manasteal 6-7, lifesteal 8-9	12	120	2675	26750	968	27718	0.004485981308411215	0.004485981308411215	0.004329316689515838	0.0	-0.034923154628761055
suffix	ring	125	60	of the Lich	manasteal 8-9, lifesteal 10-12	12	120	2675	26750	968	27718	0.004485981308411215	0.004485981308411215	0.004329316689515838	0.0	-0.034923154628761055
suffix	ring	129	1	of Life	red-dmg 6-10	48	480	2675	26750	968	27718	0.01794392523364486	0.01794392523364486	0.017317266758063353	0.0	-0.034923154628761055
suffix	ring	136	2	of the Sentinel	red-mag 3-4	48	480	2675	26750	968	27718	0.01794392523364486	0.01794392523364486	0.017317266758063353	0.0	-0.034923154628761055
suffix	ring	137	2	of Guarding	red-mag 5-6	48	480	2675	26750	968	27718	0.01794392523364486	0.01794392523364486	0.017317266758063353	0.0	-0.034923154628761055
suffix	ring	138	2	of Negation	red-mag 7-8	48	480	2675	26750	968	27718	0.01794392523364486	0.01794392523364486	0.017317266758063353	0.0	-0.034923154628761055
suffix	ring	143	2	of the Sentinel	res-mag 6-9	48	480	2675	26750	968	27718	0.01794392523364486	0.01794392523364486	0.017317266758063353	0.0	-0.034923154628761055
suffix	ring	150	3	of Coolness	abs-fire 1-2	12	120	2675	26750	968	27718	0.004485981308411215	0.004485981308411215	0.004329316689515838	0.0	-0.034923154628761055
suffix	ring	151	3	of Incombustibility	abs-fire 3-4	12	120	2675	26750	968	27718	0.004485981308411215	0.004485981308411215	0.004329316689515838	0.0	-0.034923154628761055
suffix	ring	152	3	of Amianthus	abs-fire 5-6	12	120	2675	26750	968	27718	0.004485981308411215	0.004485981308411215	0.004329316689515838	0.0	-0.034923154628761055
suffix	ring	153	3	of Fire Quenching	abs-fire 8-10	12	120	2675	26750	968	27718	0.004485981308411215	0.004485981308411215	0.004329316689515838	0.0	-0.034923154628761055
suffix	ring	156	3	of Fire Coalescence1	abs-fire% 3-7	12	120	2675	26750	968	27718	0.004485981308411215	0.004485981308411215	0.004329316689515838	0.0	-0.034923154628761055
suffix	ring	157	3	of Fire Coalescence1	abs-fire% 8-15	12	120	2675	26750	968	27718	0.004485981308411215	0.004485981308411215	0.004329316689515838	0.0	-0.034923154628761055
suffix	ring	158	3	of Fire Coalescence1	abs-fire% 16-25	12	120	2675	26750	968	27718	0.004485981308411215	0.004485981308411215	0.004329316689515838	0.0	-0.034923154628761055
suffix	ring	163	3	of Resistance	abs-ltng 1-2	12	120	2675	26750	968	27718	0.004485981308411215	0.004485981308411215	0.004329316689515838	0.0	-0.034923154628761055
suffix	ring	164	3	of Insulation	abs-ltng 3-4	12	120	2675	26750	968	27718	0.004485981308411215	0.004485981308411215	0.004329316689515838	0.0	-0.034923154628761055
suffix	ring	165	3	of Grounding	abs-ltng 5-6	12	120	2675	26750	968	27718	0.004485981308411215	0.004485981308411215	0.004329316689515838	0.0	-0.034923154628761055
suffix	ring	166	3	of the Dynamo	abs-ltng 8-10	12	120	2675	26750	968	27718	0.004485981308411215	0.004485981308411215	0.004329316689515838	0.0	-0.034923154628761055
suffix	ring	169	3	of Lightning Coalescence1	abs-ltng% 3-7	12	120	2675	26750	968	27718	0.004485981308411215	0.004485981308411215	0.004329316689515838	0.0	-0.034923154628761055
suffix	ring	170	3	of Lightning Coalescence1	abs-ltng% 8-15	12	120	2675	26750	968	27718	0.004485981308411215	0.004485981308411215	0.004329316689515838	0.0	-0.034923154628761055
suffix	ring	171	3	of Lightning Coalescence1	abs-ltng% 16-25	12	120	2675	26750	968	27718	0.004485981308411215	0.004485981308411215	0.004329316689515838	0.0	-0.034923154628761055
suffix	ring	176	3	of Warming	abs-cold 1-2	12	120	2675	26750	968	27718	0.004485981308411215	0.004485981308411215	0.004329316689515838	0.0	-0.034923154628761055
suffix	ring	177	3	of Thawing	abs-cold 3-4	12	120	2675	26750	968	27718	0.004485981308411215	0.004485981308411215	0.004329316689515838	0.0	-0.034923154628761055
suffix	ring	178	3	of the Dunes	abs-cold 5-6	12	120	2675	26750	968	27718	0.004485981308411215	0.004485981308411215	0.004329316689515838	0.0	-0.034923154628761055
suffix	ring	179	3	of the Sirocco	abs-cold 8-10	12	120	2675	26750	968	27718	0.004485981308411215	0.004485981308411215	0.004329316689515838	0.0	-0.034923154628761055
suffix	ring	182	3	of Chilling Coalescence1	abs-cold% 3-7	12	120	2675	26750	968	27718	0.004485981308411215	0.004485981308411215	0.004329316689515838	0.0	-0.034923154628761055
suffix	ring	183	3	of Chilling Coalescence1	abs-cold% 8-15	12	120	2675	26750	968	27718	0.004485981308411215	0.004485981308411215	0.004329316689515838	0.0	-0.034923154628761055
suffix	ring	184	3	of Chilling Coalescence1	abs-cold% 16-25	12	120	2675	26750	968	27718	0.004485981308411215	0.004485981308411215	0.004329316689515838	0.0	-0.034923154628761055
suffix	ring	186	43	of the Yeti	res-cold/lvl(6) -	12	120	2675	26750	968	27718	0.004485981308411215	0.004485981308411215	0.004329316689515838	0.0	-0.034923154628761055
suffix	ring	188	43	of the Phoenix	res-fire/lvl(6) -	12	120	2675	26750	968	27718	0.004485981308411215	0.004485981308411215	0.004329316689515838	0.0	-0.034923154628761055
suffix	ring	190	43	of the Efreeti	res-ltng/lvl(6) -	12	120	2675	26750	968	27718	0.004485981308411215	0.004485981308411215	0.004329316689515838	0.0	-0.034923154628761055
suffix	ring	192	43	of the Cobra	res-pois/lvl(6) -	12	120	2675	26750	968	27718	0.004485981308411215	0.004485981308411215	0.004329316689515838	0.0	-0.034923154628761055
suffix	ring	196	67	of Winter2	res-cold-max 1-10	24	240	2675	26750	968	27718	0.00897196261682243	0.00897196261682243	0.008658633379031676	0.0	-0.034923154628761055
suffix	ring	197	67	of Summer2	res-fire-max 1-10	24	240	2675	26750	968	27718	0.00897196261682243	0.00897196261682243	0.008658633379031676	0.0	-0.034923154628761055
suffix	ring	198	67	of Spring2	res-ltng-max 1-10	24	240	2675	26750	968	27718	0.00897196261682243	0.00897196261682243	0.008658633379031676	0.0	-0.034923154628761055
suffix	ring	199	67	of Autumn2	res-pois-max 1-10	24	240	2675	26750	968	27718	0.00897196261682243	0.00897196261682243	0.008658633379031676	0.0	-0.034923154628761055
suffix	ring	200	67	of the Four Seasons2	res-all-max 1-3	24	240	2675	26750	968	27718	0.00897196261682243	0.00897196261682243	0.008658633379031676	0.0	-0.034923154628761055
suffix	ring	201	67	of the Four Seasons2	res-all-max 4-6	12	120	2675	26750	968	27718	0.004485981308411215	0.004485981308411215	0.004329316689515838	0.0	-0.034923154628761055
suffix	ring	211	17	of Precision	dex 10-15	36	360	2675	26750	968	27718	0.013457943925233645	0.013457943925233645	0.012987950068547515	0.0	-0.034923154628761055
suffix	ring	212	17	of Perfection	dex 16-20	36	360	2675	26750	968	27718	0.013457943925233645	0.013457943925233645	0.012987950068547515	0.0	-0.034923154628761055
suffix	ring	231	31	of the Ox	str 6-9	36	360	2675	26750	968	27718	0.013457943925233645	0.013457943925233645	0.012987950068547515	0.0	-0.034923154628761055
suffix	ring	232	31	of the Giant	str 10-15	36	360	2675	26750	968	27718	0.013457943925233645	0.013457943925233645	0.012987950068547515	0.0	-0.034923154628761055
suffix	ring	233	31	of the Titan	str 16-20	36	360	2675	26750	968	27718	0.013457943925233645	0.013457943925233645	0.012987950068547515	0.0	-0.034923154628761055
suffix	ring	252	23	of Sorcery	enr 11-15	36	360	2675	26750	968	27718	0.013457943925233645	0.013457943925233645	0.012987950068547515	0.0	-0.034923154628761055
suffix	ring	253	23	of Wizardry	enr 16-20	36	360	2675	26750	968	27718	0.013457943925233645	0.013457943925233645	0.012987950068547515	0.0	-0.034923154628761055
suffix	ring	277	42	of the Sky	all-stats 5-10	12	120	2675	26750	968	27718	0.004485981308411215	0.004485981308411215	0.004329316689515838	0.0	-0.034923154628761055
suffix	ring	278	42	of the Stars	all-stats 11-15	12	120	2675	26750	968	27718	0.004485981308411215	0.004485981308411215	0.004329316689515838	0.0	-0.034923154628761055
suffix	ring	279	42	of the Heavens	all-stats 16-20	12	120	2675	26750	968	27718	0.004485981308411215	0.004485981308411215	0.004329316689515838	0.0	-0.034923154628761055
suffix	ring	280	42	of the Zodiac	all-stats 21-30	12	120	2675	26750	968	27718	0.004485981308411215	0.004485981308411215	0.004329316689515838	0.0	-0.034923154628761055
suffix	ring	297	26	of the Wolf	hp 11-20	36	360	2675	26750	968	27718	0.013457943925233645	0.013457943925233645	0.012987950068547515	0.0	-0.034923154628761055
suffix	ring	298	26	of the Tiger	hp 21-30	36	360	2675	26750	968	27718	0.013457943925233645	0.013457943925233645	0.012987950068547515	0.0	-0.034923154628761055
suffix	ring	299	26	of the Mammoth	hp 31-40	36	360	2675	26750	968	27718	0.013457943925233645	0.013457943925233645	0.012987950068547515	0.0	-0.034923154628761055
suffix	ring	302	41	of the Elephant	hp/lvl(4) -, mana/lvl(2) -	24	240	2675	26750	968	27718	0.00897196261682243	0.00897196261682243	0.008658633379031676	0.0	-0.034923154628761055
suffix	ring	310	19	of Regrowth	regen 6-9	48	480	2675	26750	968	27718	0.01794392523364486	0.01794392523364486	0.017317266758063353	0.0	-0.034923154628761055
suffix	ring	314	67	of Vampiric Essence2	heal-kill 3-5	24	240	2675	26750	968	27718	0.00897196261682243	0.00897196261682243	0.008658633379031676	0.0	-0.034923154628761055
suffix	ring	315	67	of the Wight2	heal-kill 6-8	24	240	2675	26750	968	27718	0.00897196261682243	0.00897196261682243	0.008658633379031676	0.0	-0.034923154628761055
suffix	ring	316	67	of the Dragon's Spirit2	heal-kill 9-15	24	240	2675	26750	968	27718	0.00897196261682243	0.00897196261682243	0.008658633379031676	0.0	-0.034923154628761055
suffix	ring	317	67	of the Soul2	heal-kill 16-25	24	240	2675	26750	968	27718	0.00897196261682243	0.00897196261682243	0.008658633379031676	0.0	-0.034923154628761055
suffix	ring	349	25	of the Sun	light 5-5, att% 5-5	12	120	2675	26750	968	27718	0.004485981308411215	0.004485981308411215	0.004329316689515838	0.0	-0.034923154628761055
suffix	ring	351	22	of Fortune	mag% 13-20	48	480	2675	26750	968	27718	0.01794392523364486	0.01794392523364486	0.017317266758063353	0.0	-0.034923154628761055
suffix	ring	352	22	of Fortune	mag% 21-25	48	480	2675	26750	968	27718	0.01794392523364486	0.01794392523364486	0.017317266758063353	0.0	-0.034923154628761055
suffix	ring	358	21	of Greed	gold% 25-40	48	480	2675	26750	968	27718	0.01794392523364486	0.01794392523364486	0.017317266758063353	0.0	-0.034923154628761055
suffix	ring	375	9	of the Apprentice	cast1 10-10	72	720	2675	26750	968	27718	0.02691588785046729	0.02691588785046729	0.02597590013709503	0.0	-0.034923154628761055
suffix	ring	380	63	of Bartering1	cheap 1-2	12	120	2675	26750	968	27718	0.004485981308411215	0.004485981308411215	0.004329316689515838	0.0	-0.034923154628761055
suffix	ring	381	63	of Haggling1	cheap 3-4	8	80	2675	26750	968	27718	0.0029906542056074765	0.0029906542056074765	0.002886211126343892	0.0	-0.034923154628761055
suffix	ring	382	63	of Charming1	cheap 5-6	6	60	2675	26750	968	27718	0.0022429906542056075	0.0022429906542056075	0.002164658344757919	0.0	-0.034923154628761055
suffix	ring	409	77	of Static Field	gethit-skill(42) 7-9	1	10	2675	26750	968	27718	0.00037383177570093456	0.00037383177570093456	0.0003607763907929865	0.0	-0.034923154628761055
suffix	ring	413	77	of Ice Blasts	gethit-skill(45) 9-8	1	10	2675	26750	968	27718	0.00037383177570093456	0.00037383177570093456	0.0003607763907929865	0.0	-0.034923154628761055
suffix	ring	451	77	of Dim Vision	gethit-skill(71) 7-10	1	10	2675	26750	968	27718	0.00037383177570093456	0.00037383177570093456	0.0003607763907929865	0.0	-0.034923154628761055
suffix	ring	463	77	of Confusion	gethit-skill(81) 35-5	1	10	2675	26750	968	27718	0.00037383177570093456	0.00037383177570093456	0.0003607763907929865	0.0	-0.034923154628761055
suffix	ring	465	77	of Life Tap	gethit-skill(82) 19-5	1	10	2675	26750	968	27718	0.00037383177570093456	0.00037383177570093456	0.0003607763907929865	0.0	-0.034923154628761055
suffix	ring	475	77	of Bone Imprisonment	gethit-skill(88) 8-14	1	10	2675	26750	968	27718	0.00037383177570093456	0.00037383177570093456	0.0003607763907929865	0.0	-0.034923154628761055
suffix	ring	548	78	of Static Field	hit-skill(42) 6-9	1	10	2675	26750	968	27718	0.00037383177570093456	0.00037383177570093456	0.0003607763907929865	0.0	-0.034923154628761055
suffix	ring	552	78	of Ice Blasts	hit-skill(45) 7-12	1	10	2675	26750	968	27718	0.00037383177570093456	0.00037383177570093456	0.0003607763907929865	0.0	-0.034923154628761055
suffix	ring	573	78	of Dim Vision	hit-skill(71) 5-9	1	10	2675	26750	968	27718	0.00037383177570093456	0.00037383177570093456	0.0003607763907929865	0.0	-0.034923154628761055
suffix	ring	578	78	of Confusion	hit-skill(81) 7-5	1	10	2675	26750	968	27718	0.00037383177570093456	0.00037383177570093456	0.0003607763907929865	0.0	-0.034923154628761055
suffix	ring	579	78	of Life Tap	hit-skill(82) 8-7	1	10	2675	26750	968	27718	0.00037383177570093456	0.00037383177570093456	0.0003607763907929865	0.0	-0.034923154628761055
suffix	ring	583	78	of Bone Imprisonment	hit-skill(88) 5-5	1	10	2675	26750	968	27718	0.00037383177570093456	0.00037383177570093456	0.0003607763907929865	0.0	-0.034923154628761055
suffix	ring	777	44	of Lethargy	charged(393) -20--5	1	10	2675	26750	968	27718	0.00037383177570093456	0.00037383177570093456	0.0003607763907929865	0.0	-0.034923154628761055
suffix	shld	21	14	of Maiming	dmg-max 1-4	48	480	1779	17790	496	18286	0.026981450252951095	0.026981450252951095	0.02624958985015859	0.0	-0.027124576178497173
suffix	shld	22	14	of Maiming	dmg-max 5-8	36	360	1779	17790	496	18286	0.02023608768971332	0.02023608768971332	0.019687192387618943	0.0	-0.027124576178497173
suffix	shld	23	14	of Maiming	dmg-max 9-12	36	360	1779	17790	496	18286	0.02023608768971332	0.02023608768971332	0.019687192387618943	0.0	-0.027124576178497173
suffix	shld	97	11	of Warmth	half-freeze 1-1	48	480	1779	17790	496	18286	0.026981450252951095	0.026981450252951095	0.02624958985015859	0.0	-0.027124576178497173
suffix	shld	98	11	of Warmth	nofreeze 1-1	24	240	1779	17790	496	18286	0.013490725126475547	0.013490725126475547	0.013124794925079295	0.0	-0.027124576178497173
suffix	shld	99	29	of Defiance	res-pois-len 75-90	24	240	1779	17790	496	18286	0.013490725126475547	0.013490725126475547	0.013124794925079295	0.0	-0.027124576178497173
suffix	shld	100	29	of Amelioration	res-pois-len 50-74	36	360	1779	17790	496	18286	0.02023608768971332	0.02023608768971332	0.019687192387618943	0.0	-0.027124576178497173
suffix	shld	133	1	of Life	red-dmg 6-7	48	480	1779	17790	496	18286	0.026981450252951095	0.026981450252951095	0.02624958985015859	0.0	-0.027124576178497173
suffix	shld	134	1	of Anima	red-dmg 8-15	48	480	1779	17790	496	18286	0.026981450252951095	0.026981450252951095	0.02624958985015859	0.0	-0.027124576178497173
suffix	shld	140	2	of Guarding	red-mag 5-8	48	480	1779	17790	496	18286	0.026981450252951095	0.026981450252951095	0.02624958985015859	0.0	-0.027124576178497173
suffix	shld	141	2	of Negation	red-mag 9-15	48	480	1779	17790	496	18286	0.026981450252951095	0.026981450252951095	0.02624958985015859	0.0	-0.027124576178497173
suffix	shld	143	2	of the Sentinel	res-mag 6-9	48	480	1779	17790	496	18286	0.026981450252951095	0.026981450252951095	0.02624958985015859	0.0	-0.027124576178497173
suffix	shld	144	2	of Guarding	res-mag 10-13	48	480	1779	17790	496	18286	0.026981450252951095	0.026981450252951095	0.02624958985015859	0.0	-0.027124576178497173
suffix	shld	145	2	of Negation	res-mag 14-20	48	480	1779	17790	496	18286	0.026981450252951095	0.026981450252951095	0.02624958985015859	0.0	-0.027124576178497173
suffix	shld	148	3	of Amianthus	abs-fire 7-9	12	120	1779	17790	496	18286	0.006745362563237774	0.006745362563237774	0.006562397462539647	0.0	-0.027124576178497173
suffix	shld	149	3	of Fire Quenching	abs-fire 10-15	12	120	1779	17790	496	18286	0.006745362563237774	0.006745362563237774	0.006562397462539647	0.0	-0.027124576178497173
suffix	shld	156	3	of Fire Coalescence1	abs-fire% 3-7	12	120	1779	17790	496	18286	0.006745362563237774	0.006745362563237774	0.006562397462539647	0.0	-0.027124576178497173
suffix	shld	157	3	of Fire Coalescence1	abs-fire% 8-15	12	120	1779	17790	496	18286	0.006745362563237774	0.006745362563237774	0.006562397462539647	0.0	-0.027124576178497173
suffix	shld	158	3	of Fire Coalescence1	abs-fire% 16-25	12	120	1779	17790	496	18286	0.006745362563237774	0.006745362563237774	0.006562397462539647	0.0	-0.027124576178497173
suffix	shld	161	3	of Grounding	abs-ltng 7-9	12	120	1779	17790	496	18286	0.006745362563237774	0.006745362563237774	0.006562397462539647	0.0	-0.027124576178497173
suffix	shld	162	3	of the Dynamo	abs-ltng 10-15	12	120	1779	17790	496	18286	0.006745362563237774	0.006745362563237774	0.006562397462539647	0.0	-0.027124576178497173
suffix	shld	169	3	of Lightning Coalescence1	abs-ltng% 3-7	12	120	1779	17790	496	18286	0.006745362563237774	0.006745362563237774	0.006562397462539647	0.0	-0.027124576178497173
suffix	shld	170	3	of Lightning Coalescence1	abs-ltng% 8-15	12	120	1779	17790	496	18286	0.006745362563237774	0.006745362563237774	0.006562397462539647	0.0	-0.027124576178497173
suffix	shld	171	3	of Lightning Coalescence1	abs-ltng% 16-25	12	120	1779	17790	496	18286	0.006745362563237774	0.006745362563237774	0.006562397462539647	0.0	-0.027124576178497173
suffix	shld	174	3	of the Dunes	abs-cold 7-9	12	120	1779	17790	496	18286	0.006745362563237774	0.006745362563237774	0.006562397462539647	0.0	-0.027124576178497173
suffix	shld	175	3	of the Sirocco	abs-cold 10-15	12	120	1779	17790	496	18286	0.006745362563237774	0.006745362563237774	0.006562397462539647	0.0	-0.027124576178497173
suffix	shld	182	3	of Chilling Coalescence1	abs-cold% 3-7	12	120	1779	17790	496	18286	0.006745362563237774	0.006745362563237774	0.006562397462539647	0.0	-0.027124576178497173
suffix	shld	183	3	of Chilling Coalescence1	abs-cold% 8-15	12	120	1779	17790	496	18286	0.006745362563237774	0.006745362563237774	0.006562397462539647	0.0	-0.027124576178497173
suffix	shld	184	3	of Chilling Coalescence1	abs-cold% 16-25	12	120	1779	17790	496	18286	0.006745362563237774	0.006745362563237774	0.006562397462539647	0.0	-0.027124576178497173
suffix	shld	186	43	of the Yeti	res-cold/lvl(6) -	12	120	1779	17790	496	18286	0.006745362563237774	0.006745362563237774	0.006562397462539647	0.0	-0.027124576178497173
suffix	shld	188	43	of the Phoenix	res-fire/lvl(6) -	12	120	1779	17790	496	18286	0.006745362563237774	0.006745362563237774	0.006562397462539647	0.0	-0.027124576178497173
suffix	shld	190	43	of the Efreeti	res-ltng/lvl(6) -	12	120	1779	17790	496	18286	0.006745362563237774	0.006745362563237774	0.006562397462539647	0.0	-0.027124576178497173
suffix	shld	192	43	of the Cobra	res-pois/lvl(6) -	12	120	1779	17790	496	18286	0.006745362563237774	0.006745362563237774	0.006562397462539647	0.0	-0.027124576178497173
suffix	shld	193	43	of the Elements	res-cold/lvl(2) -, res-fire/lvl(2) -, res-ltng/lvl(2) -	24	240	1779	17790	496	18286	0.013490725126475547	0.013490725126475547	0.013124794925079295	0.0	-0.027124576178497173
suffix	shld	194	43	of the Elements	res-cold/lvl(4) -, res-fire/lvl(4) -, res-ltng/lvl(4) -	24	240	1779	17790	496	18286	0.013490725126475547	0.013490725126475547	0.013124794925079295	0.0	-0.027124576178497173
suffix	shld	195	43	of the Elements	res-cold/lvl(5) -, res-fire/lvl(5) -, res-ltng/lvl(5) -	24	240	1779	17790	496	18286	0.013490725126475547	0.013490725126475547	0.013124794925079295	0.0	-0.027124576178497173
suffix	shld	196	67	of Winter2	res-cold-max 1-10	24	240	1779	17790	496	18286	0.013490725126475547	0.013490725126475547	0.013124794925079295	0.0	-0.027124576178497173
suffix	shld	197	67	of Summer2	res-fire-max 1-10	24	240	1779	17790	496	18286	0.013490725126475547	0.013490725126475547	0.013124794925079295	0.0	-0.027124576178497173
suffix	shld	198	67	of Spring2	res-ltng-max 1-10	24	240	1779	17790	496	18286	0.013490725126475547	0.013490725126475547	0.013124794925079295	0.0	-0.027124576178497173
suffix	shld	199	67	of Autumn2	res-pois-max 1-10	24	240	1779	17790	496	18286	0.013490725126475547	0.013490725126475547	0.013124794925079295	0.0	-0.027124576178497173
suffix	shld	200	67	of the Four Seasons2	res-all-max 1-3	24	240	1779	17790	496	18286	0.013490725126475547	0.013490725126475547	0.013124794925079295	0.0	-0.027124576178497173
suffix	shld	201	67	of the Four Seasons2	res-all-max 4-6	12	120	1779	17790	496	18286	0.006745362563237774	0.006745362563237774	0.006562397462539647	0.0	-0.027124576178497173
suffix	shld	236	31	of the Ox	str 6-9	36	360	1779	17790	496	18286	0.02023608768971332	0.02023608768971332	0.019687192387618943	0.0	-0.027124576178497173
suffix	shld	292	26	of the Tiger	hp 21-30	36	360	1779	17790	496	18286	0.02023608768971332	0.02023608768971332	0.019687192387618943	0.0	-0.027124576178497173
suffix	shld	293	26	of the Mammoth	hp 31-40	36	360	1779	17790	496	18286	0.02023608768971332	0.02023608768971332	0.019687192387618943	0.0	-0.027124576178497173
suffix	shld	294	26	of the Colosuss	hp 41-60	36	360	1779	17790	496	18286	0.02023608768971332	0.02023608768971332	0.019687192387618943	0.0	-0.027124576178497173
suffix	shld	307	19	of Regeneration	regen 3-5	48	480	1779	17790	496	18286	0.026981450252951095	0.026981450252951095	0.02624958985015859	0.0	-0.027124576178497173
suffix	shld	323	18	of Balance	balance1 10-10	48	480	1779	17790	496	18286	0.026981450252951095	0.026981450252951095	0.02624958985015859	0.0	-0.027124576178497173
suffix	shld	324	18	of Equilibrium	balance2 20-20	48	480	1779	17790	496	18286	0.026981450252951095	0.026981450252951095	0.02624958985015859	0.0	-0.027124576178497173
suffix	shld	338	6	of Swords	thorns 10-20	48	480	1779	17790	496	18286	0.026981450252951095	0.026981450252951095	0.02624958985015859	0.0	-0.027124576178497173
suffix	shld	339	6	of Thorns	thorns/lvl(8) -	48	480	1779	17790	496	18286	0.026981450252951095	0.026981450252951095	0.02624958985015859	0.0	-0.027124576178497173
suffix	shld	340	6	of Thorns	thorns/lvl(12) -	48	480	1779	17790	496	18286	0.026981450252951095	0.026981450252951095	0.02624958985015859	0.0	-0.027124576178497173
suffix	shld	343	6	of Swords	thorns 21-40	36	360	1779	17790	496	18286	0.02023608768971332	0.02023608768971332	0.019687192387618943	0.0	-0.027124576178497173
suffix	shld	344	6	of Swords	thorns 41-50	24	240	1779	17790	496	18286	0.013490725126475547	0.013490725126475547	0.013124794925079295	0.0	-0.027124576178497173
suffix	shld	349	25	of the Sun	light 5-5, att% 5-5	12	120	1779	17790	496	18286	0.006745362563237774	0.006745362563237774	0.006562397462539647	0.0	-0.027124576178497173
suffix	shld	361	30	of Simplicity	ease -30--30	24	240	1779	17790	496	18286	0.013490725126475547	0.013490725126475547	0.013124794925079295	0.0	-0.027124576178497173
suffix	shld	362	30	of Ease	ease -20--20	36	360	1779	17790	496	18286	0.02023608768971332	0.02023608768971332	0.019687192387618943	0.0	-0.027124576178497173
suffix	shld	365	37	of Fast Repair	rep-dur(5) -	12	120	1779	17790	496	18286	0.006745362563237774	0.006745362563237774	0.006562397462539647	0.0	-0.027124576178497173
suffix	shld	366	39	of Ages	indestruct 1-1	12	120	1779	17790	496	18286	0.006745362563237774	0.006745362563237774	0.006562397462539647	0.0	-0.027124576178497173
suffix	shld	373	8	of Blocking	block 10-19, block2 15-15	84	840	1779	17790	496	18286	0.047217537942664416	0.047217537942664416	0.045936782237777536	0.0	-0.027124576178497173
suffix	shld	374	8	of Deflecting	block 20-30, block2 30-30	76	760	1779	17790	496	18286	0.04272062956717257	0.04272062956717257	0.041561850596084436	0.0	-0.027124576178497173
suffix	shld	419	77	of Novas	gethit-skill(48) 12-15	1	10	1779	17790	496	18286	0.0005621135469364812	0.0005621135469364812	0.0005468664552116373	0.0	-0.027124576178497284
suffix	shld	457	77	of Iron Maiden	gethit-skill(76) 6-10	1	10	1779	17790	496	18286	0.0005621135469364812	0.0005621135469364812	0.0005468664552116373	0.0	-0.027124576178497284
suffix	shld	459	77	of Terror	gethit-skill(77) 9-12	1	10	1779	17790	496	18286	0.0005621135469364812	0.0005621135469364812	0.0005468664552116373	0.0	-0.027124576178497284
suffix	shld	473	77	of Decrepification	gethit-skill(87) 10-15	1	10	1779	17790	496	18286	0.0005621135469364812	0.0005621135469364812	0.0005468664552116373	0.0	-0.027124576178497284
suffix	shld	556	78	of Novas	hit-skill(48) 6-21	1	10	1779	17790	496	18286	0.0005621135469364812	0.0005621135469364812	0.0005468664552116373	0.0	-0.027124576178497284
suffix	shld	576	78	of Iron Maiden	hit-skill(76) 5-8	1	10	1779	17790	496	18286	0.0005621135469364812	0.0005621135469364812	0.0005468664552116373	0.0	-0.027124576178497284
suffix	shld	577	78	of Terror	hit-skill(77) 4-7	1	10	1779	17790	496	18286	0.0005621135469364812	0.0005621135469364812	0.0005468664552116373	0.0	-0.027124576178497284
suffix	shld	582	78	of Decrepification	hit-skill(87) 6-9	1	10	1779	17790	496	18286	0.0005621135469364812	0.0005621135469364812	0.0005468664552116373	0.0	-0.027124576178497284
suffix	shld	614	79	of Novas	death-skill(Nova) 100-48	2	20	1779	17790	496	18286	0.0011242270938729624	0.0011242270938729624	0.0010937329104232746	0.0	-0.027124576178497284
suffix	shld	779	44	of Rancor	charged(396) -20--4	1	10	1779	17790	496	18286	0.0005621135469364812	0.0005621135469364812	0.0005468664552116373	0.0	-0.027124576178497284
suffix	tors	99	29	of Defiance	res-pois-len 75-90	24	240	1499	14990	420	15410	0.016010673782521682	0.016010673782521682	0.015574302401038288	0.0	-0.027255029201816994
suffix	tors	100	29	of Amelioration	res-pois-len 50-74	36	360	1499	14990	420	15410	0.02401601067378252	0.02401601067378252	0.02336145360155743	0.0	-0.027255029201816994
suffix	tors	133	1	of Life	red-dmg 6-7	48	480	1499	14990	420	15410	0.032021347565043365	0.032021347565043365	0.031148604802076575	0.0	-0.027255029201816994
suffix	tors	134	1	of Anima	red-dmg 8-15	48	480	1499	14990	420	15410	0.032021347565043365	0.032021347565043365	0.031148604802076575	0.0	-0.027255029201816994
suffix	tors	140	2	of Guarding	red-mag 5-8	48	480	1499	14990	420	15410	0.032021347565043365	0.032021347565043365	0.031148604802076575	0.0	-0.027255029201816994
suffix	tors	141	2	of Negation	red-mag 9-15	48	480	1499	14990	420	15410	0.032021347565043365	0.032021347565043365	0.031148604802076575	0.0	-0.027255029201816994
suffix	tors	143	2	of the Sentinel	res-mag 6-9	48	480	1499	14990	420	15410	0.032021347565043365	0.032021347565043365	0.031148604802076575	0.0	-0.027255029201816994
suffix	tors	144	2	of Guarding	res-mag 10-13	48	480	1499	14990	420	15410	0.032021347565043365	0.032021347565043365	0.031148604802076575	0.0	-0.027255029201816994
suffix	tors	145	2	of Negation	res-mag 14-20	48	480	1499	14990	420	15410	0.032021347565043365	0.032021347565043365	0.031148604802076575	0.0	-0.027255029201816994
suffix	tors	148	3	of Amianthus	abs-fire 7-9	12	120	1499	14990	420	15410	0.008005336891260841	0.008005336891260841	0.007787151200519144	0.0	-0.027255029201816994
suffix	tors	149	3	of Fire Quenching	abs-fire 10-15	12	120	1499	14990	420	15410	0.008005336891260841	0.008005336891260841	0.007787151200519144	0.0	-0.027255029201816994
suffix	tors	161	3	of Grounding	abs-ltng 7-9	12	120	1499	14990	420	15410	0.008005336891260841	0.008005336891260841	0.007787151200519144	0.0	-0.027255029201816994
suffix	tors	162	3	of the Dynamo	abs-ltng 10-15	12	120	1499	14990	420	15410	0.008005336891260841	0.008005336891260841	0.007787151200519144	0.0	-0.027255029201816994
suffix	tors	174	3	of the Dunes	abs-cold 7-9	12	120	1499	14990	420	15410	0.008005336891260841	0.008005336891260841	0.007787151200519144	0.0	-0.027255029201816994
suffix	tors	175	3	of the Sirocco	abs-cold 10-15	12	120	1499	14990	420	15410	0.008005336891260841	0.008005336891260841	0.007787151200519144	0.0	-0.027255029201816994
suffix	tors	186	43	of the Yeti	res-cold/lvl(6) -	12	120	1499	14990	420	15410	0.008005336891260841	0.008005336891260841	0.007787151200519144	0.0	-0.027255029201816994
suffix	tors	188	43	of the Phoenix	res-fire/lvl(6) -	12	120	1499	14990	420	15410	0.008005336891260841	0.008005336891260841	0.007787151200519144	0.0	-0.027255029201816994
suffix	tors	190	43	of the Efreeti	res-ltng/lvl(6) -	12	120	1499	14990	420	15410	0.008005336891260841	0.008005336891260841	0.007787151200519144	0.0	-0.027255029201816994
suffix	tors	192	43	of the Cobra	res-pois/lvl(6) -	12	120	1499	14990	420	15410	0.008005336891260841	0.008005336891260841	0.007787151200519144	0.0	-0.027255029201816994
suffix	tors	196	67	of Winter2	res-cold-max 1-10	24	240	1499	14990	420	15410	0.016010673782521682	0.016010673782521682	0.015574302401038288	0.0	-0.027255029201816994
suffix	tors	197	67	of Summer2	res-fire-max 1-10	24	240	1499	14990	420	15410	0.016010673782521682	0.016010673782521682	0.015574302401038288	0.0	-0.027255029201816994
suffix	tors	198	67	of Spring2	res-ltng-max 1-10	24	240	1499	14990	420	15410	0.016010673782521682	0.016010673782521682	0.015574302401038288	0.0	-0.027255029201816994
suffix	tors	199	67	of Autumn2	res-pois-max 1-10	24	240	1499	14990	420	15410	0.016010673782521682	0.016010673782521682	0.015574302401038288	0.0	-0.027255029201816994
suffix	tors	200	67	of the Four Seasons2	res-all-max 1-3	24	240	1499	14990	420	15410	0.016010673782521682	0.016010673782521682	0.015574302401038288	0.0	-0.027255029201816994
suffix	tors	201	67	of the Four Seasons2	res-all-max 4-6	12	120	1499	14990	420	15410	0.008005336891260841	0.008005336891260841	0.007787151200519144	0.0	-0.027255029201816994
suffix	tors	216	17	of Precision	dex 10-15	36	360	1499	14990	420	15410	0.02401601067378252	0.02401601067378252	0.02336145360155743	0.0	-0.027255029201816994
suffix	tors	222	17	of Perfection	dex 20-30	36	360	1499	14990	420	15410	0.02401601067378252	0.02401601067378252	0.02336145360155743	0.0	-0.027255029201816994
suffix	tors	231	31	of the Ox	str 6-9	36	360	1499	14990	420	15410	0.02401601067378252	0.02401601067378252	0.02336145360155743	0.0	-0.027255029201816994
suffix	tors	232	31	of the Giant	str 10-15	36	360	1499	14990	420	15410	0.02401601067378252	0.02401601067378252	0.02336145360155743	0.0	-0.027255029201816994
suffix	tors	233	31	of the Titan	str 16-20	36	360	1499	14990	420	15410	0.02401601067378252	0.02401601067378252	0.02336145360155743	0.0	-0.027255029201816994
suffix	tors	285	26	of the Mammoth	hp 31-40	36	360	1499	14990	420	15410	0.02401601067378252	0.02401601067378252	0.02336145360155743	0.0	-0.027255029201816994
suffix	tors	286	26	of the Colosuss	hp 41-60	36	360	1499	14990	420	15410	0.02401601067378252	0.02401601067378252	0.02336145360155743	0.0	-0.027255029201816994
suffix	tors	287	26	of the Squid	hp 61-80	36	360	1499	14990	420	15410	0.02401601067378252	0.02401601067378252	0.02336145360155743	0.0	-0.027255029201816994
suffix	tors	288	26	of the Whale	hp 81-100	36	360	1499	14990	420	15410	0.02401601067378252	0.02401601067378252	0.02336145360155743	0.0	-0.027255029201816994
suffix	tors	304	41	of the Kraken	hp/lvl(6) -	12	120	1499	14990	420	15410	0.008005336891260841	0.008005336891260841	0.007787151200519144	0.0	-0.027255029201816994
suffix	tors	308	19	of Regeneration	regen 3-5	48	480	1499	14990	420	15410	0.032021347565043365	0.032021347565043365	0.031148604802076575	0.0	-0.027255029201816994
suffix	tors	323	18	of Balance	balance1 10-10	48	480	1499	14990	420	15410	0.032021347565043365	0.032021347565043365	0.031148604802076575	0.0	-0.027255029201816994
suffix	tors	324	18	of Equilibrium	balance2 20-20	48	480	1499	14990	420	15410	0.032021347565043365	0.032021347565043365	0.031148604802076575	0.0	-0.027255029201816994
suffix	tors	325	18	of Stability	balance3 25-25	48	480	1499	14990	420	15410	0.032021347565043365	0.032021347565043365	0.031148604802076575	0.0	-0.027255029201816994
suffix	tors	338	6	of Swords	thorns 10-20	48	480	1499	14990	420	15410	0.032021347565043365	0.032021347565043365	0.031148604802076575	0.0	-0.027255029201816994
suffix	tors	339	6	of Thorns	thorns/lvl(8) -	48	480	1499	14990	420	15410	0.032021347565043365	0.032021347565043365	0.031148604802076575	0.0	-0.027255029201816994
suffix	tors	340	6	of Thorns	thorns/lvl(12) -	48	480	1499	14990	420	15410	0.032021347565043365	0.032021347565043365	0.031148604802076575	0.0	-0.027255029201816994
suffix	tors	343	6	of Swords	thorns 21-40	36	360	1499	14990	420	15410	0.02401601067378252	0.02401601067378252	0.02336145360155743	0.0	-0.027255029201816994
suffix	tors	344	6	of Swords	thorns 41-50	24	240	1499	14990	420	15410	0.016010673782521682	0.016010673782521682	0.015574302401038288	0.0	-0.027255029201816994
suffix	tors	349	25	of the Sun	light 5-5, att% 5-5	12	120	1499	14990	420	15410	0.008005336891260841	0.008005336891260841	0.007787151200519144	0.0	-0.027255029201816994
suffix	tors	361	30	of Simplicity	ease -30--30	24	240	1499	14990	420	15410	0.016010673782521682	0.016010673782521682	0.015574302401038288	0.0	-0.027255029201816994
suffix	tors	362	30	of Ease	ease -20--20	36	360	1499	14990	420	15410	0.02401601067378252	0.02401601067378252	0.02336145360155743	0.0	-0.027255029201816994
suffix	tors	365	37	of Fast Repair	rep-dur(5) -	12	120	1499	14990	420	15410	0.008005336891260841	0.008005336891260841	0.007787151200519144	0.0	-0.027255029201816994
suffix	tors	366	39	of Ages	indestruct 1-1	12	120	1499	14990	420	15410	0.008005336891260841	0.008005336891260841	0.007787151200519144	0.0	-0.027255029201816994
suffix	tors	407	77	of Frozen Armor	gethit-skill(40) 13-4	1	10	1499	14990	420	15410	0.00066711140760507	0.00066711140760507	0.0006489292667099286	0.0	-0.027255029201816994
suffix	tors	422	77	of Shiver Armor	gethit-skill(50) 12-9	1	10	1499	14990	420	15410	0.00066711140760507	0.00066711140760507	0.0006489292667099286	0.0	-0.027255029201816994
suffix	tors	439	77	of Chilling Armor	gethit-skill(60) 15-12	1	10	1499	14990	420	15410	0.00066711140760507	0.00066711140760507	0.0006489292667099286	0.0	-0.027255029201816994
suffix	tors	449	77	of Bone Armor	gethit-skill(68) 9-15	1	10	1499	14990	420	15410	0.00066711140760507	0.00066711140760507	0.0006489292667099286	0.0	-0.027255029201816994
suffix	tors	513	77	of Cyclone Armor	gethit-skill(235) 9-14	1	10	1499	14990	420	15410	0.00066711140760507	0.00066711140760507	0.0006489292667099286	0.0	-0.027255029201816994
suffix	tors	529	77	of Fading2	gethit-skill(267) 8-12	1	10	1499	14990	420	15410	0.00066711140760507	0.00066711140760507	0.0006489292667099286	0.0	-0.027255029201816994
suffix	tors	533	77	of Blade Shield2	gethit-skill(277) 9-17	1	10	1499	14990	420	15410	0.00066711140760507	0.00066711140760507	0.0006489292667099286	0.0	-0.027255029201816994
suffix	tors	601	79	of Chilling Armor	levelup-skill(Chilling Armor) 100-17	4	40	1499	14990	420	15410	0.00266844563042028	0.00266844563042028	0.0025957170668397143	0.0	-0.027255029201816994
suffix	tors	602	79	of Bone Armor	levelup-skill(Bone Armor) 100-20	4	40	1499	14990	420	15410	0.00266844563042028	0.00266844563042028	0.0025957170668397143	0.0	-0.027255029201816994
suffix	tors	608	79	of Cyclone Armor	levelup-skill(Cyclone Armor) 100-24	4	40	1499	14990	420	15410	0.00266844563042028	0.00266844563042028	0.0025957170668397143	0.0	-0.027255029201816994
suffix	tors	612	79	of Fading2	levelup-skill(Fade) 100-14	4	40	1499	14990	420	15410	0.00266844563042028	0.00266844563042028	0.0025957170668397143	0.0	-0.027255029201816994
