candidate_id	candidate	side	item_type	group	band	level	maxlevel	levelreq	frequency	source_apex_line	source_apex_name	source_apex_level	source_apex_maxlevel	source_apex_levelreq	source_apex_frequency
greater-grandmasters	Greater Grandmaster's	prefix	abow	111	early	50	65	75	1	75	Grandmaster's	84		88	4
greater-grandmasters	Greater Grandmaster's	prefix	abow	111	mid	66	80	75	3	75	Grandmaster's	84		88	4
greater-grandmasters	Greater Grandmaster's	prefix	abow	111	late	81		75	4	75	Grandmaster's	84		88	4
greater-grandmasters	Greater Grandmaster's	prefix	abow	111	early	50	65	75	1	76	Grandmaster's	86		88	2
greater-grandmasters	Greater Grandmaster's	prefix	abow	111	mid	66	80	75	1	76	Grandmaster's	86		88	2
greater-grandmasters	Greater Grandmaster's	prefix	abow	111	late	81		75	2	76	Grandmaster's	86		88	2
greater-grandmasters	Greater Grandmaster's	prefix	abow	111	early	50	65	75	1	77	Grandmaster's	86		88	2
greater-grandmasters	Greater Grandmaster's	prefix	abow	111	mid	66	80	75	1	77	Grandmaster's	86		88	2
greater-grandmasters	Greater Grandmaster's	prefix	abow	111	late	81		75	2	77	Grandmaster's	86		88	2
greater-grandmasters	Greater Grandmaster's	prefix	abow	111	early	50	65	75	1	78	Grandmaster's	86		88	2
greater-grandmasters	Greater Grandmaster's	prefix	abow	111	mid	66	80	75	1	78	Grandmaster's	86		88	2
greater-grandmasters	Greater Grandmaster's	prefix	abow	111	late	81		75	2	78	Grandmaster's	86		88	2
greater-grandmasters	Greater Grandmaster's	prefix	abow	111	early	50	65	68	1	98	Wraithly1	86		80	4
greater-grandmasters	Greater Grandmaster's	prefix	abow	111	mid	66	80	68	3	98	Wraithly1	86		80	4
greater-grandmasters	Greater Grandmaster's	prefix	abow	111	late	81		68	4	98	Wraithly1	86		80	4
greater-gritty	Greater Gritty	prefix	abow	105	early	50	65	55	5	153	Gritty	75		65	14
greater-gritty	Greater Gritty	prefix	abow	105	mid	66	80	55	9	153	Gritty	75		65	14
greater-gritty	Greater Gritty	prefix	abow	105	late	81		55	14	153	Gritty	75		65	14
greater-platinum	Greater Platinum	prefix	abow	110	early	50	65	34	3	120	Weird	44		40	8
greater-platinum	Greater Platinum	prefix	abow	110	mid	66	80	34	5	120	Weird	44		40	8
greater-platinum	Greater Platinum	prefix	abow	110	late	81		34	8	120	Weird	44		40	8
greater-serpents	Greater Serpent's	prefix	abow	115	early	50	65	23	1	398	Serpent's	37		27	4
greater-serpents	Greater Serpent's	prefix	abow	115	mid	66	80	23	3	398	Serpent's	37		27	4
greater-serpents	Greater Serpent's	prefix	abow	115	late	81		23	4	398	Serpent's	37		27	4
greater-single-resist-charm	Greater Ruby/Sapphire/Amber/Emerald	prefix	abow	117	early	50	65	35	1	353	Cobalt	55		41	4
greater-single-resist-charm	Greater Ruby/Sapphire/Amber/Emerald	prefix	abow	117	mid	66	80	35	3	353	Cobalt	55		41	4
greater-single-resist-charm	Greater Ruby/Sapphire/Amber/Emerald	prefix	abow	117	late	81		35	4	353	Cobalt	55		41	4
greater-single-resist-charm	Greater Ruby/Sapphire/Amber/Emerald	prefix	abow	118	early	50	65	35	1	360	Garnet	55		41	2
greater-single-resist-charm	Greater Ruby/Sapphire/Amber/Emerald	prefix	abow	118	mid	66	80	35	1	360	Garnet	55		41	2
greater-single-resist-charm	Greater Ruby/Sapphire/Amber/Emerald	prefix	abow	118	late	81		35	2	360	Garnet	55		41	2
greater-single-resist-charm	Greater Ruby/Sapphire/Amber/Emerald	prefix	abow	119	early	50	65	35	1	368	Coral	55		41	2
greater-single-resist-charm	Greater Ruby/Sapphire/Amber/Emerald	prefix	abow	119	mid	66	80	35	1	368	Coral	55		41	2
greater-single-resist-charm	Greater Ruby/Sapphire/Amber/Emerald	prefix	abow	119	late	81		35	2	368	Coral	55		41	2
greater-single-resist-charm	Greater Ruby/Sapphire/Amber/Emerald	prefix	abow	120	early	50	65	35	1	376	Jade	55		41	2
greater-single-resist-charm	Greater Ruby/Sapphire/Amber/Emerald	prefix	abow	120	mid	66	80	35	1	376	Jade	55		41	2
greater-single-resist-charm	Greater Ruby/Sapphire/Amber/Emerald	prefix	abow	120	late	81		35	2	376	Jade	55		41	2
greater-aureolin	Greater Aureolin	prefix	abow	121	early	50	65	10	3	410	Victorious	17		12	8
greater-aureolin	Greater Aureolin	prefix	abow	121	mid	66	80	10	5	410	Victorious	17		12	8
greater-aureolin	Greater Aureolin	prefix	abow	121	late	81		10	8	410	Victorious	17		12	8
greater-celestial	Greater Celestial	prefix	abow	123	early	50	65	35	1	104	Celestial	55		41	2
greater-celestial	Greater Celestial	prefix	abow	123	mid	66	80	35	1	104	Celestial	55		41	2
greater-celestial	Greater Celestial	prefix	abow	123	late	81		35	2	104	Celestial	55		41	2
greater-class-skill	Greater class skill	prefix	abow	125	early	50	65	36	1	198	Valkyrie's	50		42	4
greater-class-skill	Greater class skill	prefix	abow	125	mid	66	80	36	3	198	Valkyrie's	50		42	4
greater-class-skill	Greater class skill	prefix	abow	125	late	81		36	4	198	Valkyrie's	50		42	4
greater-skilltab	Greater Skilltab	prefix	abow	125	early	50	65	38	1	241	Archer's	60		45	2
greater-skilltab	Greater Skilltab	prefix	abow	125	mid	66	80	38	1	241	Archer's	60		45	2
greater-skilltab	Greater Skilltab	prefix	abow	125	late	81		38	2	241	Archer's	60		45	2
greater-avatar	Greater Avatar	prefix	abow	137	early	50	65	51	1	333	Hibernal	70		60	2
greater-avatar	Greater Avatar	prefix	abow	137	mid	66	80	51	1	333	Hibernal	70		60	2
greater-avatar	Greater Avatar	prefix	abow	137	late	81		51	2	333	Hibernal	70		60	2
greater-weapon-elemental-prefix	Greater Scorching/Shocking/Pestilent	prefix	abow	138	early	50	65	57	1	338	Scorching	77		67	2
greater-weapon-elemental-prefix	Greater Scorching/Shocking/Pestilent	prefix	abow	138	mid	66	80	57	1	338	Scorching	77		67	2
greater-weapon-elemental-prefix	Greater Scorching/Shocking/Pestilent	prefix	abow	138	late	81		57	2	338	Scorching	77		67	2
greater-weapon-elemental-prefix	Greater Scorching/Shocking/Pestilent	prefix	abow	139	early	50	65	56	1	343	Shocking	76		66	2
greater-weapon-elemental-prefix	Greater Scorching/Shocking/Pestilent	prefix	abow	139	mid	66	80	56	1	343	Shocking	76		66	2
greater-weapon-elemental-prefix	Greater Scorching/Shocking/Pestilent	prefix	abow	139	late	81		56	2	343	Shocking	76		66	2
greater-weapon-elemental-prefix	Greater Scorching/Shocking/Pestilent	prefix	abow	140	early	50	65	31	1	348	Pestilent	50		37	2
greater-weapon-elemental-prefix	Greater Scorching/Shocking/Pestilent	prefix	abow	140	mid	66	80	31	1	348	Pestilent	50		37	2
greater-weapon-elemental-prefix	Greater Scorching/Shocking/Pestilent	prefix	abow	140	late	81		31	2	348	Pestilent	50		37	2
greater-divine	Greater Divine	prefix	abow	142	early	50	65	31	1	110	Divine	45		37	2
greater-divine	Greater Divine	prefix	abow	142	mid	66	80	31	1	110	Divine	45		37	2
greater-divine	Greater Divine	prefix	abow	142	late	81		31	2	110	Divine	45		37	2
greater-veracious	Greater Veracious	prefix	abow	200	early	50	65	64	1	134	Veracious1	85		75	2
greater-veracious	Greater Veracious	prefix	abow	200	mid	66	80	64	1	134	Veracious1	85		75	2
greater-veracious	Greater Veracious	prefix	abow	200	late	81		64	2	134	Veracious1	85		75	2
greater-elemental-prefix	Greater Elemental	prefix	abow	203	early	50	65	65	1	449	Elemental1	80		77	2
greater-elemental-prefix	Greater Elemental	prefix	abow	203	mid	66	80	65	1	449	Elemental1	80		77	2
greater-elemental-prefix	Greater Elemental	prefix	abow	203	late	81		65	2	449	Elemental1	80		77	2
greater-sage-xp	Greater Sage	prefix	abow	204	early	50	65	39	2	452	Sage's	51		46	6
greater-sage-xp	Greater Sage	prefix	abow	204	mid	66	80	39	4	452	Sage's	51		46	6
greater-sage-xp	Greater Sage	prefix	abow	204	late	81		39	6	452	Sage's	51		46	6
greater-adamantine-wrought	Greater Adamantine-Wrought	prefix	abow	206	early	50	65	55	1	468	Adamantine-Wrought	87		65	4
greater-adamantine-wrought	Greater Adamantine-Wrought	prefix	abow	206	mid	66	80	55	3	468	Adamantine-Wrought	87		65	4
greater-adamantine-wrought	Greater Adamantine-Wrought	prefix	abow	206	late	81		55	4	468	Adamantine-Wrought	87		65	4
greater-grandmasters	Greater Grandmaster's	prefix	afwe	111	early	50	65	75	1	75	Grandmaster's	84		88	4
greater-grandmasters	Greater Grandmaster's	prefix	afwe	111	mid	66	80	75	3	75	Grandmaster's	84		88	4
greater-grandmasters	Greater Grandmaster's	prefix	afwe	111	late	81		75	4	75	Grandmaster's	84		88	4
greater-grandmasters	Greater Grandmaster's	prefix	afwe	111	early	50	65	75	1	76	Grandmaster's	86		88	2
greater-grandmasters	Greater Grandmaster's	prefix	afwe	111	mid	66	80	75	1	76	Grandmaster's	86		88	2
greater-grandmasters	Greater Grandmaster's	prefix	afwe	111	late	81		75	2	76	Grandmaster's	86		88	2
greater-grandmasters	Greater Grandmaster's	prefix	afwe	111	early	50	65	75	1	77	Grandmaster's	86		88	2
greater-grandmasters	Greater Grandmaster's	prefix	afwe	111	mid	66	80	75	1	77	Grandmaster's	86		88	2
greater-grandmasters	Greater Grandmaster's	prefix	afwe	111	late	81		75	2	77	Grandmaster's	86		88	2
greater-grandmasters	Greater Grandmaster's	prefix	afwe	111	early	50	65	75	1	78	Grandmaster's	86		88	2
greater-grandmasters	Greater Grandmaster's	prefix	afwe	111	mid	66	80	75	1	78	Grandmaster's	86		88	2
greater-grandmasters	Greater Grandmaster's	prefix	afwe	111	late	81		75	2	78	Grandmaster's	86		88	2
greater-grandmasters	Greater Grandmaster's	prefix	afwe	111	early	50	65	68	1	98	Wraithly1	86		80	4
greater-grandmasters	Greater Grandmaster's	prefix	afwe	111	mid	66	80	68	3	98	Wraithly1	86		80	4
greater-grandmasters	Greater Grandmaster's	prefix	afwe	111	late	81		68	4	98	Wraithly1	86		80	4
greater-gritty	Greater Gritty	prefix	afwe	105	early	50	65	55	5	153	Gritty	75		65	14
greater-gritty	Greater Gritty	prefix	afwe	105	mid	66	80	55	9	153	Gritty	75		65	14
greater-gritty	Greater Gritty	prefix	afwe	105	late	81		55	14	153	Gritty	75		65	14
greater-platinum	Greater Platinum	prefix	afwe	110	early	50	65	34	3	120	Weird	44		40	8
greater-platinum	Greater Platinum	prefix	afwe	110	mid	66	80	34	5	120	Weird	44		40	8
greater-platinum	Greater Platinum	prefix	afwe	110	late	81		34	8	120	Weird	44		40	8
greater-serpents	Greater Serpent's	prefix	afwe	115	early	50	65	23	1	398	Serpent's	37		27	4
greater-serpents	Greater Serpent's	prefix	afwe	115	mid	66	80	23	3	398	Serpent's	37		27	4
greater-serpents	Greater Serpent's	prefix	afwe	115	late	81		23	4	398	Serpent's	37		27	4
greater-single-resist-charm	Greater Ruby/Sapphire/Amber/Emerald	prefix	afwe	117	early	50	65	35	1	353	Cobalt	55		41	4
greater-single-resist-charm	Greater Ruby/Sapphire/Amber/Emerald	prefix	afwe	117	mid	66	80	35	3	353	Cobalt	55		41	4
greater-single-resist-charm	Greater Ruby/Sapphire/Amber/Emerald	prefix	afwe	117	late	81		35	4	353	Cobalt	55		41	4
greater-single-resist-charm	Greater Ruby/Sapphire/Amber/Emerald	prefix	afwe	118	early	50	65	35	1	360	Garnet	55		41	2
greater-single-resist-charm	Greater Ruby/Sapphire/Amber/Emerald	prefix	afwe	118	mid	66	80	35	1	360	Garnet	55		41	2
greater-single-resist-charm	Greater Ruby/Sapphire/Amber/Emerald	prefix	afwe	118	late	81		35	2	360	Garnet	55		41	2
greater-single-resist-charm	Greater Ruby/Sapphire/Amber/Emerald	prefix	afwe	119	early	50	65	35	1	368	Coral	55		41	2
greater-single-resist-charm	Greater Ruby/Sapphire/Amber/Emerald	prefix	afwe	119	mid	66	80	35	1	368	Coral	55		41	2
greater-single-resist-charm	Greater Ruby/Sapphire/Amber/Emerald	prefix	afwe	119	late	81		35	2	368	Coral	55		41	2
greater-single-resist-charm	Greater Ruby/Sapphire/Amber/Emerald	prefix	afwe	120	early	50	65	35	1	376	Jade	55		41	2
greater-single-resist-charm	Greater Ruby/Sapphire/Amber/Emerald	prefix	afwe	120	mid	66	80	35	1	376	Jade	55		41	2
greater-single-resist-charm	Greater Ruby/Sapphire/Amber/Emerald	prefix	afwe	120	late	81		35	2	376	Jade	55		41	2
greater-aureolin	Greater Aureolin	prefix	afwe	121	early	50	65	10	3	410	Victorious	17		12	8
greater-aureolin	Greater Aureolin	prefix	afwe	121	mid	66	80	10	5	410	Victorious	17		12	8
greater-aureolin	Greater Aureolin	prefix	afwe	121	late	81		10	8	410	Victorious	17		12	8
greater-celestial	Greater Celestial	prefix	afwe	123	early	50	65	35	1	104	Celestial	55		41	2
greater-celestial	Greater Celestial	prefix	afwe	123	mid	66	80	35	1	104	Celestial	55		41	2
greater-celestial	Greater Celestial	prefix	afwe	123	late	81		35	2	104	Celestial	55		41	2
greater-skilltab	Greater Skilltab	prefix	afwe	125	early	50	65	38	1	277	Master's	60		45	2
greater-skilltab	Greater Skilltab	prefix	afwe	125	mid	66	80	38	1	277	Master's	60		45	2
greater-skilltab	Greater Skilltab	prefix	afwe	125	late	81		38	2	277	Master's	60		45	2
greater-skilltab	Greater Skilltab	prefix	afwe	125	early	50	65	38	1	280	Furious	60		45	2
greater-skilltab	Greater Skilltab	prefix	afwe	125	mid	66	80	38	1	280	Furious	60		45	2
greater-skilltab	Greater Skilltab	prefix	afwe	125	late	81		38	2	280	Furious	60		45	2
greater-skilltab	Greater Skilltab	prefix	afwe	125	early	50	65	38	1	283	Echoing	60		45	2
greater-skilltab	Greater Skilltab	prefix	afwe	125	mid	66	80	38	1	283	Echoing	60		45	2
greater-skilltab	Greater Skilltab	prefix	afwe	125	late	81		38	2	283	Echoing	60		45	2
greater-avatar	Greater Avatar	prefix	afwe	137	early	50	65	51	1	333	Hibernal	70		60	2
greater-avatar	Greater Avatar	prefix	afwe	137	mid	66	80	51	1	333	Hibernal	70		60	2
greater-avatar	Greater Avatar	prefix	afwe	137	late	81		51	2	333	Hibernal	70		60	2
greater-weapon-elemental-prefix	Greater Scorching/Shocking/Pestilent	prefix	afwe	138	early	50	65	57	1	338	Scorching	77		67	2
greater-weapon-elemental-prefix	Greater Scorching/Shocking/Pestilent	prefix	afwe	138	mid	66	80	57	1	338	Scorching	77		67	2
greater-weapon-elemental-prefix	Greater Scorching/Shocking/Pestilent	prefix	afwe	138	late	81		57	2	338	Scorching	77		67	2
greater-weapon-elemental-prefix	Greater Scorching/Shocking/Pestilent	prefix	afwe	139	early	50	65	56	1	343	Shocking	76		66	2
greater-weapon-elemental-prefix	Greater Scorching/Shocking/Pestilent	prefix	afwe	139	mid	66	80	56	1	343	Shocking	76		66	2
greater-weapon-elemental-prefix	Greater Scorching/Shocking/Pestilent	prefix	afwe	139	late	81		56	2	343	Shocking	76		66	2
greater-weapon-elemental-prefix	Greater Scorching/Shocking/Pestilent	prefix	afwe	140	early	50	65	31	1	348	Pestilent	50		37	2
greater-weapon-elemental-prefix	Greater Scorching/Shocking/Pestilent	prefix	afwe	140	mid	66	80	31	1	348	Pestilent	50		37	2
greater-weapon-elemental-prefix	Greater Scorching/Shocking/Pestilent	prefix	afwe	140	late	81		31	2	348	Pestilent	50		37	2
greater-divine	Greater Divine	prefix	afwe	142	early	50	65	31	1	110	Divine	45		37	2
greater-divine	Greater Divine	prefix	afwe	142	mid	66	80	31	1	110	Divine	45		37	2
greater-divine	Greater Divine	prefix	afwe	142	late	81		31	2	110	Divine	45		37	2
greater-veracious	Greater Veracious	prefix	afwe	200	early	50	65	64	1	134	Veracious1	85		75	2
greater-veracious	Greater Veracious	prefix	afwe	200	mid	66	80	64	1	134	Veracious1	85		75	2
greater-veracious	Greater Veracious	prefix	afwe	200	late	81		64	2	134	Veracious1	85		75	2
greater-elemental-prefix	Greater Elemental	prefix	afwe	203	early	50	65	65	1	449	Elemental1	80		77	2
greater-elemental-prefix	Greater Elemental	prefix	afwe	203	mid	66	80	65	1	449	Elemental1	80		77	2
greater-elemental-prefix	Greater Elemental	prefix	afwe	203	late	81		65	2	449	Elemental1	80		77	2
greater-sage-xp	Greater Sage	prefix	afwe	204	early	50	65	39	2	452	Sage's	51		46	6
greater-sage-xp	Greater Sage	prefix	afwe	204	mid	66	80	39	4	452	Sage's	51		46	6
greater-sage-xp	Greater Sage	prefix	afwe	204	late	81		39	6	452	Sage's	51		46	6
greater-adamantine-wrought	Greater Adamantine-Wrought	prefix	afwe	206	early	50	65	55	1	468	Adamantine-Wrought	87		65	4
greater-adamantine-wrought	Greater Adamantine-Wrought	prefix	afwe	206	mid	66	80	55	3	468	Adamantine-Wrought	87		65	4
greater-adamantine-wrought	Greater Adamantine-Wrought	prefix	afwe	206	late	81		55	4	468	Adamantine-Wrought	87		65	4
greater-grandmasters	Greater Grandmaster's	prefix	ajav	111	early	50	65	75	1	75	Grandmaster's	84		88	4
greater-grandmasters	Greater Grandmaster's	prefix	ajav	111	mid	66	80	75	3	75	Grandmaster's	84		88	4
greater-grandmasters	Greater Grandmaster's	prefix	ajav	111	late	81		75	4	75	Grandmaster's	84		88	4
greater-grandmasters	Greater Grandmaster's	prefix	ajav	111	early	50	65	75	1	76	Grandmaster's	86		88	2
greater-grandmasters	Greater Grandmaster's	prefix	ajav	111	mid	66	80	75	1	76	Grandmaster's	86		88	2
greater-grandmasters	Greater Grandmaster's	prefix	ajav	111	late	81		75	2	76	Grandmaster's	86		88	2
greater-grandmasters	Greater Grandmaster's	prefix	ajav	111	early	50	65	75	1	77	Grandmaster's	86		88	2
greater-grandmasters	Greater Grandmaster's	prefix	ajav	111	mid	66	80	75	1	77	Grandmaster's	86		88	2
greater-grandmasters	Greater Grandmaster's	prefix	ajav	111	late	81		75	2	77	Grandmaster's	86		88	2
greater-grandmasters	Greater Grandmaster's	prefix	ajav	111	early	50	65	75	1	78	Grandmaster's	86		88	2
greater-grandmasters	Greater Grandmaster's	prefix	ajav	111	mid	66	80	75	1	78	Grandmaster's	86		88	2
greater-grandmasters	Greater Grandmaster's	prefix	ajav	111	late	81		75	2	78	Grandmaster's	86		88	2
greater-grandmasters	Greater Grandmaster's	prefix	ajav	111	early	50	65	68	1	98	Wraithly1	86		80	4
greater-grandmasters	Greater Grandmaster's	prefix	ajav	111	mid	66	80	68	3	98	Wraithly1	86		80	4
greater-grandmasters	Greater Grandmaster's	prefix	ajav	111	late	81		68	4	98	Wraithly1	86		80	4
greater-gritty	Greater Gritty	prefix	ajav	105	early	50	65	55	5	153	Gritty	75		65	14
greater-gritty	Greater Gritty	prefix	ajav	105	mid	66	80	55	9	153	Gritty	75		65	14
greater-gritty	Greater Gritty	prefix	ajav	105	late	81		55	14	153	Gritty	75		65	14
greater-platinum	Greater Platinum	prefix	ajav	110	early	50	65	34	3	120	Weird	44		40	8
greater-platinum	Greater Platinum	prefix	ajav	110	mid	66	80	34	5	120	Weird	44		40	8
greater-platinum	Greater Platinum	prefix	ajav	110	late	81		34	8	120	Weird	44		40	8
greater-serpents	Greater Serpent's	prefix	ajav	115	early	50	65	23	1	398	Serpent's	37		27	4
greater-serpents	Greater Serpent's	prefix	ajav	115	mid	66	80	23	3	398	Serpent's	37		27	4
greater-serpents	Greater Serpent's	prefix	ajav	115	late	81		23	4	398	Serpent's	37		27	4
greater-single-resist-charm	Greater Ruby/Sapphire/Amber/Emerald	prefix	ajav	117	early	50	65	35	1	353	Cobalt	55		41	4
greater-single-resist-charm	Greater Ruby/Sapphire/Amber/Emerald	prefix	ajav	117	mid	66	80	35	3	353	Cobalt	55		41	4
greater-single-resist-charm	Greater Ruby/Sapphire/Amber/Emerald	prefix	ajav	117	late	81		35	4	353	Cobalt	55		41	4
greater-single-resist-charm	Greater Ruby/Sapphire/Amber/Emerald	prefix	ajav	118	early	50	65	35	1	360	Garnet	55		41	2
greater-single-resist-charm	Greater Ruby/Sapphire/Amber/Emerald	prefix	ajav	118	mid	66	80	35	1	360	Garnet	55		41	2
greater-single-resist-charm	Greater Ruby/Sapphire/Amber/Emerald	prefix	ajav	118	late	81		35	2	360	Garnet	55		41	2
greater-single-resist-charm	Greater Ruby/Sapphire/Amber/Emerald	prefix	ajav	119	early	50	65	35	1	368	Coral	55		41	2
greater-single-resist-charm	Greater Ruby/Sapphire/Amber/Emerald	prefix	ajav	119	mid	66	80	35	1	368	Coral	55		41	2
greater-single-resist-charm	Greater Ruby/Sapphire/Amber/Emerald	prefix	ajav	119	late	81		35	2	368	Coral	55		41	2
greater-single-resist-charm	Greater Ruby/Sapphire/Amber/Emerald	prefix	ajav	120	early	50	65	35	1	376	Jade	55		41	2
greater-single-resist-charm	Greater Ruby/Sapphire/Amber/Emerald	prefix	ajav	120	mid	66	80	35	1	376	Jade	55		41	2
greater-single-resist-charm	Greater Ruby/Sapphire/Amber/Emerald	prefix	ajav	120	late	81		35	2	376	Jade	55		41	2
greater-aureolin	Greater Aureolin	prefix	ajav	121	early	50	65	10	3	410	Victorious	17		12	8
greater-aureolin	Greater Aureolin	prefix	ajav	121	mid	66	80	10	5	410	Victorious	17		12	8
greater-aureolin	Greater Aureolin	prefix	ajav	121	late	81		10	8	410	Victorious	17		12	8
greater-celestial	Greater Celestial	prefix	ajav	123	early	50	65	35	1	104	Celestial	55		41	2
greater-celestial	Greater Celestial	prefix	ajav	123	mid	66	80	35	1	104	Celestial	55		41	2
greater-celestial	Greater Celestial	prefix	ajav	123	late	81		35	2	104	Celestial	55		41	2
greater-skilltab	Greater Skilltab	prefix	ajav	125	early	50	65	38	1	277	Master's	60		45	2
greater-skilltab	Greater Skilltab	prefix	ajav	125	mid	66	80	38	1	277	Master's	60		45	2
greater-skilltab	Greater Skilltab	prefix	ajav	125	late	81		38	2	277	Master's	60		45	2
greater-skilltab	Greater Skilltab	prefix	ajav	125	early	50	65	38	1	280	Furious	60		45	2
greater-skilltab	Greater Skilltab	prefix	ajav	125	mid	66	80	38	1	280	Furious	60		45	2
greater-skilltab	Greater Skilltab	prefix	ajav	125	late	81		38	2	280	Furious	60		45	2
greater-skilltab	Greater Skilltab	prefix	ajav	125	early	50	65	38	1	283	Echoing	60		45	2
greater-skilltab	Greater Skilltab	prefix	ajav	125	mid	66	80	38	1	283	Echoing	60		45	2
greater-skilltab	Greater Skilltab	prefix	ajav	125	late	81		38	2	283	Echoing	60		45	2
greater-avatar	Greater Avatar	prefix	ajav	137	early	50	65	51	1	333	Hibernal	70		60	2
greater-avatar	Greater Avatar	prefix	ajav	137	mid	66	80	51	1	333	Hibernal	70		60	2
greater-avatar	Greater Avatar	prefix	ajav	137	late	81		51	2	333	Hibernal	70		60	2
greater-weapon-elemental-prefix	Greater Scorching/Shocking/Pestilent	prefix	ajav	138	early	50	65	57	1	338	Scorching	77		67	2
greater-weapon-elemental-prefix	Greater Scorching/Shocking/Pestilent	prefix	ajav	138	mid	66	80	57	1	338	Scorching	77		67	2
greater-weapon-elemental-prefix	Greater Scorching/Shocking/Pestilent	prefix	ajav	138	late	81		57	2	338	Scorching	77		67	2
greater-weapon-elemental-prefix	Greater Scorching/Shocking/Pestilent	prefix	ajav	139	early	50	65	56	1	343	Shocking	76		66	2
greater-weapon-elemental-prefix	Greater Scorching/Shocking/Pestilent	prefix	ajav	139	mid	66	80	56	1	343	Shocking	76		66	2
greater-weapon-elemental-prefix	Greater Scorching/Shocking/Pestilent	prefix	ajav	139	late	81		56	2	343	Shocking	76		66	2
greater-weapon-elemental-prefix	Greater Scorching/Shocking/Pestilent	prefix	ajav	140	early	50	65	31	1	348	Pestilent	50		37	2
greater-weapon-elemental-prefix	Greater Scorching/Shocking/Pestilent	prefix	ajav	140	mid	66	80	31	1	348	Pestilent	50		37	2
greater-weapon-elemental-prefix	Greater Scorching/Shocking/Pestilent	prefix	ajav	140	late	81		31	2	348	Pestilent	50		37	2
greater-divine	Greater Divine	prefix	ajav	142	early	50	65	31	1	110	Divine	45		37	2
greater-divine	Greater Divine	prefix	ajav	142	mid	66	80	31	1	110	Divine	45		37	2
greater-divine	Greater Divine	prefix	ajav	142	late	81		31	2	110	Divine	45		37	2
greater-veracious	Greater Veracious	prefix	ajav	200	early	50	65	64	1	134	Veracious1	85		75	2
greater-veracious	Greater Veracious	prefix	ajav	200	mid	66	80	64	1	134	Veracious1	85		75	2
greater-veracious	Greater Veracious	prefix	ajav	200	late	81		64	2	134	Veracious1	85		75	2
greater-elemental-prefix	Greater Elemental	prefix	ajav	203	early	50	65	65	1	449	Elemental1	80		77	2
greater-elemental-prefix	Greater Elemental	prefix	ajav	203	mid	66	80	65	1	449	Elemental1	80		77	2
greater-elemental-prefix	Greater Elemental	prefix	ajav	203	late	81		65	2	449	Elemental1	80		77	2
greater-sage-xp	Greater Sage	prefix	ajav	204	early	50	65	39	2	452	Sage's	51		46	6
greater-sage-xp	Greater Sage	prefix	ajav	204	mid	66	80	39	4	452	Sage's	51		46	6
greater-sage-xp	Greater Sage	prefix	ajav	204	late	81		39	6	452	Sage's	51		46	6
greater-adamantine-wrought	Greater Adamantine-Wrought	prefix	ajav	206	early	50	65	55	1	468	Adamantine-Wrought	87		65	4
greater-adamantine-wrought	Greater Adamantine-Wrought	prefix	ajav	206	mid	66	80	55	3	468	Adamantine-Wrought	87		65	4
greater-adamantine-wrought	Greater Adamantine-Wrought	prefix	ajav	206	late	81		55	4	468	Adamantine-Wrought	87		65	4
greater-vulpine	Greater Vulpine	prefix	amul	107	early	50	65	5	2	412	Vulpine	9		6	6
greater-vulpine	Greater Vulpine	prefix	amul	107	mid	66	80	5	4	412	Vulpine	9		6	6
greater-vulpine	Greater Vulpine	prefix	amul	107	late	81		5	6	412	Vulpine	9		6	6
greater-platinum	Greater Platinum	prefix	amul	110	early	50	65	14	4	116	Gold	19		16	12
greater-platinum	Greater Platinum	prefix	amul	110	mid	66	80	14	8	116	Gold	19		16	12
greater-platinum	Greater Platinum	prefix	amul	110	late	81		14	12	116	Gold	19		16	12
greater-lucky	Greater Lucky	prefix	amul	114	early	50	65	7	3	418	Fortuitous	12		8	8
greater-lucky	Greater Lucky	prefix	amul	114	mid	66	80	7	5	418	Fortuitous	12		8	8
greater-lucky	Greater Lucky	prefix	amul	114	late	81		7	8	418	Fortuitous	12		8	8
greater-serpents	Greater Serpent's	prefix	amul	115	early	50	65	31	1	404	Bahamut's	45		37	4
greater-serpents	Greater Serpent's	prefix	amul	115	mid	66	80	31	3	404	Bahamut's	45		37	4
greater-serpents	Greater Serpent's	prefix	amul	115	late	81		31	4	404	Bahamut's	45		37	4
greater-shimmering	Greater Shimmering	prefix	amul	116	early	50	65	35	2	389	Chromatic	55		41	6
greater-shimmering	Greater Shimmering	prefix	amul	116	mid	66	80	35	4	389	Chromatic	55		41	6
greater-shimmering	Greater Shimmering	prefix	amul	116	late	81		35	6	389	Chromatic	55		41	6
greater-single-resist-charm	Greater Ruby/Sapphire/Amber/Emerald	prefix	amul	117	early	50	65	15	2	354	Sapphire	25		18	6
greater-single-resist-charm	Greater Ruby/Sapphire/Amber/Emerald	prefix	amul	117	mid	66	80	15	4	354	Sapphire	25		18	6
greater-single-resist-charm	Greater Ruby/Sapphire/Amber/Emerald	prefix	amul	117	late	81		15	6	354	Sapphire	25		18	6
greater-single-resist-charm	Greater Ruby/Sapphire/Amber/Emerald	prefix	amul	118	early	50	65	15	2	361	Ruby	25		18	6
greater-single-resist-charm	Greater Ruby/Sapphire/Amber/Emerald	prefix	amul	118	mid	66	80	15	4	361	Ruby	25		18	6
greater-single-resist-charm	Greater Ruby/Sapphire/Amber/Emerald	prefix	amul	118	late	81		15	6	361	Ruby	25		18	6
greater-single-resist-charm	Greater Ruby/Sapphire/Amber/Emerald	prefix	amul	119	early	50	65	15	2	369	Amber	25		18	6
greater-single-resist-charm	Greater Ruby/Sapphire/Amber/Emerald	prefix	amul	119	mid	66	80	15	4	369	Amber	25		18	6
greater-single-resist-charm	Greater Ruby/Sapphire/Amber/Emerald	prefix	amul	119	late	81		15	6	369	Amber	25		18	6
greater-single-resist-charm	Greater Ruby/Sapphire/Amber/Emerald	prefix	amul	120	early	50	65	15	2	377	Emerald	25		18	6
greater-single-resist-charm	Greater Ruby/Sapphire/Amber/Emerald	prefix	amul	120	mid	66	80	15	4	377	Emerald	25		18	6
greater-single-resist-charm	Greater Ruby/Sapphire/Amber/Emerald	prefix	amul	120	late	81		15	6	377	Emerald	25		18	6
greater-omniscient	Greater Omniscient	prefix	amul	125	early	50	65	68	1	192	Omniscient	86		80	2
greater-omniscient	Greater Omniscient	prefix	amul	125	mid	66	80	68	1	192	Omniscient	86		80	2
greater-omniscient	Greater Omniscient	prefix	amul	125	late	81		68	2	192	Omniscient	86		80	2
greater-class-skill	Greater class skill	prefix	amul	125	early	50	65	57	1	196	Valkyrie's	86		67	4
greater-class-skill	Greater class skill	prefix	amul	125	mid	66	80	57	3	196	Valkyrie's	86		67	4
greater-class-skill	Greater class skill	prefix	amul	125	late	81		57	4	196	Valkyrie's	86		67	4
greater-class-skill	Greater class skill	prefix	amul	125	early	50	65	57	1	202	Priest's	86		67	4
greater-class-skill	Greater class skill	prefix	amul	125	mid	66	80	57	3	202	Priest's	86		67	4
greater-class-skill	Greater class skill	prefix	amul	125	late	81		57	4	202	Priest's	86		67	4
greater-class-skill	Greater class skill	prefix	amul	125	early	50	65	57	1	210	Necromancer's	86		67	4
greater-class-skill	Greater class skill	prefix	amul	125	mid	66	80	57	3	210	Necromancer's	86		67	4
greater-class-skill	Greater class skill	prefix	amul	125	late	81		57	4	210	Necromancer's	86		67	4
greater-class-skill	Greater class skill	prefix	amul	125	early	50	65	57	1	216	Arch-Angel's	86		67	4
greater-class-skill	Greater class skill	prefix	amul	125	mid	66	80	57	3	216	Arch-Angel's	86		67	4
greater-class-skill	Greater class skill	prefix	amul	125	late	81		57	4	216	Arch-Angel's	86		67	4
greater-class-skill	Greater class skill	prefix	amul	125	early	50	65	57	1	222	Berserker's	86		67	4
greater-class-skill	Greater class skill	prefix	amul	125	mid	66	80	57	3	222	Berserker's	86		67	4
greater-class-skill	Greater class skill	prefix	amul	125	late	81		57	4	222	Berserker's	86		67	4
greater-class-skill	Greater class skill	prefix	amul	125	early	50	65	57	1	230	Hierophant's	86		67	4
greater-class-skill	Greater class skill	prefix	amul	125	mid	66	80	57	3	230	Hierophant's	86		67	4
greater-class-skill	Greater class skill	prefix	amul	125	late	81		57	4	230	Hierophant's	86		67	4
greater-class-skill	Greater class skill	prefix	amul	125	early	50	65	57	1	236	Witch-hunter's	86		67	4
greater-class-skill	Greater class skill	prefix	amul	125	mid	66	80	57	3	236	Witch-hunter's	86		67	4
greater-class-skill	Greater class skill	prefix	amul	125	late	81		57	4	236	Witch-hunter's	86		67	4
greater-class-skill	Greater class skill	prefix	amul	125	early	50	65	57	1	1070	Arch-Devil's	90		67	2
greater-class-skill	Greater class skill	prefix	amul	125	mid	66	80	57	1	1070	Arch-Devil's	90		67	2
greater-class-skill	Greater class skill	prefix	amul	125	late	81		57	2	1070	Arch-Devil's	90		67	2
greater-skilltab	Greater Skilltab	prefix	amul	125	early	50	65	38	1	244	Athlete's	60		45	2
greater-skilltab	Greater Skilltab	prefix	amul	125	mid	66	80	38	1	244	Athlete's	60		45	2
greater-skilltab	Greater Skilltab	prefix	amul	125	late	81		38	2	244	Athlete's	60		45	2
greater-skilltab	Greater Skilltab	prefix	amul	125	early	50	65	38	1	250	Volcanic	60		45	2
greater-skilltab	Greater Skilltab	prefix	amul	125	mid	66	80	38	1	250	Volcanic	60		45	2
greater-skilltab	Greater Skilltab	prefix	amul	125	late	81		38	2	250	Volcanic	60		45	2
greater-skilltab	Greater Skilltab	prefix	amul	125	early	50	65	38	1	253	Powered	60		45	2
greater-skilltab	Greater Skilltab	prefix	amul	125	mid	66	80	38	1	253	Powered	60		45	2
greater-skilltab	Greater Skilltab	prefix	amul	125	late	81		38	2	253	Powered	60		45	2
greater-skilltab	Greater Skilltab	prefix	amul	125	early	50	65	38	1	256	Glacial	60		45	2
greater-skilltab	Greater Skilltab	prefix	amul	125	mid	66	80	38	1	256	Glacial	60		45	2
greater-skilltab	Greater Skilltab	prefix	amul	125	late	81		38	2	256	Glacial	60		45	2
greater-skilltab	Greater Skilltab	prefix	amul	125	early	50	65	38	1	259	Accursed	60		45	2
greater-skilltab	Greater Skilltab	prefix	amul	125	mid	66	80	38	1	259	Accursed	60		45	2
greater-skilltab	Greater Skilltab	prefix	amul	125	late	81		38	2	259	Accursed	60		45	2
greater-skilltab	Greater Skilltab	prefix	amul	125	early	50	65	38	1	262	Venomous	60		45	2
greater-skilltab	Greater Skilltab	prefix	amul	125	mid	66	80	38	1	262	Venomous	60		45	2
greater-skilltab	Greater Skilltab	prefix	amul	125	late	81		38	2	262	Venomous	60		45	2
greater-skilltab	Greater Skilltab	prefix	amul	125	early	50	65	38	1	265	Golemlord's	60		45	2
greater-skilltab	Greater Skilltab	prefix	amul	125	mid	66	80	38	1	265	Golemlord's	60		45	2
greater-skilltab	Greater Skilltab	prefix	amul	125	late	81		38	2	265	Golemlord's	60		45	2
greater-skilltab	Greater Skilltab	prefix	amul	125	early	50	65	38	1	268	Rose Branded	60		45	2
greater-skilltab	Greater Skilltab	prefix	amul	125	mid	66	80	38	1	268	Rose Branded	60		45	2
greater-skilltab	Greater Skilltab	prefix	amul	125	late	81		38	2	268	Rose Branded	60		45	2
greater-skilltab	Greater Skilltab	prefix	amul	125	early	50	65	38	1	271	Marshal's	60		45	2
greater-skilltab	Greater Skilltab	prefix	amul	125	mid	66	80	38	1	271	Marshal's	60		45	2
greater-skilltab	Greater Skilltab	prefix	amul	125	late	81		38	2	271	Marshal's	60		45	2
greater-skilltab	Greater Skilltab	prefix	amul	125	early	50	65	38	1	274	Guardian's	60		45	2
greater-skilltab	Greater Skilltab	prefix	amul	125	mid	66	80	38	1	274	Guardian's	60		45	2
greater-skilltab	Greater Skilltab	prefix	amul	125	late	81		38	2	274	Guardian's	60		45	2
greater-skilltab	Greater Skilltab	prefix	amul	125	early	50	65	38	1	280	Furious	60		45	2
greater-skilltab	Greater Skilltab	prefix	amul	125	mid	66	80	38	1	280	Furious	60		45	2
greater-skilltab	Greater Skilltab	prefix	amul	125	late	81		38	2	280	Furious	60		45	2
greater-skilltab	Greater Skilltab	prefix	amul	125	early	50	65	38	1	283	Echoing	60		45	2
greater-skilltab	Greater Skilltab	prefix	amul	125	mid	66	80	38	1	283	Echoing	60		45	2
greater-skilltab	Greater Skilltab	prefix	amul	125	late	81		38	2	283	Echoing	60		45	2
greater-skilltab	Greater Skilltab	prefix	amul	125	early	50	65	38	1	286	Keeper's	60		45	2
greater-skilltab	Greater Skilltab	prefix	amul	125	mid	66	80	38	1	286	Keeper's	60		45	2
greater-skilltab	Greater Skilltab	prefix	amul	125	late	81		38	2	286	Keeper's	60		45	2
greater-skilltab	Greater Skilltab	prefix	amul	125	early	50	65	38	1	289	Communal	60		45	2
greater-skilltab	Greater Skilltab	prefix	amul	125	mid	66	80	38	1	289	Communal	60		45	2
greater-skilltab	Greater Skilltab	prefix	amul	125	late	81		38	2	289	Communal	60		45	2
greater-skilltab	Greater Skilltab	prefix	amul	125	early	50	65	38	1	292	Gaea's	60		45	2
greater-skilltab	Greater Skilltab	prefix	amul	125	mid	66	80	38	1	292	Gaea's	60		45	2
greater-skilltab	Greater Skilltab	prefix	amul	125	late	81		38	2	292	Gaea's	60		45	2
greater-skilltab	Greater Skilltab	prefix	amul	125	early	50	65	38	1	295	Cunning	60		45	2
greater-skilltab	Greater Skilltab	prefix	amul	125	mid	66	80	38	1	295	Cunning	60		45	2
greater-skilltab	Greater Skilltab	prefix	amul	125	late	81		38	2	295	Cunning	60		45	2
greater-skilltab	Greater Skilltab	prefix	amul	125	early	50	65	38	1	298	Shadow	60		45	2
greater-skilltab	Greater Skilltab	prefix	amul	125	mid	66	80	38	1	298	Shadow	60		45	2
greater-skilltab	Greater Skilltab	prefix	amul	125	late	81		38	2	298	Shadow	60		45	2
greater-skilltab	Greater Skilltab	prefix	amul	125	early	50	65	38	1	301	Kenshi's	60		45	2
greater-skilltab	Greater Skilltab	prefix	amul	125	mid	66	80	38	1	301	Kenshi's	60		45	2
greater-skilltab	Greater Skilltab	prefix	amul	125	late	81		38	2	301	Kenshi's	60		45	2
greater-skilltab	Greater Skilltab	prefix	amul	125	early	50	65	38	1	1062	Torrid	60		45	1
greater-skilltab	Greater Skilltab	prefix	amul	125	mid	66	80	38	1	1062	Torrid	60		45	1
greater-skilltab	Greater Skilltab	prefix	amul	125	late	81		38	1	1062	Torrid	60		45	1
greater-skilltab	Greater Skilltab	prefix	amul	125	early	50	65	38	1	1065	Forbidden	60		45	1
greater-skilltab	Greater Skilltab	prefix	amul	125	mid	66	80	38	1	1065	Forbidden	60		45	1
greater-skilltab	Greater Skilltab	prefix	amul	125	late	81		38	1	1065	Forbidden	60		45	1
greater-skilltab	Greater Skilltab	prefix	amul	125	early	50	65	38	1	1068	Malevolent	60		45	1
greater-skilltab	Greater Skilltab	prefix	amul	125	mid	66	80	38	1	1068	Malevolent	60		45	1
greater-skilltab	Greater Skilltab	prefix	amul	125	late	81		38	1	1068	Malevolent	60		45	1
greater-gnostic	Greater Gnostic	prefix	amul	201	early	50	65	64	1	305	Gnostics	85		75	2
greater-gnostic	Greater Gnostic	prefix	amul	201	mid	66	80	64	1	305	Gnostics	85		75	2
greater-gnostic	Greater Gnostic	prefix	amul	201	late	81		64	2	305	Gnostics	85		75	2
greater-gnostic	Greater Gnostic	prefix	amul	201	early	50	65	64	1	309	Gnostics	85		75	2
greater-gnostic	Greater Gnostic	prefix	amul	201	mid	66	80	64	1	309	Gnostics	85		75	2
greater-gnostic	Greater Gnostic	prefix	amul	201	late	81		64	2	309	Gnostics	85		75	2
greater-gnostic	Greater Gnostic	prefix	amul	201	early	50	65	64	1	313	Gnostics	85		75	2
greater-gnostic	Greater Gnostic	prefix	amul	201	mid	66	80	64	1	313	Gnostics	85		75	2
greater-gnostic	Greater Gnostic	prefix	amul	201	late	81		64	2	313	Gnostics	85		75	2
greater-gnostic	Greater Gnostic	prefix	amul	201	early	50	65	68	1	317	Gnostics	85		80	2
greater-gnostic	Greater Gnostic	prefix	amul	201	mid	66	80	68	1	317	Gnostics	85		80	2
greater-gnostic	Greater Gnostic	prefix	amul	201	late	81		68	2	317	Gnostics	85		80	2
greater-gnostic	Greater Gnostic	prefix	amul	201	early	50	65	64	1	321	Gnostics	85		75	2
greater-gnostic	Greater Gnostic	prefix	amul	201	mid	66	80	64	1	321	Gnostics	85		75	2
greater-gnostic	Greater Gnostic	prefix	amul	201	late	81		64	2	321	Gnostics	85		75	2
greater-gnostic	Greater Gnostic	prefix	amul	201	early	50	65	64	1	325	Gnostics	85		75	2
greater-gnostic	Greater Gnostic	prefix	amul	201	mid	66	80	64	1	325	Gnostics	85		75	2
greater-gnostic	Greater Gnostic	prefix	amul	201	late	81		64	2	325	Gnostics	85		75	2
greater-gnostic	Greater Gnostic	prefix	amul	201	early	50	65	64	1	329	Gnostics	85		75	2
greater-gnostic	Greater Gnostic	prefix	amul	201	mid	66	80	64	1	329	Gnostics	85		75	2
greater-gnostic	Greater Gnostic	prefix	amul	201	late	81		64	2	329	Gnostics	85		75	2
greater-gnostic	Greater Gnostic	prefix	amul	201	early	50	65	64	1	1088	Devil's	85		75	2
greater-gnostic	Greater Gnostic	prefix	amul	201	mid	66	80	64	1	1088	Devil's	85		75	2
greater-gnostic	Greater Gnostic	prefix	amul	201	late	81		64	2	1088	Devil's	85		75	2
greater-sage-xp	Greater Sage	prefix	amul	204	early	50	65	69	1	454	Master Sage's	87		81	2
greater-sage-xp	Greater Sage	prefix	amul	204	mid	66	80	69	1	454	Master Sage's	87		81	2
greater-sage-xp	Greater Sage	prefix	amul	204	late	81		69	2	454	Master Sage's	87		81	2
greater-godly	Greater Godly	prefix	armo	101	early	50	65	64	37	176	Godly	86		75	110
greater-godly	Greater Godly	prefix	armo	101	mid	66	80	64	73	176	Godly	86		75	110
greater-godly	Greater Godly	prefix	armo	101	late	81		64	110	176	Godly	86		75	110
greater-godly	Greater Godly	prefix	armo	101	early	50	65	64	1	182	Wraithly1	86		75	4
greater-godly	Greater Godly	prefix	armo	101	mid	66	80	64	3	182	Wraithly1	86		75	4
greater-godly	Greater Godly	prefix	armo	101	late	81		64	4	182	Wraithly1	86		75	4
greater-single-resist-charm	Greater Ruby/Sapphire/Amber/Emerald	prefix	armo	117	early	50	65	11	2	352	Cobalt	18		13	6
greater-single-resist-charm	Greater Ruby/Sapphire/Amber/Emerald	prefix	armo	117	mid	66	80	11	4	352	Cobalt	18		13	6
greater-single-resist-charm	Greater Ruby/Sapphire/Amber/Emerald	prefix	armo	117	late	81		11	6	352	Cobalt	18		13	6
greater-single-resist-charm	Greater Ruby/Sapphire/Amber/Emerald	prefix	armo	118	early	50	65	11	2	359	Garnet	18		13	6
greater-single-resist-charm	Greater Ruby/Sapphire/Amber/Emerald	prefix	armo	118	mid	66	80	11	4	359	Garnet	18		13	6
greater-single-resist-charm	Greater Ruby/Sapphire/Amber/Emerald	prefix	armo	118	late	81		11	6	359	Garnet	18		13	6
greater-single-resist-charm	Greater Ruby/Sapphire/Amber/Emerald	prefix	armo	119	early	50	65	11	2	367	Coral	18		13	6
greater-single-resist-charm	Greater Ruby/Sapphire/Amber/Emerald	prefix	armo	119	mid	66	80	11	4	367	Coral	18		13	6
greater-single-resist-charm	Greater Ruby/Sapphire/Amber/Emerald	prefix	armo	119	late	81		11	6	367	Coral	18		13	6
greater-single-resist-charm	Greater Ruby/Sapphire/Amber/Emerald	prefix	armo	120	early	50	65	11	2	375	Jade	18		13	6
greater-single-resist-charm	Greater Ruby/Sapphire/Amber/Emerald	prefix	armo	120	mid	66	80	11	4	375	Jade	18		13	6
greater-single-resist-charm	Greater Ruby/Sapphire/Amber/Emerald	prefix	armo	120	late	81		11	6	375	Jade	18		13	6
greater-sage-xp	Greater Sage	prefix	armo	204	early	50	65	39	2	452	Sage's	51		46	6
greater-sage-xp	Greater Sage	prefix	armo	204	mid	66	80	39	4	452	Sage's	51		46	6
greater-sage-xp	Greater Sage	prefix	armo	204	late	81		39	6	452	Sage's	51		46	6
greater-adamantine-wrought	Greater Adamantine-Wrought	prefix	armo	206	early	50	65	55	1	476	Adamantine-Wrought	87		65	4
greater-adamantine-wrought	Greater Adamantine-Wrought	prefix	armo	206	mid	66	80	55	3	476	Adamantine-Wrought	87		65	4
greater-adamantine-wrought	Greater Adamantine-Wrought	prefix	armo	206	late	81		55	4	476	Adamantine-Wrought	87		65	4
greater-godly	Greater Godly	prefix	ashd	101	early	50	65	64	37	176	Godly	86		75	110
greater-godly	Greater Godly	prefix	ashd	101	mid	66	80	64	73	176	Godly	86		75	110
greater-godly	Greater Godly	prefix	ashd	101	late	81		64	110	176	Godly	86		75	110
greater-godly	Greater Godly	prefix	ashd	101	early	50	65	64	1	182	Wraithly1	86		75	4
greater-godly	Greater Godly	prefix	ashd	101	mid	66	80	64	3	182	Wraithly1	86		75	4
greater-godly	Greater Godly	prefix	ashd	101	late	81		64	4	182	Wraithly1	86		75	4
greater-godly	Greater Godly	prefix	ashd	101	early	50	65	71	1	189	Invulnerable1	86		83	4
greater-godly	Greater Godly	prefix	ashd	101	mid	66	80	71	3	189	Invulnerable1	86		83	4
greater-godly	Greater Godly	prefix	ashd	101	late	81		71	4	189	Invulnerable1	86		83	4
greater-antimagic-prefix	Greater Antimagic	prefix	ashd	102	early	50	65	68	3	433	Antimagic	86		80	8
greater-antimagic-prefix	Greater Antimagic	prefix	ashd	102	mid	66	80	68	5	433	Antimagic	86		80	8
greater-antimagic-prefix	Greater Antimagic	prefix	ashd	102	late	81		68	8	433	Antimagic	86		80	8
greater-vulpine	Greater Vulpine	prefix	ashd	107	early	50	65	5	2	412	Vulpine	9		6	6
greater-vulpine	Greater Vulpine	prefix	ashd	107	mid	66	80	5	4	412	Vulpine	9		6	6
greater-vulpine	Greater Vulpine	prefix	ashd	107	late	81		5	6	412	Vulpine	9		6	6
greater-serpents	Greater Serpent's	prefix	ashd	115	early	50	65	9	2	397	Serpent's	14		10	6
greater-serpents	Greater Serpent's	prefix	ashd	115	mid	66	80	9	4	397	Serpent's	14		10	6
greater-serpents	Greater Serpent's	prefix	ashd	115	late	81		9	6	397	Serpent's	14		10	6
greater-shimmering	Greater Shimmering	prefix	ashd	116	early	50	65	36	3	384	Chromatic	50		42	8
greater-shimmering	Greater Shimmering	prefix	ashd	116	mid	66	80	36	5	384	Chromatic	50		42	8
greater-shimmering	Greater Shimmering	prefix	ashd	116	late	81		36	8	384	Chromatic	50		42	8
greater-single-resist-charm	Greater Ruby/Sapphire/Amber/Emerald	prefix	ashd	117	early	50	65	11	2	352	Cobalt	18		13	6
greater-single-resist-charm	Greater Ruby/Sapphire/Amber/Emerald	prefix	ashd	117	mid	66	80	11	4	352	Cobalt	18		13	6
greater-single-resist-charm	Greater Ruby/Sapphire/Amber/Emerald	prefix	ashd	117	late	81		11	6	352	Cobalt	18		13	6
greater-single-resist-charm	Greater Ruby/Sapphire/Amber/Emerald	prefix	ashd	118	early	50	65	11	2	359	Garnet	18		13	6
greater-single-resist-charm	Greater Ruby/Sapphire/Amber/Emerald	prefix	ashd	118	mid	66	80	11	4	359	Garnet	18		13	6
greater-single-resist-charm	Greater Ruby/Sapphire/Amber/Emerald	prefix	ashd	118	late	81		11	6	359	Garnet	18		13	6
greater-single-resist-charm	Greater Ruby/Sapphire/Amber/Emerald	prefix	ashd	119	early	50	65	11	2	367	Coral	18		13	6
greater-single-resist-charm	Greater Ruby/Sapphire/Amber/Emerald	prefix	ashd	119	mid	66	80	11	4	367	Coral	18		13	6
greater-single-resist-charm	Greater Ruby/Sapphire/Amber/Emerald	prefix	ashd	119	late	81		11	6	367	Coral	18		13	6
greater-single-resist-charm	Greater Ruby/Sapphire/Amber/Emerald	prefix	ashd	120	early	50	65	11	2	375	Jade	18		13	6
greater-single-resist-charm	Greater Ruby/Sapphire/Amber/Emerald	prefix	ashd	120	mid	66	80	11	4	375	Jade	18		13	6
greater-single-resist-charm	Greater Ruby/Sapphire/Amber/Emerald	prefix	ashd	120	late	81		11	6	375	Jade	18		13	6
greater-omniscient	Greater Omniscient	prefix	ashd	125	early	50	65	43	1	190	Sage's	59		50	2
greater-omniscient	Greater Omniscient	prefix	ashd	125	mid	66	80	43	1	190	Sage's	59		50	2
greater-omniscient	Greater Omniscient	prefix	ashd	125	late	81		43	2	190	Sage's	59		50	2
greater-class-skill	Greater class skill	prefix	ashd	125	early	50	65	36	1	204	Priest's	50		42	4
greater-class-skill	Greater class skill	prefix	ashd	125	mid	66	80	36	3	204	Priest's	50		42	4
greater-class-skill	Greater class skill	prefix	ashd	125	late	81		36	4	204	Priest's	50		42	4
greater-class-skill	Greater class skill	prefix	ashd	125	early	50	65	49	1	206	Priest's	65		58	4
greater-class-skill	Greater class skill	prefix	ashd	125	mid	66	80	49	3	206	Priest's	65		58	4
greater-class-skill	Greater class skill	prefix	ashd	125	late	81		49	4	206	Priest's	65		58	4
greater-skilltab	Greater Skilltab	prefix	ashd	125	early	50	65	38	1	268	Rose Branded	60		45	2
greater-skilltab	Greater Skilltab	prefix	ashd	125	mid	66	80	38	1	268	Rose Branded	60		45	2
greater-skilltab	Greater Skilltab	prefix	ashd	125	late	81		38	2	268	Rose Branded	60		45	2
greater-skilltab	Greater Skilltab	prefix	ashd	125	early	50	65	38	1	271	Marshal's	60		45	2
greater-skilltab	Greater Skilltab	prefix	ashd	125	mid	66	80	38	1	271	Marshal's	60		45	2
greater-skilltab	Greater Skilltab	prefix	ashd	125	late	81		38	2	271	Marshal's	60		45	2
greater-skilltab	Greater Skilltab	prefix	ashd	125	early	50	65	38	1	274	Guardian's	60		45	2
greater-skilltab	Greater Skilltab	prefix	ashd	125	mid	66	80	38	1	274	Guardian's	60		45	2
greater-skilltab	Greater Skilltab	prefix	ashd	125	late	81		38	2	274	Guardian's	60		45	2
greater-sage-xp	Greater Sage	prefix	ashd	204	early	50	65	39	2	452	Sage's	51		46	6
greater-sage-xp	Greater Sage	prefix	ashd	204	mid	66	80	39	4	452	Sage's	51		46	6
greater-sage-xp	Greater Sage	prefix	ashd	204	late	81		39	6	452	Sage's	51		46	6
greater-adamantine-wrought	Greater Adamantine-Wrought	prefix	ashd	206	early	50	65	55	1	476	Adamantine-Wrought	87		65	4
greater-adamantine-wrought	Greater Adamantine-Wrought	prefix	ashd	206	mid	66	80	55	3	476	Adamantine-Wrought	87		65	4
greater-adamantine-wrought	Greater Adamantine-Wrought	prefix	ashd	206	late	81		55	4	476	Adamantine-Wrought	87		65	4
greater-grandmasters	Greater Grandmaster's	prefix	aspe	111	early	50	65	75	1	75	Grandmaster's	84		88	4
greater-grandmasters	Greater Grandmaster's	prefix	aspe	111	mid	66	80	75	3	75	Grandmaster's	84		88	4
greater-grandmasters	Greater Grandmaster's	prefix	aspe	111	late	81		75	4	75	Grandmaster's	84		88	4
greater-grandmasters	Greater Grandmaster's	prefix	aspe	111	early	50	65	75	1	76	Grandmaster's	86		88	2
greater-grandmasters	Greater Grandmaster's	prefix	aspe	111	mid	66	80	75	1	76	Grandmaster's	86		88	2
greater-grandmasters	Greater Grandmaster's	prefix	aspe	111	late	81		75	2	76	Grandmaster's	86		88	2
greater-grandmasters	Greater Grandmaster's	prefix	aspe	111	early	50	65	75	1	77	Grandmaster's	86		88	2
greater-grandmasters	Greater Grandmaster's	prefix	aspe	111	mid	66	80	75	1	77	Grandmaster's	86		88	2
greater-grandmasters	Greater Grandmaster's	prefix	aspe	111	late	81		75	2	77	Grandmaster's	86		88	2
greater-grandmasters	Greater Grandmaster's	prefix	aspe	111	early	50	65	75	1	78	Grandmaster's	86		88	2
greater-grandmasters	Greater Grandmaster's	prefix	aspe	111	mid	66	80	75	1	78	Grandmaster's	86		88	2
greater-grandmasters	Greater Grandmaster's	prefix	aspe	111	late	81		75	2	78	Grandmaster's	86		88	2
greater-grandmasters	Greater Grandmaster's	prefix	aspe	111	early	50	65	68	1	98	Wraithly1	86		80	4
greater-grandmasters	Greater Grandmaster's	prefix	aspe	111	mid	66	80	68	3	98	Wraithly1	86		80	4
greater-grandmasters	Greater Grandmaster's	prefix	aspe	111	late	81		68	4	98	Wraithly1	86		80	4
greater-gritty	Greater Gritty	prefix	aspe	105	early	50	65	55	5	153	Gritty	75		65	14
greater-gritty	Greater Gritty	prefix	aspe	105	mid	66	80	55	9	153	Gritty	75		65	14
greater-gritty	Greater Gritty	prefix	aspe	105	late	81		55	14	153	Gritty	75		65	14
greater-platinum	Greater Platinum	prefix	aspe	110	early	50	65	34	3	120	Weird	44		40	8
greater-platinum	Greater Platinum	prefix	aspe	110	mid	66	80	34	5	120	Weird	44		40	8
greater-platinum	Greater Platinum	prefix	aspe	110	late	81		34	8	120	Weird	44		40	8
greater-serpents	Greater Serpent's	prefix	aspe	115	early	50	65	23	1	398	Serpent's	37		27	4
greater-serpents	Greater Serpent's	prefix	aspe	115	mid	66	80	23	3	398	Serpent's	37		27	4
greater-serpents	Greater Serpent's	prefix	aspe	115	late	81		23	4	398	Serpent's	37		27	4
greater-single-resist-charm	Greater Ruby/Sapphire/Amber/Emerald	prefix	aspe	117	early	50	65	35	1	353	Cobalt	55		41	4
greater-single-resist-charm	Greater Ruby/Sapphire/Amber/Emerald	prefix	aspe	117	mid	66	80	35	3	353	Cobalt	55		41	4
greater-single-resist-charm	Greater Ruby/Sapphire/Amber/Emerald	prefix	aspe	117	late	81		35	4	353	Cobalt	55		41	4
greater-single-resist-charm	Greater Ruby/Sapphire/Amber/Emerald	prefix	aspe	118	early	50	65	35	1	360	Garnet	55		41	2
greater-single-resist-charm	Greater Ruby/Sapphire/Amber/Emerald	prefix	aspe	118	mid	66	80	35	1	360	Garnet	55		41	2
greater-single-resist-charm	Greater Ruby/Sapphire/Amber/Emerald	prefix	aspe	118	late	81		35	2	360	Garnet	55		41	2
greater-single-resist-charm	Greater Ruby/Sapphire/Amber/Emerald	prefix	aspe	119	early	50	65	35	1	368	Coral	55		41	2
greater-single-resist-charm	Greater Ruby/Sapphire/Amber/Emerald	prefix	aspe	119	mid	66	80	35	1	368	Coral	55		41	2
greater-single-resist-charm	Greater Ruby/Sapphire/Amber/Emerald	prefix	aspe	119	late	81		35	2	368	Coral	55		41	2
greater-single-resist-charm	Greater Ruby/Sapphire/Amber/Emerald	prefix	aspe	120	early	50	65	35	1	376	Jade	55		41	2
greater-single-resist-charm	Greater Ruby/Sapphire/Amber/Emerald	prefix	aspe	120	mid	66	80	35	1	376	Jade	55		41	2
greater-single-resist-charm	Greater Ruby/Sapphire/Amber/Emerald	prefix	aspe	120	late	81		35	2	376	Jade	55		41	2
greater-aureolin	Greater Aureolin	prefix	aspe	121	early	50	65	10	3	410	Victorious	17		12	8
greater-aureolin	Greater Aureolin	prefix	aspe	121	mid	66	80	10	5	410	Victorious	17		12	8
greater-aureolin	Greater Aureolin	prefix	aspe	121	late	81		10	8	410	Victorious	17		12	8
greater-celestial	Greater Celestial	prefix	aspe	123	early	50	65	35	1	104	Celestial	55		41	2
greater-celestial	Greater Celestial	prefix	aspe	123	mid	66	80	35	1	104	Celestial	55		41	2
greater-celestial	Greater Celestial	prefix	aspe	123	late	81		35	2	104	Celestial	55		41	2
greater-class-skill	Greater class skill	prefix	aspe	125	early	50	65	36	1	198	Valkyrie's	50		42	4
greater-class-skill	Greater class skill	prefix	aspe	125	mid	66	80	36	3	198	Valkyrie's	50		42	4
greater-class-skill	Greater class skill	prefix	aspe	125	late	81		36	4	198	Valkyrie's	50		42	4
greater-class-skill	Greater class skill	prefix	aspe	125	early	50	65	36	1	224	Berserker's	50		42	2
greater-class-skill	Greater class skill	prefix	aspe	125	mid	66	80	36	1	224	Berserker's	50		42	2
greater-class-skill	Greater class skill	prefix	aspe	125	late	81		36	2	224	Berserker's	50		42	2
greater-skilltab	Greater Skilltab	prefix	aspe	125	early	50	65	38	1	247	Lancer's	60		45	2
greater-skilltab	Greater Skilltab	prefix	aspe	125	mid	66	80	38	1	247	Lancer's	60		45	2
greater-skilltab	Greater Skilltab	prefix	aspe	125	late	81		38	2	247	Lancer's	60		45	2
greater-skilltab	Greater Skilltab	prefix	aspe	125	early	50	65	38	1	277	Master's	60		45	2
greater-skilltab	Greater Skilltab	prefix	aspe	125	mid	66	80	38	1	277	Master's	60		45	2
greater-skilltab	Greater Skilltab	prefix	aspe	125	late	81		38	2	277	Master's	60		45	2
greater-skilltab	Greater Skilltab	prefix	aspe	125	early	50	65	38	1	280	Furious	60		45	2
greater-skilltab	Greater Skilltab	prefix	aspe	125	mid	66	80	38	1	280	Furious	60		45	2
greater-skilltab	Greater Skilltab	prefix	aspe	125	late	81		38	2	280	Furious	60		45	2
greater-skilltab	Greater Skilltab	prefix	aspe	125	early	50	65	38	1	283	Echoing	60		45	2
greater-skilltab	Greater Skilltab	prefix	aspe	125	mid	66	80	38	1	283	Echoing	60		45	2
greater-skilltab	Greater Skilltab	prefix	aspe	125	late	81		38	2	283	Echoing	60		45	2
greater-avatar	Greater Avatar	prefix	aspe	137	early	50	65	51	1	333	Hibernal	70		60	2
greater-avatar	Greater Avatar	prefix	aspe	137	mid	66	80	51	1	333	Hibernal	70		60	2
greater-avatar	Greater Avatar	prefix	aspe	137	late	81		51	2	333	Hibernal	70		60	2
greater-weapon-elemental-prefix	Greater Scorching/Shocking/Pestilent	prefix	aspe	138	early	50	65	57	1	338	Scorching	77		67	2
greater-weapon-elemental-prefix	Greater Scorching/Shocking/Pestilent	prefix	aspe	138	mid	66	80	57	1	338	Scorching	77		67	2
greater-weapon-elemental-prefix	Greater Scorching/Shocking/Pestilent	prefix	aspe	138	late	81		57	2	338	Scorching	77		67	2
greater-weapon-elemental-prefix	Greater Scorching/Shocking/Pestilent	prefix	aspe	139	early	50	65	56	1	343	Shocking	76		66	2
greater-weapon-elemental-prefix	Greater Scorching/Shocking/Pestilent	prefix	aspe	139	mid	66	80	56	1	343	Shocking	76		66	2
greater-weapon-elemental-prefix	Greater Scorching/Shocking/Pestilent	prefix	aspe	139	late	81		56	2	343	Shocking	76		66	2
greater-weapon-elemental-prefix	Greater Scorching/Shocking/Pestilent	prefix	aspe	140	early	50	65	31	1	348	Pestilent	50		37	2
greater-weapon-elemental-prefix	Greater Scorching/Shocking/Pestilent	prefix	aspe	140	mid	66	80	31	1	348	Pestilent	50		37	2
greater-weapon-elemental-prefix	Greater Scorching/Shocking/Pestilent	prefix	aspe	140	late	81		31	2	348	Pestilent	50		37	2
greater-divine	Greater Divine	prefix	aspe	142	early	50	65	31	1	110	Divine	45		37	2
greater-divine	Greater Divine	prefix	aspe	142	mid	66	80	31	1	110	Divine	45		37	2
greater-divine	Greater Divine	prefix	aspe	142	late	81		31	2	110	Divine	45		37	2
greater-veracious	Greater Veracious	prefix	aspe	200	early	50	65	64	1	134	Veracious1	85		75	2
greater-veracious	Greater Veracious	prefix	aspe	200	mid	66	80	64	1	134	Veracious1	85		75	2
greater-veracious	Greater Veracious	prefix	aspe	200	late	81		64	2	134	Veracious1	85		75	2
greater-elemental-prefix	Greater Elemental	prefix	aspe	203	early	50	65	65	1	449	Elemental1	80		77	2
greater-elemental-prefix	Greater Elemental	prefix	aspe	203	mid	66	80	65	1	449	Elemental1	80		77	2
greater-elemental-prefix	Greater Elemental	prefix	aspe	203	late	81		65	2	449	Elemental1	80		77	2
greater-sage-xp	Greater Sage	prefix	aspe	204	early	50	65	39	2	452	Sage's	51		46	6
greater-sage-xp	Greater Sage	prefix	aspe	204	mid	66	80	39	4	452	Sage's	51		46	6
greater-sage-xp	Greater Sage	prefix	aspe	204	late	81		39	6	452	Sage's	51		46	6
greater-adamantine-wrought	Greater Adamantine-Wrought	prefix	aspe	206	early	50	65	55	1	468	Adamantine-Wrought	87		65	4
greater-adamantine-wrought	Greater Adamantine-Wrought	prefix	aspe	206	mid	66	80	55	3	468	Adamantine-Wrought	87		65	4
greater-adamantine-wrought	Greater Adamantine-Wrought	prefix	aspe	206	late	81		55	4	468	Adamantine-Wrought	87		65	4
greater-grandmasters	Greater Grandmaster's	prefix	axe	111	early	50	65	75	1	75	Grandmaster's	84		88	4
greater-grandmasters	Greater Grandmaster's	prefix	axe	111	mid	66	80	75	3	75	Grandmaster's	84		88	4
greater-grandmasters	Greater Grandmaster's	prefix	axe	111	late	81		75	4	75	Grandmaster's	84		88	4
greater-grandmasters	Greater Grandmaster's	prefix	axe	111	early	50	65	75	1	76	Grandmaster's	86		88	2
greater-grandmasters	Greater Grandmaster's	prefix	axe	111	mid	66	80	75	1	76	Grandmaster's	86		88	2
greater-grandmasters	Greater Grandmaster's	prefix	axe	111	late	81		75	2	76	Grandmaster's	86		88	2
greater-grandmasters	Greater Grandmaster's	prefix	axe	111	early	50	65	75	1	77	Grandmaster's	86		88	2
greater-grandmasters	Greater Grandmaster's	prefix	axe	111	mid	66	80	75	1	77	Grandmaster's	86		88	2
greater-grandmasters	Greater Grandmaster's	prefix	axe	111	late	81		75	2	77	Grandmaster's	86		88	2
greater-grandmasters	Greater Grandmaster's	prefix	axe	111	early	50	65	75	1	78	Grandmaster's	86		88	2
greater-grandmasters	Greater Grandmaster's	prefix	axe	111	mid	66	80	75	1	78	Grandmaster's	86		88	2
greater-grandmasters	Greater Grandmaster's	prefix	axe	111	late	81		75	2	78	Grandmaster's	86		88	2
greater-grandmasters	Greater Grandmaster's	prefix	axe	111	early	50	65	68	1	98	Wraithly1	86		80	4
greater-grandmasters	Greater Grandmaster's	prefix	axe	111	mid	66	80	68	3	98	Wraithly1	86		80	4
greater-grandmasters	Greater Grandmaster's	prefix	axe	111	late	81		68	4	98	Wraithly1	86		80	4
greater-gritty	Greater Gritty	prefix	axe	105	early	50	65	55	5	153	Gritty	75		65	14
greater-gritty	Greater Gritty	prefix	axe	105	mid	66	80	55	9	153	Gritty	75		65	14
greater-gritty	Greater Gritty	prefix	axe	105	late	81		55	14	153	Gritty	75		65	14
greater-platinum	Greater Platinum	prefix	axe	110	early	50	65	34	3	120	Weird	44		40	8
greater-platinum	Greater Platinum	prefix	axe	110	mid	66	80	34	5	120	Weird	44		40	8
greater-platinum	Greater Platinum	prefix	axe	110	late	81		34	8	120	Weird	44		40	8
greater-serpents	Greater Serpent's	prefix	axe	115	early	50	65	23	1	398	Serpent's	37		27	4
greater-serpents	Greater Serpent's	prefix	axe	115	mid	66	80	23	3	398	Serpent's	37		27	4
greater-serpents	Greater Serpent's	prefix	axe	115	late	81		23	4	398	Serpent's	37		27	4
greater-single-resist-charm	Greater Ruby/Sapphire/Amber/Emerald	prefix	axe	117	early	50	65	35	1	353	Cobalt	55		41	4
greater-single-resist-charm	Greater Ruby/Sapphire/Amber/Emerald	prefix	axe	117	mid	66	80	35	3	353	Cobalt	55		41	4
greater-single-resist-charm	Greater Ruby/Sapphire/Amber/Emerald	prefix	axe	117	late	81		35	4	353	Cobalt	55		41	4
greater-single-resist-charm	Greater Ruby/Sapphire/Amber/Emerald	prefix	axe	118	early	50	65	35	1	360	Garnet	55		41	2
greater-single-resist-charm	Greater Ruby/Sapphire/Amber/Emerald	prefix	axe	118	mid	66	80	35	1	360	Garnet	55		41	2
greater-single-resist-charm	Greater Ruby/Sapphire/Amber/Emerald	prefix	axe	118	late	81		35	2	360	Garnet	55		41	2
greater-single-resist-charm	Greater Ruby/Sapphire/Amber/Emerald	prefix	axe	119	early	50	65	35	1	368	Coral	55		41	2
greater-single-resist-charm	Greater Ruby/Sapphire/Amber/Emerald	prefix	axe	119	mid	66	80	35	1	368	Coral	55		41	2
greater-single-resist-charm	Greater Ruby/Sapphire/Amber/Emerald	prefix	axe	119	late	81		35	2	368	Coral	55		41	2
greater-single-resist-charm	Greater Ruby/Sapphire/Amber/Emerald	prefix	axe	120	early	50	65	35	1	376	Jade	55		41	2
greater-single-resist-charm	Greater Ruby/Sapphire/Amber/Emerald	prefix	axe	120	mid	66	80	35	1	376	Jade	55		41	2
greater-single-resist-charm	Greater Ruby/Sapphire/Amber/Emerald	prefix	axe	120	late	81		35	2	376	Jade	55		41	2
greater-aureolin	Greater Aureolin	prefix	axe	121	early	50	65	10	3	410	Victorious	17		12	8
greater-aureolin	Greater Aureolin	prefix	axe	121	mid	66	80	10	5	410	Victorious	17		12	8
greater-aureolin	Greater Aureolin	prefix	axe	121	late	81		10	8	410	Victorious	17		12	8
greater-celestial	Greater Celestial	prefix	axe	123	early	50	65	35	1	104	Celestial	55		41	2
greater-celestial	Greater Celestial	prefix	axe	123	mid	66	80	35	1	104	Celestial	55		41	2
greater-celestial	Greater Celestial	prefix	axe	123	late	81		35	2	104	Celestial	55		41	2
greater-class-skill	Greater class skill	prefix	axe	125	early	50	65	36	1	224	Berserker's	50		42	2
greater-class-skill	Greater class skill	prefix	axe	125	mid	66	80	36	1	224	Berserker's	50		42	2
greater-class-skill	Greater class skill	prefix	axe	125	late	81		36	2	224	Berserker's	50		42	2
greater-skilltab	Greater Skilltab	prefix	axe	125	early	50	65	38	1	277	Master's	60		45	2
greater-skilltab	Greater Skilltab	prefix	axe	125	mid	66	80	38	1	277	Master's	60		45	2
greater-skilltab	Greater Skilltab	prefix	axe	125	late	81		38	2	277	Master's	60		45	2
greater-skilltab	Greater Skilltab	prefix	axe	125	early	50	65	38	1	280	Furious	60		45	2
greater-skilltab	Greater Skilltab	prefix	axe	125	mid	66	80	38	1	280	Furious	60		45	2
greater-skilltab	Greater Skilltab	prefix	axe	125	late	81		38	2	280	Furious	60		45	2
greater-skilltab	Greater Skilltab	prefix	axe	125	early	50	65	38	1	283	Echoing	60		45	2
greater-skilltab	Greater Skilltab	prefix	axe	125	mid	66	80	38	1	283	Echoing	60		45	2
greater-skilltab	Greater Skilltab	prefix	axe	125	late	81		38	2	283	Echoing	60		45	2
greater-avatar	Greater Avatar	prefix	axe	137	early	50	65	51	1	333	Hibernal	70		60	2
greater-avatar	Greater Avatar	prefix	axe	137	mid	66	80	51	1	333	Hibernal	70		60	2
greater-avatar	Greater Avatar	prefix	axe	137	late	81		51	2	333	Hibernal	70		60	2
greater-weapon-elemental-prefix	Greater Scorching/Shocking/Pestilent	prefix	axe	138	early	50	65	57	1	338	Scorching	77		67	2
greater-weapon-elemental-prefix	Greater Scorching/Shocking/Pestilent	prefix	axe	138	mid	66	80	57	1	338	Scorching	77		67	2
greater-weapon-elemental-prefix	Greater Scorching/Shocking/Pestilent	prefix	axe	138	late	81		57	2	338	Scorching	77		67	2
greater-weapon-elemental-prefix	Greater Scorching/Shocking/Pestilent	prefix	axe	139	early	50	65	56	1	343	Shocking	76		66	2
greater-weapon-elemental-prefix	Greater Scorching/Shocking/Pestilent	prefix	axe	139	mid	66	80	56	1	343	Shocking	76		66	2
greater-weapon-elemental-prefix	Greater Scorching/Shocking/Pestilent	prefix	axe	139	late	81		56	2	343	Shocking	76		66	2
greater-weapon-elemental-prefix	Greater Scorching/Shocking/Pestilent	prefix	axe	140	early	50	65	31	1	348	Pestilent	50		37	2
greater-weapon-elemental-prefix	Greater Scorching/Shocking/Pestilent	prefix	axe	140	mid	66	80	31	1	348	Pestilent	50		37	2
greater-weapon-elemental-prefix	Greater Scorching/Shocking/Pestilent	prefix	axe	140	late	81		31	2	348	Pestilent	50		37	2
greater-divine	Greater Divine	prefix	axe	142	early	50	65	31	1	110	Divine	45		37	2
greater-divine	Greater Divine	prefix	axe	142	mid	66	80	31	1	110	Divine	45		37	2
greater-divine	Greater Divine	prefix	axe	142	late	81		31	2	110	Divine	45		37	2
greater-veracious	Greater Veracious	prefix	axe	200	early	50	65	64	1	134	Veracious1	85		75	2
greater-veracious	Greater Veracious	prefix	axe	200	mid	66	80	64	1	134	Veracious1	85		75	2
greater-veracious	Greater Veracious	prefix	axe	200	late	81		64	2	134	Veracious1	85		75	2
greater-elemental-prefix	Greater Elemental	prefix	axe	203	early	50	65	65	1	449	Elemental1	80		77	2
greater-elemental-prefix	Greater Elemental	prefix	axe	203	mid	66	80	65	1	449	Elemental1	80		77	2
greater-elemental-prefix	Greater Elemental	prefix	axe	203	late	81		65	2	449	Elemental1	80		77	2
greater-sage-xp	Greater Sage	prefix	axe	204	early	50	65	39	2	452	Sage's	51		46	6
greater-sage-xp	Greater Sage	prefix	axe	204	mid	66	80	39	4	452	Sage's	51		46	6
greater-sage-xp	Greater Sage	prefix	axe	204	late	81		39	6	452	Sage's	51		46	6
greater-adamantine-wrought	Greater Adamantine-Wrought	prefix	axe	206	early	50	65	55	1	468	Adamantine-Wrought	87		65	4
greater-adamantine-wrought	Greater Adamantine-Wrought	prefix	axe	206	mid	66	80	55	3	468	Adamantine-Wrought	87		65	4
greater-adamantine-wrought	Greater Adamantine-Wrought	prefix	axe	206	late	81		55	4	468	Adamantine-Wrought	87		65	4
greater-godly	Greater Godly	prefix	belt	101	early	50	65	64	37	176	Godly	86		75	110
greater-godly	Greater Godly	prefix	belt	101	mid	66	80	64	73	176	Godly	86		75	110
greater-godly	Greater Godly	prefix	belt	101	late	81		64	110	176	Godly	86		75	110
greater-godly	Greater Godly	prefix	belt	101	early	50	65	64	1	182	Wraithly1	86		75	4
greater-godly	Greater Godly	prefix	belt	101	mid	66	80	64	3	182	Wraithly1	86		75	4
greater-godly	Greater Godly	prefix	belt	101	late	81		64	4	182	Wraithly1	86		75	4
greater-serpents	Greater Serpent's	prefix	belt	115	early	50	65	9	2	397	Serpent's	14		10	6
greater-serpents	Greater Serpent's	prefix	belt	115	mid	66	80	9	4	397	Serpent's	14		10	6
greater-serpents	Greater Serpent's	prefix	belt	115	late	81		9	6	397	Serpent's	14		10	6
greater-single-resist-charm	Greater Ruby/Sapphire/Amber/Emerald	prefix	belt	117	early	50	65	11	2	352	Cobalt	18		13	6
greater-single-resist-charm	Greater Ruby/Sapphire/Amber/Emerald	prefix	belt	117	mid	66	80	11	4	352	Cobalt	18		13	6
greater-single-resist-charm	Greater Ruby/Sapphire/Amber/Emerald	prefix	belt	117	late	81		11	6	352	Cobalt	18		13	6
greater-single-resist-charm	Greater Ruby/Sapphire/Amber/Emerald	prefix	belt	118	early	50	65	11	2	359	Garnet	18		13	6
greater-single-resist-charm	Greater Ruby/Sapphire/Amber/Emerald	prefix	belt	118	mid	66	80	11	4	359	Garnet	18		13	6
greater-single-resist-charm	Greater Ruby/Sapphire/Amber/Emerald	prefix	belt	118	late	81		11	6	359	Garnet	18		13	6
greater-single-resist-charm	Greater Ruby/Sapphire/Amber/Emerald	prefix	belt	119	early	50	65	11	2	367	Coral	18		13	6
greater-single-resist-charm	Greater Ruby/Sapphire/Amber/Emerald	prefix	belt	119	mid	66	80	11	4	367	Coral	18		13	6
greater-single-resist-charm	Greater Ruby/Sapphire/Amber/Emerald	prefix	belt	119	late	81		11	6	367	Coral	18		13	6
greater-single-resist-charm	Greater Ruby/Sapphire/Amber/Emerald	prefix	belt	120	early	50	65	11	2	375	Jade	18		13	6
greater-single-resist-charm	Greater Ruby/Sapphire/Amber/Emerald	prefix	belt	120	mid	66	80	11	4	375	Jade	18		13	6
greater-single-resist-charm	Greater Ruby/Sapphire/Amber/Emerald	prefix	belt	120	late	81		11	6	375	Jade	18		13	6
greater-gnostic	Greater Gnostic	prefix	belt	201	early	50	65	64	1	305	Gnostics	85		75	2
greater-gnostic	Greater Gnostic	prefix	belt	201	mid	66	80	64	1	305	Gnostics	85		75	2
greater-gnostic	Greater Gnostic	prefix	belt	201	late	81		64	2	305	Gnostics	85		75	2
greater-gnostic	Greater Gnostic	prefix	belt	201	early	50	65	64	1	309	Gnostics	85		75	2
greater-gnostic	Greater Gnostic	prefix	belt	201	mid	66	80	64	1	309	Gnostics	85		75	2
greater-gnostic	Greater Gnostic	prefix	belt	201	late	81		64	2	309	Gnostics	85		75	2
greater-gnostic	Greater Gnostic	prefix	belt	201	early	50	65	64	1	313	Gnostics	85		75	2
greater-gnostic	Greater Gnostic	prefix	belt	201	mid	66	80	64	1	313	Gnostics	85		75	2
greater-gnostic	Greater Gnostic	prefix	belt	201	late	81		64	2	313	Gnostics	85		75	2
greater-gnostic	Greater Gnostic	prefix	belt	201	early	50	65	68	1	317	Gnostics	85		80	2
greater-gnostic	Greater Gnostic	prefix	belt	201	mid	66	80	68	1	317	Gnostics	85		80	2
greater-gnostic	Greater Gnostic	prefix	belt	201	late	81		68	2	317	Gnostics	85		80	2
greater-gnostic	Greater Gnostic	prefix	belt	201	early	50	65	64	1	321	Gnostics	85		75	2
greater-gnostic	Greater Gnostic	prefix	belt	201	mid	66	80	64	1	321	Gnostics	85		75	2
greater-gnostic	Greater Gnostic	prefix	belt	201	late	81		64	2	321	Gnostics	85		75	2
greater-gnostic	Greater Gnostic	prefix	belt	201	early	50	65	64	1	325	Gnostics	85		75	2
greater-gnostic	Greater Gnostic	prefix	belt	201	mid	66	80	64	1	325	Gnostics	85		75	2
greater-gnostic	Greater Gnostic	prefix	belt	201	late	81		64	2	325	Gnostics	85		75	2
greater-gnostic	Greater Gnostic	prefix	belt	201	early	50	65	64	1	329	Gnostics	85		75	2
greater-gnostic	Greater Gnostic	prefix	belt	201	mid	66	80	64	1	329	Gnostics	85		75	2
greater-gnostic	Greater Gnostic	prefix	belt	201	late	81		64	2	329	Gnostics	85		75	2
greater-gnostic	Greater Gnostic	prefix	belt	201	early	50	65	64	1	1088	Devil's	85		75	2
greater-gnostic	Greater Gnostic	prefix	belt	201	mid	66	80	64	1	1088	Devil's	85		75	2
greater-gnostic	Greater Gnostic	prefix	belt	201	late	81		64	2	1088	Devil's	85		75	2
greater-sage-xp	Greater Sage	prefix	belt	204	early	50	65	39	2	452	Sage's	51		46	6
greater-sage-xp	Greater Sage	prefix	belt	204	mid	66	80	39	4	452	Sage's	51		46	6
greater-sage-xp	Greater Sage	prefix	belt	204	late	81		39	6	452	Sage's	51		46	6
greater-adamantine-wrought	Greater Adamantine-Wrought	prefix	belt	206	early	50	65	55	1	476	Adamantine-Wrought	87		65	4
greater-adamantine-wrought	Greater Adamantine-Wrought	prefix	belt	206	mid	66	80	55	3	476	Adamantine-Wrought	87		65	4
greater-adamantine-wrought	Greater Adamantine-Wrought	prefix	belt	206	late	81		55	4	476	Adamantine-Wrought	87		65	4
greater-grandmasters	Greater Grandmaster's	prefix	blde	111	early	50	65	75	1	75	Grandmaster's	84		88	4
greater-grandmasters	Greater Grandmaster's	prefix	blde	111	mid	66	80	75	3	75	Grandmaster's	84		88	4
greater-grandmasters	Greater Grandmaster's	prefix	blde	111	late	81		75	4	75	Grandmaster's	84		88	4
greater-grandmasters	Greater Grandmaster's	prefix	blde	111	early	50	65	75	1	76	Grandmaster's	86		88	2
greater-grandmasters	Greater Grandmaster's	prefix	blde	111	mid	66	80	75	1	76	Grandmaster's	86		88	2
greater-grandmasters	Greater Grandmaster's	prefix	blde	111	late	81		75	2	76	Grandmaster's	86		88	2
greater-grandmasters	Greater Grandmaster's	prefix	blde	111	early	50	65	75	1	77	Grandmaster's	86		88	2
greater-grandmasters	Greater Grandmaster's	prefix	blde	111	mid	66	80	75	1	77	Grandmaster's	86		88	2
greater-grandmasters	Greater Grandmaster's	prefix	blde	111	late	81		75	2	77	Grandmaster's	86		88	2
greater-grandmasters	Greater Grandmaster's	prefix	blde	111	early	50	65	75	1	78	Grandmaster's	86		88	2
greater-grandmasters	Greater Grandmaster's	prefix	blde	111	mid	66	80	75	1	78	Grandmaster's	86		88	2
greater-grandmasters	Greater Grandmaster's	prefix	blde	111	late	81		75	2	78	Grandmaster's	86		88	2
greater-grandmasters	Greater Grandmaster's	prefix	blde	111	early	50	65	68	1	98	Wraithly1	86		80	4
greater-grandmasters	Greater Grandmaster's	prefix	blde	111	mid	66	80	68	3	98	Wraithly1	86		80	4
greater-grandmasters	Greater Grandmaster's	prefix	blde	111	late	81		68	4	98	Wraithly1	86		80	4
greater-gritty	Greater Gritty	prefix	blde	105	early	50	65	55	5	153	Gritty	75		65	14
greater-gritty	Greater Gritty	prefix	blde	105	mid	66	80	55	9	153	Gritty	75		65	14
greater-gritty	Greater Gritty	prefix	blde	105	late	81		55	14	153	Gritty	75		65	14
greater-platinum	Greater Platinum	prefix	blde	110	early	50	65	34	3	120	Weird	44		40	8
greater-platinum	Greater Platinum	prefix	blde	110	mid	66	80	34	5	120	Weird	44		40	8
greater-platinum	Greater Platinum	prefix	blde	110	late	81		34	8	120	Weird	44		40	8
greater-serpents	Greater Serpent's	prefix	blde	115	early	50	65	23	1	398	Serpent's	37		27	4
greater-serpents	Greater Serpent's	prefix	blde	115	mid	66	80	23	3	398	Serpent's	37		27	4
greater-serpents	Greater Serpent's	prefix	blde	115	late	81		23	4	398	Serpent's	37		27	4
greater-single-resist-charm	Greater Ruby/Sapphire/Amber/Emerald	prefix	blde	117	early	50	65	35	1	353	Cobalt	55		41	4
greater-single-resist-charm	Greater Ruby/Sapphire/Amber/Emerald	prefix	blde	117	mid	66	80	35	3	353	Cobalt	55		41	4
greater-single-resist-charm	Greater Ruby/Sapphire/Amber/Emerald	prefix	blde	117	late	81		35	4	353	Cobalt	55		41	4
greater-single-resist-charm	Greater Ruby/Sapphire/Amber/Emerald	prefix	blde	118	early	50	65	35	1	360	Garnet	55		41	2
greater-single-resist-charm	Greater Ruby/Sapphire/Amber/Emerald	prefix	blde	118	mid	66	80	35	1	360	Garnet	55		41	2
greater-single-resist-charm	Greater Ruby/Sapphire/Amber/Emerald	prefix	blde	118	late	81		35	2	360	Garnet	55		41	2
greater-single-resist-charm	Greater Ruby/Sapphire/Amber/Emerald	prefix	blde	119	early	50	65	35	1	368	Coral	55		41	2
greater-single-resist-charm	Greater Ruby/Sapphire/Amber/Emerald	prefix	blde	119	mid	66	80	35	1	368	Coral	55		41	2
greater-single-resist-charm	Greater Ruby/Sapphire/Amber/Emerald	prefix	blde	119	late	81		35	2	368	Coral	55		41	2
greater-single-resist-charm	Greater Ruby/Sapphire/Amber/Emerald	prefix	blde	120	early	50	65	35	1	376	Jade	55		41	2
greater-single-resist-charm	Greater Ruby/Sapphire/Amber/Emerald	prefix	blde	120	mid	66	80	35	1	376	Jade	55		41	2
greater-single-resist-charm	Greater Ruby/Sapphire/Amber/Emerald	prefix	blde	120	late	81		35	2	376	Jade	55		41	2
greater-aureolin	Greater Aureolin	prefix	blde	121	early	50	65	10	3	410	Victorious	17		12	8
greater-aureolin	Greater Aureolin	prefix	blde	121	mid	66	80	10	5	410	Victorious	17		12	8
greater-aureolin	Greater Aureolin	prefix	blde	121	late	81		10	8	410	Victorious	17		12	8
greater-celestial	Greater Celestial	prefix	blde	123	early	50	65	35	1	104	Celestial	55		41	2
greater-celestial	Greater Celestial	prefix	blde	123	mid	66	80	35	1	104	Celestial	55		41	2
greater-celestial	Greater Celestial	prefix	blde	123	late	81		35	2	104	Celestial	55		41	2
greater-skilltab	Greater Skilltab	prefix	blde	125	early	50	65	38	1	277	Master's	60		45	2
greater-skilltab	Greater Skilltab	prefix	blde	125	mid	66	80	38	1	277	Master's	60		45	2
greater-skilltab	Greater Skilltab	prefix	blde	125	late	81		38	2	277	Master's	60		45	2
greater-skilltab	Greater Skilltab	prefix	blde	125	early	50	65	38	1	280	Furious	60		45	2
greater-skilltab	Greater Skilltab	prefix	blde	125	mid	66	80	38	1	280	Furious	60		45	2
greater-skilltab	Greater Skilltab	prefix	blde	125	late	81		38	2	280	Furious	60		45	2
greater-skilltab	Greater Skilltab	prefix	blde	125	early	50	65	38	1	283	Echoing	60		45	2
greater-skilltab	Greater Skilltab	prefix	blde	125	mid	66	80	38	1	283	Echoing	60		45	2
greater-skilltab	Greater Skilltab	prefix	blde	125	late	81		38	2	283	Echoing	60		45	2
greater-avatar	Greater Avatar	prefix	blde	137	early	50	65	51	1	333	Hibernal	70		60	2
greater-avatar	Greater Avatar	prefix	blde	137	mid	66	80	51	1	333	Hibernal	70		60	2
greater-avatar	Greater Avatar	prefix	blde	137	late	81		51	2	333	Hibernal	70		60	2
greater-weapon-elemental-prefix	Greater Scorching/Shocking/Pestilent	prefix	blde	138	early	50	65	57	1	338	Scorching	77		67	2
greater-weapon-elemental-prefix	Greater Scorching/Shocking/Pestilent	prefix	blde	138	mid	66	80	57	1	338	Scorching	77		67	2
greater-weapon-elemental-prefix	Greater Scorching/Shocking/Pestilent	prefix	blde	138	late	81		57	2	338	Scorching	77		67	2
greater-weapon-elemental-prefix	Greater Scorching/Shocking/Pestilent	prefix	blde	139	early	50	65	56	1	343	Shocking	76		66	2
greater-weapon-elemental-prefix	Greater Scorching/Shocking/Pestilent	prefix	blde	139	mid	66	80	56	1	343	Shocking	76		66	2
greater-weapon-elemental-prefix	Greater Scorching/Shocking/Pestilent	prefix	blde	139	late	81		56	2	343	Shocking	76		66	2
greater-weapon-elemental-prefix	Greater Scorching/Shocking/Pestilent	prefix	blde	140	early	50	65	31	1	348	Pestilent	50		37	2
greater-weapon-elemental-prefix	Greater Scorching/Shocking/Pestilent	prefix	blde	140	mid	66	80	31	1	348	Pestilent	50		37	2
greater-weapon-elemental-prefix	Greater Scorching/Shocking/Pestilent	prefix	blde	140	late	81		31	2	348	Pestilent	50		37	2
greater-divine	Greater Divine	prefix	blde	142	early	50	65	31	1	110	Divine	45		37	2
greater-divine	Greater Divine	prefix	blde	142	mid	66	80	31	1	110	Divine	45		37	2
greater-divine	Greater Divine	prefix	blde	142	late	81		31	2	110	Divine	45		37	2
greater-veracious	Greater Veracious	prefix	blde	200	early	50	65	64	1	134	Veracious1	85		75	2
greater-veracious	Greater Veracious	prefix	blde	200	mid	66	80	64	1	134	Veracious1	85		75	2
greater-veracious	Greater Veracious	prefix	blde	200	late	81		64	2	134	Veracious1	85		75	2
greater-elemental-prefix	Greater Elemental	prefix	blde	203	early	50	65	65	1	449	Elemental1	80		77	2
greater-elemental-prefix	Greater Elemental	prefix	blde	203	mid	66	80	65	1	449	Elemental1	80		77	2
greater-elemental-prefix	Greater Elemental	prefix	blde	203	late	81		65	2	449	Elemental1	80		77	2
greater-sage-xp	Greater Sage	prefix	blde	204	early	50	65	39	2	452	Sage's	51		46	6
greater-sage-xp	Greater Sage	prefix	blde	204	mid	66	80	39	4	452	Sage's	51		46	6
greater-sage-xp	Greater Sage	prefix	blde	204	late	81		39	6	452	Sage's	51		46	6
greater-adamantine-wrought	Greater Adamantine-Wrought	prefix	blde	206	early	50	65	55	1	468	Adamantine-Wrought	87		65	4
greater-adamantine-wrought	Greater Adamantine-Wrought	prefix	blde	206	mid	66	80	55	3	468	Adamantine-Wrought	87		65	4
greater-adamantine-wrought	Greater Adamantine-Wrought	prefix	blde	206	late	81		55	4	468	Adamantine-Wrought	87		65	4
greater-grandmasters	Greater Grandmaster's	prefix	blun	111	early	50	65	75	1	75	Grandmaster's	84		88	4
greater-grandmasters	Greater Grandmaster's	prefix	blun	111	mid	66	80	75	3	75	Grandmaster's	84		88	4
greater-grandmasters	Greater Grandmaster's	prefix	blun	111	late	81		75	4	75	Grandmaster's	84		88	4
greater-grandmasters	Greater Grandmaster's	prefix	blun	111	early	50	65	75	1	76	Grandmaster's	86		88	2
greater-grandmasters	Greater Grandmaster's	prefix	blun	111	mid	66	80	75	1	76	Grandmaster's	86		88	2
greater-grandmasters	Greater Grandmaster's	prefix	blun	111	late	81		75	2	76	Grandmaster's	86		88	2
greater-grandmasters	Greater Grandmaster's	prefix	blun	111	early	50	65	75	1	77	Grandmaster's	86		88	2
greater-grandmasters	Greater Grandmaster's	prefix	blun	111	mid	66	80	75	1	77	Grandmaster's	86		88	2
greater-grandmasters	Greater Grandmaster's	prefix	blun	111	late	81		75	2	77	Grandmaster's	86		88	2
greater-grandmasters	Greater Grandmaster's	prefix	blun	111	early	50	65	75	1	78	Grandmaster's	86		88	2
greater-grandmasters	Greater Grandmaster's	prefix	blun	111	mid	66	80	75	1	78	Grandmaster's	86		88	2
greater-grandmasters	Greater Grandmaster's	prefix	blun	111	late	81		75	2	78	Grandmaster's	86		88	2
greater-grandmasters	Greater Grandmaster's	prefix	blun	111	early	50	65	68	1	98	Wraithly1	86		80	4
greater-grandmasters	Greater Grandmaster's	prefix	blun	111	mid	66	80	68	3	98	Wraithly1	86		80	4
greater-grandmasters	Greater Grandmaster's	prefix	blun	111	late	81		68	4	98	Wraithly1	86		80	4
greater-gritty	Greater Gritty	prefix	blun	105	early	50	65	55	5	153	Gritty	75		65	14
greater-gritty	Greater Gritty	prefix	blun	105	mid	66	80	55	9	153	Gritty	75		65	14
greater-gritty	Greater Gritty	prefix	blun	105	late	81		55	14	153	Gritty	75		65	14
greater-platinum	Greater Platinum	prefix	blun	110	early	50	65	34	3	120	Weird	44		40	8
greater-platinum	Greater Platinum	prefix	blun	110	mid	66	80	34	5	120	Weird	44		40	8
greater-platinum	Greater Platinum	prefix	blun	110	late	81		34	8	120	Weird	44		40	8
greater-serpents	Greater Serpent's	prefix	blun	115	early	50	65	23	1	398	Serpent's	37		27	4
greater-serpents	Greater Serpent's	prefix	blun	115	mid	66	80	23	3	398	Serpent's	37		27	4
greater-serpents	Greater Serpent's	prefix	blun	115	late	81		23	4	398	Serpent's	37		27	4
greater-single-resist-charm	Greater Ruby/Sapphire/Amber/Emerald	prefix	blun	117	early	50	65	35	1	353	Cobalt	55		41	4
greater-single-resist-charm	Greater Ruby/Sapphire/Amber/Emerald	prefix	blun	117	mid	66	80	35	3	353	Cobalt	55		41	4
greater-single-resist-charm	Greater Ruby/Sapphire/Amber/Emerald	prefix	blun	117	late	81		35	4	353	Cobalt	55		41	4
greater-single-resist-charm	Greater Ruby/Sapphire/Amber/Emerald	prefix	blun	118	early	50	65	35	1	360	Garnet	55		41	2
greater-single-resist-charm	Greater Ruby/Sapphire/Amber/Emerald	prefix	blun	118	mid	66	80	35	1	360	Garnet	55		41	2
greater-single-resist-charm	Greater Ruby/Sapphire/Amber/Emerald	prefix	blun	118	late	81		35	2	360	Garnet	55		41	2
greater-single-resist-charm	Greater Ruby/Sapphire/Amber/Emerald	prefix	blun	119	early	50	65	35	1	368	Coral	55		41	2
greater-single-resist-charm	Greater Ruby/Sapphire/Amber/Emerald	prefix	blun	119	mid	66	80	35	1	368	Coral	55		41	2
greater-single-resist-charm	Greater Ruby/Sapphire/Amber/Emerald	prefix	blun	119	late	81		35	2	368	Coral	55		41	2
greater-single-resist-charm	Greater Ruby/Sapphire/Amber/Emerald	prefix	blun	120	early	50	65	35	1	376	Jade	55		41	2
greater-single-resist-charm	Greater Ruby/Sapphire/Amber/Emerald	prefix	blun	120	mid	66	80	35	1	376	Jade	55		41	2
greater-single-resist-charm	Greater Ruby/Sapphire/Amber/Emerald	prefix	blun	120	late	81		35	2	376	Jade	55		41	2
greater-aureolin	Greater Aureolin	prefix	blun	121	early	50	65	10	3	410	Victorious	17		12	8
greater-aureolin	Greater Aureolin	prefix	blun	121	mid	66	80	10	5	410	Victorious	17		12	8
greater-aureolin	Greater Aureolin	prefix	blun	121	late	81		10	8	410	Victorious	17		12	8
greater-celestial	Greater Celestial	prefix	blun	123	early	50	65	35	1	104	Celestial	55		41	2
greater-celestial	Greater Celestial	prefix	blun	123	mid	66	80	35	1	104	Celestial	55		41	2
greater-celestial	Greater Celestial	prefix	blun	123	late	81		35	2	104	Celestial	55		41	2
greater-skilltab	Greater Skilltab	prefix	blun	125	early	50	65	38	1	277	Master's	60		45	2
greater-skilltab	Greater Skilltab	prefix	blun	125	mid	66	80	38	1	277	Master's	60		45	2
greater-skilltab	Greater Skilltab	prefix	blun	125	late	81		38	2	277	Master's	60		45	2
greater-skilltab	Greater Skilltab	prefix	blun	125	early	50	65	38	1	280	Furious	60		45	2
greater-skilltab	Greater Skilltab	prefix	blun	125	mid	66	80	38	1	280	Furious	60		45	2
greater-skilltab	Greater Skilltab	prefix	blun	125	late	81		38	2	280	Furious	60		45	2
greater-skilltab	Greater Skilltab	prefix	blun	125	early	50	65	38	1	283	Echoing	60		45	2
greater-skilltab	Greater Skilltab	prefix	blun	125	mid	66	80	38	1	283	Echoing	60		45	2
greater-skilltab	Greater Skilltab	prefix	blun	125	late	81		38	2	283	Echoing	60		45	2
greater-avatar	Greater Avatar	prefix	blun	137	early	50	65	51	1	333	Hibernal	70		60	2
greater-avatar	Greater Avatar	prefix	blun	137	mid	66	80	51	1	333	Hibernal	70		60	2
greater-avatar	Greater Avatar	prefix	blun	137	late	81		51	2	333	Hibernal	70		60	2
greater-weapon-elemental-prefix	Greater Scorching/Shocking/Pestilent	prefix	blun	138	early	50	65	57	1	338	Scorching	77		67	2
greater-weapon-elemental-prefix	Greater Scorching/Shocking/Pestilent	prefix	blun	138	mid	66	80	57	1	338	Scorching	77		67	2
greater-weapon-elemental-prefix	Greater Scorching/Shocking/Pestilent	prefix	blun	138	late	81		57	2	338	Scorching	77		67	2
greater-weapon-elemental-prefix	Greater Scorching/Shocking/Pestilent	prefix	blun	139	early	50	65	56	1	343	Shocking	76		66	2
greater-weapon-elemental-prefix	Greater Scorching/Shocking/Pestilent	prefix	blun	139	mid	66	80	56	1	343	Shocking	76		66	2
greater-weapon-elemental-prefix	Greater Scorching/Shocking/Pestilent	prefix	blun	139	late	81		56	2	343	Shocking	76		66	2
greater-weapon-elemental-prefix	Greater Scorching/Shocking/Pestilent	prefix	blun	140	early	50	65	31	1	348	Pestilent	50		37	2
greater-weapon-elemental-prefix	Greater Scorching/Shocking/Pestilent	prefix	blun	140	mid	66	80	31	1	348	Pestilent	50		37	2
greater-weapon-elemental-prefix	Greater Scorching/Shocking/Pestilent	prefix	blun	140	late	81		31	2	348	Pestilent	50		37	2
greater-divine	Greater Divine	prefix	blun	142	early	50	65	31	1	110	Divine	45		37	2
greater-divine	Greater Divine	prefix	blun	142	mid	66	80	31	1	110	Divine	45		37	2
greater-divine	Greater Divine	prefix	blun	142	late	81		31	2	110	Divine	45		37	2
greater-veracious	Greater Veracious	prefix	blun	200	early	50	65	64	1	134	Veracious1	85		75	2
greater-veracious	Greater Veracious	prefix	blun	200	mid	66	80	64	1	134	Veracious1	85		75	2
greater-veracious	Greater Veracious	prefix	blun	200	late	81		64	2	134	Veracious1	85		75	2
greater-elemental-prefix	Greater Elemental	prefix	blun	203	early	50	65	65	1	449	Elemental1	80		77	2
greater-elemental-prefix	Greater Elemental	prefix	blun	203	mid	66	80	65	1	449	Elemental1	80		77	2
greater-elemental-prefix	Greater Elemental	prefix	blun	203	late	81		65	2	449	Elemental1	80		77	2
greater-sage-xp	Greater Sage	prefix	blun	204	early	50	65	39	2	452	Sage's	51		46	6
greater-sage-xp	Greater Sage	prefix	blun	204	mid	66	80	39	4	452	Sage's	51		46	6
greater-sage-xp	Greater Sage	prefix	blun	204	late	81		39	6	452	Sage's	51		46	6
greater-adamantine-wrought	Greater Adamantine-Wrought	prefix	blun	206	early	50	65	55	1	468	Adamantine-Wrought	87		65	4
greater-adamantine-wrought	Greater Adamantine-Wrought	prefix	blun	206	mid	66	80	55	3	468	Adamantine-Wrought	87		65	4
greater-adamantine-wrought	Greater Adamantine-Wrought	prefix	blun	206	late	81		55	4	468	Adamantine-Wrought	87		65	4
greater-godly	Greater Godly	prefix	boot	101	early	50	65	64	37	176	Godly	86		75	110
greater-godly	Greater Godly	prefix	boot	101	mid	66	80	64	73	176	Godly	86		75	110
greater-godly	Greater Godly	prefix	boot	101	late	81		64	110	176	Godly	86		75	110
greater-godly	Greater Godly	prefix	boot	101	early	50	65	64	1	182	Wraithly1	86		75	4
greater-godly	Greater Godly	prefix	boot	101	mid	66	80	64	3	182	Wraithly1	86		75	4
greater-godly	Greater Godly	prefix	boot	101	late	81		64	4	182	Wraithly1	86		75	4
greater-serpents	Greater Serpent's	prefix	boot	115	early	50	65	33	1	401	Dragon's	52		39	4
greater-serpents	Greater Serpent's	prefix	boot	115	mid	66	80	33	3	401	Dragon's	52		39	4
greater-serpents	Greater Serpent's	prefix	boot	115	late	81		33	4	401	Dragon's	52		39	4
greater-single-resist-charm	Greater Ruby/Sapphire/Amber/Emerald	prefix	boot	117	early	50	65	15	2	354	Sapphire	25		18	6
greater-single-resist-charm	Greater Ruby/Sapphire/Amber/Emerald	prefix	boot	117	mid	66	80	15	4	354	Sapphire	25		18	6
greater-single-resist-charm	Greater Ruby/Sapphire/Amber/Emerald	prefix	boot	117	late	81		15	6	354	Sapphire	25		18	6
greater-single-resist-charm	Greater Ruby/Sapphire/Amber/Emerald	prefix	boot	118	early	50	65	15	2	361	Ruby	25		18	6
greater-single-resist-charm	Greater Ruby/Sapphire/Amber/Emerald	prefix	boot	118	mid	66	80	15	4	361	Ruby	25		18	6
greater-single-resist-charm	Greater Ruby/Sapphire/Amber/Emerald	prefix	boot	118	late	81		15	6	361	Ruby	25		18	6
greater-single-resist-charm	Greater Ruby/Sapphire/Amber/Emerald	prefix	boot	119	early	50	65	15	2	369	Amber	25		18	6
greater-single-resist-charm	Greater Ruby/Sapphire/Amber/Emerald	prefix	boot	119	mid	66	80	15	4	369	Amber	25		18	6
greater-single-resist-charm	Greater Ruby/Sapphire/Amber/Emerald	prefix	boot	119	late	81		15	6	369	Amber	25		18	6
greater-single-resist-charm	Greater Ruby/Sapphire/Amber/Emerald	prefix	boot	120	early	50	65	15	2	377	Emerald	25		18	6
greater-single-resist-charm	Greater Ruby/Sapphire/Amber/Emerald	prefix	boot	120	mid	66	80	15	4	377	Emerald	25		18	6
greater-single-resist-charm	Greater Ruby/Sapphire/Amber/Emerald	prefix	boot	120	late	81		15	6	377	Emerald	25		18	6
greater-sage-xp	Greater Sage	prefix	boot	204	early	50	65	39	2	452	Sage's	51		46	6
greater-sage-xp	Greater Sage	prefix	boot	204	mid	66	80	39	4	452	Sage's	51		46	6
greater-sage-xp	Greater Sage	prefix	boot	204	late	81		39	6	452	Sage's	51		46	6
greater-savage	Greater Savage	prefix	boot	205	early	50	65	44	1	460	Savage	64		52	4
greater-savage	Greater Savage	prefix	boot	205	mid	66	80	44	3	460	Savage	64		52	4
greater-savage	Greater Savage	prefix	boot	205	late	81		44	4	460	Savage	64		52	4
greater-adamantine-wrought	Greater Adamantine-Wrought	prefix	boot	206	early	50	65	55	1	476	Adamantine-Wrought	87		65	4
greater-adamantine-wrought	Greater Adamantine-Wrought	prefix	boot	206	mid	66	80	55	3	476	Adamantine-Wrought	87		65	4
greater-adamantine-wrought	Greater Adamantine-Wrought	prefix	boot	206	late	81		55	4	476	Adamantine-Wrought	87		65	4
greater-grandmasters	Greater Grandmaster's	prefix	bow	111	early	50	65	75	1	75	Grandmaster's	84		88	4
greater-grandmasters	Greater Grandmaster's	prefix	bow	111	mid	66	80	75	3	75	Grandmaster's	84		88	4
greater-grandmasters	Greater Grandmaster's	prefix	bow	111	late	81		75	4	75	Grandmaster's	84		88	4
greater-grandmasters	Greater Grandmaster's	prefix	bow	111	early	50	65	75	1	76	Grandmaster's	86		88	2
greater-grandmasters	Greater Grandmaster's	prefix	bow	111	mid	66	80	75	1	76	Grandmaster's	86		88	2
greater-grandmasters	Greater Grandmaster's	prefix	bow	111	late	81		75	2	76	Grandmaster's	86		88	2
greater-grandmasters	Greater Grandmaster's	prefix	bow	111	early	50	65	75	1	77	Grandmaster's	86		88	2
greater-grandmasters	Greater Grandmaster's	prefix	bow	111	mid	66	80	75	1	77	Grandmaster's	86		88	2
greater-grandmasters	Greater Grandmaster's	prefix	bow	111	late	81		75	2	77	Grandmaster's	86		88	2
greater-grandmasters	Greater Grandmaster's	prefix	bow	111	early	50	65	75	1	78	Grandmaster's	86		88	2
greater-grandmasters	Greater Grandmaster's	prefix	bow	111	mid	66	80	75	1	78	Grandmaster's	86		88	2
greater-grandmasters	Greater Grandmaster's	prefix	bow	111	late	81		75	2	78	Grandmaster's	86		88	2
greater-grandmasters	Greater Grandmaster's	prefix	bow	111	early	50	65	68	1	98	Wraithly1	86		80	4
greater-grandmasters	Greater Grandmaster's	prefix	bow	111	mid	66	80	68	3	98	Wraithly1	86		80	4
greater-grandmasters	Greater Grandmaster's	prefix	bow	111	late	81		68	4	98	Wraithly1	86		80	4
greater-gritty	Greater Gritty	prefix	bow	105	early	50	65	55	5	153	Gritty	75		65	14
greater-gritty	Greater Gritty	prefix	bow	105	mid	66	80	55	9	153	Gritty	75		65	14
greater-gritty	Greater Gritty	prefix	bow	105	late	81		55	14	153	Gritty	75		65	14
greater-platinum	Greater Platinum	prefix	bow	110	early	50	65	34	3	120	Weird	44		40	8
greater-platinum	Greater Platinum	prefix	bow	110	mid	66	80	34	5	120	Weird	44		40	8
greater-platinum	Greater Platinum	prefix	bow	110	late	81		34	8	120	Weird	44		40	8
greater-serpents	Greater Serpent's	prefix	bow	115	early	50	65	23	1	398	Serpent's	37		27	4
greater-serpents	Greater Serpent's	prefix	bow	115	mid	66	80	23	3	398	Serpent's	37		27	4
greater-serpents	Greater Serpent's	prefix	bow	115	late	81		23	4	398	Serpent's	37		27	4
greater-single-resist-charm	Greater Ruby/Sapphire/Amber/Emerald	prefix	bow	117	early	50	65	35	1	353	Cobalt	55		41	4
greater-single-resist-charm	Greater Ruby/Sapphire/Amber/Emerald	prefix	bow	117	mid	66	80	35	3	353	Cobalt	55		41	4
greater-single-resist-charm	Greater Ruby/Sapphire/Amber/Emerald	prefix	bow	117	late	81		35	4	353	Cobalt	55		41	4
greater-single-resist-charm	Greater Ruby/Sapphire/Amber/Emerald	prefix	bow	118	early	50	65	35	1	360	Garnet	55		41	2
greater-single-resist-charm	Greater Ruby/Sapphire/Amber/Emerald	prefix	bow	118	mid	66	80	35	1	360	Garnet	55		41	2
greater-single-resist-charm	Greater Ruby/Sapphire/Amber/Emerald	prefix	bow	118	late	81		35	2	360	Garnet	55		41	2
greater-single-resist-charm	Greater Ruby/Sapphire/Amber/Emerald	prefix	bow	119	early	50	65	35	1	368	Coral	55		41	2
greater-single-resist-charm	Greater Ruby/Sapphire/Amber/Emerald	prefix	bow	119	mid	66	80	35	1	368	Coral	55		41	2
greater-single-resist-charm	Greater Ruby/Sapphire/Amber/Emerald	prefix	bow	119	late	81		35	2	368	Coral	55		41	2
greater-single-resist-charm	Greater Ruby/Sapphire/Amber/Emerald	prefix	bow	120	early	50	65	35	1	376	Jade	55		41	2
greater-single-resist-charm	Greater Ruby/Sapphire/Amber/Emerald	prefix	bow	120	mid	66	80	35	1	376	Jade	55		41	2
greater-single-resist-charm	Greater Ruby/Sapphire/Amber/Emerald	prefix	bow	120	late	81		35	2	376	Jade	55		41	2
greater-aureolin	Greater Aureolin	prefix	bow	121	early	50	65	10	3	410	Victorious	17		12	8
greater-aureolin	Greater Aureolin	prefix	bow	121	mid	66	80	10	5	410	Victorious	17		12	8
greater-aureolin	Greater Aureolin	prefix	bow	121	late	81		10	8	410	Victorious	17		12	8
greater-celestial	Greater Celestial	prefix	bow	123	early	50	65	35	1	104	Celestial	55		41	2
greater-celestial	Greater Celestial	prefix	bow	123	mid	66	80	35	1	104	Celestial	55		41	2
greater-celestial	Greater Celestial	prefix	bow	123	late	81		35	2	104	Celestial	55		41	2
greater-class-skill	Greater class skill	prefix	bow	125	early	50	65	36	1	198	Valkyrie's	50		42	4
greater-class-skill	Greater class skill	prefix	bow	125	mid	66	80	36	3	198	Valkyrie's	50		42	4
greater-class-skill	Greater class skill	prefix	bow	125	late	81		36	4	198	Valkyrie's	50		42	4
greater-skilltab	Greater Skilltab	prefix	bow	125	early	50	65	38	1	241	Archer's	60		45	2
greater-skilltab	Greater Skilltab	prefix	bow	125	mid	66	80	38	1	241	Archer's	60		45	2
greater-skilltab	Greater Skilltab	prefix	bow	125	late	81		38	2	241	Archer's	60		45	2
greater-avatar	Greater Avatar	prefix	bow	137	early	50	65	51	1	333	Hibernal	70		60	2
greater-avatar	Greater Avatar	prefix	bow	137	mid	66	80	51	1	333	Hibernal	70		60	2
greater-avatar	Greater Avatar	prefix	bow	137	late	81		51	2	333	Hibernal	70		60	2
greater-weapon-elemental-prefix	Greater Scorching/Shocking/Pestilent	prefix	bow	138	early	50	65	57	1	338	Scorching	77		67	2
greater-weapon-elemental-prefix	Greater Scorching/Shocking/Pestilent	prefix	bow	138	mid	66	80	57	1	338	Scorching	77		67	2
greater-weapon-elemental-prefix	Greater Scorching/Shocking/Pestilent	prefix	bow	138	late	81		57	2	338	Scorching	77		67	2
greater-weapon-elemental-prefix	Greater Scorching/Shocking/Pestilent	prefix	bow	139	early	50	65	56	1	343	Shocking	76		66	2
greater-weapon-elemental-prefix	Greater Scorching/Shocking/Pestilent	prefix	bow	139	mid	66	80	56	1	343	Shocking	76		66	2
greater-weapon-elemental-prefix	Greater Scorching/Shocking/Pestilent	prefix	bow	139	late	81		56	2	343	Shocking	76		66	2
greater-weapon-elemental-prefix	Greater Scorching/Shocking/Pestilent	prefix	bow	140	early	50	65	31	1	348	Pestilent	50		37	2
greater-weapon-elemental-prefix	Greater Scorching/Shocking/Pestilent	prefix	bow	140	mid	66	80	31	1	348	Pestilent	50		37	2
greater-weapon-elemental-prefix	Greater Scorching/Shocking/Pestilent	prefix	bow	140	late	81		31	2	348	Pestilent	50		37	2
greater-divine	Greater Divine	prefix	bow	142	early	50	65	31	1	110	Divine	45		37	2
greater-divine	Greater Divine	prefix	bow	142	mid	66	80	31	1	110	Divine	45		37	2
greater-divine	Greater Divine	prefix	bow	142	late	81		31	2	110	Divine	45		37	2
greater-veracious	Greater Veracious	prefix	bow	200	early	50	65	64	1	134	Veracious1	85		75	2
greater-veracious	Greater Veracious	prefix	bow	200	mid	66	80	64	1	134	Veracious1	85		75	2
greater-veracious	Greater Veracious	prefix	bow	200	late	81		64	2	134	Veracious1	85		75	2
greater-elemental-prefix	Greater Elemental	prefix	bow	203	early	50	65	65	1	449	Elemental1	80		77	2
greater-elemental-prefix	Greater Elemental	prefix	bow	203	mid	66	80	65	1	449	Elemental1	80		77	2
greater-elemental-prefix	Greater Elemental	prefix	bow	203	late	81		65	2	449	Elemental1	80		77	2
greater-sage-xp	Greater Sage	prefix	bow	204	early	50	65	39	2	452	Sage's	51		46	6
greater-sage-xp	Greater Sage	prefix	bow	204	mid	66	80	39	4	452	Sage's	51		46	6
greater-sage-xp	Greater Sage	prefix	bow	204	late	81		39	6	452	Sage's	51		46	6
greater-adamantine-wrought	Greater Adamantine-Wrought	prefix	bow	206	early	50	65	55	1	468	Adamantine-Wrought	87		65	4
greater-adamantine-wrought	Greater Adamantine-Wrought	prefix	bow	206	mid	66	80	55	3	468	Adamantine-Wrought	87		65	4
greater-adamantine-wrought	Greater Adamantine-Wrought	prefix	bow	206	late	81		55	4	468	Adamantine-Wrought	87		65	4
greater-missile-prefix	Greater missile prefixes	prefix	bowq	220	early	50	65	43	1	1091	Sturdy	80		50	3
greater-missile-prefix	Greater missile prefixes	prefix	bowq	220	mid	66	80	43	2	1091	Sturdy	80		50	3
greater-missile-prefix	Greater missile prefixes	prefix	bowq	220	late	81		43	3	1091	Sturdy	80		50	3
greater-missile-prefix	Greater missile prefixes	prefix	bowq	220	early	50	65	43	1	1094	Lizard's	80		50	3
greater-missile-prefix	Greater missile prefixes	prefix	bowq	220	mid	66	80	43	2	1094	Lizard's	80		50	3
greater-missile-prefix	Greater missile prefixes	prefix	bowq	220	late	81		43	3	1094	Lizard's	80		50	3
greater-missile-prefix	Greater missile prefixes	prefix	bowq	221	early	50	65	43	1	1097	Sharp	80		50	3
greater-missile-prefix	Greater missile prefixes	prefix	bowq	221	mid	66	80	43	2	1097	Sharp	80		50	3
greater-missile-prefix	Greater missile prefixes	prefix	bowq	221	late	81		43	3	1097	Sharp	80		50	3
greater-missile-prefix	Greater missile prefixes	prefix	bowq	222	early	50	65	51	1	1100	Jagged	80		60	3
greater-missile-prefix	Greater missile prefixes	prefix	bowq	222	mid	66	80	51	2	1100	Jagged	80		60	3
greater-missile-prefix	Greater missile prefixes	prefix	bowq	222	late	81		51	3	1100	Jagged	80		60	3
greater-missile-prefix	Greater missile prefixes	prefix	bowq	222	early	50	65	51	1	1103	Jagged	80		60	3
greater-missile-prefix	Greater missile prefixes	prefix	bowq	222	mid	66	80	51	2	1103	Jagged	80		60	3
greater-missile-prefix	Greater missile prefixes	prefix	bowq	222	late	81		51	3	1103	Jagged	80		60	3
greater-missile-prefix	Greater missile prefixes	prefix	bowq	223	early	50	65	51	1	1106	Flaming	80		60	3
greater-missile-prefix	Greater missile prefixes	prefix	bowq	223	mid	66	80	51	2	1106	Flaming	80		60	3
greater-missile-prefix	Greater missile prefixes	prefix	bowq	223	late	81		51	3	1106	Flaming	80		60	3
greater-missile-prefix	Greater missile prefixes	prefix	bowq	224	early	50	65	51	1	1109	Shivering	80		60	3
greater-missile-prefix	Greater missile prefixes	prefix	bowq	224	mid	66	80	51	2	1109	Shivering	80		60	3
greater-missile-prefix	Greater missile prefixes	prefix	bowq	224	late	81		51	3	1109	Shivering	80		60	3
greater-missile-prefix	Greater missile prefixes	prefix	bowq	225	early	50	65	51	1	1112	Static	80		60	3
greater-missile-prefix	Greater missile prefixes	prefix	bowq	225	mid	66	80	51	2	1112	Static	80		60	3
greater-missile-prefix	Greater missile prefixes	prefix	bowq	225	late	81		51	3	1112	Static	80		60	3
greater-missile-prefix	Greater missile prefixes	prefix	bowq	226	early	50	65	51	1	1115	Corosive	80		60	3
greater-missile-prefix	Greater missile prefixes	prefix	bowq	226	mid	66	80	51	2	1115	Corosive	80		60	3
greater-missile-prefix	Greater missile prefixes	prefix	bowq	226	late	81		51	3	1115	Corosive	80		60	3
greater-missile-prefix	Greater missile prefixes	prefix	bowq	227	early	50	65	51	1	1118	Apprentice	80		60	3
greater-missile-prefix	Greater missile prefixes	prefix	bowq	227	mid	66	80	51	2	1118	Apprentice	80		60	3
greater-missile-prefix	Greater missile prefixes	prefix	bowq	227	late	81		51	3	1118	Apprentice	80		60	3
greater-godly	Greater Godly	prefix	circ	101	early	50	65	64	37	176	Godly	86		75	110
greater-godly	Greater Godly	prefix	circ	101	mid	66	80	64	73	176	Godly	86		75	110
greater-godly	Greater Godly	prefix	circ	101	late	81		64	110	176	Godly	86		75	110
greater-godly	Greater Godly	prefix	circ	101	early	50	65	64	1	182	Wraithly1	86		75	4
greater-godly	Greater Godly	prefix	circ	101	mid	66	80	64	3	182	Wraithly1	86		75	4
greater-godly	Greater Godly	prefix	circ	101	late	81		64	4	182	Wraithly1	86		75	4
greater-gritty	Greater Gritty	prefix	circ	105	early	50	65	54	8	17	Vicious	70		64	24
greater-gritty	Greater Gritty	prefix	circ	105	mid	66	80	54	16	17	Vicious	70		64	24
greater-gritty	Greater Gritty	prefix	circ	105	late	81		54	24	17	Vicious	70		64	24
greater-platinum	Greater Platinum	prefix	circ	110	early	50	65	19	4	117	Platinum	25		22	12
greater-platinum	Greater Platinum	prefix	circ	110	mid	66	80	19	8	117	Platinum	25		22	12
greater-platinum	Greater Platinum	prefix	circ	110	late	81		19	12	117	Platinum	25		22	12
greater-lucky	Greater Lucky	prefix	circ	114	early	50	65	7	3	418	Fortuitous	12		8	8
greater-lucky	Greater Lucky	prefix	circ	114	mid	66	80	7	5	418	Fortuitous	12		8	8
greater-lucky	Greater Lucky	prefix	circ	114	late	81		7	8	418	Fortuitous	12		8	8
greater-serpents	Greater Serpent's	prefix	circ	115	early	50	65	31	1	404	Bahamut's	45		37	4
greater-serpents	Greater Serpent's	prefix	circ	115	mid	66	80	31	3	404	Bahamut's	45		37	4
greater-serpents	Greater Serpent's	prefix	circ	115	late	81		31	4	404	Bahamut's	45		37	4
greater-shimmering	Greater Shimmering	prefix	circ	116	early	50	65	35	2	389	Chromatic	55		41	6
greater-shimmering	Greater Shimmering	prefix	circ	116	mid	66	80	35	4	389	Chromatic	55		41	6
greater-shimmering	Greater Shimmering	prefix	circ	116	late	81		35	6	389	Chromatic	55		41	6
greater-single-resist-charm	Greater Ruby/Sapphire/Amber/Emerald	prefix	circ	117	early	50	65	15	2	354	Sapphire	25		18	6
greater-single-resist-charm	Greater Ruby/Sapphire/Amber/Emerald	prefix	circ	117	mid	66	80	15	4	354	Sapphire	25		18	6
greater-single-resist-charm	Greater Ruby/Sapphire/Amber/Emerald	prefix	circ	117	late	81		15	6	354	Sapphire	25		18	6
greater-single-resist-charm	Greater Ruby/Sapphire/Amber/Emerald	prefix	circ	118	early	50	65	15	2	361	Ruby	25		18	6
greater-single-resist-charm	Greater Ruby/Sapphire/Amber/Emerald	prefix	circ	118	mid	66	80	15	4	361	Ruby	25		18	6
greater-single-resist-charm	Greater Ruby/Sapphire/Amber/Emerald	prefix	circ	118	late	81		15	6	361	Ruby	25		18	6
greater-single-resist-charm	Greater Ruby/Sapphire/Amber/Emerald	prefix	circ	119	early	50	65	15	2	369	Amber	25		18	6
greater-single-resist-charm	Greater Ruby/Sapphire/Amber/Emerald	prefix	circ	119	mid	66	80	15	4	369	Amber	25		18	6
greater-single-resist-charm	Greater Ruby/Sapphire/Amber/Emerald	prefix	circ	119	late	81		15	6	369	Amber	25		18	6
greater-single-resist-charm	Greater Ruby/Sapphire/Amber/Emerald	prefix	circ	120	early	50	65	15	2	377	Emerald	25		18	6
greater-single-resist-charm	Greater Ruby/Sapphire/Amber/Emerald	prefix	circ	120	mid	66	80	15	4	377	Emerald	25		18	6
greater-single-resist-charm	Greater Ruby/Sapphire/Amber/Emerald	prefix	circ	120	late	81		15	6	377	Emerald	25		18	6
greater-class-skill	Greater class skill	prefix	circ	125	early	50	65	57	1	196	Valkyrie's	86		67	4
greater-class-skill	Greater class skill	prefix	circ	125	mid	66	80	57	3	196	Valkyrie's	86		67	4
greater-class-skill	Greater class skill	prefix	circ	125	late	81		57	4	196	Valkyrie's	86		67	4
greater-class-skill	Greater class skill	prefix	circ	125	early	50	65	57	1	202	Priest's	86		67	4
greater-class-skill	Greater class skill	prefix	circ	125	mid	66	80	57	3	202	Priest's	86		67	4
greater-class-skill	Greater class skill	prefix	circ	125	late	81		57	4	202	Priest's	86		67	4
greater-class-skill	Greater class skill	prefix	circ	125	early	50	65	57	1	210	Necromancer's	86		67	4
greater-class-skill	Greater class skill	prefix	circ	125	mid	66	80	57	3	210	Necromancer's	86		67	4
greater-class-skill	Greater class skill	prefix	circ	125	late	81		57	4	210	Necromancer's	86		67	4
greater-class-skill	Greater class skill	prefix	circ	125	early	50	65	57	1	216	Arch-Angel's	86		67	4
greater-class-skill	Greater class skill	prefix	circ	125	mid	66	80	57	3	216	Arch-Angel's	86		67	4
greater-class-skill	Greater class skill	prefix	circ	125	late	81		57	4	216	Arch-Angel's	86		67	4
greater-class-skill	Greater class skill	prefix	circ	125	early	50	65	57	1	222	Berserker's	86		67	4
greater-class-skill	Greater class skill	prefix	circ	125	mid	66	80	57	3	222	Berserker's	86		67	4
greater-class-skill	Greater class skill	prefix	circ	125	late	81		57	4	222	Berserker's	86		67	4
greater-class-skill	Greater class skill	prefix	circ	125	early	50	65	57	1	230	Hierophant's	86		67	4
greater-class-skill	Greater class skill	prefix	circ	125	mid	66	80	57	3	230	Hierophant's	86		67	4
greater-class-skill	Greater class skill	prefix	circ	125	late	81		57	4	230	Hierophant's	86		67	4
greater-class-skill	Greater class skill	prefix	circ	125	early	50	65	57	1	236	Witch-hunter's	86		67	4
greater-class-skill	Greater class skill	prefix	circ	125	mid	66	80	57	3	236	Witch-hunter's	86		67	4
greater-class-skill	Greater class skill	prefix	circ	125	late	81		57	4	236	Witch-hunter's	86		67	4
greater-class-skill	Greater class skill	prefix	circ	125	early	50	65	57	1	1070	Arch-Devil's	90		67	2
greater-class-skill	Greater class skill	prefix	circ	125	mid	66	80	57	1	1070	Arch-Devil's	90		67	2
greater-class-skill	Greater class skill	prefix	circ	125	late	81		57	2	1070	Arch-Devil's	90		67	2
greater-skilltab	Greater Skilltab	prefix	circ	125	early	50	65	38	1	244	Athlete's	60		45	2
greater-skilltab	Greater Skilltab	prefix	circ	125	mid	66	80	38	1	244	Athlete's	60		45	2
greater-skilltab	Greater Skilltab	prefix	circ	125	late	81		38	2	244	Athlete's	60		45	2
greater-skilltab	Greater Skilltab	prefix	circ	125	early	50	65	38	1	250	Volcanic	60		45	2
greater-skilltab	Greater Skilltab	prefix	circ	125	mid	66	80	38	1	250	Volcanic	60		45	2
greater-skilltab	Greater Skilltab	prefix	circ	125	late	81		38	2	250	Volcanic	60		45	2
greater-skilltab	Greater Skilltab	prefix	circ	125	early	50	65	38	1	253	Powered	60		45	2
greater-skilltab	Greater Skilltab	prefix	circ	125	mid	66	80	38	1	253	Powered	60		45	2
greater-skilltab	Greater Skilltab	prefix	circ	125	late	81		38	2	253	Powered	60		45	2
greater-skilltab	Greater Skilltab	prefix	circ	125	early	50	65	38	1	256	Glacial	60		45	2
greater-skilltab	Greater Skilltab	prefix	circ	125	mid	66	80	38	1	256	Glacial	60		45	2
greater-skilltab	Greater Skilltab	prefix	circ	125	late	81		38	2	256	Glacial	60		45	2
greater-skilltab	Greater Skilltab	prefix	circ	125	early	50	65	38	1	259	Accursed	60		45	2
greater-skilltab	Greater Skilltab	prefix	circ	125	mid	66	80	38	1	259	Accursed	60		45	2
greater-skilltab	Greater Skilltab	prefix	circ	125	late	81		38	2	259	Accursed	60		45	2
greater-skilltab	Greater Skilltab	prefix	circ	125	early	50	65	38	1	262	Venomous	60		45	2
greater-skilltab	Greater Skilltab	prefix	circ	125	mid	66	80	38	1	262	Venomous	60		45	2
greater-skilltab	Greater Skilltab	prefix	circ	125	late	81		38	2	262	Venomous	60		45	2
greater-skilltab	Greater Skilltab	prefix	circ	125	early	50	65	38	1	265	Golemlord's	60		45	2
greater-skilltab	Greater Skilltab	prefix	circ	125	mid	66	80	38	1	265	Golemlord's	60		45	2
greater-skilltab	Greater Skilltab	prefix	circ	125	late	81		38	2	265	Golemlord's	60		45	2
greater-skilltab	Greater Skilltab	prefix	circ	125	early	50	65	38	1	268	Rose Branded	60		45	2
greater-skilltab	Greater Skilltab	prefix	circ	125	mid	66	80	38	1	268	Rose Branded	60		45	2
greater-skilltab	Greater Skilltab	prefix	circ	125	late	81		38	2	268	Rose Branded	60		45	2
greater-skilltab	Greater Skilltab	prefix	circ	125	early	50	65	38	1	271	Marshal's	60		45	2
greater-skilltab	Greater Skilltab	prefix	circ	125	mid	66	80	38	1	271	Marshal's	60		45	2
greater-skilltab	Greater Skilltab	prefix	circ	125	late	81		38	2	271	Marshal's	60		45	2
greater-skilltab	Greater Skilltab	prefix	circ	125	early	50	65	38	1	274	Guardian's	60		45	2
greater-skilltab	Greater Skilltab	prefix	circ	125	mid	66	80	38	1	274	Guardian's	60		45	2
greater-skilltab	Greater Skilltab	prefix	circ	125	late	81		38	2	274	Guardian's	60		45	2
greater-skilltab	Greater Skilltab	prefix	circ	125	early	50	65	38	1	277	Master's	60		45	2
greater-skilltab	Greater Skilltab	prefix	circ	125	mid	66	80	38	1	277	Master's	60		45	2
greater-skilltab	Greater Skilltab	prefix	circ	125	late	81		38	2	277	Master's	60		45	2
greater-skilltab	Greater Skilltab	prefix	circ	125	early	50	65	38	1	286	Keeper's	60		45	2
greater-skilltab	Greater Skilltab	prefix	circ	125	mid	66	80	38	1	286	Keeper's	60		45	2
greater-skilltab	Greater Skilltab	prefix	circ	125	late	81		38	2	286	Keeper's	60		45	2
greater-skilltab	Greater Skilltab	prefix	circ	125	early	50	65	38	1	289	Communal	60		45	2
greater-skilltab	Greater Skilltab	prefix	circ	125	mid	66	80	38	1	289	Communal	60		45	2
greater-skilltab	Greater Skilltab	prefix	circ	125	late	81		38	2	289	Communal	60		45	2
greater-skilltab	Greater Skilltab	prefix	circ	125	early	50	65	38	1	292	Gaea's	60		45	2
greater-skilltab	Greater Skilltab	prefix	circ	125	mid	66	80	38	1	292	Gaea's	60		45	2
greater-skilltab	Greater Skilltab	prefix	circ	125	late	81		38	2	292	Gaea's	60		45	2
greater-skilltab	Greater Skilltab	prefix	circ	125	early	50	65	38	1	295	Cunning	60		45	2
greater-skilltab	Greater Skilltab	prefix	circ	125	mid	66	80	38	1	295	Cunning	60		45	2
greater-skilltab	Greater Skilltab	prefix	circ	125	late	81		38	2	295	Cunning	60		45	2
greater-skilltab	Greater Skilltab	prefix	circ	125	early	50	65	38	1	298	Shadow	60		45	2
greater-skilltab	Greater Skilltab	prefix	circ	125	mid	66	80	38	1	298	Shadow	60		45	2
greater-skilltab	Greater Skilltab	prefix	circ	125	late	81		38	2	298	Shadow	60		45	2
greater-skilltab	Greater Skilltab	prefix	circ	125	early	50	65	38	1	301	Kenshi's	60		45	2
greater-skilltab	Greater Skilltab	prefix	circ	125	mid	66	80	38	1	301	Kenshi's	60		45	2
greater-skilltab	Greater Skilltab	prefix	circ	125	late	81		38	2	301	Kenshi's	60		45	2
greater-skilltab	Greater Skilltab	prefix	circ	125	early	50	65	38	1	1062	Torrid	60		45	1
greater-skilltab	Greater Skilltab	prefix	circ	125	mid	66	80	38	1	1062	Torrid	60		45	1
greater-skilltab	Greater Skilltab	prefix	circ	125	late	81		38	1	1062	Torrid	60		45	1
greater-skilltab	Greater Skilltab	prefix	circ	125	early	50	65	38	1	1065	Forbidden	60		45	1
greater-skilltab	Greater Skilltab	prefix	circ	125	mid	66	80	38	1	1065	Forbidden	60		45	1
greater-skilltab	Greater Skilltab	prefix	circ	125	late	81		38	1	1065	Forbidden	60		45	1
greater-skilltab	Greater Skilltab	prefix	circ	125	early	50	65	38	1	1068	Malevolent	60		45	1
greater-skilltab	Greater Skilltab	prefix	circ	125	mid	66	80	38	1	1068	Malevolent	60		45	1
greater-skilltab	Greater Skilltab	prefix	circ	125	late	81		38	1	1068	Malevolent	60		45	1
greater-avatar	Greater Avatar	prefix	circ	137	early	50	65	34	1	332	Boreal	50		40	2
greater-avatar	Greater Avatar	prefix	circ	137	mid	66	80	34	1	332	Boreal	50		40	2
greater-avatar	Greater Avatar	prefix	circ	137	late	81		34	2	332	Boreal	50		40	2
greater-weapon-elemental-prefix	Greater Scorching/Shocking/Pestilent	prefix	circ	138	early	50	65	31	1	336	Smoking	47		37	2
greater-weapon-elemental-prefix	Greater Scorching/Shocking/Pestilent	prefix	circ	138	mid	66	80	31	1	336	Smoking	47		37	2
greater-weapon-elemental-prefix	Greater Scorching/Shocking/Pestilent	prefix	circ	138	late	81		31	2	336	Smoking	47		37	2
greater-weapon-elemental-prefix	Greater Scorching/Shocking/Pestilent	prefix	circ	139	early	50	65	31	1	341	Buzzing	46		36	2
greater-weapon-elemental-prefix	Greater Scorching/Shocking/Pestilent	prefix	circ	139	mid	66	80	31	1	341	Buzzing	46		36	2
greater-weapon-elemental-prefix	Greater Scorching/Shocking/Pestilent	prefix	circ	139	late	81		31	2	341	Buzzing	46		36	2
greater-weapon-elemental-prefix	Greater Scorching/Shocking/Pestilent	prefix	circ	140	early	50	65	13	1	346	Corosive	20		15	2
greater-weapon-elemental-prefix	Greater Scorching/Shocking/Pestilent	prefix	circ	140	mid	66	80	13	1	346	Corosive	20		15	2
greater-weapon-elemental-prefix	Greater Scorching/Shocking/Pestilent	prefix	circ	140	late	81		13	2	346	Corosive	20		15	2
greater-gnostic	Greater Gnostic	prefix	circ	201	early	50	65	64	1	305	Gnostics	85		75	2
greater-gnostic	Greater Gnostic	prefix	circ	201	mid	66	80	64	1	305	Gnostics	85		75	2
greater-gnostic	Greater Gnostic	prefix	circ	201	late	81		64	2	305	Gnostics	85		75	2
greater-gnostic	Greater Gnostic	prefix	circ	201	early	50	65	64	1	309	Gnostics	85		75	2
greater-gnostic	Greater Gnostic	prefix	circ	201	mid	66	80	64	1	309	Gnostics	85		75	2
greater-gnostic	Greater Gnostic	prefix	circ	201	late	81		64	2	309	Gnostics	85		75	2
greater-gnostic	Greater Gnostic	prefix	circ	201	early	50	65	64	1	313	Gnostics	85		75	2
greater-gnostic	Greater Gnostic	prefix	circ	201	mid	66	80	64	1	313	Gnostics	85		75	2
greater-gnostic	Greater Gnostic	prefix	circ	201	late	81		64	2	313	Gnostics	85		75	2
greater-gnostic	Greater Gnostic	prefix	circ	201	early	50	65	68	1	317	Gnostics	85		80	2
greater-gnostic	Greater Gnostic	prefix	circ	201	mid	66	80	68	1	317	Gnostics	85		80	2
greater-gnostic	Greater Gnostic	prefix	circ	201	late	81		68	2	317	Gnostics	85		80	2
greater-gnostic	Greater Gnostic	prefix	circ	201	early	50	65	64	1	321	Gnostics	85		75	2
greater-gnostic	Greater Gnostic	prefix	circ	201	mid	66	80	64	1	321	Gnostics	85		75	2
greater-gnostic	Greater Gnostic	prefix	circ	201	late	81		64	2	321	Gnostics	85		75	2
greater-gnostic	Greater Gnostic	prefix	circ	201	early	50	65	64	1	325	Gnostics	85		75	2
greater-gnostic	Greater Gnostic	prefix	circ	201	mid	66	80	64	1	325	Gnostics	85		75	2
greater-gnostic	Greater Gnostic	prefix	circ	201	late	81		64	2	325	Gnostics	85		75	2
greater-gnostic	Greater Gnostic	prefix	circ	201	early	50	65	64	1	329	Gnostics	85		75	2
greater-gnostic	Greater Gnostic	prefix	circ	201	mid	66	80	64	1	329	Gnostics	85		75	2
greater-gnostic	Greater Gnostic	prefix	circ	201	late	81		64	2	329	Gnostics	85		75	2
greater-gnostic	Greater Gnostic	prefix	circ	201	early	50	65	64	1	1088	Devil's	85		75	2
greater-gnostic	Greater Gnostic	prefix	circ	201	mid	66	80	64	1	1088	Devil's	85		75	2
greater-gnostic	Greater Gnostic	prefix	circ	201	late	81		64	2	1088	Devil's	85		75	2
greater-sage-xp	Greater Sage	prefix	circ	204	early	50	65	58	1	453	Sage's	74		68	4
greater-sage-xp	Greater Sage	prefix	circ	204	mid	66	80	58	3	453	Sage's	74		68	4
greater-sage-xp	Greater Sage	prefix	circ	204	late	81		58	4	453	Sage's	74		68	4
greater-adamantine-wrought	Greater Adamantine-Wrought	prefix	circ	206	early	50	65	55	1	476	Adamantine-Wrought	87		65	4
greater-adamantine-wrought	Greater Adamantine-Wrought	prefix	circ	206	mid	66	80	55	3	476	Adamantine-Wrought	87		65	4
greater-adamantine-wrought	Greater Adamantine-Wrought	prefix	circ	206	late	81		55	4	476	Adamantine-Wrought	87		65	4
greater-elemental-mastery	Greater Elemental Mastery	prefix	circ	209	early	50	65	47	1	505	Pyromaniac's2	55		55	2
greater-elemental-mastery	Greater Elemental Mastery	prefix	circ	209	mid	66	80	47	1	505	Pyromaniac's2	55		55	2
greater-elemental-mastery	Greater Elemental Mastery	prefix	circ	209	late	81		47	2	505	Pyromaniac's2	55		55	2
greater-elemental-mastery	Greater Elemental Mastery	prefix	circ	209	early	50	65	47	1	508	Frost Wyrm's2	55		55	2
greater-elemental-mastery	Greater Elemental Mastery	prefix	circ	209	mid	66	80	47	1	508	Frost Wyrm's2	55		55	2
greater-elemental-mastery	Greater Elemental Mastery	prefix	circ	209	late	81		47	2	508	Frost Wyrm's2	55		55	2
greater-elemental-mastery	Greater Elemental Mastery	prefix	circ	209	early	50	65	47	1	511	Zeus's2	55		55	2
greater-elemental-mastery	Greater Elemental Mastery	prefix	circ	209	mid	66	80	47	1	511	Zeus's2	55		55	2
greater-elemental-mastery	Greater Elemental Mastery	prefix	circ	209	late	81		47	2	511	Zeus's2	55		55	2
greater-elemental-mastery	Greater Elemental Mastery	prefix	circ	209	early	50	65	47	1	514	Manticore's2	55		55	2
greater-elemental-mastery	Greater Elemental Mastery	prefix	circ	209	mid	66	80	47	1	514	Manticore's2	55		55	2
greater-elemental-mastery	Greater Elemental Mastery	prefix	circ	209	late	81		47	2	514	Manticore's2	55		55	2
greater-elemental-pierce	Greater Elemental Pierce	prefix	circ	209	early	50	65	47	1	493	Pyromaniac's2	55		55	2
greater-elemental-pierce	Greater Elemental Pierce	prefix	circ	209	mid	66	80	47	1	493	Pyromaniac's2	55		55	2
greater-elemental-pierce	Greater Elemental Pierce	prefix	circ	209	late	81		47	2	493	Pyromaniac's2	55		55	2
greater-elemental-pierce	Greater Elemental Pierce	prefix	circ	209	early	50	65	47	1	496	Frost Wyrm's2	55		55	2
greater-elemental-pierce	Greater Elemental Pierce	prefix	circ	209	mid	66	80	47	1	496	Frost Wyrm's2	55		55	2
greater-elemental-pierce	Greater Elemental Pierce	prefix	circ	209	late	81		47	2	496	Frost Wyrm's2	55		55	2
greater-elemental-pierce	Greater Elemental Pierce	prefix	circ	209	early	50	65	47	1	499	Zeus's2	55		55	2
greater-elemental-pierce	Greater Elemental Pierce	prefix	circ	209	mid	66	80	47	1	499	Zeus's2	55		55	2
greater-elemental-pierce	Greater Elemental Pierce	prefix	circ	209	late	81		47	2	499	Zeus's2	55		55	2
greater-elemental-pierce	Greater Elemental Pierce	prefix	circ	209	early	50	65	47	1	502	Manticore's2	55		55	2
greater-elemental-pierce	Greater Elemental Pierce	prefix	circ	209	mid	66	80	47	1	502	Manticore's2	55		55	2
greater-elemental-pierce	Greater Elemental Pierce	prefix	circ	209	late	81		47	2	502	Manticore's2	55		55	2
greater-bloody	Greater Bloody	prefix	cjwl	103	early	50	65	75	3	143	Bloody	86		88	8
greater-bloody	Greater Bloody	prefix	cjwl	103	mid	66	80	75	5	143	Bloody	86		88	8
greater-bloody	Greater Bloody	prefix	cjwl	103	late	81		75	8	143	Bloody	86		88	8
greater-serrated	Greater Serrated	prefix	cjwl	104	early	50	65	43	3	140	Vermillion	58		50	8
greater-serrated	Greater Serrated	prefix	cjwl	104	mid	66	80	43	5	140	Vermillion	58		50	8
greater-serrated	Greater Serrated	prefix	cjwl	104	late	81		43	8	140	Vermillion	58		50	8
greater-gritty	Greater Gritty	prefix	cjwl	105	early	50	65	49	3	21	Ruby	66		58	10
greater-gritty	Greater Gritty	prefix	cjwl	105	mid	66	80	49	7	21	Ruby	66		58	10
greater-gritty	Greater Gritty	prefix	cjwl	105	late	81		49	10	21	Ruby	66		58	10
greater-vulpine	Greater Vulpine	prefix	cjwl	107	early	50	65	4	2	413	Dun	7		5	6
greater-vulpine	Greater Vulpine	prefix	cjwl	107	mid	66	80	4	4	413	Dun	7		5	6
greater-vulpine	Greater Vulpine	prefix	cjwl	107	late	81		4	6	413	Dun	7		5	6
greater-platinum	Greater Platinum	prefix	cjwl	110	early	50	65	31	3	124	Argent	44		36	8
greater-platinum	Greater Platinum	prefix	cjwl	110	mid	66	80	31	5	124	Argent	44		36	8
greater-platinum	Greater Platinum	prefix	cjwl	110	late	81		31	8	124	Argent	44		36	8
greater-lucky	Greater Lucky	prefix	cjwl	114	early	50	65	10	3	419	Emerald	16		12	8
greater-lucky	Greater Lucky	prefix	cjwl	114	mid	66	80	10	5	419	Emerald	16		12	8
greater-lucky	Greater Lucky	prefix	cjwl	114	late	81		10	8	419	Emerald	16		12	8
greater-serpents	Greater Serpent's	prefix	cjwl	115	early	50	65	18	1	407	Turquoise	29		21	4
greater-serpents	Greater Serpent's	prefix	cjwl	115	mid	66	80	18	3	407	Turquoise	29		21	4
greater-serpents	Greater Serpent's	prefix	cjwl	115	late	81		18	4	407	Turquoise	29		21	4
greater-shimmering	Greater Shimmering	prefix	cjwl	116	early	50	65	22	1	394	Scintillating	34		26	2
greater-shimmering	Greater Shimmering	prefix	cjwl	116	mid	66	80	22	1	394	Scintillating	34		26	2
greater-shimmering	Greater Shimmering	prefix	cjwl	116	late	81		22	2	394	Scintillating	34		26	2
greater-single-resist-charm	Greater Ruby/Sapphire/Amber/Emerald	prefix	cjwl	117	early	50	65	12	3	356	Sapphire	19		14	8
greater-single-resist-charm	Greater Ruby/Sapphire/Amber/Emerald	prefix	cjwl	117	mid	66	80	12	5	356	Sapphire	19		14	8
greater-single-resist-charm	Greater Ruby/Sapphire/Amber/Emerald	prefix	cjwl	117	late	81		12	8	356	Sapphire	19		14	8
greater-single-resist-charm	Greater Ruby/Sapphire/Amber/Emerald	prefix	cjwl	117	early	50	65	12	3	371	Ambergris	19		14	8
greater-single-resist-charm	Greater Ruby/Sapphire/Amber/Emerald	prefix	cjwl	117	mid	66	80	12	5	371	Ambergris	19		14	8
greater-single-resist-charm	Greater Ruby/Sapphire/Amber/Emerald	prefix	cjwl	117	late	81		12	8	371	Ambergris	19		14	8
greater-single-resist-charm	Greater Ruby/Sapphire/Amber/Emerald	prefix	cjwl	117	early	50	65	12	3	379	Jade	19		14	8
greater-single-resist-charm	Greater Ruby/Sapphire/Amber/Emerald	prefix	cjwl	117	mid	66	80	12	5	379	Jade	19		14	8
greater-single-resist-charm	Greater Ruby/Sapphire/Amber/Emerald	prefix	cjwl	117	late	81		12	8	379	Jade	19		14	8
greater-aureolin	Greater Aureolin	prefix	cjwl	121	early	50	65	14	3	411	Aureolin	22		16	8
greater-aureolin	Greater Aureolin	prefix	cjwl	121	mid	66	80	14	5	411	Aureolin	22		16	8
greater-aureolin	Greater Aureolin	prefix	cjwl	121	late	81		14	8	411	Aureolin	22		16	8
greater-celestial	Greater Celestial	prefix	cjwl	123	early	50	65	16	1	105	Diamond	26		19	2
greater-celestial	Greater Celestial	prefix	cjwl	123	mid	66	80	16	1	105	Diamond	26		19	2
greater-celestial	Greater Celestial	prefix	cjwl	123	late	81		16	2	105	Diamond	26		19	2
greater-divine	Greater Divine	prefix	cjwl	142	early	50	65	11	1	111	Pearl	18		13	2
greater-divine	Greater Divine	prefix	cjwl	142	mid	66	80	11	1	111	Pearl	18		13	2
greater-divine	Greater Divine	prefix	cjwl	142	late	81		11	2	111	Pearl	18		13	2
greater-godly	Greater Godly	prefix	cloa	101	early	50	65	64	37	176	Godly	86		75	110
greater-godly	Greater Godly	prefix	cloa	101	mid	66	80	64	73	176	Godly	86		75	110
greater-godly	Greater Godly	prefix	cloa	101	late	81		64	110	176	Godly	86		75	110
greater-godly	Greater Godly	prefix	cloa	101	early	50	65	64	1	182	Wraithly1	86		75	4
greater-godly	Greater Godly	prefix	cloa	101	mid	66	80	64	3	182	Wraithly1	86		75	4
greater-godly	Greater Godly	prefix	cloa	101	late	81		64	4	182	Wraithly1	86		75	4
greater-godly	Greater Godly	prefix	cloa	101	early	50	65	71	1	189	Invulnerable1	86		83	4
greater-godly	Greater Godly	prefix	cloa	101	mid	66	80	71	3	189	Invulnerable1	86		83	4
greater-godly	Greater Godly	prefix	cloa	101	late	81		71	4	189	Invulnerable1	86		83	4
greater-antimagic-prefix	Greater Antimagic	prefix	cloa	102	early	50	65	68	3	433	Antimagic	86		80	8
greater-antimagic-prefix	Greater Antimagic	prefix	cloa	102	mid	66	80	68	5	433	Antimagic	86		80	8
greater-antimagic-prefix	Greater Antimagic	prefix	cloa	102	late	81		68	8	433	Antimagic	86		80	8
greater-serpents	Greater Serpent's	prefix	cloa	115	early	50	65	33	1	401	Dragon's	52		39	4
greater-serpents	Greater Serpent's	prefix	cloa	115	mid	66	80	33	3	401	Dragon's	52		39	4
greater-serpents	Greater Serpent's	prefix	cloa	115	late	81		33	4	401	Dragon's	52		39	4
greater-single-resist-charm	Greater Ruby/Sapphire/Amber/Emerald	prefix	cloa	117	early	50	65	11	2	352	Cobalt	18		13	6
greater-single-resist-charm	Greater Ruby/Sapphire/Amber/Emerald	prefix	cloa	117	mid	66	80	11	4	352	Cobalt	18		13	6
greater-single-resist-charm	Greater Ruby/Sapphire/Amber/Emerald	prefix	cloa	117	late	81		11	6	352	Cobalt	18		13	6
greater-single-resist-charm	Greater Ruby/Sapphire/Amber/Emerald	prefix	cloa	118	early	50	65	11	2	359	Garnet	18		13	6
greater-single-resist-charm	Greater Ruby/Sapphire/Amber/Emerald	prefix	cloa	118	mid	66	80	11	4	359	Garnet	18		13	6
greater-single-resist-charm	Greater Ruby/Sapphire/Amber/Emerald	prefix	cloa	118	late	81		11	6	359	Garnet	18		13	6
greater-single-resist-charm	Greater Ruby/Sapphire/Amber/Emerald	prefix	cloa	119	early	50	65	11	2	367	Coral	18		13	6
greater-single-resist-charm	Greater Ruby/Sapphire/Amber/Emerald	prefix	cloa	119	mid	66	80	11	4	367	Coral	18		13	6
greater-single-resist-charm	Greater Ruby/Sapphire/Amber/Emerald	prefix	cloa	119	late	81		11	6	367	Coral	18		13	6
greater-single-resist-charm	Greater Ruby/Sapphire/Amber/Emerald	prefix	cloa	120	early	50	65	11	2	375	Jade	18		13	6
greater-single-resist-charm	Greater Ruby/Sapphire/Amber/Emerald	prefix	cloa	120	mid	66	80	11	4	375	Jade	18		13	6
greater-single-resist-charm	Greater Ruby/Sapphire/Amber/Emerald	prefix	cloa	120	late	81		11	6	375	Jade	18		13	6
greater-omniscient	Greater Omniscient	prefix	cloa	125	early	50	65	68	1	192	Omniscient	86		80	2
greater-omniscient	Greater Omniscient	prefix	cloa	125	mid	66	80	68	1	192	Omniscient	86		80	2
greater-omniscient	Greater Omniscient	prefix	cloa	125	late	81		68	2	192	Omniscient	86		80	2
greater-class-skill	Greater class skill	prefix	cloa	125	early	50	65	64	1	195	Valkyrie's	86		75	2
greater-class-skill	Greater class skill	prefix	cloa	125	mid	66	80	64	1	195	Valkyrie's	86		75	2
greater-class-skill	Greater class skill	prefix	cloa	125	late	81		64	2	195	Valkyrie's	86		75	2
greater-class-skill	Greater class skill	prefix	cloa	125	early	50	65	64	1	201	Priest's	86		75	2
greater-class-skill	Greater class skill	prefix	cloa	125	mid	66	80	64	1	201	Priest's	86		75	2
greater-class-skill	Greater class skill	prefix	cloa	125	late	81		64	2	201	Priest's	86		75	2
greater-class-skill	Greater class skill	prefix	cloa	125	early	50	65	64	1	209	Necromancer's	86		75	2
greater-class-skill	Greater class skill	prefix	cloa	125	mid	66	80	64	1	209	Necromancer's	86		75	2
greater-class-skill	Greater class skill	prefix	cloa	125	late	81		64	2	209	Necromancer's	86		75	2
greater-class-skill	Greater class skill	prefix	cloa	125	early	50	65	64	1	215	Arch-Angel's	86		75	2
greater-class-skill	Greater class skill	prefix	cloa	125	mid	66	80	64	1	215	Arch-Angel's	86		75	2
greater-class-skill	Greater class skill	prefix	cloa	125	late	81		64	2	215	Arch-Angel's	86		75	2
greater-class-skill	Greater class skill	prefix	cloa	125	early	50	65	64	1	221	Berserker's	86		75	2
greater-class-skill	Greater class skill	prefix	cloa	125	mid	66	80	64	1	221	Berserker's	86		75	2
greater-class-skill	Greater class skill	prefix	cloa	125	late	81		64	2	221	Berserker's	86		75	2
greater-class-skill	Greater class skill	prefix	cloa	125	early	50	65	64	1	229	Hierophant's	86		75	2
greater-class-skill	Greater class skill	prefix	cloa	125	mid	66	80	64	1	229	Hierophant's	86		75	2
greater-class-skill	Greater class skill	prefix	cloa	125	late	81		64	2	229	Hierophant's	86		75	2
greater-class-skill	Greater class skill	prefix	cloa	125	early	50	65	64	1	235	Witch-hunter's	86		75	2
greater-class-skill	Greater class skill	prefix	cloa	125	mid	66	80	64	1	235	Witch-hunter's	86		75	2
greater-class-skill	Greater class skill	prefix	cloa	125	late	81		64	2	235	Witch-hunter's	86		75	2
greater-sage-xp	Greater Sage	prefix	cloa	204	early	50	65	39	2	452	Sage's	51		46	6
greater-sage-xp	Greater Sage	prefix	cloa	204	mid	66	80	39	4	452	Sage's	51		46	6
greater-sage-xp	Greater Sage	prefix	cloa	204	late	81		39	6	452	Sage's	51		46	6
greater-adamantine-wrought	Greater Adamantine-Wrought	prefix	cloa	206	early	50	65	55	1	476	Adamantine-Wrought	87		65	4
greater-adamantine-wrought	Greater Adamantine-Wrought	prefix	cloa	206	mid	66	80	55	3	476	Adamantine-Wrought	87		65	4
greater-adamantine-wrought	Greater Adamantine-Wrought	prefix	cloa	206	late	81		55	4	476	Adamantine-Wrought	87		65	4
greater-aureole	Greater Aureole	prefix	cloa	207	early	50	65	41	1	491	Aureole	62		48	2
greater-aureole	Greater Aureole	prefix	cloa	207	mid	66	80	41	1	491	Aureole	62		48	2
greater-aureole	Greater Aureole	prefix	cloa	207	late	81		41	2	491	Aureole	62		48	2
greater-grandmasters	Greater Grandmaster's	prefix	club	111	early	50	65	75	1	75	Grandmaster's	84		88	4
greater-grandmasters	Greater Grandmaster's	prefix	club	111	mid	66	80	75	3	75	Grandmaster's	84		88	4
greater-grandmasters	Greater Grandmaster's	prefix	club	111	late	81		75	4	75	Grandmaster's	84		88	4
greater-grandmasters	Greater Grandmaster's	prefix	club	111	early	50	65	75	1	76	Grandmaster's	86		88	2
greater-grandmasters	Greater Grandmaster's	prefix	club	111	mid	66	80	75	1	76	Grandmaster's	86		88	2
greater-grandmasters	Greater Grandmaster's	prefix	club	111	late	81		75	2	76	Grandmaster's	86		88	2
greater-grandmasters	Greater Grandmaster's	prefix	club	111	early	50	65	75	1	77	Grandmaster's	86		88	2
greater-grandmasters	Greater Grandmaster's	prefix	club	111	mid	66	80	75	1	77	Grandmaster's	86		88	2
greater-grandmasters	Greater Grandmaster's	prefix	club	111	late	81		75	2	77	Grandmaster's	86		88	2
greater-grandmasters	Greater Grandmaster's	prefix	club	111	early	50	65	75	1	78	Grandmaster's	86		88	2
greater-grandmasters	Greater Grandmaster's	prefix	club	111	mid	66	80	75	1	78	Grandmaster's	86		88	2
greater-grandmasters	Greater Grandmaster's	prefix	club	111	late	81		75	2	78	Grandmaster's	86		88	2
greater-grandmasters	Greater Grandmaster's	prefix	club	111	early	50	65	68	1	98	Wraithly1	86		80	4
greater-grandmasters	Greater Grandmaster's	prefix	club	111	mid	66	80	68	3	98	Wraithly1	86		80	4
greater-grandmasters	Greater Grandmaster's	prefix	club	111	late	81		68	4	98	Wraithly1	86		80	4
greater-gritty	Greater Gritty	prefix	club	105	early	50	65	55	5	153	Gritty	75		65	14
greater-gritty	Greater Gritty	prefix	club	105	mid	66	80	55	9	153	Gritty	75		65	14
greater-gritty	Greater Gritty	prefix	club	105	late	81		55	14	153	Gritty	75		65	14
greater-platinum	Greater Platinum	prefix	club	110	early	50	65	34	3	120	Weird	44		40	8
greater-platinum	Greater Platinum	prefix	club	110	mid	66	80	34	5	120	Weird	44		40	8
greater-platinum	Greater Platinum	prefix	club	110	late	81		34	8	120	Weird	44		40	8
greater-serpents	Greater Serpent's	prefix	club	115	early	50	65	23	1	398	Serpent's	37		27	4
greater-serpents	Greater Serpent's	prefix	club	115	mid	66	80	23	3	398	Serpent's	37		27	4
greater-serpents	Greater Serpent's	prefix	club	115	late	81		23	4	398	Serpent's	37		27	4
greater-single-resist-charm	Greater Ruby/Sapphire/Amber/Emerald	prefix	club	117	early	50	65	35	1	353	Cobalt	55		41	4
greater-single-resist-charm	Greater Ruby/Sapphire/Amber/Emerald	prefix	club	117	mid	66	80	35	3	353	Cobalt	55		41	4
greater-single-resist-charm	Greater Ruby/Sapphire/Amber/Emerald	prefix	club	117	late	81		35	4	353	Cobalt	55		41	4
greater-single-resist-charm	Greater Ruby/Sapphire/Amber/Emerald	prefix	club	118	early	50	65	35	1	360	Garnet	55		41	2
greater-single-resist-charm	Greater Ruby/Sapphire/Amber/Emerald	prefix	club	118	mid	66	80	35	1	360	Garnet	55		41	2
greater-single-resist-charm	Greater Ruby/Sapphire/Amber/Emerald	prefix	club	118	late	81		35	2	360	Garnet	55		41	2
greater-single-resist-charm	Greater Ruby/Sapphire/Amber/Emerald	prefix	club	119	early	50	65	35	1	368	Coral	55		41	2
greater-single-resist-charm	Greater Ruby/Sapphire/Amber/Emerald	prefix	club	119	mid	66	80	35	1	368	Coral	55		41	2
greater-single-resist-charm	Greater Ruby/Sapphire/Amber/Emerald	prefix	club	119	late	81		35	2	368	Coral	55		41	2
greater-single-resist-charm	Greater Ruby/Sapphire/Amber/Emerald	prefix	club	120	early	50	65	35	1	376	Jade	55		41	2
greater-single-resist-charm	Greater Ruby/Sapphire/Amber/Emerald	prefix	club	120	mid	66	80	35	1	376	Jade	55		41	2
greater-single-resist-charm	Greater Ruby/Sapphire/Amber/Emerald	prefix	club	120	late	81		35	2	376	Jade	55		41	2
greater-aureolin	Greater Aureolin	prefix	club	121	early	50	65	10	3	410	Victorious	17		12	8
greater-aureolin	Greater Aureolin	prefix	club	121	mid	66	80	10	5	410	Victorious	17		12	8
greater-aureolin	Greater Aureolin	prefix	club	121	late	81		10	8	410	Victorious	17		12	8
greater-celestial	Greater Celestial	prefix	club	123	early	50	65	35	1	104	Celestial	55		41	2
greater-celestial	Greater Celestial	prefix	club	123	mid	66	80	35	1	104	Celestial	55		41	2
greater-celestial	Greater Celestial	prefix	club	123	late	81		35	2	104	Celestial	55		41	2
greater-class-skill	Greater class skill	prefix	club	125	early	50	65	36	1	224	Berserker's	50		42	2
greater-class-skill	Greater class skill	prefix	club	125	mid	66	80	36	1	224	Berserker's	50		42	2
greater-class-skill	Greater class skill	prefix	club	125	late	81		36	2	224	Berserker's	50		42	2
greater-class-skill	Greater class skill	prefix	club	125	early	50	65	36	1	232	Hierophant's	50		42	4
greater-class-skill	Greater class skill	prefix	club	125	mid	66	80	36	3	232	Hierophant's	50		42	4
greater-class-skill	Greater class skill	prefix	club	125	late	81		36	4	232	Hierophant's	50		42	4
greater-skilltab	Greater Skilltab	prefix	club	125	early	50	65	38	1	277	Master's	60		45	2
greater-skilltab	Greater Skilltab	prefix	club	125	mid	66	80	38	1	277	Master's	60		45	2
greater-skilltab	Greater Skilltab	prefix	club	125	late	81		38	2	277	Master's	60		45	2
greater-skilltab	Greater Skilltab	prefix	club	125	early	50	65	38	1	280	Furious	60		45	2
greater-skilltab	Greater Skilltab	prefix	club	125	mid	66	80	38	1	280	Furious	60		45	2
greater-skilltab	Greater Skilltab	prefix	club	125	late	81		38	2	280	Furious	60		45	2
greater-skilltab	Greater Skilltab	prefix	club	125	early	50	65	38	1	283	Echoing	60		45	2
greater-skilltab	Greater Skilltab	prefix	club	125	mid	66	80	38	1	283	Echoing	60		45	2
greater-skilltab	Greater Skilltab	prefix	club	125	late	81		38	2	283	Echoing	60		45	2
greater-skilltab	Greater Skilltab	prefix	club	125	early	50	65	38	1	286	Keeper's	60		45	2
greater-skilltab	Greater Skilltab	prefix	club	125	mid	66	80	38	1	286	Keeper's	60		45	2
greater-skilltab	Greater Skilltab	prefix	club	125	late	81		38	2	286	Keeper's	60		45	2
greater-skilltab	Greater Skilltab	prefix	club	125	early	50	65	38	1	289	Communal	60		45	2
greater-skilltab	Greater Skilltab	prefix	club	125	mid	66	80	38	1	289	Communal	60		45	2
greater-skilltab	Greater Skilltab	prefix	club	125	late	81		38	2	289	Communal	60		45	2
greater-skilltab	Greater Skilltab	prefix	club	125	early	50	65	38	1	292	Gaea's	60		45	2
greater-skilltab	Greater Skilltab	prefix	club	125	mid	66	80	38	1	292	Gaea's	60		45	2
greater-skilltab	Greater Skilltab	prefix	club	125	late	81		38	2	292	Gaea's	60		45	2
greater-avatar	Greater Avatar	prefix	club	137	early	50	65	51	1	333	Hibernal	70		60	2
greater-avatar	Greater Avatar	prefix	club	137	mid	66	80	51	1	333	Hibernal	70		60	2
greater-avatar	Greater Avatar	prefix	club	137	late	81		51	2	333	Hibernal	70		60	2
greater-weapon-elemental-prefix	Greater Scorching/Shocking/Pestilent	prefix	club	138	early	50	65	57	1	338	Scorching	77		67	2
greater-weapon-elemental-prefix	Greater Scorching/Shocking/Pestilent	prefix	club	138	mid	66	80	57	1	338	Scorching	77		67	2
greater-weapon-elemental-prefix	Greater Scorching/Shocking/Pestilent	prefix	club	138	late	81		57	2	338	Scorching	77		67	2
greater-weapon-elemental-prefix	Greater Scorching/Shocking/Pestilent	prefix	club	139	early	50	65	56	1	343	Shocking	76		66	2
greater-weapon-elemental-prefix	Greater Scorching/Shocking/Pestilent	prefix	club	139	mid	66	80	56	1	343	Shocking	76		66	2
greater-weapon-elemental-prefix	Greater Scorching/Shocking/Pestilent	prefix	club	139	late	81		56	2	343	Shocking	76		66	2
greater-weapon-elemental-prefix	Greater Scorching/Shocking/Pestilent	prefix	club	140	early	50	65	31	1	348	Pestilent	50		37	2
greater-weapon-elemental-prefix	Greater Scorching/Shocking/Pestilent	prefix	club	140	mid	66	80	31	1	348	Pestilent	50		37	2
greater-weapon-elemental-prefix	Greater Scorching/Shocking/Pestilent	prefix	club	140	late	81		31	2	348	Pestilent	50		37	2
greater-divine	Greater Divine	prefix	club	142	early	50	65	31	1	110	Divine	45		37	2
greater-divine	Greater Divine	prefix	club	142	mid	66	80	31	1	110	Divine	45		37	2
greater-divine	Greater Divine	prefix	club	142	late	81		31	2	110	Divine	45		37	2
greater-veracious	Greater Veracious	prefix	club	200	early	50	65	64	1	134	Veracious1	85		75	2
greater-veracious	Greater Veracious	prefix	club	200	mid	66	80	64	1	134	Veracious1	85		75	2
greater-veracious	Greater Veracious	prefix	club	200	late	81		64	2	134	Veracious1	85		75	2
greater-elemental-prefix	Greater Elemental	prefix	club	203	early	50	65	65	1	449	Elemental1	80		77	2
greater-elemental-prefix	Greater Elemental	prefix	club	203	mid	66	80	65	1	449	Elemental1	80		77	2
greater-elemental-prefix	Greater Elemental	prefix	club	203	late	81		65	2	449	Elemental1	80		77	2
greater-sage-xp	Greater Sage	prefix	club	204	early	50	65	39	2	452	Sage's	51		46	6
greater-sage-xp	Greater Sage	prefix	club	204	mid	66	80	39	4	452	Sage's	51		46	6
greater-sage-xp	Greater Sage	prefix	club	204	late	81		39	6	452	Sage's	51		46	6
greater-adamantine-wrought	Greater Adamantine-Wrought	prefix	club	206	early	50	65	55	1	468	Adamantine-Wrought	87		65	4
greater-adamantine-wrought	Greater Adamantine-Wrought	prefix	club	206	mid	66	80	55	3	468	Adamantine-Wrought	87		65	4
greater-adamantine-wrought	Greater Adamantine-Wrought	prefix	club	206	late	81		55	4	468	Adamantine-Wrought	87		65	4
greater-grandmasters	Greater Grandmaster's	prefix	comb	111	early	50	65	75	1	75	Grandmaster's	84		88	4
greater-grandmasters	Greater Grandmaster's	prefix	comb	111	mid	66	80	75	3	75	Grandmaster's	84		88	4
greater-grandmasters	Greater Grandmaster's	prefix	comb	111	late	81		75	4	75	Grandmaster's	84		88	4
greater-grandmasters	Greater Grandmaster's	prefix	comb	111	early	50	65	75	1	76	Grandmaster's	86		88	2
greater-grandmasters	Greater Grandmaster's	prefix	comb	111	mid	66	80	75	1	76	Grandmaster's	86		88	2
greater-grandmasters	Greater Grandmaster's	prefix	comb	111	late	81		75	2	76	Grandmaster's	86		88	2
greater-grandmasters	Greater Grandmaster's	prefix	comb	111	early	50	65	75	1	77	Grandmaster's	86		88	2
greater-grandmasters	Greater Grandmaster's	prefix	comb	111	mid	66	80	75	1	77	Grandmaster's	86		88	2
greater-grandmasters	Greater Grandmaster's	prefix	comb	111	late	81		75	2	77	Grandmaster's	86		88	2
greater-grandmasters	Greater Grandmaster's	prefix	comb	111	early	50	65	75	1	78	Grandmaster's	86		88	2
greater-grandmasters	Greater Grandmaster's	prefix	comb	111	mid	66	80	75	1	78	Grandmaster's	86		88	2
greater-grandmasters	Greater Grandmaster's	prefix	comb	111	late	81		75	2	78	Grandmaster's	86		88	2
greater-grandmasters	Greater Grandmaster's	prefix	comb	111	early	50	65	68	1	98	Wraithly1	86		80	4
greater-grandmasters	Greater Grandmaster's	prefix	comb	111	mid	66	80	68	3	98	Wraithly1	86		80	4
greater-grandmasters	Greater Grandmaster's	prefix	comb	111	late	81		68	4	98	Wraithly1	86		80	4
greater-gritty	Greater Gritty	prefix	comb	105	early	50	65	55	5	153	Gritty	75		65	14
greater-gritty	Greater Gritty	prefix	comb	105	mid	66	80	55	9	153	Gritty	75		65	14
greater-gritty	Greater Gritty	prefix	comb	105	late	81		55	14	153	Gritty	75		65	14
greater-platinum	Greater Platinum	prefix	comb	110	early	50	65	34	3	120	Weird	44		40	8
greater-platinum	Greater Platinum	prefix	comb	110	mid	66	80	34	5	120	Weird	44		40	8
greater-platinum	Greater Platinum	prefix	comb	110	late	81		34	8	120	Weird	44		40	8
greater-serpents	Greater Serpent's	prefix	comb	115	early	50	65	23	1	398	Serpent's	37		27	4
greater-serpents	Greater Serpent's	prefix	comb	115	mid	66	80	23	3	398	Serpent's	37		27	4
greater-serpents	Greater Serpent's	prefix	comb	115	late	81		23	4	398	Serpent's	37		27	4
greater-single-resist-charm	Greater Ruby/Sapphire/Amber/Emerald	prefix	comb	117	early	50	65	35	1	353	Cobalt	55		41	4
greater-single-resist-charm	Greater Ruby/Sapphire/Amber/Emerald	prefix	comb	117	mid	66	80	35	3	353	Cobalt	55		41	4
greater-single-resist-charm	Greater Ruby/Sapphire/Amber/Emerald	prefix	comb	117	late	81		35	4	353	Cobalt	55		41	4
greater-single-resist-charm	Greater Ruby/Sapphire/Amber/Emerald	prefix	comb	118	early	50	65	35	1	360	Garnet	55		41	2
greater-single-resist-charm	Greater Ruby/Sapphire/Amber/Emerald	prefix	comb	118	mid	66	80	35	1	360	Garnet	55		41	2
greater-single-resist-charm	Greater Ruby/Sapphire/Amber/Emerald	prefix	comb	118	late	81		35	2	360	Garnet	55		41	2
greater-single-resist-charm	Greater Ruby/Sapphire/Amber/Emerald	prefix	comb	119	early	50	65	35	1	368	Coral	55		41	2
greater-single-resist-charm	Greater Ruby/Sapphire/Amber/Emerald	prefix	comb	119	mid	66	80	35	1	368	Coral	55		41	2
greater-single-resist-charm	Greater Ruby/Sapphire/Amber/Emerald	prefix	comb	119	late	81		35	2	368	Coral	55		41	2
greater-single-resist-charm	Greater Ruby/Sapphire/Amber/Emerald	prefix	comb	120	early	50	65	35	1	376	Jade	55		41	2
greater-single-resist-charm	Greater Ruby/Sapphire/Amber/Emerald	prefix	comb	120	mid	66	80	35	1	376	Jade	55		41	2
greater-single-resist-charm	Greater Ruby/Sapphire/Amber/Emerald	prefix	comb	120	late	81		35	2	376	Jade	55		41	2
greater-aureolin	Greater Aureolin	prefix	comb	121	early	50	65	10	3	410	Victorious	17		12	8
greater-aureolin	Greater Aureolin	prefix	comb	121	mid	66	80	10	5	410	Victorious	17		12	8
greater-aureolin	Greater Aureolin	prefix	comb	121	late	81		10	8	410	Victorious	17		12	8
greater-celestial	Greater Celestial	prefix	comb	123	early	50	65	35	1	104	Celestial	55		41	2
greater-celestial	Greater Celestial	prefix	comb	123	mid	66	80	35	1	104	Celestial	55		41	2
greater-celestial	Greater Celestial	prefix	comb	123	late	81		35	2	104	Celestial	55		41	2
greater-skilltab	Greater Skilltab	prefix	comb	125	early	50	65	38	1	277	Master's	60		45	2
greater-skilltab	Greater Skilltab	prefix	comb	125	mid	66	80	38	1	277	Master's	60		45	2
greater-skilltab	Greater Skilltab	prefix	comb	125	late	81		38	2	277	Master's	60		45	2
greater-skilltab	Greater Skilltab	prefix	comb	125	early	50	65	38	1	280	Furious	60		45	2
greater-skilltab	Greater Skilltab	prefix	comb	125	mid	66	80	38	1	280	Furious	60		45	2
greater-skilltab	Greater Skilltab	prefix	comb	125	late	81		38	2	280	Furious	60		45	2
greater-skilltab	Greater Skilltab	prefix	comb	125	early	50	65	38	1	283	Echoing	60		45	2
greater-skilltab	Greater Skilltab	prefix	comb	125	mid	66	80	38	1	283	Echoing	60		45	2
greater-skilltab	Greater Skilltab	prefix	comb	125	late	81		38	2	283	Echoing	60		45	2
greater-avatar	Greater Avatar	prefix	comb	137	early	50	65	51	1	333	Hibernal	70		60	2
greater-avatar	Greater Avatar	prefix	comb	137	mid	66	80	51	1	333	Hibernal	70		60	2
greater-avatar	Greater Avatar	prefix	comb	137	late	81		51	2	333	Hibernal	70		60	2
greater-weapon-elemental-prefix	Greater Scorching/Shocking/Pestilent	prefix	comb	138	early	50	65	57	1	338	Scorching	77		67	2
greater-weapon-elemental-prefix	Greater Scorching/Shocking/Pestilent	prefix	comb	138	mid	66	80	57	1	338	Scorching	77		67	2
greater-weapon-elemental-prefix	Greater Scorching/Shocking/Pestilent	prefix	comb	138	late	81		57	2	338	Scorching	77		67	2
greater-weapon-elemental-prefix	Greater Scorching/Shocking/Pestilent	prefix	comb	139	early	50	65	56	1	343	Shocking	76		66	2
greater-weapon-elemental-prefix	Greater Scorching/Shocking/Pestilent	prefix	comb	139	mid	66	80	56	1	343	Shocking	76		66	2
greater-weapon-elemental-prefix	Greater Scorching/Shocking/Pestilent	prefix	comb	139	late	81		56	2	343	Shocking	76		66	2
greater-weapon-elemental-prefix	Greater Scorching/Shocking/Pestilent	prefix	comb	140	early	50	65	31	1	348	Pestilent	50		37	2
greater-weapon-elemental-prefix	Greater Scorching/Shocking/Pestilent	prefix	comb	140	mid	66	80	31	1	348	Pestilent	50		37	2
greater-weapon-elemental-prefix	Greater Scorching/Shocking/Pestilent	prefix	comb	140	late	81		31	2	348	Pestilent	50		37	2
greater-divine	Greater Divine	prefix	comb	142	early	50	65	31	1	110	Divine	45		37	2
greater-divine	Greater Divine	prefix	comb	142	mid	66	80	31	1	110	Divine	45		37	2
greater-divine	Greater Divine	prefix	comb	142	late	81		31	2	110	Divine	45		37	2
greater-veracious	Greater Veracious	prefix	comb	200	early	50	65	64	1	134	Veracious1	85		75	2
greater-veracious	Greater Veracious	prefix	comb	200	mid	66	80	64	1	134	Veracious1	85		75	2
greater-veracious	Greater Veracious	prefix	comb	200	late	81		64	2	134	Veracious1	85		75	2
greater-elemental-prefix	Greater Elemental	prefix	comb	203	early	50	65	65	1	449	Elemental1	80		77	2
greater-elemental-prefix	Greater Elemental	prefix	comb	203	mid	66	80	65	1	449	Elemental1	80		77	2
greater-elemental-prefix	Greater Elemental	prefix	comb	203	late	81		65	2	449	Elemental1	80		77	2
greater-sage-xp	Greater Sage	prefix	comb	204	early	50	65	39	2	452	Sage's	51		46	6
greater-sage-xp	Greater Sage	prefix	comb	204	mid	66	80	39	4	452	Sage's	51		46	6
greater-sage-xp	Greater Sage	prefix	comb	204	late	81		39	6	452	Sage's	51		46	6
greater-adamantine-wrought	Greater Adamantine-Wrought	prefix	comb	206	early	50	65	55	1	468	Adamantine-Wrought	87		65	4
greater-adamantine-wrought	Greater Adamantine-Wrought	prefix	comb	206	mid	66	80	55	3	468	Adamantine-Wrought	87		65	4
greater-adamantine-wrought	Greater Adamantine-Wrought	prefix	comb	206	late	81		55	4	468	Adamantine-Wrought	87		65	4
greater-godly	Greater Godly	prefix	glov	101	early	50	65	64	37	176	Godly	86		75	110
greater-godly	Greater Godly	prefix	glov	101	mid	66	80	64	73	176	Godly	86		75	110
greater-godly	Greater Godly	prefix	glov	101	late	81		64	110	176	Godly	86		75	110
greater-godly	Greater Godly	prefix	glov	101	early	50	65	64	1	182	Wraithly1	86		75	4
greater-godly	Greater Godly	prefix	glov	101	mid	66	80	64	3	182	Wraithly1	86		75	4
greater-godly	Greater Godly	prefix	glov	101	late	81		64	4	182	Wraithly1	86		75	4
greater-platinum	Greater Platinum	prefix	glov	110	early	50	65	14	4	116	Gold	19		16	12
greater-platinum	Greater Platinum	prefix	glov	110	mid	66	80	14	8	116	Gold	19		16	12
greater-platinum	Greater Platinum	prefix	glov	110	late	81		14	12	116	Gold	19		16	12
greater-serpents	Greater Serpent's	prefix	glov	115	early	50	65	33	1	401	Dragon's	52		39	4
greater-serpents	Greater Serpent's	prefix	glov	115	mid	66	80	33	3	401	Dragon's	52		39	4
greater-serpents	Greater Serpent's	prefix	glov	115	late	81		33	4	401	Dragon's	52		39	4
greater-single-resist-charm	Greater Ruby/Sapphire/Amber/Emerald	prefix	glov	117	early	50	65	11	2	352	Cobalt	18		13	6
greater-single-resist-charm	Greater Ruby/Sapphire/Amber/Emerald	prefix	glov	117	mid	66	80	11	4	352	Cobalt	18		13	6
greater-single-resist-charm	Greater Ruby/Sapphire/Amber/Emerald	prefix	glov	117	late	81		11	6	352	Cobalt	18		13	6
greater-single-resist-charm	Greater Ruby/Sapphire/Amber/Emerald	prefix	glov	118	early	50	65	11	2	359	Garnet	18		13	6
greater-single-resist-charm	Greater Ruby/Sapphire/Amber/Emerald	prefix	glov	118	mid	66	80	11	4	359	Garnet	18		13	6
greater-single-resist-charm	Greater Ruby/Sapphire/Amber/Emerald	prefix	glov	118	late	81		11	6	359	Garnet	18		13	6
greater-single-resist-charm	Greater Ruby/Sapphire/Amber/Emerald	prefix	glov	119	early	50	65	11	2	367	Coral	18		13	6
greater-single-resist-charm	Greater Ruby/Sapphire/Amber/Emerald	prefix	glov	119	mid	66	80	11	4	367	Coral	18		13	6
greater-single-resist-charm	Greater Ruby/Sapphire/Amber/Emerald	prefix	glov	119	late	81		11	6	367	Coral	18		13	6
greater-single-resist-charm	Greater Ruby/Sapphire/Amber/Emerald	prefix	glov	120	early	50	65	11	2	375	Jade	18		13	6
greater-single-resist-charm	Greater Ruby/Sapphire/Amber/Emerald	prefix	glov	120	mid	66	80	11	4	375	Jade	18		13	6
greater-single-resist-charm	Greater Ruby/Sapphire/Amber/Emerald	prefix	glov	120	late	81		11	6	375	Jade	18		13	6
greater-skilltab	Greater Skilltab	prefix	glov	125	early	50	65	38	1	241	Archer's	60		45	2
greater-skilltab	Greater Skilltab	prefix	glov	125	mid	66	80	38	1	241	Archer's	60		45	2
greater-skilltab	Greater Skilltab	prefix	glov	125	late	81		38	2	241	Archer's	60		45	2
greater-skilltab	Greater Skilltab	prefix	glov	125	early	50	65	38	1	244	Athlete's	60		45	2
greater-skilltab	Greater Skilltab	prefix	glov	125	mid	66	80	38	1	244	Athlete's	60		45	2
greater-skilltab	Greater Skilltab	prefix	glov	125	late	81		38	2	244	Athlete's	60		45	2
greater-skilltab	Greater Skilltab	prefix	glov	125	early	50	65	38	1	247	Lancer's	60		45	2
greater-skilltab	Greater Skilltab	prefix	glov	125	mid	66	80	38	1	247	Lancer's	60		45	2
greater-skilltab	Greater Skilltab	prefix	glov	125	late	81		38	2	247	Lancer's	60		45	2
greater-skilltab	Greater Skilltab	prefix	glov	125	early	50	65	38	1	301	Kenshi's	60		45	2
greater-skilltab	Greater Skilltab	prefix	glov	125	mid	66	80	38	1	301	Kenshi's	60		45	2
greater-skilltab	Greater Skilltab	prefix	glov	125	late	81		38	2	301	Kenshi's	60		45	2
greater-veracious	Greater Veracious	prefix	glov	200	early	50	65	64	1	134	Veracious1	85		75	2
greater-veracious	Greater Veracious	prefix	glov	200	mid	66	80	64	1	134	Veracious1	85		75	2
greater-veracious	Greater Veracious	prefix	glov	200	late	81		64	2	134	Veracious1	85		75	2
greater-crushing-fatal	Greater Crushing/Fatal	prefix	glov	202	early	50	65	54	1	442	Crushing1	70		63	4
greater-crushing-fatal	Greater Crushing/Fatal	prefix	glov	202	mid	66	80	54	3	442	Crushing1	70		63	4
greater-crushing-fatal	Greater Crushing/Fatal	prefix	glov	202	late	81		54	4	442	Crushing1	70		63	4
greater-crushing-fatal	Greater Crushing/Fatal	prefix	glov	202	early	50	65	54	1	445	Fatal	70		63	4
greater-crushing-fatal	Greater Crushing/Fatal	prefix	glov	202	mid	66	80	54	3	445	Fatal	70		63	4
greater-crushing-fatal	Greater Crushing/Fatal	prefix	glov	202	late	81		54	4	445	Fatal	70		63	4
greater-sage-xp	Greater Sage	prefix	glov	204	early	50	65	39	2	452	Sage's	51		46	6
greater-sage-xp	Greater Sage	prefix	glov	204	mid	66	80	39	4	452	Sage's	51		46	6
greater-sage-xp	Greater Sage	prefix	glov	204	late	81		39	6	452	Sage's	51		46	6
greater-adamantine-wrought	Greater Adamantine-Wrought	prefix	glov	206	early	50	65	55	1	476	Adamantine-Wrought	87		65	4
greater-adamantine-wrought	Greater Adamantine-Wrought	prefix	glov	206	mid	66	80	55	3	476	Adamantine-Wrought	87		65	4
greater-adamantine-wrought	Greater Adamantine-Wrought	prefix	glov	206	late	81		55	4	476	Adamantine-Wrought	87		65	4
greater-godly	Greater Godly	prefix	grim	101	early	50	65	64	37	176	Godly	86		75	110
greater-godly	Greater Godly	prefix	grim	101	mid	66	80	64	73	176	Godly	86		75	110
greater-godly	Greater Godly	prefix	grim	101	late	81		64	110	176	Godly	86		75	110
greater-godly	Greater Godly	prefix	grim	101	early	50	65	64	1	182	Wraithly1	86		75	4
greater-godly	Greater Godly	prefix	grim	101	mid	66	80	64	3	182	Wraithly1	86		75	4
greater-godly	Greater Godly	prefix	grim	101	late	81		64	4	182	Wraithly1	86		75	4
greater-godly	Greater Godly	prefix	grim	101	early	50	65	71	1	189	Invulnerable1	86		83	4
greater-godly	Greater Godly	prefix	grim	101	mid	66	80	71	3	189	Invulnerable1	86		83	4
greater-godly	Greater Godly	prefix	grim	101	late	81		71	4	189	Invulnerable1	86		83	4
greater-antimagic-prefix	Greater Antimagic	prefix	grim	102	early	50	65	68	3	433	Antimagic	86		80	8
greater-antimagic-prefix	Greater Antimagic	prefix	grim	102	mid	66	80	68	5	433	Antimagic	86		80	8
greater-antimagic-prefix	Greater Antimagic	prefix	grim	102	late	81		68	8	433	Antimagic	86		80	8
greater-vulpine	Greater Vulpine	prefix	grim	107	early	50	65	5	2	412	Vulpine	9		6	6
greater-vulpine	Greater Vulpine	prefix	grim	107	mid	66	80	5	4	412	Vulpine	9		6	6
greater-vulpine	Greater Vulpine	prefix	grim	107	late	81		5	6	412	Vulpine	9		6	6
greater-serpents	Greater Serpent's	prefix	grim	115	early	50	65	9	2	397	Serpent's	14		10	6
greater-serpents	Greater Serpent's	prefix	grim	115	mid	66	80	9	4	397	Serpent's	14		10	6
greater-serpents	Greater Serpent's	prefix	grim	115	late	81		9	6	397	Serpent's	14		10	6
greater-shimmering	Greater Shimmering	prefix	grim	116	early	50	65	36	3	384	Chromatic	50		42	8
greater-shimmering	Greater Shimmering	prefix	grim	116	mid	66	80	36	5	384	Chromatic	50		42	8
greater-shimmering	Greater Shimmering	prefix	grim	116	late	81		36	8	384	Chromatic	50		42	8
greater-single-resist-charm	Greater Ruby/Sapphire/Amber/Emerald	prefix	grim	117	early	50	65	11	2	352	Cobalt	18		13	6
greater-single-resist-charm	Greater Ruby/Sapphire/Amber/Emerald	prefix	grim	117	mid	66	80	11	4	352	Cobalt	18		13	6
greater-single-resist-charm	Greater Ruby/Sapphire/Amber/Emerald	prefix	grim	117	late	81		11	6	352	Cobalt	18		13	6
greater-single-resist-charm	Greater Ruby/Sapphire/Amber/Emerald	prefix	grim	118	early	50	65	11	2	359	Garnet	18		13	6
greater-single-resist-charm	Greater Ruby/Sapphire/Amber/Emerald	prefix	grim	118	mid	66	80	11	4	359	Garnet	18		13	6
greater-single-resist-charm	Greater Ruby/Sapphire/Amber/Emerald	prefix	grim	118	late	81		11	6	359	Garnet	18		13	6
greater-single-resist-charm	Greater Ruby/Sapphire/Amber/Emerald	prefix	grim	119	early	50	65	11	2	367	Coral	18		13	6
greater-single-resist-charm	Greater Ruby/Sapphire/Amber/Emerald	prefix	grim	119	mid	66	80	11	4	367	Coral	18		13	6
greater-single-resist-charm	Greater Ruby/Sapphire/Amber/Emerald	prefix	grim	119	late	81		11	6	367	Coral	18		13	6
greater-single-resist-charm	Greater Ruby/Sapphire/Amber/Emerald	prefix	grim	120	early	50	65	11	2	375	Jade	18		13	6
greater-single-resist-charm	Greater Ruby/Sapphire/Amber/Emerald	prefix	grim	120	mid	66	80	11	4	375	Jade	18		13	6
greater-single-resist-charm	Greater Ruby/Sapphire/Amber/Emerald	prefix	grim	120	late	81		11	6	375	Jade	18		13	6
greater-omniscient	Greater Omniscient	prefix	grim	125	early	50	65	43	1	190	Sage's	59		50	2
greater-omniscient	Greater Omniscient	prefix	grim	125	mid	66	80	43	1	190	Sage's	59		50	2
greater-omniscient	Greater Omniscient	prefix	grim	125	late	81		43	2	190	Sage's	59		50	2
greater-class-skill	Greater class skill	prefix	grim	125	early	50	65	49	1	206	Priest's	65		58	4
greater-class-skill	Greater class skill	prefix	grim	125	mid	66	80	49	3	206	Priest's	65		58	4
greater-class-skill	Greater class skill	prefix	grim	125	late	81		49	4	206	Priest's	65		58	4
greater-class-skill	Greater class skill	prefix	grim	125	early	50	65	36	1	1072	Arch-Devil's	50		42	2
greater-class-skill	Greater class skill	prefix	grim	125	mid	66	80	36	1	1072	Arch-Devil's	50		42	2
greater-class-skill	Greater class skill	prefix	grim	125	late	81		36	2	1072	Arch-Devil's	50		42	2
greater-skilltab	Greater Skilltab	prefix	grim	125	early	50	65	38	1	268	Rose Branded	60		45	2
greater-skilltab	Greater Skilltab	prefix	grim	125	mid	66	80	38	1	268	Rose Branded	60		45	2
greater-skilltab	Greater Skilltab	prefix	grim	125	late	81		38	2	268	Rose Branded	60		45	2
greater-skilltab	Greater Skilltab	prefix	grim	125	early	50	65	38	1	271	Marshal's	60		45	2
greater-skilltab	Greater Skilltab	prefix	grim	125	mid	66	80	38	1	271	Marshal's	60		45	2
greater-skilltab	Greater Skilltab	prefix	grim	125	late	81		38	2	271	Marshal's	60		45	2
greater-skilltab	Greater Skilltab	prefix	grim	125	early	50	65	38	1	274	Guardian's	60		45	2
greater-skilltab	Greater Skilltab	prefix	grim	125	mid	66	80	38	1	274	Guardian's	60		45	2
greater-skilltab	Greater Skilltab	prefix	grim	125	late	81		38	2	274	Guardian's	60		45	2
greater-skilltab	Greater Skilltab	prefix	grim	125	early	50	65	38	1	1062	Torrid	60		45	1
greater-skilltab	Greater Skilltab	prefix	grim	125	mid	66	80	38	1	1062	Torrid	60		45	1
greater-skilltab	Greater Skilltab	prefix	grim	125	late	81		38	1	1062	Torrid	60		45	1
greater-skilltab	Greater Skilltab	prefix	grim	125	early	50	65	38	1	1065	Forbidden	60		45	1
greater-skilltab	Greater Skilltab	prefix	grim	125	mid	66	80	38	1	1065	Forbidden	60		45	1
greater-skilltab	Greater Skilltab	prefix	grim	125	late	81		38	1	1065	Forbidden	60		45	1
greater-skilltab	Greater Skilltab	prefix	grim	125	early	50	65	38	1	1068	Malevolent	60		45	1
greater-skilltab	Greater Skilltab	prefix	grim	125	mid	66	80	38	1	1068	Malevolent	60		45	1
greater-skilltab	Greater Skilltab	prefix	grim	125	late	81		38	1	1068	Malevolent	60		45	1
greater-sage-xp	Greater Sage	prefix	grim	204	early	50	65	39	2	452	Sage's	51		46	6
greater-sage-xp	Greater Sage	prefix	grim	204	mid	66	80	39	4	452	Sage's	51		46	6
greater-sage-xp	Greater Sage	prefix	grim	204	late	81		39	6	452	Sage's	51		46	6
greater-adamantine-wrought	Greater Adamantine-Wrought	prefix	grim	206	early	50	65	55	1	476	Adamantine-Wrought	87		65	4
greater-adamantine-wrought	Greater Adamantine-Wrought	prefix	grim	206	mid	66	80	55	3	476	Adamantine-Wrought	87		65	4
greater-adamantine-wrought	Greater Adamantine-Wrought	prefix	grim	206	late	81		55	4	476	Adamantine-Wrought	87		65	4
greater-grandmasters	Greater Grandmaster's	prefix	h2h	111	early	50	65	75	1	75	Grandmaster's	84		88	4
greater-grandmasters	Greater Grandmaster's	prefix	h2h	111	mid	66	80	75	3	75	Grandmaster's	84		88	4
greater-grandmasters	Greater Grandmaster's	prefix	h2h	111	late	81		75	4	75	Grandmaster's	84		88	4
greater-grandmasters	Greater Grandmaster's	prefix	h2h	111	early	50	65	75	1	76	Grandmaster's	86		88	2
greater-grandmasters	Greater Grandmaster's	prefix	h2h	111	mid	66	80	75	1	76	Grandmaster's	86		88	2
greater-grandmasters	Greater Grandmaster's	prefix	h2h	111	late	81		75	2	76	Grandmaster's	86		88	2
greater-grandmasters	Greater Grandmaster's	prefix	h2h	111	early	50	65	75	1	77	Grandmaster's	86		88	2
greater-grandmasters	Greater Grandmaster's	prefix	h2h	111	mid	66	80	75	1	77	Grandmaster's	86		88	2
greater-grandmasters	Greater Grandmaster's	prefix	h2h	111	late	81		75	2	77	Grandmaster's	86		88	2
greater-grandmasters	Greater Grandmaster's	prefix	h2h	111	early	50	65	75	1	78	Grandmaster's	86		88	2
greater-grandmasters	Greater Grandmaster's	prefix	h2h	111	mid	66	80	75	1	78	Grandmaster's	86		88	2
greater-grandmasters	Greater Grandmaster's	prefix	h2h	111	late	81		75	2	78	Grandmaster's	86		88	2
greater-grandmasters	Greater Grandmaster's	prefix	h2h	111	early	50	65	68	1	98	Wraithly1	86		80	4
greater-grandmasters	Greater Grandmaster's	prefix	h2h	111	mid	66	80	68	3	98	Wraithly1	86		80	4
greater-grandmasters	Greater Grandmaster's	prefix	h2h	111	late	81		68	4	98	Wraithly1	86		80	4
greater-gritty	Greater Gritty	prefix	h2h	105	early	50	65	55	5	153	Gritty	75		65	14
greater-gritty	Greater Gritty	prefix	h2h	105	mid	66	80	55	9	153	Gritty	75		65	14
greater-gritty	Greater Gritty	prefix	h2h	105	late	81		55	14	153	Gritty	75		65	14
greater-platinum	Greater Platinum	prefix	h2h	110	early	50	65	34	3	120	Weird	44		40	8
greater-platinum	Greater Platinum	prefix	h2h	110	mid	66	80	34	5	120	Weird	44		40	8
greater-platinum	Greater Platinum	prefix	h2h	110	late	81		34	8	120	Weird	44		40	8
greater-serpents	Greater Serpent's	prefix	h2h	115	early	50	65	23	1	398	Serpent's	37		27	4
greater-serpents	Greater Serpent's	prefix	h2h	115	mid	66	80	23	3	398	Serpent's	37		27	4
greater-serpents	Greater Serpent's	prefix	h2h	115	late	81		23	4	398	Serpent's	37		27	4
greater-single-resist-charm	Greater Ruby/Sapphire/Amber/Emerald	prefix	h2h	117	early	50	65	35	1	353	Cobalt	55		41	4
greater-single-resist-charm	Greater Ruby/Sapphire/Amber/Emerald	prefix	h2h	117	mid	66	80	35	3	353	Cobalt	55		41	4
greater-single-resist-charm	Greater Ruby/Sapphire/Amber/Emerald	prefix	h2h	117	late	81		35	4	353	Cobalt	55		41	4
greater-single-resist-charm	Greater Ruby/Sapphire/Amber/Emerald	prefix	h2h	118	early	50	65	35	1	360	Garnet	55		41	2
greater-single-resist-charm	Greater Ruby/Sapphire/Amber/Emerald	prefix	h2h	118	mid	66	80	35	1	360	Garnet	55		41	2
greater-single-resist-charm	Greater Ruby/Sapphire/Amber/Emerald	prefix	h2h	118	late	81		35	2	360	Garnet	55		41	2
greater-single-resist-charm	Greater Ruby/Sapphire/Amber/Emerald	prefix	h2h	119	early	50	65	35	1	368	Coral	55		41	2
greater-single-resist-charm	Greater Ruby/Sapphire/Amber/Emerald	prefix	h2h	119	mid	66	80	35	1	368	Coral	55		41	2
greater-single-resist-charm	Greater Ruby/Sapphire/Amber/Emerald	prefix	h2h	119	late	81		35	2	368	Coral	55		41	2
greater-single-resist-charm	Greater Ruby/Sapphire/Amber/Emerald	prefix	h2h	120	early	50	65	35	1	376	Jade	55		41	2
greater-single-resist-charm	Greater Ruby/Sapphire/Amber/Emerald	prefix	h2h	120	mid	66	80	35	1	376	Jade	55		41	2
greater-single-resist-charm	Greater Ruby/Sapphire/Amber/Emerald	prefix	h2h	120	late	81		35	2	376	Jade	55		41	2
greater-aureolin	Greater Aureolin	prefix	h2h	121	early	50	65	10	3	410	Victorious	17		12	8
greater-aureolin	Greater Aureolin	prefix	h2h	121	mid	66	80	10	5	410	Victorious	17		12	8
greater-aureolin	Greater Aureolin	prefix	h2h	121	late	81		10	8	410	Victorious	17		12	8
greater-celestial	Greater Celestial	prefix	h2h	123	early	50	65	35	1	104	Celestial	55		41	2
greater-celestial	Greater Celestial	prefix	h2h	123	mid	66	80	35	1	104	Celestial	55		41	2
greater-celestial	Greater Celestial	prefix	h2h	123	late	81		35	2	104	Celestial	55		41	2
greater-class-skill	Greater class skill	prefix	h2h	125	early	50	65	36	1	238	Witch-hunter's	50		42	4
greater-class-skill	Greater class skill	prefix	h2h	125	mid	66	80	36	3	238	Witch-hunter's	50		42	4
greater-class-skill	Greater class skill	prefix	h2h	125	late	81		36	4	238	Witch-hunter's	50		42	4
greater-skilltab	Greater Skilltab	prefix	h2h	125	early	50	65	38	1	277	Master's	60		45	2
greater-skilltab	Greater Skilltab	prefix	h2h	125	mid	66	80	38	1	277	Master's	60		45	2
greater-skilltab	Greater Skilltab	prefix	h2h	125	late	81		38	2	277	Master's	60		45	2
greater-skilltab	Greater Skilltab	prefix	h2h	125	early	50	65	38	1	280	Furious	60		45	2
greater-skilltab	Greater Skilltab	prefix	h2h	125	mid	66	80	38	1	280	Furious	60		45	2
greater-skilltab	Greater Skilltab	prefix	h2h	125	late	81		38	2	280	Furious	60		45	2
greater-skilltab	Greater Skilltab	prefix	h2h	125	early	50	65	38	1	283	Echoing	60		45	2
greater-skilltab	Greater Skilltab	prefix	h2h	125	mid	66	80	38	1	283	Echoing	60		45	2
greater-skilltab	Greater Skilltab	prefix	h2h	125	late	81		38	2	283	Echoing	60		45	2
greater-skilltab	Greater Skilltab	prefix	h2h	125	early	50	65	38	1	295	Cunning	60		45	2
greater-skilltab	Greater Skilltab	prefix	h2h	125	mid	66	80	38	1	295	Cunning	60		45	2
greater-skilltab	Greater Skilltab	prefix	h2h	125	late	81		38	2	295	Cunning	60		45	2
greater-skilltab	Greater Skilltab	prefix	h2h	125	early	50	65	38	1	298	Shadow	60		45	2
greater-skilltab	Greater Skilltab	prefix	h2h	125	mid	66	80	38	1	298	Shadow	60		45	2
greater-skilltab	Greater Skilltab	prefix	h2h	125	late	81		38	2	298	Shadow	60		45	2
greater-skilltab	Greater Skilltab	prefix	h2h	125	early	50	65	38	1	301	Kenshi's	60		45	2
greater-skilltab	Greater Skilltab	prefix	h2h	125	mid	66	80	38	1	301	Kenshi's	60		45	2
greater-skilltab	Greater Skilltab	prefix	h2h	125	late	81		38	2	301	Kenshi's	60		45	2
greater-avatar	Greater Avatar	prefix	h2h	137	early	50	65	51	1	333	Hibernal	70		60	2
greater-avatar	Greater Avatar	prefix	h2h	137	mid	66	80	51	1	333	Hibernal	70		60	2
greater-avatar	Greater Avatar	prefix	h2h	137	late	81		51	2	333	Hibernal	70		60	2
greater-weapon-elemental-prefix	Greater Scorching/Shocking/Pestilent	prefix	h2h	138	early	50	65	57	1	338	Scorching	77		67	2
greater-weapon-elemental-prefix	Greater Scorching/Shocking/Pestilent	prefix	h2h	138	mid	66	80	57	1	338	Scorching	77		67	2
greater-weapon-elemental-prefix	Greater Scorching/Shocking/Pestilent	prefix	h2h	138	late	81		57	2	338	Scorching	77		67	2
greater-weapon-elemental-prefix	Greater Scorching/Shocking/Pestilent	prefix	h2h	139	early	50	65	56	1	343	Shocking	76		66	2
greater-weapon-elemental-prefix	Greater Scorching/Shocking/Pestilent	prefix	h2h	139	mid	66	80	56	1	343	Shocking	76		66	2
greater-weapon-elemental-prefix	Greater Scorching/Shocking/Pestilent	prefix	h2h	139	late	81		56	2	343	Shocking	76		66	2
greater-weapon-elemental-prefix	Greater Scorching/Shocking/Pestilent	prefix	h2h	140	early	50	65	31	1	348	Pestilent	50		37	2
greater-weapon-elemental-prefix	Greater Scorching/Shocking/Pestilent	prefix	h2h	140	mid	66	80	31	1	348	Pestilent	50		37	2
greater-weapon-elemental-prefix	Greater Scorching/Shocking/Pestilent	prefix	h2h	140	late	81		31	2	348	Pestilent	50		37	2
greater-divine	Greater Divine	prefix	h2h	142	early	50	65	31	1	110	Divine	45		37	2
greater-divine	Greater Divine	prefix	h2h	142	mid	66	80	31	1	110	Divine	45		37	2
greater-divine	Greater Divine	prefix	h2h	142	late	81		31	2	110	Divine	45		37	2
greater-veracious	Greater Veracious	prefix	h2h	200	early	50	65	64	1	134	Veracious1	85		75	2
greater-veracious	Greater Veracious	prefix	h2h	200	mid	66	80	64	1	134	Veracious1	85		75	2
greater-veracious	Greater Veracious	prefix	h2h	200	late	81		64	2	134	Veracious1	85		75	2
greater-elemental-prefix	Greater Elemental	prefix	h2h	203	early	50	65	65	1	449	Elemental1	80		77	2
greater-elemental-prefix	Greater Elemental	prefix	h2h	203	mid	66	80	65	1	449	Elemental1	80		77	2
greater-elemental-prefix	Greater Elemental	prefix	h2h	203	late	81		65	2	449	Elemental1	80		77	2
greater-sage-xp	Greater Sage	prefix	h2h	204	early	50	65	39	2	452	Sage's	51		46	6
greater-sage-xp	Greater Sage	prefix	h2h	204	mid	66	80	39	4	452	Sage's	51		46	6
greater-sage-xp	Greater Sage	prefix	h2h	204	late	81		39	6	452	Sage's	51		46	6
greater-adamantine-wrought	Greater Adamantine-Wrought	prefix	h2h	206	early	50	65	55	1	468	Adamantine-Wrought	87		65	4
greater-adamantine-wrought	Greater Adamantine-Wrought	prefix	h2h	206	mid	66	80	55	3	468	Adamantine-Wrought	87		65	4
greater-adamantine-wrought	Greater Adamantine-Wrought	prefix	h2h	206	late	81		55	4	468	Adamantine-Wrought	87		65	4
greater-grandmasters	Greater Grandmaster's	prefix	h2h2	111	early	50	65	75	1	75	Grandmaster's	84		88	4
greater-grandmasters	Greater Grandmaster's	prefix	h2h2	111	mid	66	80	75	3	75	Grandmaster's	84		88	4
greater-grandmasters	Greater Grandmaster's	prefix	h2h2	111	late	81		75	4	75	Grandmaster's	84		88	4
greater-grandmasters	Greater Grandmaster's	prefix	h2h2	111	early	50	65	75	1	76	Grandmaster's	86		88	2
greater-grandmasters	Greater Grandmaster's	prefix	h2h2	111	mid	66	80	75	1	76	Grandmaster's	86		88	2
greater-grandmasters	Greater Grandmaster's	prefix	h2h2	111	late	81		75	2	76	Grandmaster's	86		88	2
greater-grandmasters	Greater Grandmaster's	prefix	h2h2	111	early	50	65	75	1	77	Grandmaster's	86		88	2
greater-grandmasters	Greater Grandmaster's	prefix	h2h2	111	mid	66	80	75	1	77	Grandmaster's	86		88	2
greater-grandmasters	Greater Grandmaster's	prefix	h2h2	111	late	81		75	2	77	Grandmaster's	86		88	2
greater-grandmasters	Greater Grandmaster's	prefix	h2h2	111	early	50	65	75	1	78	Grandmaster's	86		88	2
greater-grandmasters	Greater Grandmaster's	prefix	h2h2	111	mid	66	80	75	1	78	Grandmaster's	86		88	2
greater-grandmasters	Greater Grandmaster's	prefix	h2h2	111	late	81		75	2	78	Grandmaster's	86		88	2
greater-grandmasters	Greater Grandmaster's	prefix	h2h2	111	early	50	65	68	1	98	Wraithly1	86		80	4
greater-grandmasters	Greater Grandmaster's	prefix	h2h2	111	mid	66	80	68	3	98	Wraithly1	86		80	4
greater-grandmasters	Greater Grandmaster's	prefix	h2h2	111	late	81		68	4	98	Wraithly1	86		80	4
greater-gritty	Greater Gritty	prefix	h2h2	105	early	50	65	55	5	153	Gritty	75		65	14
greater-gritty	Greater Gritty	prefix	h2h2	105	mid	66	80	55	9	153	Gritty	75		65	14
greater-gritty	Greater Gritty	prefix	h2h2	105	late	81		55	14	153	Gritty	75		65	14
greater-platinum	Greater Platinum	prefix	h2h2	110	early	50	65	34	3	120	Weird	44		40	8
greater-platinum	Greater Platinum	prefix	h2h2	110	mid	66	80	34	5	120	Weird	44		40	8
greater-platinum	Greater Platinum	prefix	h2h2	110	late	81		34	8	120	Weird	44		40	8
greater-serpents	Greater Serpent's	prefix	h2h2	115	early	50	65	23	1	398	Serpent's	37		27	4
greater-serpents	Greater Serpent's	prefix	h2h2	115	mid	66	80	23	3	398	Serpent's	37		27	4
greater-serpents	Greater Serpent's	prefix	h2h2	115	late	81		23	4	398	Serpent's	37		27	4
greater-single-resist-charm	Greater Ruby/Sapphire/Amber/Emerald	prefix	h2h2	117	early	50	65	35	1	353	Cobalt	55		41	4
greater-single-resist-charm	Greater Ruby/Sapphire/Amber/Emerald	prefix	h2h2	117	mid	66	80	35	3	353	Cobalt	55		41	4
greater-single-resist-charm	Greater Ruby/Sapphire/Amber/Emerald	prefix	h2h2	117	late	81		35	4	353	Cobalt	55		41	4
greater-single-resist-charm	Greater Ruby/Sapphire/Amber/Emerald	prefix	h2h2	118	early	50	65	35	1	360	Garnet	55		41	2
greater-single-resist-charm	Greater Ruby/Sapphire/Amber/Emerald	prefix	h2h2	118	mid	66	80	35	1	360	Garnet	55		41	2
greater-single-resist-charm	Greater Ruby/Sapphire/Amber/Emerald	prefix	h2h2	118	late	81		35	2	360	Garnet	55		41	2
greater-single-resist-charm	Greater Ruby/Sapphire/Amber/Emerald	prefix	h2h2	119	early	50	65	35	1	368	Coral	55		41	2
greater-single-resist-charm	Greater Ruby/Sapphire/Amber/Emerald	prefix	h2h2	119	mid	66	80	35	1	368	Coral	55		41	2
greater-single-resist-charm	Greater Ruby/Sapphire/Amber/Emerald	prefix	h2h2	119	late	81		35	2	368	Coral	55		41	2
greater-single-resist-charm	Greater Ruby/Sapphire/Amber/Emerald	prefix	h2h2	120	early	50	65	35	1	376	Jade	55		41	2
greater-single-resist-charm	Greater Ruby/Sapphire/Amber/Emerald	prefix	h2h2	120	mid	66	80	35	1	376	Jade	55		41	2
greater-single-resist-charm	Greater Ruby/Sapphire/Amber/Emerald	prefix	h2h2	120	late	81		35	2	376	Jade	55		41	2
greater-aureolin	Greater Aureolin	prefix	h2h2	121	early	50	65	10	3	410	Victorious	17		12	8
greater-aureolin	Greater Aureolin	prefix	h2h2	121	mid	66	80	10	5	410	Victorious	17		12	8
greater-aureolin	Greater Aureolin	prefix	h2h2	121	late	81		10	8	410	Victorious	17		12	8
greater-celestial	Greater Celestial	prefix	h2h2	123	early	50	65	35	1	104	Celestial	55		41	2
greater-celestial	Greater Celestial	prefix	h2h2	123	mid	66	80	35	1	104	Celestial	55		41	2
greater-celestial	Greater Celestial	prefix	h2h2	123	late	81		35	2	104	Celestial	55		41	2
greater-class-skill	Greater class skill	prefix	h2h2	125	early	50	65	36	1	238	Witch-hunter's	50		42	4
greater-class-skill	Greater class skill	prefix	h2h2	125	mid	66	80	36	3	238	Witch-hunter's	50		42	4
greater-class-skill	Greater class skill	prefix	h2h2	125	late	81		36	4	238	Witch-hunter's	50		42	4
greater-skilltab	Greater Skilltab	prefix	h2h2	125	early	50	65	38	1	277	Master's	60		45	2
greater-skilltab	Greater Skilltab	prefix	h2h2	125	mid	66	80	38	1	277	Master's	60		45	2
greater-skilltab	Greater Skilltab	prefix	h2h2	125	late	81		38	2	277	Master's	60		45	2
greater-skilltab	Greater Skilltab	prefix	h2h2	125	early	50	65	38	1	280	Furious	60		45	2
greater-skilltab	Greater Skilltab	prefix	h2h2	125	mid	66	80	38	1	280	Furious	60		45	2
greater-skilltab	Greater Skilltab	prefix	h2h2	125	late	81		38	2	280	Furious	60		45	2
greater-skilltab	Greater Skilltab	prefix	h2h2	125	early	50	65	38	1	283	Echoing	60		45	2
greater-skilltab	Greater Skilltab	prefix	h2h2	125	mid	66	80	38	1	283	Echoing	60		45	2
greater-skilltab	Greater Skilltab	prefix	h2h2	125	late	81		38	2	283	Echoing	60		45	2
greater-skilltab	Greater Skilltab	prefix	h2h2	125	early	50	65	38	1	295	Cunning	60		45	2
greater-skilltab	Greater Skilltab	prefix	h2h2	125	mid	66	80	38	1	295	Cunning	60		45	2
greater-skilltab	Greater Skilltab	prefix	h2h2	125	late	81		38	2	295	Cunning	60		45	2
greater-skilltab	Greater Skilltab	prefix	h2h2	125	early	50	65	38	1	298	Shadow	60		45	2
greater-skilltab	Greater Skilltab	prefix	h2h2	125	mid	66	80	38	1	298	Shadow	60		45	2
greater-skilltab	Greater Skilltab	prefix	h2h2	125	late	81		38	2	298	Shadow	60		45	2
greater-skilltab	Greater Skilltab	prefix	h2h2	125	early	50	65	38	1	301	Kenshi's	60		45	2
greater-skilltab	Greater Skilltab	prefix	h2h2	125	mid	66	80	38	1	301	Kenshi's	60		45	2
greater-skilltab	Greater Skilltab	prefix	h2h2	125	late	81		38	2	301	Kenshi's	60		45	2
greater-avatar	Greater Avatar	prefix	h2h2	137	early	50	65	51	1	333	Hibernal	70		60	2
greater-avatar	Greater Avatar	prefix	h2h2	137	mid	66	80	51	1	333	Hibernal	70		60	2
greater-avatar	Greater Avatar	prefix	h2h2	137	late	81		51	2	333	Hibernal	70		60	2
greater-weapon-elemental-prefix	Greater Scorching/Shocking/Pestilent	prefix	h2h2	138	early	50	65	57	1	338	Scorching	77		67	2
greater-weapon-elemental-prefix	Greater Scorching/Shocking/Pestilent	prefix	h2h2	138	mid	66	80	57	1	338	Scorching	77		67	2
greater-weapon-elemental-prefix	Greater Scorching/Shocking/Pestilent	prefix	h2h2	138	late	81		57	2	338	Scorching	77		67	2
greater-weapon-elemental-prefix	Greater Scorching/Shocking/Pestilent	prefix	h2h2	139	early	50	65	56	1	343	Shocking	76		66	2
greater-weapon-elemental-prefix	Greater Scorching/Shocking/Pestilent	prefix	h2h2	139	mid	66	80	56	1	343	Shocking	76		66	2
greater-weapon-elemental-prefix	Greater Scorching/Shocking/Pestilent	prefix	h2h2	139	late	81		56	2	343	Shocking	76		66	2
greater-weapon-elemental-prefix	Greater Scorching/Shocking/Pestilent	prefix	h2h2	140	early	50	65	31	1	348	Pestilent	50		37	2
greater-weapon-elemental-prefix	Greater Scorching/Shocking/Pestilent	prefix	h2h2	140	mid	66	80	31	1	348	Pestilent	50		37	2
greater-weapon-elemental-prefix	Greater Scorching/Shocking/Pestilent	prefix	h2h2	140	late	81		31	2	348	Pestilent	50		37	2
greater-divine	Greater Divine	prefix	h2h2	142	early	50	65	31	1	110	Divine	45		37	2
greater-divine	Greater Divine	prefix	h2h2	142	mid	66	80	31	1	110	Divine	45		37	2
greater-divine	Greater Divine	prefix	h2h2	142	late	81		31	2	110	Divine	45		37	2
greater-veracious	Greater Veracious	prefix	h2h2	200	early	50	65	64	1	134	Veracious1	85		75	2
greater-veracious	Greater Veracious	prefix	h2h2	200	mid	66	80	64	1	134	Veracious1	85		75	2
greater-veracious	Greater Veracious	prefix	h2h2	200	late	81		64	2	134	Veracious1	85		75	2
greater-elemental-prefix	Greater Elemental	prefix	h2h2	203	early	50	65	65	1	449	Elemental1	80		77	2
greater-elemental-prefix	Greater Elemental	prefix	h2h2	203	mid	66	80	65	1	449	Elemental1	80		77	2
greater-elemental-prefix	Greater Elemental	prefix	h2h2	203	late	81		65	2	449	Elemental1	80		77	2
greater-sage-xp	Greater Sage	prefix	h2h2	204	early	50	65	39	2	452	Sage's	51		46	6
greater-sage-xp	Greater Sage	prefix	h2h2	204	mid	66	80	39	4	452	Sage's	51		46	6
greater-sage-xp	Greater Sage	prefix	h2h2	204	late	81		39	6	452	Sage's	51		46	6
greater-adamantine-wrought	Greater Adamantine-Wrought	prefix	h2h2	206	early	50	65	55	1	468	Adamantine-Wrought	87		65	4
greater-adamantine-wrought	Greater Adamantine-Wrought	prefix	h2h2	206	mid	66	80	55	3	468	Adamantine-Wrought	87		65	4
greater-adamantine-wrought	Greater Adamantine-Wrought	prefix	h2h2	206	late	81		55	4	468	Adamantine-Wrought	87		65	4
greater-grandmasters	Greater Grandmaster's	prefix	hamm	111	early	50	65	75	1	75	Grandmaster's	84		88	4
greater-grandmasters	Greater Grandmaster's	prefix	hamm	111	mid	66	80	75	3	75	Grandmaster's	84		88	4
greater-grandmasters	Greater Grandmaster's	prefix	hamm	111	late	81		75	4	75	Grandmaster's	84		88	4
greater-grandmasters	Greater Grandmaster's	prefix	hamm	111	early	50	65	75	1	76	Grandmaster's	86		88	2
greater-grandmasters	Greater Grandmaster's	prefix	hamm	111	mid	66	80	75	1	76	Grandmaster's	86		88	2
greater-grandmasters	Greater Grandmaster's	prefix	hamm	111	late	81		75	2	76	Grandmaster's	86		88	2
greater-grandmasters	Greater Grandmaster's	prefix	hamm	111	early	50	65	75	1	77	Grandmaster's	86		88	2
greater-grandmasters	Greater Grandmaster's	prefix	hamm	111	mid	66	80	75	1	77	Grandmaster's	86		88	2
greater-grandmasters	Greater Grandmaster's	prefix	hamm	111	late	81		75	2	77	Grandmaster's	86		88	2
greater-grandmasters	Greater Grandmaster's	prefix	hamm	111	early	50	65	75	1	78	Grandmaster's	86		88	2
greater-grandmasters	Greater Grandmaster's	prefix	hamm	111	mid	66	80	75	1	78	Grandmaster's	86		88	2
greater-grandmasters	Greater Grandmaster's	prefix	hamm	111	late	81		75	2	78	Grandmaster's	86		88	2
greater-grandmasters	Greater Grandmaster's	prefix	hamm	111	early	50	65	68	1	98	Wraithly1	86		80	4
greater-grandmasters	Greater Grandmaster's	prefix	hamm	111	mid	66	80	68	3	98	Wraithly1	86		80	4
greater-grandmasters	Greater Grandmaster's	prefix	hamm	111	late	81		68	4	98	Wraithly1	86		80	4
greater-gritty	Greater Gritty	prefix	hamm	105	early	50	65	55	5	153	Gritty	75		65	14
greater-gritty	Greater Gritty	prefix	hamm	105	mid	66	80	55	9	153	Gritty	75		65	14
greater-gritty	Greater Gritty	prefix	hamm	105	late	81		55	14	153	Gritty	75		65	14
greater-platinum	Greater Platinum	prefix	hamm	110	early	50	65	34	3	120	Weird	44		40	8
greater-platinum	Greater Platinum	prefix	hamm	110	mid	66	80	34	5	120	Weird	44		40	8
greater-platinum	Greater Platinum	prefix	hamm	110	late	81		34	8	120	Weird	44		40	8
greater-serpents	Greater Serpent's	prefix	hamm	115	early	50	65	23	1	398	Serpent's	37		27	4
greater-serpents	Greater Serpent's	prefix	hamm	115	mid	66	80	23	3	398	Serpent's	37		27	4
greater-serpents	Greater Serpent's	prefix	hamm	115	late	81		23	4	398	Serpent's	37		27	4
greater-single-resist-charm	Greater Ruby/Sapphire/Amber/Emerald	prefix	hamm	117	early	50	65	35	1	353	Cobalt	55		41	4
greater-single-resist-charm	Greater Ruby/Sapphire/Amber/Emerald	prefix	hamm	117	mid	66	80	35	3	353	Cobalt	55		41	4
greater-single-resist-charm	Greater Ruby/Sapphire/Amber/Emerald	prefix	hamm	117	late	81		35	4	353	Cobalt	55		41	4
greater-single-resist-charm	Greater Ruby/Sapphire/Amber/Emerald	prefix	hamm	118	early	50	65	35	1	360	Garnet	55		41	2
greater-single-resist-charm	Greater Ruby/Sapphire/Amber/Emerald	prefix	hamm	118	mid	66	80	35	1	360	Garnet	55		41	2
greater-single-resist-charm	Greater Ruby/Sapphire/Amber/Emerald	prefix	hamm	118	late	81		35	2	360	Garnet	55		41	2
greater-single-resist-charm	Greater Ruby/Sapphire/Amber/Emerald	prefix	hamm	119	early	50	65	35	1	368	Coral	55		41	2
greater-single-resist-charm	Greater Ruby/Sapphire/Amber/Emerald	prefix	hamm	119	mid	66	80	35	1	368	Coral	55		41	2
greater-single-resist-charm	Greater Ruby/Sapphire/Amber/Emerald	prefix	hamm	119	late	81		35	2	368	Coral	55		41	2
greater-single-resist-charm	Greater Ruby/Sapphire/Amber/Emerald	prefix	hamm	120	early	50	65	35	1	376	Jade	55		41	2
greater-single-resist-charm	Greater Ruby/Sapphire/Amber/Emerald	prefix	hamm	120	mid	66	80	35	1	376	Jade	55		41	2
greater-single-resist-charm	Greater Ruby/Sapphire/Amber/Emerald	prefix	hamm	120	late	81		35	2	376	Jade	55		41	2
greater-aureolin	Greater Aureolin	prefix	hamm	121	early	50	65	10	3	410	Victorious	17		12	8
greater-aureolin	Greater Aureolin	prefix	hamm	121	mid	66	80	10	5	410	Victorious	17		12	8
greater-aureolin	Greater Aureolin	prefix	hamm	121	late	81		10	8	410	Victorious	17		12	8
greater-celestial	Greater Celestial	prefix	hamm	123	early	50	65	35	1	104	Celestial	55		41	2
greater-celestial	Greater Celestial	prefix	hamm	123	mid	66	80	35	1	104	Celestial	55		41	2
greater-celestial	Greater Celestial	prefix	hamm	123	late	81		35	2	104	Celestial	55		41	2
greater-class-skill	Greater class skill	prefix	hamm	125	early	50	65	49	1	206	Priest's	65		58	4
greater-class-skill	Greater class skill	prefix	hamm	125	mid	66	80	49	3	206	Priest's	65		58	4
greater-class-skill	Greater class skill	prefix	hamm	125	late	81		49	4	206	Priest's	65		58	4
greater-class-skill	Greater class skill	prefix	hamm	125	early	50	65	36	1	224	Berserker's	50		42	2
greater-class-skill	Greater class skill	prefix	hamm	125	mid	66	80	36	1	224	Berserker's	50		42	2
greater-class-skill	Greater class skill	prefix	hamm	125	late	81		36	2	224	Berserker's	50		42	2
greater-skilltab	Greater Skilltab	prefix	hamm	125	early	50	65	38	1	277	Master's	60		45	2
greater-skilltab	Greater Skilltab	prefix	hamm	125	mid	66	80	38	1	277	Master's	60		45	2
greater-skilltab	Greater Skilltab	prefix	hamm	125	late	81		38	2	277	Master's	60		45	2
greater-skilltab	Greater Skilltab	prefix	hamm	125	early	50	65	38	1	280	Furious	60		45	2
greater-skilltab	Greater Skilltab	prefix	hamm	125	mid	66	80	38	1	280	Furious	60		45	2
greater-skilltab	Greater Skilltab	prefix	hamm	125	late	81		38	2	280	Furious	60		45	2
greater-skilltab	Greater Skilltab	prefix	hamm	125	early	50	65	38	1	283	Echoing	60		45	2
greater-skilltab	Greater Skilltab	prefix	hamm	125	mid	66	80	38	1	283	Echoing	60		45	2
greater-skilltab	Greater Skilltab	prefix	hamm	125	late	81		38	2	283	Echoing	60		45	2
greater-avatar	Greater Avatar	prefix	hamm	137	early	50	65	51	1	333	Hibernal	70		60	2
greater-avatar	Greater Avatar	prefix	hamm	137	mid	66	80	51	1	333	Hibernal	70		60	2
greater-avatar	Greater Avatar	prefix	hamm	137	late	81		51	2	333	Hibernal	70		60	2
greater-weapon-elemental-prefix	Greater Scorching/Shocking/Pestilent	prefix	hamm	138	early	50	65	57	1	338	Scorching	77		67	2
greater-weapon-elemental-prefix	Greater Scorching/Shocking/Pestilent	prefix	hamm	138	mid	66	80	57	1	338	Scorching	77		67	2
greater-weapon-elemental-prefix	Greater Scorching/Shocking/Pestilent	prefix	hamm	138	late	81		57	2	338	Scorching	77		67	2
greater-weapon-elemental-prefix	Greater Scorching/Shocking/Pestilent	prefix	hamm	139	early	50	65	56	1	343	Shocking	76		66	2
greater-weapon-elemental-prefix	Greater Scorching/Shocking/Pestilent	prefix	hamm	139	mid	66	80	56	1	343	Shocking	76		66	2
greater-weapon-elemental-prefix	Greater Scorching/Shocking/Pestilent	prefix	hamm	139	late	81		56	2	343	Shocking	76		66	2
greater-weapon-elemental-prefix	Greater Scorching/Shocking/Pestilent	prefix	hamm	140	early	50	65	31	1	348	Pestilent	50		37	2
greater-weapon-elemental-prefix	Greater Scorching/Shocking/Pestilent	prefix	hamm	140	mid	66	80	31	1	348	Pestilent	50		37	2
greater-weapon-elemental-prefix	Greater Scorching/Shocking/Pestilent	prefix	hamm	140	late	81		31	2	348	Pestilent	50		37	2
greater-divine	Greater Divine	prefix	hamm	142	early	50	65	31	1	110	Divine	45		37	2
greater-divine	Greater Divine	prefix	hamm	142	mid	66	80	31	1	110	Divine	45		37	2
greater-divine	Greater Divine	prefix	hamm	142	late	81		31	2	110	Divine	45		37	2
greater-veracious	Greater Veracious	prefix	hamm	200	early	50	65	64	1	134	Veracious1	85		75	2
greater-veracious	Greater Veracious	prefix	hamm	200	mid	66	80	64	1	134	Veracious1	85		75	2
greater-veracious	Greater Veracious	prefix	hamm	200	late	81		64	2	134	Veracious1	85		75	2
greater-elemental-prefix	Greater Elemental	prefix	hamm	203	early	50	65	65	1	449	Elemental1	80		77	2
greater-elemental-prefix	Greater Elemental	prefix	hamm	203	mid	66	80	65	1	449	Elemental1	80		77	2
greater-elemental-prefix	Greater Elemental	prefix	hamm	203	late	81		65	2	449	Elemental1	80		77	2
greater-sage-xp	Greater Sage	prefix	hamm	204	early	50	65	39	2	452	Sage's	51		46	6
greater-sage-xp	Greater Sage	prefix	hamm	204	mid	66	80	39	4	452	Sage's	51		46	6
greater-sage-xp	Greater Sage	prefix	hamm	204	late	81		39	6	452	Sage's	51		46	6
greater-adamantine-wrought	Greater Adamantine-Wrought	prefix	hamm	206	early	50	65	55	1	468	Adamantine-Wrought	87		65	4
greater-adamantine-wrought	Greater Adamantine-Wrought	prefix	hamm	206	mid	66	80	55	3	468	Adamantine-Wrought	87		65	4
greater-adamantine-wrought	Greater Adamantine-Wrought	prefix	hamm	206	late	81		55	4	468	Adamantine-Wrought	87		65	4
greater-godly	Greater Godly	prefix	head	101	early	50	65	64	37	176	Godly	86		75	110
greater-godly	Greater Godly	prefix	head	101	mid	66	80	64	73	176	Godly	86		75	110
greater-godly	Greater Godly	prefix	head	101	late	81		64	110	176	Godly	86		75	110
greater-godly	Greater Godly	prefix	head	101	early	50	65	64	1	182	Wraithly1	86		75	4
greater-godly	Greater Godly	prefix	head	101	mid	66	80	64	3	182	Wraithly1	86		75	4
greater-godly	Greater Godly	prefix	head	101	late	81		64	4	182	Wraithly1	86		75	4
greater-godly	Greater Godly	prefix	head	101	early	50	65	71	1	189	Invulnerable1	86		83	4
greater-godly	Greater Godly	prefix	head	101	mid	66	80	71	3	189	Invulnerable1	86		83	4
greater-godly	Greater Godly	prefix	head	101	late	81		71	4	189	Invulnerable1	86		83	4
greater-antimagic-prefix	Greater Antimagic	prefix	head	102	early	50	65	68	3	433	Antimagic	86		80	8
greater-antimagic-prefix	Greater Antimagic	prefix	head	102	mid	66	80	68	5	433	Antimagic	86		80	8
greater-antimagic-prefix	Greater Antimagic	prefix	head	102	late	81		68	8	433	Antimagic	86		80	8
greater-vulpine	Greater Vulpine	prefix	head	107	early	50	65	5	2	412	Vulpine	9		6	6
greater-vulpine	Greater Vulpine	prefix	head	107	mid	66	80	5	4	412	Vulpine	9		6	6
greater-vulpine	Greater Vulpine	prefix	head	107	late	81		5	6	412	Vulpine	9		6	6
greater-serpents	Greater Serpent's	prefix	head	115	early	50	65	9	2	397	Serpent's	14		10	6
greater-serpents	Greater Serpent's	prefix	head	115	mid	66	80	9	4	397	Serpent's	14		10	6
greater-serpents	Greater Serpent's	prefix	head	115	late	81		9	6	397	Serpent's	14		10	6
greater-shimmering	Greater Shimmering	prefix	head	116	early	50	65	36	3	384	Chromatic	50		42	8
greater-shimmering	Greater Shimmering	prefix	head	116	mid	66	80	36	5	384	Chromatic	50		42	8
greater-shimmering	Greater Shimmering	prefix	head	116	late	81		36	8	384	Chromatic	50		42	8
greater-single-resist-charm	Greater Ruby/Sapphire/Amber/Emerald	prefix	head	117	early	50	65	11	2	352	Cobalt	18		13	6
greater-single-resist-charm	Greater Ruby/Sapphire/Amber/Emerald	prefix	head	117	mid	66	80	11	4	352	Cobalt	18		13	6
greater-single-resist-charm	Greater Ruby/Sapphire/Amber/Emerald	prefix	head	117	late	81		11	6	352	Cobalt	18		13	6
greater-single-resist-charm	Greater Ruby/Sapphire/Amber/Emerald	prefix	head	118	early	50	65	11	2	359	Garnet	18		13	6
greater-single-resist-charm	Greater Ruby/Sapphire/Amber/Emerald	prefix	head	118	mid	66	80	11	4	359	Garnet	18		13	6
greater-single-resist-charm	Greater Ruby/Sapphire/Amber/Emerald	prefix	head	118	late	81		11	6	359	Garnet	18		13	6
greater-single-resist-charm	Greater Ruby/Sapphire/Amber/Emerald	prefix	head	119	early	50	65	11	2	367	Coral	18		13	6
greater-single-resist-charm	Greater Ruby/Sapphire/Amber/Emerald	prefix	head	119	mid	66	80	11	4	367	Coral	18		13	6
greater-single-resist-charm	Greater Ruby/Sapphire/Amber/Emerald	prefix	head	119	late	81		11	6	367	Coral	18		13	6
greater-single-resist-charm	Greater Ruby/Sapphire/Amber/Emerald	prefix	head	120	early	50	65	11	2	375	Jade	18		13	6
greater-single-resist-charm	Greater Ruby/Sapphire/Amber/Emerald	prefix	head	120	mid	66	80	11	4	375	Jade	18		13	6
greater-single-resist-charm	Greater Ruby/Sapphire/Amber/Emerald	prefix	head	120	late	81		11	6	375	Jade	18		13	6
greater-omniscient	Greater Omniscient	prefix	head	125	early	50	65	43	1	190	Sage's	59		50	2
greater-omniscient	Greater Omniscient	prefix	head	125	mid	66	80	43	1	190	Sage's	59		50	2
greater-omniscient	Greater Omniscient	prefix	head	125	late	81		43	2	190	Sage's	59		50	2
greater-class-skill	Greater class skill	prefix	head	125	early	50	65	49	1	206	Priest's	65		58	4
greater-class-skill	Greater class skill	prefix	head	125	mid	66	80	49	3	206	Priest's	65		58	4
greater-class-skill	Greater class skill	prefix	head	125	late	81		49	4	206	Priest's	65		58	4
greater-class-skill	Greater class skill	prefix	head	125	early	50	65	36	1	212	Necromancer's	50		42	4
greater-class-skill	Greater class skill	prefix	head	125	mid	66	80	36	3	212	Necromancer's	50		42	4
greater-class-skill	Greater class skill	prefix	head	125	late	81		36	4	212	Necromancer's	50		42	4
greater-skilltab	Greater Skilltab	prefix	head	125	early	50	65	38	1	259	Accursed	60		45	2
greater-skilltab	Greater Skilltab	prefix	head	125	mid	66	80	38	1	259	Accursed	60		45	2
greater-skilltab	Greater Skilltab	prefix	head	125	late	81		38	2	259	Accursed	60		45	2
greater-skilltab	Greater Skilltab	prefix	head	125	early	50	65	38	1	262	Venomous	60		45	2
greater-skilltab	Greater Skilltab	prefix	head	125	mid	66	80	38	1	262	Venomous	60		45	2
greater-skilltab	Greater Skilltab	prefix	head	125	late	81		38	2	262	Venomous	60		45	2
greater-skilltab	Greater Skilltab	prefix	head	125	early	50	65	38	1	265	Golemlord's	60		45	2
greater-skilltab	Greater Skilltab	prefix	head	125	mid	66	80	38	1	265	Golemlord's	60		45	2
greater-skilltab	Greater Skilltab	prefix	head	125	late	81		38	2	265	Golemlord's	60		45	2
greater-skilltab	Greater Skilltab	prefix	head	125	early	50	65	38	1	268	Rose Branded	60		45	2
greater-skilltab	Greater Skilltab	prefix	head	125	mid	66	80	38	1	268	Rose Branded	60		45	2
greater-skilltab	Greater Skilltab	prefix	head	125	late	81		38	2	268	Rose Branded	60		45	2
greater-skilltab	Greater Skilltab	prefix	head	125	early	50	65	38	1	271	Marshal's	60		45	2
greater-skilltab	Greater Skilltab	prefix	head	125	mid	66	80	38	1	271	Marshal's	60		45	2
greater-skilltab	Greater Skilltab	prefix	head	125	late	81		38	2	271	Marshal's	60		45	2
greater-skilltab	Greater Skilltab	prefix	head	125	early	50	65	38	1	274	Guardian's	60		45	2
greater-skilltab	Greater Skilltab	prefix	head	125	mid	66	80	38	1	274	Guardian's	60		45	2
greater-skilltab	Greater Skilltab	prefix	head	125	late	81		38	2	274	Guardian's	60		45	2
greater-sage-xp	Greater Sage	prefix	head	204	early	50	65	39	2	452	Sage's	51		46	6
greater-sage-xp	Greater Sage	prefix	head	204	mid	66	80	39	4	452	Sage's	51		46	6
greater-sage-xp	Greater Sage	prefix	head	204	late	81		39	6	452	Sage's	51		46	6
greater-adamantine-wrought	Greater Adamantine-Wrought	prefix	head	206	early	50	65	55	1	476	Adamantine-Wrought	87		65	4
greater-adamantine-wrought	Greater Adamantine-Wrought	prefix	head	206	mid	66	80	55	3	476	Adamantine-Wrought	87		65	4
greater-adamantine-wrought	Greater Adamantine-Wrought	prefix	head	206	late	81		55	4	476	Adamantine-Wrought	87		65	4
greater-godly	Greater Godly	prefix	helm	101	early	50	65	64	37	176	Godly	86		75	110
greater-godly	Greater Godly	prefix	helm	101	mid	66	80	64	73	176	Godly	86		75	110
greater-godly	Greater Godly	prefix	helm	101	late	81		64	110	176	Godly	86		75	110
greater-godly	Greater Godly	prefix	helm	101	early	50	65	64	1	182	Wraithly1	86		75	4
greater-godly	Greater Godly	prefix	helm	101	mid	66	80	64	3	182	Wraithly1	86		75	4
greater-godly	Greater Godly	prefix	helm	101	late	81		64	4	182	Wraithly1	86		75	4
greater-serpents	Greater Serpent's	prefix	helm	115	early	50	65	15	1	408	Mnemonic	25		18	2
greater-serpents	Greater Serpent's	prefix	helm	115	mid	66	80	15	1	408	Mnemonic	25		18	2
greater-serpents	Greater Serpent's	prefix	helm	115	late	81		15	2	408	Mnemonic	25		18	2
greater-single-resist-charm	Greater Ruby/Sapphire/Amber/Emerald	prefix	helm	117	early	50	65	11	2	352	Cobalt	18		13	6
greater-single-resist-charm	Greater Ruby/Sapphire/Amber/Emerald	prefix	helm	117	mid	66	80	11	4	352	Cobalt	18		13	6
greater-single-resist-charm	Greater Ruby/Sapphire/Amber/Emerald	prefix	helm	117	late	81		11	6	352	Cobalt	18		13	6
greater-single-resist-charm	Greater Ruby/Sapphire/Amber/Emerald	prefix	helm	118	early	50	65	11	2	359	Garnet	18		13	6
greater-single-resist-charm	Greater Ruby/Sapphire/Amber/Emerald	prefix	helm	118	mid	66	80	11	4	359	Garnet	18		13	6
greater-single-resist-charm	Greater Ruby/Sapphire/Amber/Emerald	prefix	helm	118	late	81		11	6	359	Garnet	18		13	6
greater-single-resist-charm	Greater Ruby/Sapphire/Amber/Emerald	prefix	helm	119	early	50	65	11	2	367	Coral	18		13	6
greater-single-resist-charm	Greater Ruby/Sapphire/Amber/Emerald	prefix	helm	119	mid	66	80	11	4	367	Coral	18		13	6
greater-single-resist-charm	Greater Ruby/Sapphire/Amber/Emerald	prefix	helm	119	late	81		11	6	367	Coral	18		13	6
greater-single-resist-charm	Greater Ruby/Sapphire/Amber/Emerald	prefix	helm	120	early	50	65	11	2	375	Jade	18		13	6
greater-single-resist-charm	Greater Ruby/Sapphire/Amber/Emerald	prefix	helm	120	mid	66	80	11	4	375	Jade	18		13	6
greater-single-resist-charm	Greater Ruby/Sapphire/Amber/Emerald	prefix	helm	120	late	81		11	6	375	Jade	18		13	6
greater-skilltab	Greater Skilltab	prefix	helm	125	early	50	65	38	1	277	Master's	60		45	2
greater-skilltab	Greater Skilltab	prefix	helm	125	mid	66	80	38	1	277	Master's	60		45	2
greater-skilltab	Greater Skilltab	prefix	helm	125	late	81		38	2	277	Master's	60		45	2
greater-skilltab	Greater Skilltab	prefix	helm	125	early	50	65	38	1	298	Shadow	60		45	2
greater-skilltab	Greater Skilltab	prefix	helm	125	mid	66	80	38	1	298	Shadow	60		45	2
greater-skilltab	Greater Skilltab	prefix	helm	125	late	81		38	2	298	Shadow	60		45	2
greater-sage-xp	Greater Sage	prefix	helm	204	early	50	65	39	2	452	Sage's	51		46	6
greater-sage-xp	Greater Sage	prefix	helm	204	mid	66	80	39	4	452	Sage's	51		46	6
greater-sage-xp	Greater Sage	prefix	helm	204	late	81		39	6	452	Sage's	51		46	6
greater-adamantine-wrought	Greater Adamantine-Wrought	prefix	helm	206	early	50	65	55	1	476	Adamantine-Wrought	87		65	4
greater-adamantine-wrought	Greater Adamantine-Wrought	prefix	helm	206	mid	66	80	55	3	476	Adamantine-Wrought	87		65	4
greater-adamantine-wrought	Greater Adamantine-Wrought	prefix	helm	206	late	81		55	4	476	Adamantine-Wrought	87		65	4
greater-elemental-mastery	Greater Elemental Mastery	prefix	helm	209	early	50	65	47	1	505	Pyromaniac's2	55		55	2
greater-elemental-mastery	Greater Elemental Mastery	prefix	helm	209	mid	66	80	47	1	505	Pyromaniac's2	55		55	2
greater-elemental-mastery	Greater Elemental Mastery	prefix	helm	209	late	81		47	2	505	Pyromaniac's2	55		55	2
greater-elemental-mastery	Greater Elemental Mastery	prefix	helm	209	early	50	65	47	1	508	Frost Wyrm's2	55		55	2
greater-elemental-mastery	Greater Elemental Mastery	prefix	helm	209	mid	66	80	47	1	508	Frost Wyrm's2	55		55	2
greater-elemental-mastery	Greater Elemental Mastery	prefix	helm	209	late	81		47	2	508	Frost Wyrm's2	55		55	2
greater-elemental-mastery	Greater Elemental Mastery	prefix	helm	209	early	50	65	47	1	511	Zeus's2	55		55	2
greater-elemental-mastery	Greater Elemental Mastery	prefix	helm	209	mid	66	80	47	1	511	Zeus's2	55		55	2
greater-elemental-mastery	Greater Elemental Mastery	prefix	helm	209	late	81		47	2	511	Zeus's2	55		55	2
greater-elemental-mastery	Greater Elemental Mastery	prefix	helm	209	early	50	65	47	1	514	Manticore's2	55		55	2
greater-elemental-mastery	Greater Elemental Mastery	prefix	helm	209	mid	66	80	47	1	514	Manticore's2	55		55	2
greater-elemental-mastery	Greater Elemental Mastery	prefix	helm	209	late	81		47	2	514	Manticore's2	55		55	2
greater-elemental-pierce	Greater Elemental Pierce	prefix	helm	209	early	50	65	47	1	493	Pyromaniac's2	55		55	2
greater-elemental-pierce	Greater Elemental Pierce	prefix	helm	209	mid	66	80	47	1	493	Pyromaniac's2	55		55	2
greater-elemental-pierce	Greater Elemental Pierce	prefix	helm	209	late	81		47	2	493	Pyromaniac's2	55		55	2
greater-elemental-pierce	Greater Elemental Pierce	prefix	helm	209	early	50	65	47	1	496	Frost Wyrm's2	55		55	2
greater-elemental-pierce	Greater Elemental Pierce	prefix	helm	209	mid	66	80	47	1	496	Frost Wyrm's2	55		55	2
greater-elemental-pierce	Greater Elemental Pierce	prefix	helm	209	late	81		47	2	496	Frost Wyrm's2	55		55	2
greater-elemental-pierce	Greater Elemental Pierce	prefix	helm	209	early	50	65	47	1	499	Zeus's2	55		55	2
greater-elemental-pierce	Greater Elemental Pierce	prefix	helm	209	mid	66	80	47	1	499	Zeus's2	55		55	2
greater-elemental-pierce	Greater Elemental Pierce	prefix	helm	209	late	81		47	2	499	Zeus's2	55		55	2
greater-elemental-pierce	Greater Elemental Pierce	prefix	helm	209	early	50	65	47	1	502	Manticore's2	55		55	2
greater-elemental-pierce	Greater Elemental Pierce	prefix	helm	209	mid	66	80	47	1	502	Manticore's2	55		55	2
greater-elemental-pierce	Greater Elemental Pierce	prefix	helm	209	late	81		47	2	502	Manticore's2	55		55	2
greater-grandmasters	Greater Grandmaster's	prefix	jave	111	early	50	65	75	1	75	Grandmaster's	84		88	4
greater-grandmasters	Greater Grandmaster's	prefix	jave	111	mid	66	80	75	3	75	Grandmaster's	84		88	4
greater-grandmasters	Greater Grandmaster's	prefix	jave	111	late	81		75	4	75	Grandmaster's	84		88	4
greater-grandmasters	Greater Grandmaster's	prefix	jave	111	early	50	65	75	1	76	Grandmaster's	86		88	2
greater-grandmasters	Greater Grandmaster's	prefix	jave	111	mid	66	80	75	1	76	Grandmaster's	86		88	2
greater-grandmasters	Greater Grandmaster's	prefix	jave	111	late	81		75	2	76	Grandmaster's	86		88	2
greater-grandmasters	Greater Grandmaster's	prefix	jave	111	early	50	65	75	1	77	Grandmaster's	86		88	2
greater-grandmasters	Greater Grandmaster's	prefix	jave	111	mid	66	80	75	1	77	Grandmaster's	86		88	2
greater-grandmasters	Greater Grandmaster's	prefix	jave	111	late	81		75	2	77	Grandmaster's	86		88	2
greater-grandmasters	Greater Grandmaster's	prefix	jave	111	early	50	65	75	1	78	Grandmaster's	86		88	2
greater-grandmasters	Greater Grandmaster's	prefix	jave	111	mid	66	80	75	1	78	Grandmaster's	86		88	2
greater-grandmasters	Greater Grandmaster's	prefix	jave	111	late	81		75	2	78	Grandmaster's	86		88	2
greater-grandmasters	Greater Grandmaster's	prefix	jave	111	early	50	65	68	1	98	Wraithly1	86		80	4
greater-grandmasters	Greater Grandmaster's	prefix	jave	111	mid	66	80	68	3	98	Wraithly1	86		80	4
greater-grandmasters	Greater Grandmaster's	prefix	jave	111	late	81		68	4	98	Wraithly1	86		80	4
greater-gritty	Greater Gritty	prefix	jave	105	early	50	65	55	5	153	Gritty	75		65	14
greater-gritty	Greater Gritty	prefix	jave	105	mid	66	80	55	9	153	Gritty	75		65	14
greater-gritty	Greater Gritty	prefix	jave	105	late	81		55	14	153	Gritty	75		65	14
greater-platinum	Greater Platinum	prefix	jave	110	early	50	65	34	3	120	Weird	44		40	8
greater-platinum	Greater Platinum	prefix	jave	110	mid	66	80	34	5	120	Weird	44		40	8
greater-platinum	Greater Platinum	prefix	jave	110	late	81		34	8	120	Weird	44		40	8
greater-serpents	Greater Serpent's	prefix	jave	115	early	50	65	23	1	398	Serpent's	37		27	4
greater-serpents	Greater Serpent's	prefix	jave	115	mid	66	80	23	3	398	Serpent's	37		27	4
greater-serpents	Greater Serpent's	prefix	jave	115	late	81		23	4	398	Serpent's	37		27	4
greater-single-resist-charm	Greater Ruby/Sapphire/Amber/Emerald	prefix	jave	117	early	50	65	35	1	353	Cobalt	55		41	4
greater-single-resist-charm	Greater Ruby/Sapphire/Amber/Emerald	prefix	jave	117	mid	66	80	35	3	353	Cobalt	55		41	4
greater-single-resist-charm	Greater Ruby/Sapphire/Amber/Emerald	prefix	jave	117	late	81		35	4	353	Cobalt	55		41	4
greater-single-resist-charm	Greater Ruby/Sapphire/Amber/Emerald	prefix	jave	118	early	50	65	35	1	360	Garnet	55		41	2
greater-single-resist-charm	Greater Ruby/Sapphire/Amber/Emerald	prefix	jave	118	mid	66	80	35	1	360	Garnet	55		41	2
greater-single-resist-charm	Greater Ruby/Sapphire/Amber/Emerald	prefix	jave	118	late	81		35	2	360	Garnet	55		41	2
greater-single-resist-charm	Greater Ruby/Sapphire/Amber/Emerald	prefix	jave	119	early	50	65	35	1	368	Coral	55		41	2
greater-single-resist-charm	Greater Ruby/Sapphire/Amber/Emerald	prefix	jave	119	mid	66	80	35	1	368	Coral	55		41	2
greater-single-resist-charm	Greater Ruby/Sapphire/Amber/Emerald	prefix	jave	119	late	81		35	2	368	Coral	55		41	2
greater-single-resist-charm	Greater Ruby/Sapphire/Amber/Emerald	prefix	jave	120	early	50	65	35	1	376	Jade	55		41	2
greater-single-resist-charm	Greater Ruby/Sapphire/Amber/Emerald	prefix	jave	120	mid	66	80	35	1	376	Jade	55		41	2
greater-single-resist-charm	Greater Ruby/Sapphire/Amber/Emerald	prefix	jave	120	late	81		35	2	376	Jade	55		41	2
greater-aureolin	Greater Aureolin	prefix	jave	121	early	50	65	10	3	410	Victorious	17		12	8
greater-aureolin	Greater Aureolin	prefix	jave	121	mid	66	80	10	5	410	Victorious	17		12	8
greater-aureolin	Greater Aureolin	prefix	jave	121	late	81		10	8	410	Victorious	17		12	8
greater-celestial	Greater Celestial	prefix	jave	123	early	50	65	35	1	104	Celestial	55		41	2
greater-celestial	Greater Celestial	prefix	jave	123	mid	66	80	35	1	104	Celestial	55		41	2
greater-celestial	Greater Celestial	prefix	jave	123	late	81		35	2	104	Celestial	55		41	2
greater-skilltab	Greater Skilltab	prefix	jave	125	early	50	65	38	1	277	Master's	60		45	2
greater-skilltab	Greater Skilltab	prefix	jave	125	mid	66	80	38	1	277	Master's	60		45	2
greater-skilltab	Greater Skilltab	prefix	jave	125	late	81		38	2	277	Master's	60		45	2
greater-skilltab	Greater Skilltab	prefix	jave	125	early	50	65	38	1	280	Furious	60		45	2
greater-skilltab	Greater Skilltab	prefix	jave	125	mid	66	80	38	1	280	Furious	60		45	2
greater-skilltab	Greater Skilltab	prefix	jave	125	late	81		38	2	280	Furious	60		45	2
greater-skilltab	Greater Skilltab	prefix	jave	125	early	50	65	38	1	283	Echoing	60		45	2
greater-skilltab	Greater Skilltab	prefix	jave	125	mid	66	80	38	1	283	Echoing	60		45	2
greater-skilltab	Greater Skilltab	prefix	jave	125	late	81		38	2	283	Echoing	60		45	2
greater-avatar	Greater Avatar	prefix	jave	137	early	50	65	51	1	333	Hibernal	70		60	2
greater-avatar	Greater Avatar	prefix	jave	137	mid	66	80	51	1	333	Hibernal	70		60	2
greater-avatar	Greater Avatar	prefix	jave	137	late	81		51	2	333	Hibernal	70		60	2
greater-weapon-elemental-prefix	Greater Scorching/Shocking/Pestilent	prefix	jave	138	early	50	65	57	1	338	Scorching	77		67	2
greater-weapon-elemental-prefix	Greater Scorching/Shocking/Pestilent	prefix	jave	138	mid	66	80	57	1	338	Scorching	77		67	2
greater-weapon-elemental-prefix	Greater Scorching/Shocking/Pestilent	prefix	jave	138	late	81		57	2	338	Scorching	77		67	2
greater-weapon-elemental-prefix	Greater Scorching/Shocking/Pestilent	prefix	jave	139	early	50	65	56	1	343	Shocking	76		66	2
greater-weapon-elemental-prefix	Greater Scorching/Shocking/Pestilent	prefix	jave	139	mid	66	80	56	1	343	Shocking	76		66	2
greater-weapon-elemental-prefix	Greater Scorching/Shocking/Pestilent	prefix	jave	139	late	81		56	2	343	Shocking	76		66	2
greater-weapon-elemental-prefix	Greater Scorching/Shocking/Pestilent	prefix	jave	140	early	50	65	31	1	348	Pestilent	50		37	2
greater-weapon-elemental-prefix	Greater Scorching/Shocking/Pestilent	prefix	jave	140	mid	66	80	31	1	348	Pestilent	50		37	2
greater-weapon-elemental-prefix	Greater Scorching/Shocking/Pestilent	prefix	jave	140	late	81		31	2	348	Pestilent	50		37	2
greater-divine	Greater Divine	prefix	jave	142	early	50	65	31	1	110	Divine	45		37	2
greater-divine	Greater Divine	prefix	jave	142	mid	66	80	31	1	110	Divine	45		37	2
greater-divine	Greater Divine	prefix	jave	142	late	81		31	2	110	Divine	45		37	2
greater-veracious	Greater Veracious	prefix	jave	200	early	50	65	64	1	134	Veracious1	85		75	2
greater-veracious	Greater Veracious	prefix	jave	200	mid	66	80	64	1	134	Veracious1	85		75	2
greater-veracious	Greater Veracious	prefix	jave	200	late	81		64	2	134	Veracious1	85		75	2
greater-elemental-prefix	Greater Elemental	prefix	jave	203	early	50	65	65	1	449	Elemental1	80		77	2
greater-elemental-prefix	Greater Elemental	prefix	jave	203	mid	66	80	65	1	449	Elemental1	80		77	2
greater-elemental-prefix	Greater Elemental	prefix	jave	203	late	81		65	2	449	Elemental1	80		77	2
greater-sage-xp	Greater Sage	prefix	jave	204	early	50	65	39	2	452	Sage's	51		46	6
greater-sage-xp	Greater Sage	prefix	jave	204	mid	66	80	39	4	452	Sage's	51		46	6
greater-sage-xp	Greater Sage	prefix	jave	204	late	81		39	6	452	Sage's	51		46	6
greater-adamantine-wrought	Greater Adamantine-Wrought	prefix	jave	206	early	50	65	55	1	468	Adamantine-Wrought	87		65	4
greater-adamantine-wrought	Greater Adamantine-Wrought	prefix	jave	206	mid	66	80	55	3	468	Adamantine-Wrought	87		65	4
greater-adamantine-wrought	Greater Adamantine-Wrought	prefix	jave	206	late	81		55	4	468	Adamantine-Wrought	87		65	4
greater-bloody	Greater Bloody	prefix	jewl	103	early	50	65	75	3	143	Bloody	86		88	8
greater-bloody	Greater Bloody	prefix	jewl	103	mid	66	80	75	5	143	Bloody	86		88	8
greater-bloody	Greater Bloody	prefix	jewl	103	late	81		75	8	143	Bloody	86		88	8
greater-serrated	Greater Serrated	prefix	jewl	104	early	50	65	43	3	140	Vermillion	58		50	8
greater-serrated	Greater Serrated	prefix	jewl	104	mid	66	80	43	5	140	Vermillion	58		50	8
greater-serrated	Greater Serrated	prefix	jewl	104	late	81		43	8	140	Vermillion	58		50	8
greater-gritty	Greater Gritty	prefix	jewl	105	early	50	65	49	3	21	Ruby	66		58	10
greater-gritty	Greater Gritty	prefix	jewl	105	mid	66	80	49	7	21	Ruby	66		58	10
greater-gritty	Greater Gritty	prefix	jewl	105	late	81		49	10	21	Ruby	66		58	10
greater-vulpine	Greater Vulpine	prefix	jewl	107	early	50	65	4	2	413	Dun	7		5	6
greater-vulpine	Greater Vulpine	prefix	jewl	107	mid	66	80	4	4	413	Dun	7		5	6
greater-vulpine	Greater Vulpine	prefix	jewl	107	late	81		4	6	413	Dun	7		5	6
greater-platinum	Greater Platinum	prefix	jewl	110	early	50	65	31	3	124	Argent	44		36	8
greater-platinum	Greater Platinum	prefix	jewl	110	mid	66	80	31	5	124	Argent	44		36	8
greater-platinum	Greater Platinum	prefix	jewl	110	late	81		31	8	124	Argent	44		36	8
greater-lucky	Greater Lucky	prefix	jewl	114	early	50	65	10	3	419	Emerald	16		12	8
greater-lucky	Greater Lucky	prefix	jewl	114	mid	66	80	10	5	419	Emerald	16		12	8
greater-lucky	Greater Lucky	prefix	jewl	114	late	81		10	8	419	Emerald	16		12	8
greater-serpents	Greater Serpent's	prefix	jewl	115	early	50	65	18	1	407	Turquoise	29		21	4
greater-serpents	Greater Serpent's	prefix	jewl	115	mid	66	80	18	3	407	Turquoise	29		21	4
greater-serpents	Greater Serpent's	prefix	jewl	115	late	81		18	4	407	Turquoise	29		21	4
greater-shimmering	Greater Shimmering	prefix	jewl	116	early	50	65	22	1	394	Scintillating	34		26	2
greater-shimmering	Greater Shimmering	prefix	jewl	116	mid	66	80	22	1	394	Scintillating	34		26	2
greater-shimmering	Greater Shimmering	prefix	jewl	116	late	81		22	2	394	Scintillating	34		26	2
greater-single-resist-charm	Greater Ruby/Sapphire/Amber/Emerald	prefix	jewl	117	early	50	65	12	3	356	Sapphire	19		14	8
greater-single-resist-charm	Greater Ruby/Sapphire/Amber/Emerald	prefix	jewl	117	mid	66	80	12	5	356	Sapphire	19		14	8
greater-single-resist-charm	Greater Ruby/Sapphire/Amber/Emerald	prefix	jewl	117	late	81		12	8	356	Sapphire	19		14	8
greater-single-resist-charm	Greater Ruby/Sapphire/Amber/Emerald	prefix	jewl	117	early	50	65	12	3	371	Ambergris	19		14	8
greater-single-resist-charm	Greater Ruby/Sapphire/Amber/Emerald	prefix	jewl	117	mid	66	80	12	5	371	Ambergris	19		14	8
greater-single-resist-charm	Greater Ruby/Sapphire/Amber/Emerald	prefix	jewl	117	late	81		12	8	371	Ambergris	19		14	8
greater-single-resist-charm	Greater Ruby/Sapphire/Amber/Emerald	prefix	jewl	117	early	50	65	12	3	379	Jade	19		14	8
greater-single-resist-charm	Greater Ruby/Sapphire/Amber/Emerald	prefix	jewl	117	mid	66	80	12	5	379	Jade	19		14	8
greater-single-resist-charm	Greater Ruby/Sapphire/Amber/Emerald	prefix	jewl	117	late	81		12	8	379	Jade	19		14	8
greater-aureolin	Greater Aureolin	prefix	jewl	121	early	50	65	14	3	411	Aureolin	22		16	8
greater-aureolin	Greater Aureolin	prefix	jewl	121	mid	66	80	14	5	411	Aureolin	22		16	8
greater-aureolin	Greater Aureolin	prefix	jewl	121	late	81		14	8	411	Aureolin	22		16	8
greater-celestial	Greater Celestial	prefix	jewl	123	early	50	65	16	1	105	Diamond	26		19	2
greater-celestial	Greater Celestial	prefix	jewl	123	mid	66	80	16	1	105	Diamond	26		19	2
greater-celestial	Greater Celestial	prefix	jewl	123	late	81		16	2	105	Diamond	26		19	2
greater-divine	Greater Divine	prefix	jewl	142	early	50	65	11	1	111	Pearl	18		13	2
greater-divine	Greater Divine	prefix	jewl	142	mid	66	80	11	1	111	Pearl	18		13	2
greater-divine	Greater Divine	prefix	jewl	142	late	81		11	2	111	Pearl	18		13	2
greater-grandmasters	Greater Grandmaster's	prefix	knif	111	early	50	65	75	1	75	Grandmaster's	84		88	4
greater-grandmasters	Greater Grandmaster's	prefix	knif	111	mid	66	80	75	3	75	Grandmaster's	84		88	4
greater-grandmasters	Greater Grandmaster's	prefix	knif	111	late	81		75	4	75	Grandmaster's	84		88	4
greater-grandmasters	Greater Grandmaster's	prefix	knif	111	early	50	65	75	1	76	Grandmaster's	86		88	2
greater-grandmasters	Greater Grandmaster's	prefix	knif	111	mid	66	80	75	1	76	Grandmaster's	86		88	2
greater-grandmasters	Greater Grandmaster's	prefix	knif	111	late	81		75	2	76	Grandmaster's	86		88	2
greater-grandmasters	Greater Grandmaster's	prefix	knif	111	early	50	65	75	1	77	Grandmaster's	86		88	2
greater-grandmasters	Greater Grandmaster's	prefix	knif	111	mid	66	80	75	1	77	Grandmaster's	86		88	2
greater-grandmasters	Greater Grandmaster's	prefix	knif	111	late	81		75	2	77	Grandmaster's	86		88	2
greater-grandmasters	Greater Grandmaster's	prefix	knif	111	early	50	65	75	1	78	Grandmaster's	86		88	2
greater-grandmasters	Greater Grandmaster's	prefix	knif	111	mid	66	80	75	1	78	Grandmaster's	86		88	2
greater-grandmasters	Greater Grandmaster's	prefix	knif	111	late	81		75	2	78	Grandmaster's	86		88	2
greater-grandmasters	Greater Grandmaster's	prefix	knif	111	early	50	65	68	1	98	Wraithly1	86		80	4
greater-grandmasters	Greater Grandmaster's	prefix	knif	111	mid	66	80	68	3	98	Wraithly1	86		80	4
greater-grandmasters	Greater Grandmaster's	prefix	knif	111	late	81		68	4	98	Wraithly1	86		80	4
greater-gritty	Greater Gritty	prefix	knif	105	early	50	65	55	5	153	Gritty	75		65	14
greater-gritty	Greater Gritty	prefix	knif	105	mid	66	80	55	9	153	Gritty	75		65	14
greater-gritty	Greater Gritty	prefix	knif	105	late	81		55	14	153	Gritty	75		65	14
greater-platinum	Greater Platinum	prefix	knif	110	early	50	65	34	3	120	Weird	44		40	8
greater-platinum	Greater Platinum	prefix	knif	110	mid	66	80	34	5	120	Weird	44		40	8
greater-platinum	Greater Platinum	prefix	knif	110	late	81		34	8	120	Weird	44		40	8
greater-serpents	Greater Serpent's	prefix	knif	115	early	50	65	23	1	398	Serpent's	37		27	4
greater-serpents	Greater Serpent's	prefix	knif	115	mid	66	80	23	3	398	Serpent's	37		27	4
greater-serpents	Greater Serpent's	prefix	knif	115	late	81		23	4	398	Serpent's	37		27	4
greater-single-resist-charm	Greater Ruby/Sapphire/Amber/Emerald	prefix	knif	117	early	50	65	35	1	353	Cobalt	55		41	4
greater-single-resist-charm	Greater Ruby/Sapphire/Amber/Emerald	prefix	knif	117	mid	66	80	35	3	353	Cobalt	55		41	4
greater-single-resist-charm	Greater Ruby/Sapphire/Amber/Emerald	prefix	knif	117	late	81		35	4	353	Cobalt	55		41	4
greater-single-resist-charm	Greater Ruby/Sapphire/Amber/Emerald	prefix	knif	118	early	50	65	35	1	360	Garnet	55		41	2
greater-single-resist-charm	Greater Ruby/Sapphire/Amber/Emerald	prefix	knif	118	mid	66	80	35	1	360	Garnet	55		41	2
greater-single-resist-charm	Greater Ruby/Sapphire/Amber/Emerald	prefix	knif	118	late	81		35	2	360	Garnet	55		41	2
greater-single-resist-charm	Greater Ruby/Sapphire/Amber/Emerald	prefix	knif	119	early	50	65	35	1	368	Coral	55		41	2
greater-single-resist-charm	Greater Ruby/Sapphire/Amber/Emerald	prefix	knif	119	mid	66	80	35	1	368	Coral	55		41	2
greater-single-resist-charm	Greater Ruby/Sapphire/Amber/Emerald	prefix	knif	119	late	81		35	2	368	Coral	55		41	2
greater-single-resist-charm	Greater Ruby/Sapphire/Amber/Emerald	prefix	knif	120	early	50	65	35	1	376	Jade	55		41	2
greater-single-resist-charm	Greater Ruby/Sapphire/Amber/Emerald	prefix	knif	120	mid	66	80	35	1	376	Jade	55		41	2
greater-single-resist-charm	Greater Ruby/Sapphire/Amber/Emerald	prefix	knif	120	late	81		35	2	376	Jade	55		41	2
greater-aureolin	Greater Aureolin	prefix	knif	121	early	50	65	10	3	410	Victorious	17		12	8
greater-aureolin	Greater Aureolin	prefix	knif	121	mid	66	80	10	5	410	Victorious	17		12	8
greater-aureolin	Greater Aureolin	prefix	knif	121	late	81		10	8	410	Victorious	17		12	8
greater-celestial	Greater Celestial	prefix	knif	123	early	50	65	35	1	104	Celestial	55		41	2
greater-celestial	Greater Celestial	prefix	knif	123	mid	66	80	35	1	104	Celestial	55		41	2
greater-celestial	Greater Celestial	prefix	knif	123	late	81		35	2	104	Celestial	55		41	2
greater-class-skill	Greater class skill	prefix	knif	125	early	50	65	36	1	212	Necromancer's	50		42	4
greater-class-skill	Greater class skill	prefix	knif	125	mid	66	80	36	3	212	Necromancer's	50		42	4
greater-class-skill	Greater class skill	prefix	knif	125	late	81		36	4	212	Necromancer's	50		42	4
greater-class-skill	Greater class skill	prefix	knif	125	early	50	65	36	1	1072	Arch-Devil's	50		42	2
greater-class-skill	Greater class skill	prefix	knif	125	mid	66	80	36	1	1072	Arch-Devil's	50		42	2
greater-class-skill	Greater class skill	prefix	knif	125	late	81		36	2	1072	Arch-Devil's	50		42	2
greater-skilltab	Greater Skilltab	prefix	knif	125	early	50	65	38	1	262	Venomous	60		45	2
greater-skilltab	Greater Skilltab	prefix	knif	125	mid	66	80	38	1	262	Venomous	60		45	2
greater-skilltab	Greater Skilltab	prefix	knif	125	late	81		38	2	262	Venomous	60		45	2
greater-skilltab	Greater Skilltab	prefix	knif	125	early	50	65	38	1	277	Master's	60		45	2
greater-skilltab	Greater Skilltab	prefix	knif	125	mid	66	80	38	1	277	Master's	60		45	2
greater-skilltab	Greater Skilltab	prefix	knif	125	late	81		38	2	277	Master's	60		45	2
greater-skilltab	Greater Skilltab	prefix	knif	125	early	50	65	38	1	280	Furious	60		45	2
greater-skilltab	Greater Skilltab	prefix	knif	125	mid	66	80	38	1	280	Furious	60		45	2
greater-skilltab	Greater Skilltab	prefix	knif	125	late	81		38	2	280	Furious	60		45	2
greater-skilltab	Greater Skilltab	prefix	knif	125	early	50	65	38	1	283	Echoing	60		45	2
greater-skilltab	Greater Skilltab	prefix	knif	125	mid	66	80	38	1	283	Echoing	60		45	2
greater-skilltab	Greater Skilltab	prefix	knif	125	late	81		38	2	283	Echoing	60		45	2
greater-skilltab	Greater Skilltab	prefix	knif	125	early	50	65	38	1	1062	Torrid	60		45	1
greater-skilltab	Greater Skilltab	prefix	knif	125	mid	66	80	38	1	1062	Torrid	60		45	1
greater-skilltab	Greater Skilltab	prefix	knif	125	late	81		38	1	1062	Torrid	60		45	1
greater-skilltab	Greater Skilltab	prefix	knif	125	early	50	65	38	1	1065	Forbidden	60		45	1
greater-skilltab	Greater Skilltab	prefix	knif	125	mid	66	80	38	1	1065	Forbidden	60		45	1
greater-skilltab	Greater Skilltab	prefix	knif	125	late	81		38	1	1065	Forbidden	60		45	1
greater-skilltab	Greater Skilltab	prefix	knif	125	early	50	65	38	1	1068	Malevolent	60		45	1
greater-skilltab	Greater Skilltab	prefix	knif	125	mid	66	80	38	1	1068	Malevolent	60		45	1
greater-skilltab	Greater Skilltab	prefix	knif	125	late	81		38	1	1068	Malevolent	60		45	1
greater-avatar	Greater Avatar	prefix	knif	137	early	50	65	51	1	333	Hibernal	70		60	2
greater-avatar	Greater Avatar	prefix	knif	137	mid	66	80	51	1	333	Hibernal	70		60	2
greater-avatar	Greater Avatar	prefix	knif	137	late	81		51	2	333	Hibernal	70		60	2
greater-weapon-elemental-prefix	Greater Scorching/Shocking/Pestilent	prefix	knif	138	early	50	65	57	1	338	Scorching	77		67	2
greater-weapon-elemental-prefix	Greater Scorching/Shocking/Pestilent	prefix	knif	138	mid	66	80	57	1	338	Scorching	77		67	2
greater-weapon-elemental-prefix	Greater Scorching/Shocking/Pestilent	prefix	knif	138	late	81		57	2	338	Scorching	77		67	2
greater-weapon-elemental-prefix	Greater Scorching/Shocking/Pestilent	prefix	knif	139	early	50	65	56	1	343	Shocking	76		66	2
greater-weapon-elemental-prefix	Greater Scorching/Shocking/Pestilent	prefix	knif	139	mid	66	80	56	1	343	Shocking	76		66	2
greater-weapon-elemental-prefix	Greater Scorching/Shocking/Pestilent	prefix	knif	139	late	81		56	2	343	Shocking	76		66	2
greater-weapon-elemental-prefix	Greater Scorching/Shocking/Pestilent	prefix	knif	140	early	50	65	31	1	348	Pestilent	50		37	2
greater-weapon-elemental-prefix	Greater Scorching/Shocking/Pestilent	prefix	knif	140	mid	66	80	31	1	348	Pestilent	50		37	2
greater-weapon-elemental-prefix	Greater Scorching/Shocking/Pestilent	prefix	knif	140	late	81		31	2	348	Pestilent	50		37	2
greater-divine	Greater Divine	prefix	knif	142	early	50	65	31	1	110	Divine	45		37	2
greater-divine	Greater Divine	prefix	knif	142	mid	66	80	31	1	110	Divine	45		37	2
greater-divine	Greater Divine	prefix	knif	142	late	81		31	2	110	Divine	45		37	2
greater-veracious	Greater Veracious	prefix	knif	200	early	50	65	64	1	134	Veracious1	85		75	2
greater-veracious	Greater Veracious	prefix	knif	200	mid	66	80	64	1	134	Veracious1	85		75	2
greater-veracious	Greater Veracious	prefix	knif	200	late	81		64	2	134	Veracious1	85		75	2
greater-elemental-prefix	Greater Elemental	prefix	knif	203	early	50	65	65	1	449	Elemental1	80		77	2
greater-elemental-prefix	Greater Elemental	prefix	knif	203	mid	66	80	65	1	449	Elemental1	80		77	2
greater-elemental-prefix	Greater Elemental	prefix	knif	203	late	81		65	2	449	Elemental1	80		77	2
greater-sage-xp	Greater Sage	prefix	knif	204	early	50	65	39	2	452	Sage's	51		46	6
greater-sage-xp	Greater Sage	prefix	knif	204	mid	66	80	39	4	452	Sage's	51		46	6
greater-sage-xp	Greater Sage	prefix	knif	204	late	81		39	6	452	Sage's	51		46	6
greater-adamantine-wrought	Greater Adamantine-Wrought	prefix	knif	206	early	50	65	55	1	468	Adamantine-Wrought	87		65	4
greater-adamantine-wrought	Greater Adamantine-Wrought	prefix	knif	206	mid	66	80	55	3	468	Adamantine-Wrought	87		65	4
greater-adamantine-wrought	Greater Adamantine-Wrought	prefix	knif	206	late	81		55	4	468	Adamantine-Wrought	87		65	4
greater-bloody	Greater Bloody	prefix	lcha	103	early	50	65	75	1	938	Bloody	86		88	3
greater-bloody	Greater Bloody	prefix	lcha	103	mid	66	80	75	2	938	Bloody	86		88	3
greater-bloody	Greater Bloody	prefix	lcha	103	late	81		75	3	938	Bloody	86		88	3
greater-serrated	Greater Serrated	prefix	lcha	104	early	50	65	69	1	911	Serrated	81		81	3
greater-serrated	Greater Serrated	prefix	lcha	104	mid	66	80	69	2	911	Serrated	81		81	3
greater-serrated	Greater Serrated	prefix	lcha	104	late	81		69	3	911	Serrated	81		81	3
greater-platinum	Greater Platinum	prefix	lcha	110	early	50	65	69	2	920	Steel	81		81	6
greater-platinum	Greater Platinum	prefix	lcha	110	mid	66	80	69	4	920	Steel	81		81	6
greater-platinum	Greater Platinum	prefix	lcha	110	late	81		69	6	920	Steel	81		81	6
greater-lucky	Greater Lucky	prefix	lcha	114	early	50	65	43	2	1025	Lucky	55		50	6
greater-lucky	Greater Lucky	prefix	lcha	114	mid	66	80	43	4	1025	Lucky	55		50	6
greater-lucky	Greater Lucky	prefix	lcha	114	late	81		43	6	1025	Lucky	55		50	6
greater-serpents	Greater Serpent's	prefix	lcha	115	early	50	65	72	1	1022	Serpent's	85		85	3
greater-serpents	Greater Serpent's	prefix	lcha	115	mid	66	80	72	2	1022	Serpent's	85		85	3
greater-serpents	Greater Serpent's	prefix	lcha	115	late	81		72	3	1022	Serpent's	85		85	3
greater-shimmering	Greater Shimmering	prefix	lcha	116	early	50	65	69	1	1026	Shimmering	81		81	3
greater-shimmering	Greater Shimmering	prefix	lcha	116	mid	66	80	69	2	1026	Shimmering	81		81	3
greater-shimmering	Greater Shimmering	prefix	lcha	116	late	81		69	3	1026	Shimmering	81		81	3
greater-single-resist-charm	Greater Ruby/Sapphire/Amber/Emerald	prefix	lcha	117	early	50	65	47	2	998	Sapphire	60		55	6
greater-single-resist-charm	Greater Ruby/Sapphire/Amber/Emerald	prefix	lcha	117	mid	66	80	47	4	998	Sapphire	60		55	6
greater-single-resist-charm	Greater Ruby/Sapphire/Amber/Emerald	prefix	lcha	117	late	81		47	6	998	Sapphire	60		55	6
greater-single-resist-charm	Greater Ruby/Sapphire/Amber/Emerald	prefix	lcha	118	early	50	65	47	2	1002	Ruby	60		55	6
greater-single-resist-charm	Greater Ruby/Sapphire/Amber/Emerald	prefix	lcha	118	mid	66	80	47	4	1002	Ruby	60		55	6
greater-single-resist-charm	Greater Ruby/Sapphire/Amber/Emerald	prefix	lcha	118	late	81		47	6	1002	Ruby	60		55	6
greater-single-resist-charm	Greater Ruby/Sapphire/Amber/Emerald	prefix	lcha	119	early	50	65	47	2	1006	Amber	60		55	6
greater-single-resist-charm	Greater Ruby/Sapphire/Amber/Emerald	prefix	lcha	119	mid	66	80	47	4	1006	Amber	60		55	6
greater-single-resist-charm	Greater Ruby/Sapphire/Amber/Emerald	prefix	lcha	119	late	81		47	6	1006	Amber	60		55	6
greater-single-resist-charm	Greater Ruby/Sapphire/Amber/Emerald	prefix	lcha	120	early	50	65	47	2	1010	Emerald	60		55	6
greater-single-resist-charm	Greater Ruby/Sapphire/Amber/Emerald	prefix	lcha	120	mid	66	80	47	4	1010	Emerald	60		55	6
greater-single-resist-charm	Greater Ruby/Sapphire/Amber/Emerald	prefix	lcha	120	late	81		47	6	1010	Emerald	60		55	6
greater-avatar	Greater Avatar	prefix	lcha	137	early	50	65	72	1	991	Avatar	85		85	1
greater-avatar	Greater Avatar	prefix	lcha	137	mid	66	80	72	1	991	Avatar	85		85	1
greater-avatar	Greater Avatar	prefix	lcha	137	late	81		72	1	991	Avatar	85		85	1
greater-hulking	Greater Hulking	prefix	lcha	143	early	50	65	72	2	994	Hulking	85		85	6
greater-hulking	Greater Hulking	prefix	lcha	143	mid	66	80	72	4	994	Hulking	85		85	6
greater-hulking	Greater Hulking	prefix	lcha	143	late	81		72	6	994	Hulking	85		85	6
greater-grandmasters	Greater Grandmaster's	prefix	mace	111	early	50	65	75	1	75	Grandmaster's	84		88	4
greater-grandmasters	Greater Grandmaster's	prefix	mace	111	mid	66	80	75	3	75	Grandmaster's	84		88	4
greater-grandmasters	Greater Grandmaster's	prefix	mace	111	late	81		75	4	75	Grandmaster's	84		88	4
greater-grandmasters	Greater Grandmaster's	prefix	mace	111	early	50	65	75	1	76	Grandmaster's	86		88	2
greater-grandmasters	Greater Grandmaster's	prefix	mace	111	mid	66	80	75	1	76	Grandmaster's	86		88	2
greater-grandmasters	Greater Grandmaster's	prefix	mace	111	late	81		75	2	76	Grandmaster's	86		88	2
greater-grandmasters	Greater Grandmaster's	prefix	mace	111	early	50	65	75	1	77	Grandmaster's	86		88	2
greater-grandmasters	Greater Grandmaster's	prefix	mace	111	mid	66	80	75	1	77	Grandmaster's	86		88	2
greater-grandmasters	Greater Grandmaster's	prefix	mace	111	late	81		75	2	77	Grandmaster's	86		88	2
greater-grandmasters	Greater Grandmaster's	prefix	mace	111	early	50	65	75	1	78	Grandmaster's	86		88	2
greater-grandmasters	Greater Grandmaster's	prefix	mace	111	mid	66	80	75	1	78	Grandmaster's	86		88	2
greater-grandmasters	Greater Grandmaster's	prefix	mace	111	late	81		75	2	78	Grandmaster's	86		88	2
greater-grandmasters	Greater Grandmaster's	prefix	mace	111	early	50	65	68	1	98	Wraithly1	86		80	4
greater-grandmasters	Greater Grandmaster's	prefix	mace	111	mid	66	80	68	3	98	Wraithly1	86		80	4
greater-grandmasters	Greater Grandmaster's	prefix	mace	111	late	81		68	4	98	Wraithly1	86		80	4
greater-gritty	Greater Gritty	prefix	mace	105	early	50	65	55	5	153	Gritty	75		65	14
greater-gritty	Greater Gritty	prefix	mace	105	mid	66	80	55	9	153	Gritty	75		65	14
greater-gritty	Greater Gritty	prefix	mace	105	late	81		55	14	153	Gritty	75		65	14
greater-platinum	Greater Platinum	prefix	mace	110	early	50	65	34	3	120	Weird	44		40	8
greater-platinum	Greater Platinum	prefix	mace	110	mid	66	80	34	5	120	Weird	44		40	8
greater-platinum	Greater Platinum	prefix	mace	110	late	81		34	8	120	Weird	44		40	8
greater-serpents	Greater Serpent's	prefix	mace	115	early	50	65	23	1	398	Serpent's	37		27	4
greater-serpents	Greater Serpent's	prefix	mace	115	mid	66	80	23	3	398	Serpent's	37		27	4
greater-serpents	Greater Serpent's	prefix	mace	115	late	81		23	4	398	Serpent's	37		27	4
greater-single-resist-charm	Greater Ruby/Sapphire/Amber/Emerald	prefix	mace	117	early	50	65	35	1	353	Cobalt	55		41	4
greater-single-resist-charm	Greater Ruby/Sapphire/Amber/Emerald	prefix	mace	117	mid	66	80	35	3	353	Cobalt	55		41	4
greater-single-resist-charm	Greater Ruby/Sapphire/Amber/Emerald	prefix	mace	117	late	81		35	4	353	Cobalt	55		41	4
greater-single-resist-charm	Greater Ruby/Sapphire/Amber/Emerald	prefix	mace	118	early	50	65	35	1	360	Garnet	55		41	2
greater-single-resist-charm	Greater Ruby/Sapphire/Amber/Emerald	prefix	mace	118	mid	66	80	35	1	360	Garnet	55		41	2
greater-single-resist-charm	Greater Ruby/Sapphire/Amber/Emerald	prefix	mace	118	late	81		35	2	360	Garnet	55		41	2
greater-single-resist-charm	Greater Ruby/Sapphire/Amber/Emerald	prefix	mace	119	early	50	65	35	1	368	Coral	55		41	2
greater-single-resist-charm	Greater Ruby/Sapphire/Amber/Emerald	prefix	mace	119	mid	66	80	35	1	368	Coral	55		41	2
greater-single-resist-charm	Greater Ruby/Sapphire/Amber/Emerald	prefix	mace	119	late	81		35	2	368	Coral	55		41	2
greater-single-resist-charm	Greater Ruby/Sapphire/Amber/Emerald	prefix	mace	120	early	50	65	35	1	376	Jade	55		41	2
greater-single-resist-charm	Greater Ruby/Sapphire/Amber/Emerald	prefix	mace	120	mid	66	80	35	1	376	Jade	55		41	2
greater-single-resist-charm	Greater Ruby/Sapphire/Amber/Emerald	prefix	mace	120	late	81		35	2	376	Jade	55		41	2
greater-aureolin	Greater Aureolin	prefix	mace	121	early	50	65	10	3	410	Victorious	17		12	8
greater-aureolin	Greater Aureolin	prefix	mace	121	mid	66	80	10	5	410	Victorious	17		12	8
greater-aureolin	Greater Aureolin	prefix	mace	121	late	81		10	8	410	Victorious	17		12	8
greater-celestial	Greater Celestial	prefix	mace	123	early	50	65	35	1	104	Celestial	55		41	2
greater-celestial	Greater Celestial	prefix	mace	123	mid	66	80	35	1	104	Celestial	55		41	2
greater-celestial	Greater Celestial	prefix	mace	123	late	81		35	2	104	Celestial	55		41	2
greater-class-skill	Greater class skill	prefix	mace	125	early	50	65	49	1	206	Priest's	65		58	4
greater-class-skill	Greater class skill	prefix	mace	125	mid	66	80	49	3	206	Priest's	65		58	4
greater-class-skill	Greater class skill	prefix	mace	125	late	81		49	4	206	Priest's	65		58	4
greater-class-skill	Greater class skill	prefix	mace	125	early	50	65	36	1	224	Berserker's	50		42	2
greater-class-skill	Greater class skill	prefix	mace	125	mid	66	80	36	1	224	Berserker's	50		42	2
greater-class-skill	Greater class skill	prefix	mace	125	late	81		36	2	224	Berserker's	50		42	2
greater-skilltab	Greater Skilltab	prefix	mace	125	early	50	65	38	1	268	Rose Branded	60		45	2
greater-skilltab	Greater Skilltab	prefix	mace	125	mid	66	80	38	1	268	Rose Branded	60		45	2
greater-skilltab	Greater Skilltab	prefix	mace	125	late	81		38	2	268	Rose Branded	60		45	2
greater-skilltab	Greater Skilltab	prefix	mace	125	early	50	65	38	1	271	Marshal's	60		45	2
greater-skilltab	Greater Skilltab	prefix	mace	125	mid	66	80	38	1	271	Marshal's	60		45	2
greater-skilltab	Greater Skilltab	prefix	mace	125	late	81		38	2	271	Marshal's	60		45	2
greater-skilltab	Greater Skilltab	prefix	mace	125	early	50	65	38	1	277	Master's	60		45	2
greater-skilltab	Greater Skilltab	prefix	mace	125	mid	66	80	38	1	277	Master's	60		45	2
greater-skilltab	Greater Skilltab	prefix	mace	125	late	81		38	2	277	Master's	60		45	2
greater-skilltab	Greater Skilltab	prefix	mace	125	early	50	65	38	1	280	Furious	60		45	2
greater-skilltab	Greater Skilltab	prefix	mace	125	mid	66	80	38	1	280	Furious	60		45	2
greater-skilltab	Greater Skilltab	prefix	mace	125	late	81		38	2	280	Furious	60		45	2
greater-skilltab	Greater Skilltab	prefix	mace	125	early	50	65	38	1	283	Echoing	60		45	2
greater-skilltab	Greater Skilltab	prefix	mace	125	mid	66	80	38	1	283	Echoing	60		45	2
greater-skilltab	Greater Skilltab	prefix	mace	125	late	81		38	2	283	Echoing	60		45	2
greater-avatar	Greater Avatar	prefix	mace	137	early	50	65	51	1	333	Hibernal	70		60	2
greater-avatar	Greater Avatar	prefix	mace	137	mid	66	80	51	1	333	Hibernal	70		60	2
greater-avatar	Greater Avatar	prefix	mace	137	late	81		51	2	333	Hibernal	70		60	2
greater-weapon-elemental-prefix	Greater Scorching/Shocking/Pestilent	prefix	mace	138	early	50	65	57	1	338	Scorching	77		67	2
greater-weapon-elemental-prefix	Greater Scorching/Shocking/Pestilent	prefix	mace	138	mid	66	80	57	1	338	Scorching	77		67	2
greater-weapon-elemental-prefix	Greater Scorching/Shocking/Pestilent	prefix	mace	138	late	81		57	2	338	Scorching	77		67	2
greater-weapon-elemental-prefix	Greater Scorching/Shocking/Pestilent	prefix	mace	139	early	50	65	56	1	343	Shocking	76		66	2
greater-weapon-elemental-prefix	Greater Scorching/Shocking/Pestilent	prefix	mace	139	mid	66	80	56	1	343	Shocking	76		66	2
greater-weapon-elemental-prefix	Greater Scorching/Shocking/Pestilent	prefix	mace	139	late	81		56	2	343	Shocking	76		66	2
greater-weapon-elemental-prefix	Greater Scorching/Shocking/Pestilent	prefix	mace	140	early	50	65	31	1	348	Pestilent	50		37	2
greater-weapon-elemental-prefix	Greater Scorching/Shocking/Pestilent	prefix	mace	140	mid	66	80	31	1	348	Pestilent	50		37	2
greater-weapon-elemental-prefix	Greater Scorching/Shocking/Pestilent	prefix	mace	140	late	81		31	2	348	Pestilent	50		37	2
greater-divine	Greater Divine	prefix	mace	142	early	50	65	31	1	110	Divine	45		37	2
greater-divine	Greater Divine	prefix	mace	142	mid	66	80	31	1	110	Divine	45		37	2
greater-divine	Greater Divine	prefix	mace	142	late	81		31	2	110	Divine	45		37	2
greater-veracious	Greater Veracious	prefix	mace	200	early	50	65	64	1	134	Veracious1	85		75	2
greater-veracious	Greater Veracious	prefix	mace	200	mid	66	80	64	1	134	Veracious1	85		75	2
greater-veracious	Greater Veracious	prefix	mace	200	late	81		64	2	134	Veracious1	85		75	2
greater-elemental-prefix	Greater Elemental	prefix	mace	203	early	50	65	65	1	449	Elemental1	80		77	2
greater-elemental-prefix	Greater Elemental	prefix	mace	203	mid	66	80	65	1	449	Elemental1	80		77	2
greater-elemental-prefix	Greater Elemental	prefix	mace	203	late	81		65	2	449	Elemental1	80		77	2
greater-sage-xp	Greater Sage	prefix	mace	204	early	50	65	39	2	452	Sage's	51		46	6
greater-sage-xp	Greater Sage	prefix	mace	204	mid	66	80	39	4	452	Sage's	51		46	6
greater-sage-xp	Greater Sage	prefix	mace	204	late	81		39	6	452	Sage's	51		46	6
greater-adamantine-wrought	Greater Adamantine-Wrought	prefix	mace	206	early	50	65	55	1	468	Adamantine-Wrought	87		65	4
greater-adamantine-wrought	Greater Adamantine-Wrought	prefix	mace	206	mid	66	80	55	3	468	Adamantine-Wrought	87		65	4
greater-adamantine-wrought	Greater Adamantine-Wrought	prefix	mace	206	late	81		55	4	468	Adamantine-Wrought	87		65	4
greater-missile-prefix	Greater missile prefixes	prefix	mboq	220	early	50	65	43	1	1091	Sturdy	80		50	3
greater-missile-prefix	Greater missile prefixes	prefix	mboq	220	mid	66	80	43	2	1091	Sturdy	80		50	3
greater-missile-prefix	Greater missile prefixes	prefix	mboq	220	late	81		43	3	1091	Sturdy	80		50	3
greater-missile-prefix	Greater missile prefixes	prefix	mboq	220	early	50	65	43	1	1094	Lizard's	80		50	3
greater-missile-prefix	Greater missile prefixes	prefix	mboq	220	mid	66	80	43	2	1094	Lizard's	80		50	3
greater-missile-prefix	Greater missile prefixes	prefix	mboq	220	late	81		43	3	1094	Lizard's	80		50	3
greater-missile-prefix	Greater missile prefixes	prefix	mboq	221	early	50	65	43	1	1097	Sharp	80		50	3
greater-missile-prefix	Greater missile prefixes	prefix	mboq	221	mid	66	80	43	2	1097	Sharp	80		50	3
greater-missile-prefix	Greater missile prefixes	prefix	mboq	221	late	81		43	3	1097	Sharp	80		50	3
greater-missile-prefix	Greater missile prefixes	prefix	mboq	222	early	50	65	51	1	1100	Jagged	80		60	3
greater-missile-prefix	Greater missile prefixes	prefix	mboq	222	mid	66	80	51	2	1100	Jagged	80		60	3
greater-missile-prefix	Greater missile prefixes	prefix	mboq	222	late	81		51	3	1100	Jagged	80		60	3
greater-missile-prefix	Greater missile prefixes	prefix	mboq	222	early	50	65	51	1	1103	Jagged	80		60	3
greater-missile-prefix	Greater missile prefixes	prefix	mboq	222	mid	66	80	51	2	1103	Jagged	80		60	3
greater-missile-prefix	Greater missile prefixes	prefix	mboq	222	late	81		51	3	1103	Jagged	80		60	3
greater-missile-prefix	Greater missile prefixes	prefix	mboq	223	early	50	65	51	1	1106	Flaming	80		60	3
greater-missile-prefix	Greater missile prefixes	prefix	mboq	223	mid	66	80	51	2	1106	Flaming	80		60	3
greater-missile-prefix	Greater missile prefixes	prefix	mboq	223	late	81		51	3	1106	Flaming	80		60	3
greater-missile-prefix	Greater missile prefixes	prefix	mboq	224	early	50	65	51	1	1109	Shivering	80		60	3
greater-missile-prefix	Greater missile prefixes	prefix	mboq	224	mid	66	80	51	2	1109	Shivering	80		60	3
greater-missile-prefix	Greater missile prefixes	prefix	mboq	224	late	81		51	3	1109	Shivering	80		60	3
greater-missile-prefix	Greater missile prefixes	prefix	mboq	225	early	50	65	51	1	1112	Static	80		60	3
greater-missile-prefix	Greater missile prefixes	prefix	mboq	225	mid	66	80	51	2	1112	Static	80		60	3
greater-missile-prefix	Greater missile prefixes	prefix	mboq	225	late	81		51	3	1112	Static	80		60	3
greater-missile-prefix	Greater missile prefixes	prefix	mboq	226	early	50	65	51	1	1115	Corosive	80		60	3
greater-missile-prefix	Greater missile prefixes	prefix	mboq	226	mid	66	80	51	2	1115	Corosive	80		60	3
greater-missile-prefix	Greater missile prefixes	prefix	mboq	226	late	81		51	3	1115	Corosive	80		60	3
greater-missile-prefix	Greater missile prefixes	prefix	mboq	227	early	50	65	51	1	1118	Apprentice	80		60	3
greater-missile-prefix	Greater missile prefixes	prefix	mboq	227	mid	66	80	51	2	1118	Apprentice	80		60	3
greater-missile-prefix	Greater missile prefixes	prefix	mboq	227	late	81		51	3	1118	Apprentice	80		60	3
greater-grandmasters	Greater Grandmaster's	prefix	mele	111	early	50	65	75	1	75	Grandmaster's	84		88	4
greater-grandmasters	Greater Grandmaster's	prefix	mele	111	mid	66	80	75	3	75	Grandmaster's	84		88	4
greater-grandmasters	Greater Grandmaster's	prefix	mele	111	late	81		75	4	75	Grandmaster's	84		88	4
greater-grandmasters	Greater Grandmaster's	prefix	mele	111	early	50	65	75	1	76	Grandmaster's	86		88	2
greater-grandmasters	Greater Grandmaster's	prefix	mele	111	mid	66	80	75	1	76	Grandmaster's	86		88	2
greater-grandmasters	Greater Grandmaster's	prefix	mele	111	late	81		75	2	76	Grandmaster's	86		88	2
greater-grandmasters	Greater Grandmaster's	prefix	mele	111	early	50	65	75	1	77	Grandmaster's	86		88	2
greater-grandmasters	Greater Grandmaster's	prefix	mele	111	mid	66	80	75	1	77	Grandmaster's	86		88	2
greater-grandmasters	Greater Grandmaster's	prefix	mele	111	late	81		75	2	77	Grandmaster's	86		88	2
greater-grandmasters	Greater Grandmaster's	prefix	mele	111	early	50	65	75	1	78	Grandmaster's	86		88	2
greater-grandmasters	Greater Grandmaster's	prefix	mele	111	mid	66	80	75	1	78	Grandmaster's	86		88	2
greater-grandmasters	Greater Grandmaster's	prefix	mele	111	late	81		75	2	78	Grandmaster's	86		88	2
greater-grandmasters	Greater Grandmaster's	prefix	mele	111	early	50	65	68	1	98	Wraithly1	86		80	4
greater-grandmasters	Greater Grandmaster's	prefix	mele	111	mid	66	80	68	3	98	Wraithly1	86		80	4
greater-grandmasters	Greater Grandmaster's	prefix	mele	111	late	81		68	4	98	Wraithly1	86		80	4
greater-gritty	Greater Gritty	prefix	mele	105	early	50	65	55	5	153	Gritty	75		65	14
greater-gritty	Greater Gritty	prefix	mele	105	mid	66	80	55	9	153	Gritty	75		65	14
greater-gritty	Greater Gritty	prefix	mele	105	late	81		55	14	153	Gritty	75		65	14
greater-platinum	Greater Platinum	prefix	mele	110	early	50	65	34	3	120	Weird	44		40	8
greater-platinum	Greater Platinum	prefix	mele	110	mid	66	80	34	5	120	Weird	44		40	8
greater-platinum	Greater Platinum	prefix	mele	110	late	81		34	8	120	Weird	44		40	8
greater-serpents	Greater Serpent's	prefix	mele	115	early	50	65	23	1	398	Serpent's	37		27	4
greater-serpents	Greater Serpent's	prefix	mele	115	mid	66	80	23	3	398	Serpent's	37		27	4
greater-serpents	Greater Serpent's	prefix	mele	115	late	81		23	4	398	Serpent's	37		27	4
greater-single-resist-charm	Greater Ruby/Sapphire/Amber/Emerald	prefix	mele	117	early	50	65	35	1	353	Cobalt	55		41	4
greater-single-resist-charm	Greater Ruby/Sapphire/Amber/Emerald	prefix	mele	117	mid	66	80	35	3	353	Cobalt	55		41	4
greater-single-resist-charm	Greater Ruby/Sapphire/Amber/Emerald	prefix	mele	117	late	81		35	4	353	Cobalt	55		41	4
greater-single-resist-charm	Greater Ruby/Sapphire/Amber/Emerald	prefix	mele	118	early	50	65	35	1	360	Garnet	55		41	2
greater-single-resist-charm	Greater Ruby/Sapphire/Amber/Emerald	prefix	mele	118	mid	66	80	35	1	360	Garnet	55		41	2
greater-single-resist-charm	Greater Ruby/Sapphire/Amber/Emerald	prefix	mele	118	late	81		35	2	360	Garnet	55		41	2
greater-single-resist-charm	Greater Ruby/Sapphire/Amber/Emerald	prefix	mele	119	early	50	65	35	1	368	Coral	55		41	2
greater-single-resist-charm	Greater Ruby/Sapphire/Amber/Emerald	prefix	mele	119	mid	66	80	35	1	368	Coral	55		41	2
greater-single-resist-charm	Greater Ruby/Sapphire/Amber/Emerald	prefix	mele	119	late	81		35	2	368	Coral	55		41	2
greater-single-resist-charm	Greater Ruby/Sapphire/Amber/Emerald	prefix	mele	120	early	50	65	35	1	376	Jade	55		41	2
greater-single-resist-charm	Greater Ruby/Sapphire/Amber/Emerald	prefix	mele	120	mid	66	80	35	1	376	Jade	55		41	2
greater-single-resist-charm	Greater Ruby/Sapphire/Amber/Emerald	prefix	mele	120	late	81		35	2	376	Jade	55		41	2
greater-aureolin	Greater Aureolin	prefix	mele	121	early	50	65	10	3	410	Victorious	17		12	8
greater-aureolin	Greater Aureolin	prefix	mele	121	mid	66	80	10	5	410	Victorious	17		12	8
greater-aureolin	Greater Aureolin	prefix	mele	121	late	81		10	8	410	Victorious	17		12	8
greater-celestial	Greater Celestial	prefix	mele	123	early	50	65	35	1	104	Celestial	55		41	2
greater-celestial	Greater Celestial	prefix	mele	123	mid	66	80	35	1	104	Celestial	55		41	2
greater-celestial	Greater Celestial	prefix	mele	123	late	81		35	2	104	Celestial	55		41	2
greater-skilltab	Greater Skilltab	prefix	mele	125	early	50	65	38	1	277	Master's	60		45	2
greater-skilltab	Greater Skilltab	prefix	mele	125	mid	66	80	38	1	277	Master's	60		45	2
greater-skilltab	Greater Skilltab	prefix	mele	125	late	81		38	2	277	Master's	60		45	2
greater-skilltab	Greater Skilltab	prefix	mele	125	early	50	65	38	1	280	Furious	60		45	2
greater-skilltab	Greater Skilltab	prefix	mele	125	mid	66	80	38	1	280	Furious	60		45	2
greater-skilltab	Greater Skilltab	prefix	mele	125	late	81		38	2	280	Furious	60		45	2
greater-skilltab	Greater Skilltab	prefix	mele	125	early	50	65	38	1	283	Echoing	60		45	2
greater-skilltab	Greater Skilltab	prefix	mele	125	mid	66	80	38	1	283	Echoing	60		45	2
greater-skilltab	Greater Skilltab	prefix	mele	125	late	81		38	2	283	Echoing	60		45	2
greater-avatar	Greater Avatar	prefix	mele	137	early	50	65	51	1	333	Hibernal	70		60	2
greater-avatar	Greater Avatar	prefix	mele	137	mid	66	80	51	1	333	Hibernal	70		60	2
greater-avatar	Greater Avatar	prefix	mele	137	late	81		51	2	333	Hibernal	70		60	2
greater-weapon-elemental-prefix	Greater Scorching/Shocking/Pestilent	prefix	mele	138	early	50	65	57	1	338	Scorching	77		67	2
greater-weapon-elemental-prefix	Greater Scorching/Shocking/Pestilent	prefix	mele	138	mid	66	80	57	1	338	Scorching	77		67	2
greater-weapon-elemental-prefix	Greater Scorching/Shocking/Pestilent	prefix	mele	138	late	81		57	2	338	Scorching	77		67	2
greater-weapon-elemental-prefix	Greater Scorching/Shocking/Pestilent	prefix	mele	139	early	50	65	56	1	343	Shocking	76		66	2
greater-weapon-elemental-prefix	Greater Scorching/Shocking/Pestilent	prefix	mele	139	mid	66	80	56	1	343	Shocking	76		66	2
greater-weapon-elemental-prefix	Greater Scorching/Shocking/Pestilent	prefix	mele	139	late	81		56	2	343	Shocking	76		66	2
greater-weapon-elemental-prefix	Greater Scorching/Shocking/Pestilent	prefix	mele	140	early	50	65	31	1	348	Pestilent	50		37	2
greater-weapon-elemental-prefix	Greater Scorching/Shocking/Pestilent	prefix	mele	140	mid	66	80	31	1	348	Pestilent	50		37	2
greater-weapon-elemental-prefix	Greater Scorching/Shocking/Pestilent	prefix	mele	140	late	81		31	2	348	Pestilent	50		37	2
greater-divine	Greater Divine	prefix	mele	142	early	50	65	31	1	110	Divine	45		37	2
greater-divine	Greater Divine	prefix	mele	142	mid	66	80	31	1	110	Divine	45		37	2
greater-divine	Greater Divine	prefix	mele	142	late	81		31	2	110	Divine	45		37	2
greater-veracious	Greater Veracious	prefix	mele	200	early	50	65	64	1	134	Veracious1	85		75	2
greater-veracious	Greater Veracious	prefix	mele	200	mid	66	80	64	1	134	Veracious1	85		75	2
greater-veracious	Greater Veracious	prefix	mele	200	late	81		64	2	134	Veracious1	85		75	2
greater-elemental-prefix	Greater Elemental	prefix	mele	203	early	50	65	65	1	449	Elemental1	80		77	2
greater-elemental-prefix	Greater Elemental	prefix	mele	203	mid	66	80	65	1	449	Elemental1	80		77	2
greater-elemental-prefix	Greater Elemental	prefix	mele	203	late	81		65	2	449	Elemental1	80		77	2
greater-sage-xp	Greater Sage	prefix	mele	204	early	50	65	39	2	452	Sage's	51		46	6
greater-sage-xp	Greater Sage	prefix	mele	204	mid	66	80	39	4	452	Sage's	51		46	6
greater-sage-xp	Greater Sage	prefix	mele	204	late	81		39	6	452	Sage's	51		46	6
greater-adamantine-wrought	Greater Adamantine-Wrought	prefix	mele	206	early	50	65	55	1	468	Adamantine-Wrought	87		65	4
greater-adamantine-wrought	Greater Adamantine-Wrought	prefix	mele	206	mid	66	80	55	3	468	Adamantine-Wrought	87		65	4
greater-adamantine-wrought	Greater Adamantine-Wrought	prefix	mele	206	late	81		55	4	468	Adamantine-Wrought	87		65	4
greater-missile-prefix	Greater missile prefixes	prefix	misl	220	early	50	65	43	1	1091	Sturdy	80		50	3
greater-missile-prefix	Greater missile prefixes	prefix	misl	220	mid	66	80	43	2	1091	Sturdy	80		50	3
greater-missile-prefix	Greater missile prefixes	prefix	misl	220	late	81		43	3	1091	Sturdy	80		50	3
greater-missile-prefix	Greater missile prefixes	prefix	misl	220	early	50	65	43	1	1094	Lizard's	80		50	3
greater-missile-prefix	Greater missile prefixes	prefix	misl	220	mid	66	80	43	2	1094	Lizard's	80		50	3
greater-missile-prefix	Greater missile prefixes	prefix	misl	220	late	81		43	3	1094	Lizard's	80		50	3
greater-missile-prefix	Greater missile prefixes	prefix	misl	221	early	50	65	43	1	1097	Sharp	80		50	3
greater-missile-prefix	Greater missile prefixes	prefix	misl	221	mid	66	80	43	2	1097	Sharp	80		50	3
greater-missile-prefix	Greater missile prefixes	prefix	misl	221	late	81		43	3	1097	Sharp	80		50	3
greater-missile-prefix	Greater missile prefixes	prefix	misl	222	early	50	65	51	1	1100	Jagged	80		60	3
greater-missile-prefix	Greater missile prefixes	prefix	misl	222	mid	66	80	51	2	1100	Jagged	80		60	3
greater-missile-prefix	Greater missile prefixes	prefix	misl	222	late	81		51	3	1100	Jagged	80		60	3
greater-missile-prefix	Greater missile prefixes	prefix	misl	222	early	50	65	51	1	1103	Jagged	80		60	3
greater-missile-prefix	Greater missile prefixes	prefix	misl	222	mid	66	80	51	2	1103	Jagged	80		60	3
greater-missile-prefix	Greater missile prefixes	prefix	misl	222	late	81		51	3	1103	Jagged	80		60	3
greater-missile-prefix	Greater missile prefixes	prefix	misl	223	early	50	65	51	1	1106	Flaming	80		60	3
greater-missile-prefix	Greater missile prefixes	prefix	misl	223	mid	66	80	51	2	1106	Flaming	80		60	3
greater-missile-prefix	Greater missile prefixes	prefix	misl	223	late	81		51	3	1106	Flaming	80		60	3
greater-missile-prefix	Greater missile prefixes	prefix	misl	224	early	50	65	51	1	1109	Shivering	80		60	3
greater-missile-prefix	Greater missile prefixes	prefix	misl	224	mid	66	80	51	2	1109	Shivering	80		60	3
greater-missile-prefix	Greater missile prefixes	prefix	misl	224	late	81		51	3	1109	Shivering	80		60	3
greater-missile-prefix	Greater missile prefixes	prefix	misl	225	early	50	65	51	1	1112	Static	80		60	3
greater-missile-prefix	Greater missile prefixes	prefix	misl	225	mid	66	80	51	2	1112	Static	80		60	3
greater-missile-prefix	Greater missile prefixes	prefix	misl	225	late	81		51	3	1112	Static	80		60	3
greater-missile-prefix	Greater missile prefixes	prefix	misl	226	early	50	65	51	1	1115	Corosive	80		60	3
greater-missile-prefix	Greater missile prefixes	prefix	misl	226	mid	66	80	51	2	1115	Corosive	80		60	3
greater-missile-prefix	Greater missile prefixes	prefix	misl	226	late	81		51	3	1115	Corosive	80		60	3
greater-missile-prefix	Greater missile prefixes	prefix	misl	227	early	50	65	51	1	1118	Apprentice	80		60	3
greater-missile-prefix	Greater missile prefixes	prefix	misl	227	mid	66	80	51	2	1118	Apprentice	80		60	3
greater-missile-prefix	Greater missile prefixes	prefix	misl	227	late	81		51	3	1118	Apprentice	80		60	3
greater-grandmasters	Greater Grandmaster's	prefix	miss	111	early	50	65	75	1	75	Grandmaster's	84		88	4
greater-grandmasters	Greater Grandmaster's	prefix	miss	111	mid	66	80	75	3	75	Grandmaster's	84		88	4
greater-grandmasters	Greater Grandmaster's	prefix	miss	111	late	81		75	4	75	Grandmaster's	84		88	4
greater-grandmasters	Greater Grandmaster's	prefix	miss	111	early	50	65	75	1	76	Grandmaster's	86		88	2
greater-grandmasters	Greater Grandmaster's	prefix	miss	111	mid	66	80	75	1	76	Grandmaster's	86		88	2
greater-grandmasters	Greater Grandmaster's	prefix	miss	111	late	81		75	2	76	Grandmaster's	86		88	2
greater-grandmasters	Greater Grandmaster's	prefix	miss	111	early	50	65	75	1	77	Grandmaster's	86		88	2
greater-grandmasters	Greater Grandmaster's	prefix	miss	111	mid	66	80	75	1	77	Grandmaster's	86		88	2
greater-grandmasters	Greater Grandmaster's	prefix	miss	111	late	81		75	2	77	Grandmaster's	86		88	2
greater-grandmasters	Greater Grandmaster's	prefix	miss	111	early	50	65	75	1	78	Grandmaster's	86		88	2
greater-grandmasters	Greater Grandmaster's	prefix	miss	111	mid	66	80	75	1	78	Grandmaster's	86		88	2
greater-grandmasters	Greater Grandmaster's	prefix	miss	111	late	81		75	2	78	Grandmaster's	86		88	2
greater-grandmasters	Greater Grandmaster's	prefix	miss	111	early	50	65	68	1	98	Wraithly1	86		80	4
greater-grandmasters	Greater Grandmaster's	prefix	miss	111	mid	66	80	68	3	98	Wraithly1	86		80	4
greater-grandmasters	Greater Grandmaster's	prefix	miss	111	late	81		68	4	98	Wraithly1	86		80	4
greater-gritty	Greater Gritty	prefix	miss	105	early	50	65	55	5	153	Gritty	75		65	14
greater-gritty	Greater Gritty	prefix	miss	105	mid	66	80	55	9	153	Gritty	75		65	14
greater-gritty	Greater Gritty	prefix	miss	105	late	81		55	14	153	Gritty	75		65	14
greater-platinum	Greater Platinum	prefix	miss	110	early	50	65	34	3	120	Weird	44		40	8
greater-platinum	Greater Platinum	prefix	miss	110	mid	66	80	34	5	120	Weird	44		40	8
greater-platinum	Greater Platinum	prefix	miss	110	late	81		34	8	120	Weird	44		40	8
greater-serpents	Greater Serpent's	prefix	miss	115	early	50	65	23	1	398	Serpent's	37		27	4
greater-serpents	Greater Serpent's	prefix	miss	115	mid	66	80	23	3	398	Serpent's	37		27	4
greater-serpents	Greater Serpent's	prefix	miss	115	late	81		23	4	398	Serpent's	37		27	4
greater-single-resist-charm	Greater Ruby/Sapphire/Amber/Emerald	prefix	miss	117	early	50	65	35	1	353	Cobalt	55		41	4
greater-single-resist-charm	Greater Ruby/Sapphire/Amber/Emerald	prefix	miss	117	mid	66	80	35	3	353	Cobalt	55		41	4
greater-single-resist-charm	Greater Ruby/Sapphire/Amber/Emerald	prefix	miss	117	late	81		35	4	353	Cobalt	55		41	4
greater-single-resist-charm	Greater Ruby/Sapphire/Amber/Emerald	prefix	miss	118	early	50	65	35	1	360	Garnet	55		41	2
greater-single-resist-charm	Greater Ruby/Sapphire/Amber/Emerald	prefix	miss	118	mid	66	80	35	1	360	Garnet	55		41	2
greater-single-resist-charm	Greater Ruby/Sapphire/Amber/Emerald	prefix	miss	118	late	81		35	2	360	Garnet	55		41	2
greater-single-resist-charm	Greater Ruby/Sapphire/Amber/Emerald	prefix	miss	119	early	50	65	35	1	368	Coral	55		41	2
greater-single-resist-charm	Greater Ruby/Sapphire/Amber/Emerald	prefix	miss	119	mid	66	80	35	1	368	Coral	55		41	2
greater-single-resist-charm	Greater Ruby/Sapphire/Amber/Emerald	prefix	miss	119	late	81		35	2	368	Coral	55		41	2
greater-single-resist-charm	Greater Ruby/Sapphire/Amber/Emerald	prefix	miss	120	early	50	65	35	1	376	Jade	55		41	2
greater-single-resist-charm	Greater Ruby/Sapphire/Amber/Emerald	prefix	miss	120	mid	66	80	35	1	376	Jade	55		41	2
greater-single-resist-charm	Greater Ruby/Sapphire/Amber/Emerald	prefix	miss	120	late	81		35	2	376	Jade	55		41	2
greater-aureolin	Greater Aureolin	prefix	miss	121	early	50	65	10	3	410	Victorious	17		12	8
greater-aureolin	Greater Aureolin	prefix	miss	121	mid	66	80	10	5	410	Victorious	17		12	8
greater-aureolin	Greater Aureolin	prefix	miss	121	late	81		10	8	410	Victorious	17		12	8
greater-celestial	Greater Celestial	prefix	miss	123	early	50	65	35	1	104	Celestial	55		41	2
greater-celestial	Greater Celestial	prefix	miss	123	mid	66	80	35	1	104	Celestial	55		41	2
greater-celestial	Greater Celestial	prefix	miss	123	late	81		35	2	104	Celestial	55		41	2
greater-class-skill	Greater class skill	prefix	miss	125	early	50	65	36	1	198	Valkyrie's	50		42	4
greater-class-skill	Greater class skill	prefix	miss	125	mid	66	80	36	3	198	Valkyrie's	50		42	4
greater-class-skill	Greater class skill	prefix	miss	125	late	81		36	4	198	Valkyrie's	50		42	4
greater-skilltab	Greater Skilltab	prefix	miss	125	early	50	65	38	1	241	Archer's	60		45	2
greater-skilltab	Greater Skilltab	prefix	miss	125	mid	66	80	38	1	241	Archer's	60		45	2
greater-skilltab	Greater Skilltab	prefix	miss	125	late	81		38	2	241	Archer's	60		45	2
greater-avatar	Greater Avatar	prefix	miss	137	early	50	65	51	1	333	Hibernal	70		60	2
greater-avatar	Greater Avatar	prefix	miss	137	mid	66	80	51	1	333	Hibernal	70		60	2
greater-avatar	Greater Avatar	prefix	miss	137	late	81		51	2	333	Hibernal	70		60	2
greater-weapon-elemental-prefix	Greater Scorching/Shocking/Pestilent	prefix	miss	138	early	50	65	57	1	338	Scorching	77		67	2
greater-weapon-elemental-prefix	Greater Scorching/Shocking/Pestilent	prefix	miss	138	mid	66	80	57	1	338	Scorching	77		67	2
greater-weapon-elemental-prefix	Greater Scorching/Shocking/Pestilent	prefix	miss	138	late	81		57	2	338	Scorching	77		67	2
greater-weapon-elemental-prefix	Greater Scorching/Shocking/Pestilent	prefix	miss	139	early	50	65	56	1	343	Shocking	76		66	2
greater-weapon-elemental-prefix	Greater Scorching/Shocking/Pestilent	prefix	miss	139	mid	66	80	56	1	343	Shocking	76		66	2
greater-weapon-elemental-prefix	Greater Scorching/Shocking/Pestilent	prefix	miss	139	late	81		56	2	343	Shocking	76		66	2
greater-weapon-elemental-prefix	Greater Scorching/Shocking/Pestilent	prefix	miss	140	early	50	65	31	1	348	Pestilent	50		37	2
greater-weapon-elemental-prefix	Greater Scorching/Shocking/Pestilent	prefix	miss	140	mid	66	80	31	1	348	Pestilent	50		37	2
greater-weapon-elemental-prefix	Greater Scorching/Shocking/Pestilent	prefix	miss	140	late	81		31	2	348	Pestilent	50		37	2
greater-divine	Greater Divine	prefix	miss	142	early	50	65	31	1	110	Divine	45		37	2
greater-divine	Greater Divine	prefix	miss	142	mid	66	80	31	1	110	Divine	45		37	2
greater-divine	Greater Divine	prefix	miss	142	late	81		31	2	110	Divine	45		37	2
greater-veracious	Greater Veracious	prefix	miss	200	early	50	65	64	1	134	Veracious1	85		75	2
greater-veracious	Greater Veracious	prefix	miss	200	mid	66	80	64	1	134	Veracious1	85		75	2
greater-veracious	Greater Veracious	prefix	miss	200	late	81		64	2	134	Veracious1	85		75	2
greater-elemental-prefix	Greater Elemental	prefix	miss	203	early	50	65	65	1	449	Elemental1	80		77	2
greater-elemental-prefix	Greater Elemental	prefix	miss	203	mid	66	80	65	1	449	Elemental1	80		77	2
greater-elemental-prefix	Greater Elemental	prefix	miss	203	late	81		65	2	449	Elemental1	80		77	2
greater-sage-xp	Greater Sage	prefix	miss	204	early	50	65	39	2	452	Sage's	51		46	6
greater-sage-xp	Greater Sage	prefix	miss	204	mid	66	80	39	4	452	Sage's	51		46	6
greater-sage-xp	Greater Sage	prefix	miss	204	late	81		39	6	452	Sage's	51		46	6
greater-adamantine-wrought	Greater Adamantine-Wrought	prefix	miss	206	early	50	65	55	1	468	Adamantine-Wrought	87		65	4
greater-adamantine-wrought	Greater Adamantine-Wrought	prefix	miss	206	mid	66	80	55	3	468	Adamantine-Wrought	87		65	4
greater-adamantine-wrought	Greater Adamantine-Wrought	prefix	miss	206	late	81		55	4	468	Adamantine-Wrought	87		65	4
greater-missile-prefix	Greater missile prefixes	prefix	mxbq	220	early	50	65	43	1	1091	Sturdy	80		50	3
greater-missile-prefix	Greater missile prefixes	prefix	mxbq	220	mid	66	80	43	2	1091	Sturdy	80		50	3
greater-missile-prefix	Greater missile prefixes	prefix	mxbq	220	late	81		43	3	1091	Sturdy	80		50	3
greater-missile-prefix	Greater missile prefixes	prefix	mxbq	220	early	50	65	43	1	1094	Lizard's	80		50	3
greater-missile-prefix	Greater missile prefixes	prefix	mxbq	220	mid	66	80	43	2	1094	Lizard's	80		50	3
greater-missile-prefix	Greater missile prefixes	prefix	mxbq	220	late	81		43	3	1094	Lizard's	80		50	3
greater-missile-prefix	Greater missile prefixes	prefix	mxbq	221	early	50	65	43	1	1097	Sharp	80		50	3
greater-missile-prefix	Greater missile prefixes	prefix	mxbq	221	mid	66	80	43	2	1097	Sharp	80		50	3
greater-missile-prefix	Greater missile prefixes	prefix	mxbq	221	late	81		43	3	1097	Sharp	80		50	3
greater-missile-prefix	Greater missile prefixes	prefix	mxbq	222	early	50	65	51	1	1100	Jagged	80		60	3
greater-missile-prefix	Greater missile prefixes	prefix	mxbq	222	mid	66	80	51	2	1100	Jagged	80		60	3
greater-missile-prefix	Greater missile prefixes	prefix	mxbq	222	late	81		51	3	1100	Jagged	80		60	3
greater-missile-prefix	Greater missile prefixes	prefix	mxbq	222	early	50	65	51	1	1103	Jagged	80		60	3
greater-missile-prefix	Greater missile prefixes	prefix	mxbq	222	mid	66	80	51	2	1103	Jagged	80		60	3
greater-missile-prefix	Greater missile prefixes	prefix	mxbq	222	late	81		51	3	1103	Jagged	80		60	3
greater-missile-prefix	Greater missile prefixes	prefix	mxbq	223	early	50	65	51	1	1106	Flaming	80		60	3
greater-missile-prefix	Greater missile prefixes	prefix	mxbq	223	mid	66	80	51	2	1106	Flaming	80		60	3
greater-missile-prefix	Greater missile prefixes	prefix	mxbq	223	late	81		51	3	1106	Flaming	80		60	3
greater-missile-prefix	Greater missile prefixes	prefix	mxbq	224	early	50	65	51	1	1109	Shivering	80		60	3
greater-missile-prefix	Greater missile prefixes	prefix	mxbq	224	mid	66	80	51	2	1109	Shivering	80		60	3
greater-missile-prefix	Greater missile prefixes	prefix	mxbq	224	late	81		51	3	1109	Shivering	80		60	3
greater-missile-prefix	Greater missile prefixes	prefix	mxbq	225	early	50	65	51	1	1112	Static	80		60	3
greater-missile-prefix	Greater missile prefixes	prefix	mxbq	225	mid	66	80	51	2	1112	Static	80		60	3
greater-missile-prefix	Greater missile prefixes	prefix	mxbq	225	late	81		51	3	1112	Static	80		60	3
greater-missile-prefix	Greater missile prefixes	prefix	mxbq	226	early	50	65	51	1	1115	Corosive	80		60	3
greater-missile-prefix	Greater missile prefixes	prefix	mxbq	226	mid	66	80	51	2	1115	Corosive	80		60	3
greater-missile-prefix	Greater missile prefixes	prefix	mxbq	226	late	81		51	3	1115	Corosive	80		60	3
greater-missile-prefix	Greater missile prefixes	prefix	mxbq	227	early	50	65	51	1	1118	Apprentice	80		60	3
greater-missile-prefix	Greater missile prefixes	prefix	mxbq	227	mid	66	80	51	2	1118	Apprentice	80		60	3
greater-missile-prefix	Greater missile prefixes	prefix	mxbq	227	late	81		51	3	1118	Apprentice	80		60	3
greater-antimagic-prefix	Greater Antimagic	prefix	orb	102	early	50	65	68	3	433	Antimagic	86		80	8
greater-antimagic-prefix	Greater Antimagic	prefix	orb	102	mid	66	80	68	5	433	Antimagic	86		80	8
greater-antimagic-prefix	Greater Antimagic	prefix	orb	102	late	81		68	8	433	Antimagic	86		80	8
greater-vulpine	Greater Vulpine	prefix	orb	107	early	50	65	5	2	412	Vulpine	9		6	6
greater-vulpine	Greater Vulpine	prefix	orb	107	mid	66	80	5	4	412	Vulpine	9		6	6
greater-vulpine	Greater Vulpine	prefix	orb	107	late	81		5	6	412	Vulpine	9		6	6
greater-serpents	Greater Serpent's	prefix	orb	115	early	50	65	31	1	404	Bahamut's	45		37	4
greater-serpents	Greater Serpent's	prefix	orb	115	mid	66	80	31	3	404	Bahamut's	45		37	4
greater-serpents	Greater Serpent's	prefix	orb	115	late	81		31	4	404	Bahamut's	45		37	4
greater-single-resist-charm	Greater Ruby/Sapphire/Amber/Emerald	prefix	orb	117	early	50	65	15	2	354	Sapphire	25		18	6
greater-single-resist-charm	Greater Ruby/Sapphire/Amber/Emerald	prefix	orb	117	mid	66	80	15	4	354	Sapphire	25		18	6
greater-single-resist-charm	Greater Ruby/Sapphire/Amber/Emerald	prefix	orb	117	late	81		15	6	354	Sapphire	25		18	6
greater-single-resist-charm	Greater Ruby/Sapphire/Amber/Emerald	prefix	orb	118	early	50	65	15	2	361	Ruby	25		18	6
greater-single-resist-charm	Greater Ruby/Sapphire/Amber/Emerald	prefix	orb	118	mid	66	80	15	4	361	Ruby	25		18	6
greater-single-resist-charm	Greater Ruby/Sapphire/Amber/Emerald	prefix	orb	118	late	81		15	6	361	Ruby	25		18	6
greater-single-resist-charm	Greater Ruby/Sapphire/Amber/Emerald	prefix	orb	119	early	50	65	15	2	369	Amber	25		18	6
greater-single-resist-charm	Greater Ruby/Sapphire/Amber/Emerald	prefix	orb	119	mid	66	80	15	4	369	Amber	25		18	6
greater-single-resist-charm	Greater Ruby/Sapphire/Amber/Emerald	prefix	orb	119	late	81		15	6	369	Amber	25		18	6
greater-single-resist-charm	Greater Ruby/Sapphire/Amber/Emerald	prefix	orb	120	early	50	65	15	2	377	Emerald	25		18	6
greater-single-resist-charm	Greater Ruby/Sapphire/Amber/Emerald	prefix	orb	120	mid	66	80	15	4	377	Emerald	25		18	6
greater-single-resist-charm	Greater Ruby/Sapphire/Amber/Emerald	prefix	orb	120	late	81		15	6	377	Emerald	25		18	6
greater-aureolin	Greater Aureolin	prefix	orb	121	early	50	65	10	3	410	Victorious	17		12	8
greater-aureolin	Greater Aureolin	prefix	orb	121	mid	66	80	10	5	410	Victorious	17		12	8
greater-aureolin	Greater Aureolin	prefix	orb	121	late	81		10	8	410	Victorious	17		12	8
greater-class-skill	Greater class skill	prefix	orb	125	early	50	65	36	1	218	Arch-Angel's	50		42	4
greater-class-skill	Greater class skill	prefix	orb	125	mid	66	80	36	3	218	Arch-Angel's	50		42	4
greater-class-skill	Greater class skill	prefix	orb	125	late	81		36	4	218	Arch-Angel's	50		42	4
greater-skilltab	Greater Skilltab	prefix	orb	125	early	50	65	38	1	250	Volcanic	60		45	2
greater-skilltab	Greater Skilltab	prefix	orb	125	mid	66	80	38	1	250	Volcanic	60		45	2
greater-skilltab	Greater Skilltab	prefix	orb	125	late	81		38	2	250	Volcanic	60		45	2
greater-skilltab	Greater Skilltab	prefix	orb	125	early	50	65	38	1	253	Powered	60		45	2
greater-skilltab	Greater Skilltab	prefix	orb	125	mid	66	80	38	1	253	Powered	60		45	2
greater-skilltab	Greater Skilltab	prefix	orb	125	late	81		38	2	253	Powered	60		45	2
greater-skilltab	Greater Skilltab	prefix	orb	125	early	50	65	38	1	256	Glacial	60		45	2
greater-skilltab	Greater Skilltab	prefix	orb	125	mid	66	80	38	1	256	Glacial	60		45	2
greater-skilltab	Greater Skilltab	prefix	orb	125	late	81		38	2	256	Glacial	60		45	2
greater-skilltab	Greater Skilltab	prefix	orb	125	early	50	65	38	1	277	Master's	60		45	2
greater-skilltab	Greater Skilltab	prefix	orb	125	mid	66	80	38	1	277	Master's	60		45	2
greater-skilltab	Greater Skilltab	prefix	orb	125	late	81		38	2	277	Master's	60		45	2
greater-skilltab	Greater Skilltab	prefix	orb	125	early	50	65	38	1	280	Furious	60		45	2
greater-skilltab	Greater Skilltab	prefix	orb	125	mid	66	80	38	1	280	Furious	60		45	2
greater-skilltab	Greater Skilltab	prefix	orb	125	late	81		38	2	280	Furious	60		45	2
greater-skilltab	Greater Skilltab	prefix	orb	125	early	50	65	38	1	283	Echoing	60		45	2
greater-skilltab	Greater Skilltab	prefix	orb	125	mid	66	80	38	1	283	Echoing	60		45	2
greater-skilltab	Greater Skilltab	prefix	orb	125	late	81		38	2	283	Echoing	60		45	2
greater-avatar	Greater Avatar	prefix	orb	137	early	50	65	51	1	333	Hibernal	70		60	2
greater-avatar	Greater Avatar	prefix	orb	137	mid	66	80	51	1	333	Hibernal	70		60	2
greater-avatar	Greater Avatar	prefix	orb	137	late	81		51	2	333	Hibernal	70		60	2
greater-weapon-elemental-prefix	Greater Scorching/Shocking/Pestilent	prefix	orb	138	early	50	65	57	1	338	Scorching	77		67	2
greater-weapon-elemental-prefix	Greater Scorching/Shocking/Pestilent	prefix	orb	138	mid	66	80	57	1	338	Scorching	77		67	2
greater-weapon-elemental-prefix	Greater Scorching/Shocking/Pestilent	prefix	orb	138	late	81		57	2	338	Scorching	77		67	2
greater-weapon-elemental-prefix	Greater Scorching/Shocking/Pestilent	prefix	orb	139	early	50	65	56	1	343	Shocking	76		66	2
greater-weapon-elemental-prefix	Greater Scorching/Shocking/Pestilent	prefix	orb	139	mid	66	80	56	1	343	Shocking	76		66	2
greater-weapon-elemental-prefix	Greater Scorching/Shocking/Pestilent	prefix	orb	139	late	81		56	2	343	Shocking	76		66	2
greater-weapon-elemental-prefix	Greater Scorching/Shocking/Pestilent	prefix	orb	140	early	50	65	31	1	348	Pestilent	50		37	2
greater-weapon-elemental-prefix	Greater Scorching/Shocking/Pestilent	prefix	orb	140	mid	66	80	31	1	348	Pestilent	50		37	2
greater-weapon-elemental-prefix	Greater Scorching/Shocking/Pestilent	prefix	orb	140	late	81		31	2	348	Pestilent	50		37	2
greater-veracious	Greater Veracious	prefix	orb	200	early	50	65	64	1	134	Veracious1	85		75	2
greater-veracious	Greater Veracious	prefix	orb	200	mid	66	80	64	1	134	Veracious1	85		75	2
greater-veracious	Greater Veracious	prefix	orb	200	late	81		64	2	134	Veracious1	85		75	2
greater-elemental-prefix	Greater Elemental	prefix	orb	203	early	50	65	65	1	449	Elemental1	80		77	2
greater-elemental-prefix	Greater Elemental	prefix	orb	203	mid	66	80	65	1	449	Elemental1	80		77	2
greater-elemental-prefix	Greater Elemental	prefix	orb	203	late	81		65	2	449	Elemental1	80		77	2
greater-sage-xp	Greater Sage	prefix	orb	204	early	50	65	39	2	452	Sage's	51		46	6
greater-sage-xp	Greater Sage	prefix	orb	204	mid	66	80	39	4	452	Sage's	51		46	6
greater-sage-xp	Greater Sage	prefix	orb	204	late	81		39	6	452	Sage's	51		46	6
greater-elemental-mastery	Greater Elemental Mastery	prefix	orb	209	early	50	65	65	1	506	Pyromaniac's2	77		77	2
greater-elemental-mastery	Greater Elemental Mastery	prefix	orb	209	mid	66	80	65	1	506	Pyromaniac's2	77		77	2
greater-elemental-mastery	Greater Elemental Mastery	prefix	orb	209	late	81		65	2	506	Pyromaniac's2	77		77	2
greater-elemental-mastery	Greater Elemental Mastery	prefix	orb	209	early	50	65	65	1	509	Frost Wyrm's2	77		77	2
greater-elemental-mastery	Greater Elemental Mastery	prefix	orb	209	mid	66	80	65	1	509	Frost Wyrm's2	77		77	2
greater-elemental-mastery	Greater Elemental Mastery	prefix	orb	209	late	81		65	2	509	Frost Wyrm's2	77		77	2
greater-elemental-mastery	Greater Elemental Mastery	prefix	orb	209	early	50	65	65	1	512	Zeus's2	77		77	2
greater-elemental-mastery	Greater Elemental Mastery	prefix	orb	209	mid	66	80	65	1	512	Zeus's2	77		77	2
greater-elemental-mastery	Greater Elemental Mastery	prefix	orb	209	late	81		65	2	512	Zeus's2	77		77	2
greater-elemental-pierce	Greater Elemental Pierce	prefix	orb	209	early	50	65	65	1	494	Pyromaniac's2	77		77	2
greater-elemental-pierce	Greater Elemental Pierce	prefix	orb	209	mid	66	80	65	1	494	Pyromaniac's2	77		77	2
greater-elemental-pierce	Greater Elemental Pierce	prefix	orb	209	late	81		65	2	494	Pyromaniac's2	77		77	2
greater-elemental-pierce	Greater Elemental Pierce	prefix	orb	209	early	50	65	65	1	497	Frost Wyrm's2	77		77	2
greater-elemental-pierce	Greater Elemental Pierce	prefix	orb	209	mid	66	80	65	1	497	Frost Wyrm's2	77		77	2
greater-elemental-pierce	Greater Elemental Pierce	prefix	orb	209	late	81		65	2	497	Frost Wyrm's2	77		77	2
greater-elemental-pierce	Greater Elemental Pierce	prefix	orb	209	early	50	65	65	1	500	Zeus's2	77		77	2
greater-elemental-pierce	Greater Elemental Pierce	prefix	orb	209	mid	66	80	65	1	500	Zeus's2	77		77	2
greater-elemental-pierce	Greater Elemental Pierce	prefix	orb	209	late	81		65	2	500	Zeus's2	77		77	2
greater-godly	Greater Godly	prefix	pelt	101	early	50	65	64	37	176	Godly	86		75	110
greater-godly	Greater Godly	prefix	pelt	101	mid	66	80	64	73	176	Godly	86		75	110
greater-godly	Greater Godly	prefix	pelt	101	late	81		64	110	176	Godly	86		75	110
greater-godly	Greater Godly	prefix	pelt	101	early	50	65	64	1	182	Wraithly1	86		75	4
greater-godly	Greater Godly	prefix	pelt	101	mid	66	80	64	3	182	Wraithly1	86		75	4
greater-godly	Greater Godly	prefix	pelt	101	late	81		64	4	182	Wraithly1	86		75	4
greater-serpents	Greater Serpent's	prefix	pelt	115	early	50	65	15	1	408	Mnemonic	25		18	2
greater-serpents	Greater Serpent's	prefix	pelt	115	mid	66	80	15	1	408	Mnemonic	25		18	2
greater-serpents	Greater Serpent's	prefix	pelt	115	late	81		15	2	408	Mnemonic	25		18	2
greater-single-resist-charm	Greater Ruby/Sapphire/Amber/Emerald	prefix	pelt	117	early	50	65	11	2	352	Cobalt	18		13	6
greater-single-resist-charm	Greater Ruby/Sapphire/Amber/Emerald	prefix	pelt	117	mid	66	80	11	4	352	Cobalt	18		13	6
greater-single-resist-charm	Greater Ruby/Sapphire/Amber/Emerald	prefix	pelt	117	late	81		11	6	352	Cobalt	18		13	6
greater-single-resist-charm	Greater Ruby/Sapphire/Amber/Emerald	prefix	pelt	118	early	50	65	11	2	359	Garnet	18		13	6
greater-single-resist-charm	Greater Ruby/Sapphire/Amber/Emerald	prefix	pelt	118	mid	66	80	11	4	359	Garnet	18		13	6
greater-single-resist-charm	Greater Ruby/Sapphire/Amber/Emerald	prefix	pelt	118	late	81		11	6	359	Garnet	18		13	6
greater-single-resist-charm	Greater Ruby/Sapphire/Amber/Emerald	prefix	pelt	119	early	50	65	11	2	367	Coral	18		13	6
greater-single-resist-charm	Greater Ruby/Sapphire/Amber/Emerald	prefix	pelt	119	mid	66	80	11	4	367	Coral	18		13	6
greater-single-resist-charm	Greater Ruby/Sapphire/Amber/Emerald	prefix	pelt	119	late	81		11	6	367	Coral	18		13	6
greater-single-resist-charm	Greater Ruby/Sapphire/Amber/Emerald	prefix	pelt	120	early	50	65	11	2	375	Jade	18		13	6
greater-single-resist-charm	Greater Ruby/Sapphire/Amber/Emerald	prefix	pelt	120	mid	66	80	11	4	375	Jade	18		13	6
greater-single-resist-charm	Greater Ruby/Sapphire/Amber/Emerald	prefix	pelt	120	late	81		11	6	375	Jade	18		13	6
greater-class-skill	Greater class skill	prefix	pelt	125	early	50	65	36	1	232	Hierophant's	50		42	4
greater-class-skill	Greater class skill	prefix	pelt	125	mid	66	80	36	3	232	Hierophant's	50		42	4
greater-class-skill	Greater class skill	prefix	pelt	125	late	81		36	4	232	Hierophant's	50		42	4
greater-skilltab	Greater Skilltab	prefix	pelt	125	early	50	65	38	1	277	Master's	60		45	2
greater-skilltab	Greater Skilltab	prefix	pelt	125	mid	66	80	38	1	277	Master's	60		45	2
greater-skilltab	Greater Skilltab	prefix	pelt	125	late	81		38	2	277	Master's	60		45	2
greater-skilltab	Greater Skilltab	prefix	pelt	125	early	50	65	38	1	286	Keeper's	60		45	2
greater-skilltab	Greater Skilltab	prefix	pelt	125	mid	66	80	38	1	286	Keeper's	60		45	2
greater-skilltab	Greater Skilltab	prefix	pelt	125	late	81		38	2	286	Keeper's	60		45	2
greater-skilltab	Greater Skilltab	prefix	pelt	125	early	50	65	38	1	289	Communal	60		45	2
greater-skilltab	Greater Skilltab	prefix	pelt	125	mid	66	80	38	1	289	Communal	60		45	2
greater-skilltab	Greater Skilltab	prefix	pelt	125	late	81		38	2	289	Communal	60		45	2
greater-skilltab	Greater Skilltab	prefix	pelt	125	early	50	65	38	1	292	Gaea's	60		45	2
greater-skilltab	Greater Skilltab	prefix	pelt	125	mid	66	80	38	1	292	Gaea's	60		45	2
greater-skilltab	Greater Skilltab	prefix	pelt	125	late	81		38	2	292	Gaea's	60		45	2
greater-skilltab	Greater Skilltab	prefix	pelt	125	early	50	65	38	1	298	Shadow	60		45	2
greater-skilltab	Greater Skilltab	prefix	pelt	125	mid	66	80	38	1	298	Shadow	60		45	2
greater-skilltab	Greater Skilltab	prefix	pelt	125	late	81		38	2	298	Shadow	60		45	2
greater-sage-xp	Greater Sage	prefix	pelt	204	early	50	65	39	2	452	Sage's	51		46	6
greater-sage-xp	Greater Sage	prefix	pelt	204	mid	66	80	39	4	452	Sage's	51		46	6
greater-sage-xp	Greater Sage	prefix	pelt	204	late	81		39	6	452	Sage's	51		46	6
greater-adamantine-wrought	Greater Adamantine-Wrought	prefix	pelt	206	early	50	65	55	1	476	Adamantine-Wrought	87		65	4
greater-adamantine-wrought	Greater Adamantine-Wrought	prefix	pelt	206	mid	66	80	55	3	476	Adamantine-Wrought	87		65	4
greater-adamantine-wrought	Greater Adamantine-Wrought	prefix	pelt	206	late	81		55	4	476	Adamantine-Wrought	87		65	4
greater-elemental-mastery	Greater Elemental Mastery	prefix	pelt	209	early	50	65	47	1	505	Pyromaniac's2	55		55	2
greater-elemental-mastery	Greater Elemental Mastery	prefix	pelt	209	mid	66	80	47	1	505	Pyromaniac's2	55		55	2
greater-elemental-mastery	Greater Elemental Mastery	prefix	pelt	209	late	81		47	2	505	Pyromaniac's2	55		55	2
greater-elemental-mastery	Greater Elemental Mastery	prefix	pelt	209	early	50	65	47	1	508	Frost Wyrm's2	55		55	2
greater-elemental-mastery	Greater Elemental Mastery	prefix	pelt	209	mid	66	80	47	1	508	Frost Wyrm's2	55		55	2
greater-elemental-mastery	Greater Elemental Mastery	prefix	pelt	209	late	81		47	2	508	Frost Wyrm's2	55		55	2
greater-elemental-mastery	Greater Elemental Mastery	prefix	pelt	209	early	50	65	47	1	511	Zeus's2	55		55	2
greater-elemental-mastery	Greater Elemental Mastery	prefix	pelt	209	mid	66	80	47	1	511	Zeus's2	55		55	2
greater-elemental-mastery	Greater Elemental Mastery	prefix	pelt	209	late	81		47	2	511	Zeus's2	55		55	2
greater-elemental-mastery	Greater Elemental Mastery	prefix	pelt	209	early	50	65	47	1	514	Manticore's2	55		55	2
greater-elemental-mastery	Greater Elemental Mastery	prefix	pelt	209	mid	66	80	47	1	514	Manticore's2	55		55	2
greater-elemental-mastery	Greater Elemental Mastery	prefix	pelt	209	late	81		47	2	514	Manticore's2	55		55	2
greater-elemental-pierce	Greater Elemental Pierce	prefix	pelt	209	early	50	65	47	1	493	Pyromaniac's2	55		55	2
greater-elemental-pierce	Greater Elemental Pierce	prefix	pelt	209	mid	66	80	47	1	493	Pyromaniac's2	55		55	2
greater-elemental-pierce	Greater Elemental Pierce	prefix	pelt	209	late	81		47	2	493	Pyromaniac's2	55		55	2
greater-elemental-pierce	Greater Elemental Pierce	prefix	pelt	209	early	50	65	47	1	496	Frost Wyrm's2	55		55	2
greater-elemental-pierce	Greater Elemental Pierce	prefix	pelt	209	mid	66	80	47	1	496	Frost Wyrm's2	55		55	2
greater-elemental-pierce	Greater Elemental Pierce	prefix	pelt	209	late	81		47	2	496	Frost Wyrm's2	55		55	2
greater-elemental-pierce	Greater Elemental Pierce	prefix	pelt	209	early	50	65	47	1	499	Zeus's2	55		55	2
greater-elemental-pierce	Greater Elemental Pierce	prefix	pelt	209	mid	66	80	47	1	499	Zeus's2	55		55	2
greater-elemental-pierce	Greater Elemental Pierce	prefix	pelt	209	late	81		47	2	499	Zeus's2	55		55	2
greater-elemental-pierce	Greater Elemental Pierce	prefix	pelt	209	early	50	65	47	1	502	Manticore's2	55		55	2
greater-elemental-pierce	Greater Elemental Pierce	prefix	pelt	209	mid	66	80	47	1	502	Manticore's2	55		55	2
greater-elemental-pierce	Greater Elemental Pierce	prefix	pelt	209	late	81		47	2	502	Manticore's2	55		55	2
greater-godly	Greater Godly	prefix	phlm	101	early	50	65	64	37	176	Godly	86		75	110
greater-godly	Greater Godly	prefix	phlm	101	mid	66	80	64	73	176	Godly	86		75	110
greater-godly	Greater Godly	prefix	phlm	101	late	81		64	110	176	Godly	86		75	110
greater-godly	Greater Godly	prefix	phlm	101	early	50	65	64	1	182	Wraithly1	86		75	4
greater-godly	Greater Godly	prefix	phlm	101	mid	66	80	64	3	182	Wraithly1	86		75	4
greater-godly	Greater Godly	prefix	phlm	101	late	81		64	4	182	Wraithly1	86		75	4
greater-serpents	Greater Serpent's	prefix	phlm	115	early	50	65	15	1	408	Mnemonic	25		18	2
greater-serpents	Greater Serpent's	prefix	phlm	115	mid	66	80	15	1	408	Mnemonic	25		18	2
greater-serpents	Greater Serpent's	prefix	phlm	115	late	81		15	2	408	Mnemonic	25		18	2
greater-single-resist-charm	Greater Ruby/Sapphire/Amber/Emerald	prefix	phlm	117	early	50	65	11	2	352	Cobalt	18		13	6
greater-single-resist-charm	Greater Ruby/Sapphire/Amber/Emerald	prefix	phlm	117	mid	66	80	11	4	352	Cobalt	18		13	6
greater-single-resist-charm	Greater Ruby/Sapphire/Amber/Emerald	prefix	phlm	117	late	81		11	6	352	Cobalt	18		13	6
greater-single-resist-charm	Greater Ruby/Sapphire/Amber/Emerald	prefix	phlm	118	early	50	65	11	2	359	Garnet	18		13	6
greater-single-resist-charm	Greater Ruby/Sapphire/Amber/Emerald	prefix	phlm	118	mid	66	80	11	4	359	Garnet	18		13	6
greater-single-resist-charm	Greater Ruby/Sapphire/Amber/Emerald	prefix	phlm	118	late	81		11	6	359	Garnet	18		13	6
greater-single-resist-charm	Greater Ruby/Sapphire/Amber/Emerald	prefix	phlm	119	early	50	65	11	2	367	Coral	18		13	6
greater-single-resist-charm	Greater Ruby/Sapphire/Amber/Emerald	prefix	phlm	119	mid	66	80	11	4	367	Coral	18		13	6
greater-single-resist-charm	Greater Ruby/Sapphire/Amber/Emerald	prefix	phlm	119	late	81		11	6	367	Coral	18		13	6
greater-single-resist-charm	Greater Ruby/Sapphire/Amber/Emerald	prefix	phlm	120	early	50	65	11	2	375	Jade	18		13	6
greater-single-resist-charm	Greater Ruby/Sapphire/Amber/Emerald	prefix	phlm	120	mid	66	80	11	4	375	Jade	18		13	6
greater-single-resist-charm	Greater Ruby/Sapphire/Amber/Emerald	prefix	phlm	120	late	81		11	6	375	Jade	18		13	6
greater-class-skill	Greater class skill	prefix	phlm	125	early	50	65	36	1	226	Berserker's	50		42	4
greater-class-skill	Greater class skill	prefix	phlm	125	mid	66	80	36	3	226	Berserker's	50		42	4
greater-class-skill	Greater class skill	prefix	phlm	125	late	81		36	4	226	Berserker's	50		42	4
greater-skilltab	Greater Skilltab	prefix	phlm	125	early	50	65	38	1	277	Master's	60		45	2
greater-skilltab	Greater Skilltab	prefix	phlm	125	mid	66	80	38	1	277	Master's	60		45	2
greater-skilltab	Greater Skilltab	prefix	phlm	125	late	81		38	2	277	Master's	60		45	2
greater-skilltab	Greater Skilltab	prefix	phlm	125	early	50	65	38	1	280	Furious	60		45	2
greater-skilltab	Greater Skilltab	prefix	phlm	125	mid	66	80	38	1	280	Furious	60		45	2
greater-skilltab	Greater Skilltab	prefix	phlm	125	late	81		38	2	280	Furious	60		45	2
greater-skilltab	Greater Skilltab	prefix	phlm	125	early	50	65	38	1	283	Echoing	60		45	2
greater-skilltab	Greater Skilltab	prefix	phlm	125	mid	66	80	38	1	283	Echoing	60		45	2
greater-skilltab	Greater Skilltab	prefix	phlm	125	late	81		38	2	283	Echoing	60		45	2
greater-skilltab	Greater Skilltab	prefix	phlm	125	early	50	65	38	1	298	Shadow	60		45	2
greater-skilltab	Greater Skilltab	prefix	phlm	125	mid	66	80	38	1	298	Shadow	60		45	2
greater-skilltab	Greater Skilltab	prefix	phlm	125	late	81		38	2	298	Shadow	60		45	2
greater-sage-xp	Greater Sage	prefix	phlm	204	early	50	65	39	2	452	Sage's	51		46	6
greater-sage-xp	Greater Sage	prefix	phlm	204	mid	66	80	39	4	452	Sage's	51		46	6
greater-sage-xp	Greater Sage	prefix	phlm	204	late	81		39	6	452	Sage's	51		46	6
greater-adamantine-wrought	Greater Adamantine-Wrought	prefix	phlm	206	early	50	65	55	1	476	Adamantine-Wrought	87		65	4
greater-adamantine-wrought	Greater Adamantine-Wrought	prefix	phlm	206	mid	66	80	55	3	476	Adamantine-Wrought	87		65	4
greater-adamantine-wrought	Greater Adamantine-Wrought	prefix	phlm	206	late	81		55	4	476	Adamantine-Wrought	87		65	4
greater-elemental-mastery	Greater Elemental Mastery	prefix	phlm	209	early	50	65	47	1	505	Pyromaniac's2	55		55	2
greater-elemental-mastery	Greater Elemental Mastery	prefix	phlm	209	mid	66	80	47	1	505	Pyromaniac's2	55		55	2
greater-elemental-mastery	Greater Elemental Mastery	prefix	phlm	209	late	81		47	2	505	Pyromaniac's2	55		55	2
greater-elemental-mastery	Greater Elemental Mastery	prefix	phlm	209	early	50	65	47	1	508	Frost Wyrm's2	55		55	2
greater-elemental-mastery	Greater Elemental Mastery	prefix	phlm	209	mid	66	80	47	1	508	Frost Wyrm's2	55		55	2
greater-elemental-mastery	Greater Elemental Mastery	prefix	phlm	209	late	81		47	2	508	Frost Wyrm's2	55		55	2
greater-elemental-mastery	Greater Elemental Mastery	prefix	phlm	209	early	50	65	47	1	511	Zeus's2	55		55	2
greater-elemental-mastery	Greater Elemental Mastery	prefix	phlm	209	mid	66	80	47	1	511	Zeus's2	55		55	2
greater-elemental-mastery	Greater Elemental Mastery	prefix	phlm	209	late	81		47	2	511	Zeus's2	55		55	2
greater-elemental-mastery	Greater Elemental Mastery	prefix	phlm	209	early	50	65	47	1	514	Manticore's2	55		55	2
greater-elemental-mastery	Greater Elemental Mastery	prefix	phlm	209	mid	66	80	47	1	514	Manticore's2	55		55	2
greater-elemental-mastery	Greater Elemental Mastery	prefix	phlm	209	late	81		47	2	514	Manticore's2	55		55	2
greater-elemental-pierce	Greater Elemental Pierce	prefix	phlm	209	early	50	65	47	1	493	Pyromaniac's2	55		55	2
greater-elemental-pierce	Greater Elemental Pierce	prefix	phlm	209	mid	66	80	47	1	493	Pyromaniac's2	55		55	2
greater-elemental-pierce	Greater Elemental Pierce	prefix	phlm	209	late	81		47	2	493	Pyromaniac's2	55		55	2
greater-elemental-pierce	Greater Elemental Pierce	prefix	phlm	209	early	50	65	47	1	496	Frost Wyrm's2	55		55	2
greater-elemental-pierce	Greater Elemental Pierce	prefix	phlm	209	mid	66	80	47	1	496	Frost Wyrm's2	55		55	2
greater-elemental-pierce	Greater Elemental Pierce	prefix	phlm	209	late	81		47	2	496	Frost Wyrm's2	55		55	2
greater-elemental-pierce	Greater Elemental Pierce	prefix	phlm	209	early	50	65	47	1	499	Zeus's2	55		55	2
greater-elemental-pierce	Greater Elemental Pierce	prefix	phlm	209	mid	66	80	47	1	499	Zeus's2	55		55	2
greater-elemental-pierce	Greater Elemental Pierce	prefix	phlm	209	late	81		47	2	499	Zeus's2	55		55	2
greater-elemental-pierce	Greater Elemental Pierce	prefix	phlm	209	early	50	65	47	1	502	Manticore's2	55		55	2
greater-elemental-pierce	Greater Elemental Pierce	prefix	phlm	209	mid	66	80	47	1	502	Manticore's2	55		55	2
greater-elemental-pierce	Greater Elemental Pierce	prefix	phlm	209	late	81		47	2	502	Manticore's2	55		55	2
greater-grandmasters	Greater Grandmaster's	prefix	pole	111	early	50	65	75	1	75	Grandmaster's	84		88	4
greater-grandmasters	Greater Grandmaster's	prefix	pole	111	mid	66	80	75	3	75	Grandmaster's	84		88	4
greater-grandmasters	Greater Grandmaster's	prefix	pole	111	late	81		75	4	75	Grandmaster's	84		88	4
greater-grandmasters	Greater Grandmaster's	prefix	pole	111	early	50	65	75	1	76	Grandmaster's	86		88	2
greater-grandmasters	Greater Grandmaster's	prefix	pole	111	mid	66	80	75	1	76	Grandmaster's	86		88	2
greater-grandmasters	Greater Grandmaster's	prefix	pole	111	late	81		75	2	76	Grandmaster's	86		88	2
greater-grandmasters	Greater Grandmaster's	prefix	pole	111	early	50	65	75	1	77	Grandmaster's	86		88	2
greater-grandmasters	Greater Grandmaster's	prefix	pole	111	mid	66	80	75	1	77	Grandmaster's	86		88	2
greater-grandmasters	Greater Grandmaster's	prefix	pole	111	late	81		75	2	77	Grandmaster's	86		88	2
greater-grandmasters	Greater Grandmaster's	prefix	pole	111	early	50	65	75	1	78	Grandmaster's	86		88	2
greater-grandmasters	Greater Grandmaster's	prefix	pole	111	mid	66	80	75	1	78	Grandmaster's	86		88	2
greater-grandmasters	Greater Grandmaster's	prefix	pole	111	late	81		75	2	78	Grandmaster's	86		88	2
greater-grandmasters	Greater Grandmaster's	prefix	pole	111	early	50	65	68	1	98	Wraithly1	86		80	4
greater-grandmasters	Greater Grandmaster's	prefix	pole	111	mid	66	80	68	3	98	Wraithly1	86		80	4
greater-grandmasters	Greater Grandmaster's	prefix	pole	111	late	81		68	4	98	Wraithly1	86		80	4
greater-gritty	Greater Gritty	prefix	pole	105	early	50	65	55	5	153	Gritty	75		65	14
greater-gritty	Greater Gritty	prefix	pole	105	mid	66	80	55	9	153	Gritty	75		65	14
greater-gritty	Greater Gritty	prefix	pole	105	late	81		55	14	153	Gritty	75		65	14
greater-platinum	Greater Platinum	prefix	pole	110	early	50	65	34	3	120	Weird	44		40	8
greater-platinum	Greater Platinum	prefix	pole	110	mid	66	80	34	5	120	Weird	44		40	8
greater-platinum	Greater Platinum	prefix	pole	110	late	81		34	8	120	Weird	44		40	8
greater-serpents	Greater Serpent's	prefix	pole	115	early	50	65	23	1	398	Serpent's	37		27	4
greater-serpents	Greater Serpent's	prefix	pole	115	mid	66	80	23	3	398	Serpent's	37		27	4
greater-serpents	Greater Serpent's	prefix	pole	115	late	81		23	4	398	Serpent's	37		27	4
greater-single-resist-charm	Greater Ruby/Sapphire/Amber/Emerald	prefix	pole	117	early	50	65	35	1	353	Cobalt	55		41	4
greater-single-resist-charm	Greater Ruby/Sapphire/Amber/Emerald	prefix	pole	117	mid	66	80	35	3	353	Cobalt	55		41	4
greater-single-resist-charm	Greater Ruby/Sapphire/Amber/Emerald	prefix	pole	117	late	81		35	4	353	Cobalt	55		41	4
greater-single-resist-charm	Greater Ruby/Sapphire/Amber/Emerald	prefix	pole	118	early	50	65	35	1	360	Garnet	55		41	2
greater-single-resist-charm	Greater Ruby/Sapphire/Amber/Emerald	prefix	pole	118	mid	66	80	35	1	360	Garnet	55		41	2
greater-single-resist-charm	Greater Ruby/Sapphire/Amber/Emerald	prefix	pole	118	late	81		35	2	360	Garnet	55		41	2
greater-single-resist-charm	Greater Ruby/Sapphire/Amber/Emerald	prefix	pole	119	early	50	65	35	1	368	Coral	55		41	2
greater-single-resist-charm	Greater Ruby/Sapphire/Amber/Emerald	prefix	pole	119	mid	66	80	35	1	368	Coral	55		41	2
greater-single-resist-charm	Greater Ruby/Sapphire/Amber/Emerald	prefix	pole	119	late	81		35	2	368	Coral	55		41	2
greater-single-resist-charm	Greater Ruby/Sapphire/Amber/Emerald	prefix	pole	120	early	50	65	35	1	376	Jade	55		41	2
greater-single-resist-charm	Greater Ruby/Sapphire/Amber/Emerald	prefix	pole	120	mid	66	80	35	1	376	Jade	55		41	2
greater-single-resist-charm	Greater Ruby/Sapphire/Amber/Emerald	prefix	pole	120	late	81		35	2	376	Jade	55		41	2
greater-aureolin	Greater Aureolin	prefix	pole	121	early	50	65	10	3	410	Victorious	17		12	8
greater-aureolin	Greater Aureolin	prefix	pole	121	mid	66	80	10	5	410	Victorious	17		12	8
greater-aureolin	Greater Aureolin	prefix	pole	121	late	81		10	8	410	Victorious	17		12	8
greater-celestial	Greater Celestial	prefix	pole	123	early	50	65	35	1	104	Celestial	55		41	2
greater-celestial	Greater Celestial	prefix	pole	123	mid	66	80	35	1	104	Celestial	55		41	2
greater-celestial	Greater Celestial	prefix	pole	123	late	81		35	2	104	Celestial	55		41	2
greater-skilltab	Greater Skilltab	prefix	pole	125	early	50	65	38	1	277	Master's	60		45	2
greater-skilltab	Greater Skilltab	prefix	pole	125	mid	66	80	38	1	277	Master's	60		45	2
greater-skilltab	Greater Skilltab	prefix	pole	125	late	81		38	2	277	Master's	60		45	2
greater-skilltab	Greater Skilltab	prefix	pole	125	early	50	65	38	1	280	Furious	60		45	2
greater-skilltab	Greater Skilltab	prefix	pole	125	mid	66	80	38	1	280	Furious	60		45	2
greater-skilltab	Greater Skilltab	prefix	pole	125	late	81		38	2	280	Furious	60		45	2
greater-skilltab	Greater Skilltab	prefix	pole	125	early	50	65	38	1	283	Echoing	60		45	2
greater-skilltab	Greater Skilltab	prefix	pole	125	mid	66	80	38	1	283	Echoing	60		45	2
greater-skilltab	Greater Skilltab	prefix	pole	125	late	81		38	2	283	Echoing	60		45	2
greater-avatar	Greater Avatar	prefix	pole	137	early	50	65	51	1	333	Hibernal	70		60	2
greater-avatar	Greater Avatar	prefix	pole	137	mid	66	80	51	1	333	Hibernal	70		60	2
greater-avatar	Greater Avatar	prefix	pole	137	late	81		51	2	333	Hibernal	70		60	2
greater-weapon-elemental-prefix	Greater Scorching/Shocking/Pestilent	prefix	pole	138	early	50	65	57	1	338	Scorching	77		67	2
greater-weapon-elemental-prefix	Greater Scorching/Shocking/Pestilent	prefix	pole	138	mid	66	80	57	1	338	Scorching	77		67	2
greater-weapon-elemental-prefix	Greater Scorching/Shocking/Pestilent	prefix	pole	138	late	81		57	2	338	Scorching	77		67	2
greater-weapon-elemental-prefix	Greater Scorching/Shocking/Pestilent	prefix	pole	139	early	50	65	56	1	343	Shocking	76		66	2
greater-weapon-elemental-prefix	Greater Scorching/Shocking/Pestilent	prefix	pole	139	mid	66	80	56	1	343	Shocking	76		66	2
greater-weapon-elemental-prefix	Greater Scorching/Shocking/Pestilent	prefix	pole	139	late	81		56	2	343	Shocking	76		66	2
greater-weapon-elemental-prefix	Greater Scorching/Shocking/Pestilent	prefix	pole	140	early	50	65	31	1	348	Pestilent	50		37	2
greater-weapon-elemental-prefix	Greater Scorching/Shocking/Pestilent	prefix	pole	140	mid	66	80	31	1	348	Pestilent	50		37	2
greater-weapon-elemental-prefix	Greater Scorching/Shocking/Pestilent	prefix	pole	140	late	81		31	2	348	Pestilent	50		37	2
greater-divine	Greater Divine	prefix	pole	142	early	50	65	31	1	110	Divine	45		37	2
greater-divine	Greater Divine	prefix	pole	142	mid	66	80	31	1	110	Divine	45		37	2
greater-divine	Greater Divine	prefix	pole	142	late	81		31	2	110	Divine	45		37	2
greater-veracious	Greater Veracious	prefix	pole	200	early	50	65	64	1	134	Veracious1	85		75	2
greater-veracious	Greater Veracious	prefix	pole	200	mid	66	80	64	1	134	Veracious1	85		75	2
greater-veracious	Greater Veracious	prefix	pole	200	late	81		64	2	134	Veracious1	85		75	2
greater-elemental-prefix	Greater Elemental	prefix	pole	203	early	50	65	65	1	449	Elemental1	80		77	2
greater-elemental-prefix	Greater Elemental	prefix	pole	203	mid	66	80	65	1	449	Elemental1	80		77	2
greater-elemental-prefix	Greater Elemental	prefix	pole	203	late	81		65	2	449	Elemental1	80		77	2
greater-sage-xp	Greater Sage	prefix	pole	204	early	50	65	39	2	452	Sage's	51		46	6
greater-sage-xp	Greater Sage	prefix	pole	204	mid	66	80	39	4	452	Sage's	51		46	6
greater-sage-xp	Greater Sage	prefix	pole	204	late	81		39	6	452	Sage's	51		46	6
greater-adamantine-wrought	Greater Adamantine-Wrought	prefix	pole	206	early	50	65	55	1	468	Adamantine-Wrought	87		65	4
greater-adamantine-wrought	Greater Adamantine-Wrought	prefix	pole	206	mid	66	80	55	3	468	Adamantine-Wrought	87		65	4
greater-adamantine-wrought	Greater Adamantine-Wrought	prefix	pole	206	late	81		55	4	468	Adamantine-Wrought	87		65	4
greater-platinum	Greater Platinum	prefix	ring	110	early	50	65	19	4	117	Platinum	25		22	12
greater-platinum	Greater Platinum	prefix	ring	110	mid	66	80	19	8	117	Platinum	25		22	12
greater-platinum	Greater Platinum	prefix	ring	110	late	81		19	12	117	Platinum	25		22	12
greater-lucky	Greater Lucky	prefix	ring	114	early	50	65	7	3	418	Fortuitous	12		8	8
greater-lucky	Greater Lucky	prefix	ring	114	mid	66	80	7	5	418	Fortuitous	12		8	8
greater-lucky	Greater Lucky	prefix	ring	114	late	81		7	8	418	Fortuitous	12		8	8
greater-serpents	Greater Serpent's	prefix	ring	115	early	50	65	31	1	404	Bahamut's	45		37	4
greater-serpents	Greater Serpent's	prefix	ring	115	mid	66	80	31	3	404	Bahamut's	45		37	4
greater-serpents	Greater Serpent's	prefix	ring	115	late	81		31	4	404	Bahamut's	45		37	4
greater-shimmering	Greater Shimmering	prefix	ring	116	early	50	65	50	1	392	Scintillating	67		59	4
greater-shimmering	Greater Shimmering	prefix	ring	116	mid	66	80	50	3	392	Scintillating	67		59	4
greater-shimmering	Greater Shimmering	prefix	ring	116	late	81		50	4	392	Scintillating	67		59	4
greater-single-resist-charm	Greater Ruby/Sapphire/Amber/Emerald	prefix	ring	117	early	50	65	11	2	352	Cobalt	18		13	6
greater-single-resist-charm	Greater Ruby/Sapphire/Amber/Emerald	prefix	ring	117	mid	66	80	11	4	352	Cobalt	18		13	6
greater-single-resist-charm	Greater Ruby/Sapphire/Amber/Emerald	prefix	ring	117	late	81		11	6	352	Cobalt	18		13	6
greater-single-resist-charm	Greater Ruby/Sapphire/Amber/Emerald	prefix	ring	118	early	50	65	11	2	359	Garnet	18		13	6
greater-single-resist-charm	Greater Ruby/Sapphire/Amber/Emerald	prefix	ring	118	mid	66	80	11	4	359	Garnet	18		13	6
greater-single-resist-charm	Greater Ruby/Sapphire/Amber/Emerald	prefix	ring	118	late	81		11	6	359	Garnet	18		13	6
greater-single-resist-charm	Greater Ruby/Sapphire/Amber/Emerald	prefix	ring	119	early	50	65	11	2	367	Coral	18		13	6
greater-single-resist-charm	Greater Ruby/Sapphire/Amber/Emerald	prefix	ring	119	mid	66	80	11	4	367	Coral	18		13	6
greater-single-resist-charm	Greater Ruby/Sapphire/Amber/Emerald	prefix	ring	119	late	81		11	6	367	Coral	18		13	6
greater-single-resist-charm	Greater Ruby/Sapphire/Amber/Emerald	prefix	ring	120	early	50	65	11	2	375	Jade	18		13	6
greater-single-resist-charm	Greater Ruby/Sapphire/Amber/Emerald	prefix	ring	120	mid	66	80	11	4	375	Jade	18		13	6
greater-single-resist-charm	Greater Ruby/Sapphire/Amber/Emerald	prefix	ring	120	late	81		11	6	375	Jade	18		13	6
greater-omniscient	Greater Omniscient	prefix	ring	125	early	50	65	68	1	191	Sage's	85		80	2
greater-omniscient	Greater Omniscient	prefix	ring	125	mid	66	80	68	1	191	Sage's	85		80	2
greater-omniscient	Greater Omniscient	prefix	ring	125	late	81		68	2	191	Sage's	85		80	2
greater-gnostic	Greater Gnostic	prefix	ring	201	early	50	65	64	1	305	Gnostics	85		75	2
greater-gnostic	Greater Gnostic	prefix	ring	201	mid	66	80	64	1	305	Gnostics	85		75	2
greater-gnostic	Greater Gnostic	prefix	ring	201	late	81		64	2	305	Gnostics	85		75	2
greater-gnostic	Greater Gnostic	prefix	ring	201	early	50	65	64	1	309	Gnostics	85		75	2
greater-gnostic	Greater Gnostic	prefix	ring	201	mid	66	80	64	1	309	Gnostics	85		75	2
greater-gnostic	Greater Gnostic	prefix	ring	201	late	81		64	2	309	Gnostics	85		75	2
greater-gnostic	Greater Gnostic	prefix	ring	201	early	50	65	64	1	313	Gnostics	85		75	2
greater-gnostic	Greater Gnostic	prefix	ring	201	mid	66	80	64	1	313	Gnostics	85		75	2
greater-gnostic	Greater Gnostic	prefix	ring	201	late	81		64	2	313	Gnostics	85		75	2
greater-gnostic	Greater Gnostic	prefix	ring	201	early	50	65	68	1	317	Gnostics	85		80	2
greater-gnostic	Greater Gnostic	prefix	ring	201	mid	66	80	68	1	317	Gnostics	85		80	2
greater-gnostic	Greater Gnostic	prefix	ring	201	late	81		68	2	317	Gnostics	85		80	2
greater-gnostic	Greater Gnostic	prefix	ring	201	early	50	65	64	1	321	Gnostics	85		75	2
greater-gnostic	Greater Gnostic	prefix	ring	201	mid	66	80	64	1	321	Gnostics	85		75	2
greater-gnostic	Greater Gnostic	prefix	ring	201	late	81		64	2	321	Gnostics	85		75	2
greater-gnostic	Greater Gnostic	prefix	ring	201	early	50	65	64	1	325	Gnostics	85		75	2
greater-gnostic	Greater Gnostic	prefix	ring	201	mid	66	80	64	1	325	Gnostics	85		75	2
greater-gnostic	Greater Gnostic	prefix	ring	201	late	81		64	2	325	Gnostics	85		75	2
greater-gnostic	Greater Gnostic	prefix	ring	201	early	50	65	64	1	329	Gnostics	85		75	2
greater-gnostic	Greater Gnostic	prefix	ring	201	mid	66	80	64	1	329	Gnostics	85		75	2
greater-gnostic	Greater Gnostic	prefix	ring	201	late	81		64	2	329	Gnostics	85		75	2
greater-gnostic	Greater Gnostic	prefix	ring	201	early	50	65	64	1	1088	Devil's	85		75	2
greater-gnostic	Greater Gnostic	prefix	ring	201	mid	66	80	64	1	1088	Devil's	85		75	2
greater-gnostic	Greater Gnostic	prefix	ring	201	late	81		64	2	1088	Devil's	85		75	2
greater-sage-xp	Greater Sage	prefix	ring	204	early	50	65	58	1	453	Sage's	74		68	4
greater-sage-xp	Greater Sage	prefix	ring	204	mid	66	80	58	3	453	Sage's	74		68	4
greater-sage-xp	Greater Sage	prefix	ring	204	late	81		58	4	453	Sage's	74		68	4
greater-grandmasters	Greater Grandmaster's	prefix	rod	111	early	50	65	75	1	75	Grandmaster's	84		88	4
greater-grandmasters	Greater Grandmaster's	prefix	rod	111	mid	66	80	75	3	75	Grandmaster's	84		88	4
greater-grandmasters	Greater Grandmaster's	prefix	rod	111	late	81		75	4	75	Grandmaster's	84		88	4
greater-grandmasters	Greater Grandmaster's	prefix	rod	111	early	50	65	75	1	76	Grandmaster's	86		88	2
greater-grandmasters	Greater Grandmaster's	prefix	rod	111	mid	66	80	75	1	76	Grandmaster's	86		88	2
greater-grandmasters	Greater Grandmaster's	prefix	rod	111	late	81		75	2	76	Grandmaster's	86		88	2
greater-grandmasters	Greater Grandmaster's	prefix	rod	111	early	50	65	75	1	77	Grandmaster's	86		88	2
greater-grandmasters	Greater Grandmaster's	prefix	rod	111	mid	66	80	75	1	77	Grandmaster's	86		88	2
greater-grandmasters	Greater Grandmaster's	prefix	rod	111	late	81		75	2	77	Grandmaster's	86		88	2
greater-grandmasters	Greater Grandmaster's	prefix	rod	111	early	50	65	75	1	78	Grandmaster's	86		88	2
greater-grandmasters	Greater Grandmaster's	prefix	rod	111	mid	66	80	75	1	78	Grandmaster's	86		88	2
greater-grandmasters	Greater Grandmaster's	prefix	rod	111	late	81		75	2	78	Grandmaster's	86		88	2
greater-grandmasters	Greater Grandmaster's	prefix	rod	111	early	50	65	68	1	98	Wraithly1	86		80	4
greater-grandmasters	Greater Grandmaster's	prefix	rod	111	mid	66	80	68	3	98	Wraithly1	86		80	4
greater-grandmasters	Greater Grandmaster's	prefix	rod	111	late	81		68	4	98	Wraithly1	86		80	4
greater-gritty	Greater Gritty	prefix	rod	105	early	50	65	55	5	153	Gritty	75		65	14
greater-gritty	Greater Gritty	prefix	rod	105	mid	66	80	55	9	153	Gritty	75		65	14
greater-gritty	Greater Gritty	prefix	rod	105	late	81		55	14	153	Gritty	75		65	14
greater-platinum	Greater Platinum	prefix	rod	110	early	50	65	34	3	120	Weird	44		40	8
greater-platinum	Greater Platinum	prefix	rod	110	mid	66	80	34	5	120	Weird	44		40	8
greater-platinum	Greater Platinum	prefix	rod	110	late	81		34	8	120	Weird	44		40	8
greater-serpents	Greater Serpent's	prefix	rod	115	early	50	65	31	1	404	Bahamut's	45		37	4
greater-serpents	Greater Serpent's	prefix	rod	115	mid	66	80	31	3	404	Bahamut's	45		37	4
greater-serpents	Greater Serpent's	prefix	rod	115	late	81		31	4	404	Bahamut's	45		37	4
greater-single-resist-charm	Greater Ruby/Sapphire/Amber/Emerald	prefix	rod	117	early	50	65	35	1	353	Cobalt	55		41	4
greater-single-resist-charm	Greater Ruby/Sapphire/Amber/Emerald	prefix	rod	117	mid	66	80	35	3	353	Cobalt	55		41	4
greater-single-resist-charm	Greater Ruby/Sapphire/Amber/Emerald	prefix	rod	117	late	81		35	4	353	Cobalt	55		41	4
greater-single-resist-charm	Greater Ruby/Sapphire/Amber/Emerald	prefix	rod	118	early	50	65	35	1	360	Garnet	55		41	2
greater-single-resist-charm	Greater Ruby/Sapphire/Amber/Emerald	prefix	rod	118	mid	66	80	35	1	360	Garnet	55		41	2
greater-single-resist-charm	Greater Ruby/Sapphire/Amber/Emerald	prefix	rod	118	late	81		35	2	360	Garnet	55		41	2
greater-single-resist-charm	Greater Ruby/Sapphire/Amber/Emerald	prefix	rod	119	early	50	65	35	1	368	Coral	55		41	2
greater-single-resist-charm	Greater Ruby/Sapphire/Amber/Emerald	prefix	rod	119	mid	66	80	35	1	368	Coral	55		41	2
greater-single-resist-charm	Greater Ruby/Sapphire/Amber/Emerald	prefix	rod	119	late	81		35	2	368	Coral	55		41	2
greater-single-resist-charm	Greater Ruby/Sapphire/Amber/Emerald	prefix	rod	120	early	50	65	35	1	376	Jade	55		41	2
greater-single-resist-charm	Greater Ruby/Sapphire/Amber/Emerald	prefix	rod	120	mid	66	80	35	1	376	Jade	55		41	2
greater-single-resist-charm	Greater Ruby/Sapphire/Amber/Emerald	prefix	rod	120	late	81		35	2	376	Jade	55		41	2
greater-aureolin	Greater Aureolin	prefix	rod	121	early	50	65	10	3	410	Victorious	17		12	8
greater-aureolin	Greater Aureolin	prefix	rod	121	mid	66	80	10	5	410	Victorious	17		12	8
greater-aureolin	Greater Aureolin	prefix	rod	121	late	81		10	8	410	Victorious	17		12	8
greater-celestial	Greater Celestial	prefix	rod	123	early	50	65	35	1	104	Celestial	55		41	2
greater-celestial	Greater Celestial	prefix	rod	123	mid	66	80	35	1	104	Celestial	55		41	2
greater-celestial	Greater Celestial	prefix	rod	123	late	81		35	2	104	Celestial	55		41	2
greater-avatar	Greater Avatar	prefix	rod	137	early	50	65	51	1	333	Hibernal	70		60	2
greater-avatar	Greater Avatar	prefix	rod	137	mid	66	80	51	1	333	Hibernal	70		60	2
greater-avatar	Greater Avatar	prefix	rod	137	late	81		51	2	333	Hibernal	70		60	2
greater-weapon-elemental-prefix	Greater Scorching/Shocking/Pestilent	prefix	rod	138	early	50	65	57	1	338	Scorching	77		67	2
greater-weapon-elemental-prefix	Greater Scorching/Shocking/Pestilent	prefix	rod	138	mid	66	80	57	1	338	Scorching	77		67	2
greater-weapon-elemental-prefix	Greater Scorching/Shocking/Pestilent	prefix	rod	138	late	81		57	2	338	Scorching	77		67	2
greater-weapon-elemental-prefix	Greater Scorching/Shocking/Pestilent	prefix	rod	139	early	50	65	56	1	343	Shocking	76		66	2
greater-weapon-elemental-prefix	Greater Scorching/Shocking/Pestilent	prefix	rod	139	mid	66	80	56	1	343	Shocking	76		66	2
greater-weapon-elemental-prefix	Greater Scorching/Shocking/Pestilent	prefix	rod	139	late	81		56	2	343	Shocking	76		66	2
greater-weapon-elemental-prefix	Greater Scorching/Shocking/Pestilent	prefix	rod	140	early	50	65	31	1	348	Pestilent	50		37	2
greater-weapon-elemental-prefix	Greater Scorching/Shocking/Pestilent	prefix	rod	140	mid	66	80	31	1	348	Pestilent	50		37	2
greater-weapon-elemental-prefix	Greater Scorching/Shocking/Pestilent	prefix	rod	140	late	81		31	2	348	Pestilent	50		37	2
greater-divine	Greater Divine	prefix	rod	142	early	50	65	31	1	110	Divine	45		37	2
greater-divine	Greater Divine	prefix	rod	142	mid	66	80	31	1	110	Divine	45		37	2
greater-divine	Greater Divine	prefix	rod	142	late	81		31	2	110	Divine	45		37	2
greater-veracious	Greater Veracious	prefix	rod	200	early	50	65	64	1	134	Veracious1	85		75	2
greater-veracious	Greater Veracious	prefix	rod	200	mid	66	80	64	1	134	Veracious1	85		75	2
greater-veracious	Greater Veracious	prefix	rod	200	late	81		64	2	134	Veracious1	85		75	2
greater-elemental-prefix	Greater Elemental	prefix	rod	203	early	50	65	65	1	449	Elemental1	80		77	2
greater-elemental-prefix	Greater Elemental	prefix	rod	203	mid	66	80	65	1	449	Elemental1	80		77	2
greater-elemental-prefix	Greater Elemental	prefix	rod	203	late	81		65	2	449	Elemental1	80		77	2
greater-sage-xp	Greater Sage	prefix	rod	204	early	50	65	39	2	452	Sage's	51		46	6
greater-sage-xp	Greater Sage	prefix	rod	204	mid	66	80	39	4	452	Sage's	51		46	6
greater-sage-xp	Greater Sage	prefix	rod	204	late	81		39	6	452	Sage's	51		46	6
greater-adamantine-wrought	Greater Adamantine-Wrought	prefix	rod	206	early	50	65	55	1	468	Adamantine-Wrought	87		65	4
greater-adamantine-wrought	Greater Adamantine-Wrought	prefix	rod	206	mid	66	80	55	3	468	Adamantine-Wrought	87		65	4
greater-adamantine-wrought	Greater Adamantine-Wrought	prefix	rod	206	late	81		55	4	468	Adamantine-Wrought	87		65	4
greater-grandmasters	Greater Grandmaster's	prefix	scep	111	early	50	65	75	1	75	Grandmaster's	84		88	4
greater-grandmasters	Greater Grandmaster's	prefix	scep	111	mid	66	80	75	3	75	Grandmaster's	84		88	4
greater-grandmasters	Greater Grandmaster's	prefix	scep	111	late	81		75	4	75	Grandmaster's	84		88	4
greater-grandmasters	Greater Grandmaster's	prefix	scep	111	early	50	65	75	1	76	Grandmaster's	86		88	2
greater-grandmasters	Greater Grandmaster's	prefix	scep	111	mid	66	80	75	1	76	Grandmaster's	86		88	2
greater-grandmasters	Greater Grandmaster's	prefix	scep	111	late	81		75	2	76	Grandmaster's	86		88	2
greater-grandmasters	Greater Grandmaster's	prefix	scep	111	early	50	65	75	1	77	Grandmaster's	86		88	2
greater-grandmasters	Greater Grandmaster's	prefix	scep	111	mid	66	80	75	1	77	Grandmaster's	86		88	2
greater-grandmasters	Greater Grandmaster's	prefix	scep	111	late	81		75	2	77	Grandmaster's	86		88	2
greater-grandmasters	Greater Grandmaster's	prefix	scep	111	early	50	65	75	1	78	Grandmaster's	86		88	2
greater-grandmasters	Greater Grandmaster's	prefix	scep	111	mid	66	80	75	1	78	Grandmaster's	86		88	2
greater-grandmasters	Greater Grandmaster's	prefix	scep	111	late	81		75	2	78	Grandmaster's	86		88	2
greater-grandmasters	Greater Grandmaster's	prefix	scep	111	early	50	65	68	1	98	Wraithly1	86		80	4
greater-grandmasters	Greater Grandmaster's	prefix	scep	111	mid	66	80	68	3	98	Wraithly1	86		80	4
greater-grandmasters	Greater Grandmaster's	prefix	scep	111	late	81		68	4	98	Wraithly1	86		80	4
greater-gritty	Greater Gritty	prefix	scep	105	early	50	65	55	5	153	Gritty	75		65	14
greater-gritty	Greater Gritty	prefix	scep	105	mid	66	80	55	9	153	Gritty	75		65	14
greater-gritty	Greater Gritty	prefix	scep	105	late	81		55	14	153	Gritty	75		65	14
greater-platinum	Greater Platinum	prefix	scep	110	early	50	65	34	3	120	Weird	44		40	8
greater-platinum	Greater Platinum	prefix	scep	110	mid	66	80	34	5	120	Weird	44		40	8
greater-platinum	Greater Platinum	prefix	scep	110	late	81		34	8	120	Weird	44		40	8
greater-serpents	Greater Serpent's	prefix	scep	115	early	50	65	31	1	404	Bahamut's	45		37	4
greater-serpents	Greater Serpent's	prefix	scep	115	mid	66	80	31	3	404	Bahamut's	45		37	4
greater-serpents	Greater Serpent's	prefix	scep	115	late	81		31	4	404	Bahamut's	45		37	4
greater-single-resist-charm	Greater Ruby/Sapphire/Amber/Emerald	prefix	scep	117	early	50	65	35	1	353	Cobalt	55		41	4
greater-single-resist-charm	Greater Ruby/Sapphire/Amber/Emerald	prefix	scep	117	mid	66	80	35	3	353	Cobalt	55		41	4
greater-single-resist-charm	Greater Ruby/Sapphire/Amber/Emerald	prefix	scep	117	late	81		35	4	353	Cobalt	55		41	4
greater-single-resist-charm	Greater Ruby/Sapphire/Amber/Emerald	prefix	scep	118	early	50	65	35	1	360	Garnet	55		41	2
greater-single-resist-charm	Greater Ruby/Sapphire/Amber/Emerald	prefix	scep	118	mid	66	80	35	1	360	Garnet	55		41	2
greater-single-resist-charm	Greater Ruby/Sapphire/Amber/Emerald	prefix	scep	118	late	81		35	2	360	Garnet	55		41	2
greater-single-resist-charm	Greater Ruby/Sapphire/Amber/Emerald	prefix	scep	119	early	50	65	35	1	368	Coral	55		41	2
greater-single-resist-charm	Greater Ruby/Sapphire/Amber/Emerald	prefix	scep	119	mid	66	80	35	1	368	Coral	55		41	2
greater-single-resist-charm	Greater Ruby/Sapphire/Amber/Emerald	prefix	scep	119	late	81		35	2	368	Coral	55		41	2
greater-single-resist-charm	Greater Ruby/Sapphire/Amber/Emerald	prefix	scep	120	early	50	65	35	1	376	Jade	55		41	2
greater-single-resist-charm	Greater Ruby/Sapphire/Amber/Emerald	prefix	scep	120	mid	66	80	35	1	376	Jade	55		41	2
greater-single-resist-charm	Greater Ruby/Sapphire/Amber/Emerald	prefix	scep	120	late	81		35	2	376	Jade	55		41	2
greater-aureolin	Greater Aureolin	prefix	scep	121	early	50	65	10	3	410	Victorious	17		12	8
greater-aureolin	Greater Aureolin	prefix	scep	121	mid	66	80	10	5	410	Victorious	17		12	8
greater-aureolin	Greater Aureolin	prefix	scep	121	late	81		10	8	410	Victorious	17		12	8
greater-celestial	Greater Celestial	prefix	scep	123	early	50	65	35	1	104	Celestial	55		41	2
greater-celestial	Greater Celestial	prefix	scep	123	mid	66	80	35	1	104	Celestial	55		41	2
greater-celestial	Greater Celestial	prefix	scep	123	late	81		35	2	104	Celestial	55		41	2
greater-class-skill	Greater class skill	prefix	scep	125	early	50	65	36	1	204	Priest's	50		42	4
greater-class-skill	Greater class skill	prefix	scep	125	mid	66	80	36	3	204	Priest's	50		42	4
greater-class-skill	Greater class skill	prefix	scep	125	late	81		36	4	204	Priest's	50		42	4
greater-skilltab	Greater Skilltab	prefix	scep	125	early	50	65	38	1	268	Rose Branded	60		45	2
greater-skilltab	Greater Skilltab	prefix	scep	125	mid	66	80	38	1	268	Rose Branded	60		45	2
greater-skilltab	Greater Skilltab	prefix	scep	125	late	81		38	2	268	Rose Branded	60		45	2
greater-skilltab	Greater Skilltab	prefix	scep	125	early	50	65	38	1	271	Marshal's	60		45	2
greater-skilltab	Greater Skilltab	prefix	scep	125	mid	66	80	38	1	271	Marshal's	60		45	2
greater-skilltab	Greater Skilltab	prefix	scep	125	late	81		38	2	271	Marshal's	60		45	2
greater-avatar	Greater Avatar	prefix	scep	137	early	50	65	51	1	333	Hibernal	70		60	2
greater-avatar	Greater Avatar	prefix	scep	137	mid	66	80	51	1	333	Hibernal	70		60	2
greater-avatar	Greater Avatar	prefix	scep	137	late	81		51	2	333	Hibernal	70		60	2
greater-weapon-elemental-prefix	Greater Scorching/Shocking/Pestilent	prefix	scep	138	early	50	65	57	1	338	Scorching	77		67	2
greater-weapon-elemental-prefix	Greater Scorching/Shocking/Pestilent	prefix	scep	138	mid	66	80	57	1	338	Scorching	77		67	2
greater-weapon-elemental-prefix	Greater Scorching/Shocking/Pestilent	prefix	scep	138	late	81		57	2	338	Scorching	77		67	2
greater-weapon-elemental-prefix	Greater Scorching/Shocking/Pestilent	prefix	scep	139	early	50	65	56	1	343	Shocking	76		66	2
greater-weapon-elemental-prefix	Greater Scorching/Shocking/Pestilent	prefix	scep	139	mid	66	80	56	1	343	Shocking	76		66	2
greater-weapon-elemental-prefix	Greater Scorching/Shocking/Pestilent	prefix	scep	139	late	81		56	2	343	Shocking	76		66	2
greater-weapon-elemental-prefix	Greater Scorching/Shocking/Pestilent	prefix	scep	140	early	50	65	31	1	348	Pestilent	50		37	2
greater-weapon-elemental-prefix	Greater Scorching/Shocking/Pestilent	prefix	scep	140	mid	66	80	31	1	348	Pestilent	50		37	2
greater-weapon-elemental-prefix	Greater Scorching/Shocking/Pestilent	prefix	scep	140	late	81		31	2	348	Pestilent	50		37	2
greater-divine	Greater Divine	prefix	scep	142	early	50	65	31	1	110	Divine	45		37	2
greater-divine	Greater Divine	prefix	scep	142	mid	66	80	31	1	110	Divine	45		37	2
greater-divine	Greater Divine	prefix	scep	142	late	81		31	2	110	Divine	45		37	2
greater-veracious	Greater Veracious	prefix	scep	200	early	50	65	64	1	134	Veracious1	85		75	2
greater-veracious	Greater Veracious	prefix	scep	200	mid	66	80	64	1	134	Veracious1	85		75	2
greater-veracious	Greater Veracious	prefix	scep	200	late	81		64	2	134	Veracious1	85		75	2
greater-elemental-prefix	Greater Elemental	prefix	scep	203	early	50	65	65	1	449	Elemental1	80		77	2
greater-elemental-prefix	Greater Elemental	prefix	scep	203	mid	66	80	65	1	449	Elemental1	80		77	2
greater-elemental-prefix	Greater Elemental	prefix	scep	203	late	81		65	2	449	Elemental1	80		77	2
greater-sage-xp	Greater Sage	prefix	scep	204	early	50	65	39	2	452	Sage's	51		46	6
greater-sage-xp	Greater Sage	prefix	scep	204	mid	66	80	39	4	452	Sage's	51		46	6
greater-sage-xp	Greater Sage	prefix	scep	204	late	81		39	6	452	Sage's	51		46	6
greater-adamantine-wrought	Greater Adamantine-Wrought	prefix	scep	206	early	50	65	55	1	468	Adamantine-Wrought	87		65	4
greater-adamantine-wrought	Greater Adamantine-Wrought	prefix	scep	206	mid	66	80	55	3	468	Adamantine-Wrought	87		65	4
greater-adamantine-wrought	Greater Adamantine-Wrought	prefix	scep	206	late	81		55	4	468	Adamantine-Wrought	87		65	4
greater-godly	Greater Godly	prefix	shie	101	early	50	65	64	37	176	Godly	86		75	110
greater-godly	Greater Godly	prefix	shie	101	mid	66	80	64	73	176	Godly	86		75	110
greater-godly	Greater Godly	prefix	shie	101	late	81		64	110	176	Godly	86		75	110
greater-godly	Greater Godly	prefix	shie	101	early	50	65	64	1	182	Wraithly1	86		75	4
greater-godly	Greater Godly	prefix	shie	101	mid	66	80	64	3	182	Wraithly1	86		75	4
greater-godly	Greater Godly	prefix	shie	101	late	81		64	4	182	Wraithly1	86		75	4
greater-godly	Greater Godly	prefix	shie	101	early	50	65	71	1	189	Invulnerable1	86		83	4
greater-godly	Greater Godly	prefix	shie	101	mid	66	80	71	3	189	Invulnerable1	86		83	4
greater-godly	Greater Godly	prefix	shie	101	late	81		71	4	189	Invulnerable1	86		83	4
greater-antimagic-prefix	Greater Antimagic	prefix	shie	102	early	50	65	68	3	433	Antimagic	86		80	8
greater-antimagic-prefix	Greater Antimagic	prefix	shie	102	mid	66	80	68	5	433	Antimagic	86		80	8
greater-antimagic-prefix	Greater Antimagic	prefix	shie	102	late	81		68	8	433	Antimagic	86		80	8
greater-vulpine	Greater Vulpine	prefix	shie	107	early	50	65	5	2	412	Vulpine	9		6	6
greater-vulpine	Greater Vulpine	prefix	shie	107	mid	66	80	5	4	412	Vulpine	9		6	6
greater-vulpine	Greater Vulpine	prefix	shie	107	late	81		5	6	412	Vulpine	9		6	6
greater-serpents	Greater Serpent's	prefix	shie	115	early	50	65	9	2	397	Serpent's	14		10	6
greater-serpents	Greater Serpent's	prefix	shie	115	mid	66	80	9	4	397	Serpent's	14		10	6
greater-serpents	Greater Serpent's	prefix	shie	115	late	81		9	6	397	Serpent's	14		10	6
greater-shimmering	Greater Shimmering	prefix	shie	116	early	50	65	36	3	384	Chromatic	50		42	8
greater-shimmering	Greater Shimmering	prefix	shie	116	mid	66	80	36	5	384	Chromatic	50		42	8
greater-shimmering	Greater Shimmering	prefix	shie	116	late	81		36	8	384	Chromatic	50		42	8
greater-single-resist-charm	Greater Ruby/Sapphire/Amber/Emerald	prefix	shie	117	early	50	65	11	2	352	Cobalt	18		13	6
greater-single-resist-charm	Greater Ruby/Sapphire/Amber/Emerald	prefix	shie	117	mid	66	80	11	4	352	Cobalt	18		13	6
greater-single-resist-charm	Greater Ruby/Sapphire/Amber/Emerald	prefix	shie	117	late	81		11	6	352	Cobalt	18		13	6
greater-single-resist-charm	Greater Ruby/Sapphire/Amber/Emerald	prefix	shie	118	early	50	65	11	2	359	Garnet	18		13	6
greater-single-resist-charm	Greater Ruby/Sapphire/Amber/Emerald	prefix	shie	118	mid	66	80	11	4	359	Garnet	18		13	6
greater-single-resist-charm	Greater Ruby/Sapphire/Amber/Emerald	prefix	shie	118	late	81		11	6	359	Garnet	18		13	6
greater-single-resist-charm	Greater Ruby/Sapphire/Amber/Emerald	prefix	shie	119	early	50	65	11	2	367	Coral	18		13	6
greater-single-resist-charm	Greater Ruby/Sapphire/Amber/Emerald	prefix	shie	119	mid	66	80	11	4	367	Coral	18		13	6
greater-single-resist-charm	Greater Ruby/Sapphire/Amber/Emerald	prefix	shie	119	late	81		11	6	367	Coral	18		13	6
greater-single-resist-charm	Greater Ruby/Sapphire/Amber/Emerald	prefix	shie	120	early	50	65	11	2	375	Jade	18		13	6
greater-single-resist-charm	Greater Ruby/Sapphire/Amber/Emerald	prefix	shie	120	mid	66	80	11	4	375	Jade	18		13	6
greater-single-resist-charm	Greater Ruby/Sapphire/Amber/Emerald	prefix	shie	120	late	81		11	6	375	Jade	18		13	6
greater-omniscient	Greater Omniscient	prefix	shie	125	early	50	65	43	1	190	Sage's	59		50	2
greater-omniscient	Greater Omniscient	prefix	shie	125	mid	66	80	43	1	190	Sage's	59		50	2
greater-omniscient	Greater Omniscient	prefix	shie	125	late	81		43	2	190	Sage's	59		50	2
greater-class-skill	Greater class skill	prefix	shie	125	early	50	65	49	1	206	Priest's	65		58	4
greater-class-skill	Greater class skill	prefix	shie	125	mid	66	80	49	3	206	Priest's	65		58	4
greater-class-skill	Greater class skill	prefix	shie	125	late	81		49	4	206	Priest's	65		58	4
greater-skilltab	Greater Skilltab	prefix	shie	125	early	50	65	38	1	268	Rose Branded	60		45	2
greater-skilltab	Greater Skilltab	prefix	shie	125	mid	66	80	38	1	268	Rose Branded	60		45	2
greater-skilltab	Greater Skilltab	prefix	shie	125	late	81		38	2	268	Rose Branded	60		45	2
greater-skilltab	Greater Skilltab	prefix	shie	125	early	50	65	38	1	271	Marshal's	60		45	2
greater-skilltab	Greater Skilltab	prefix	shie	125	mid	66	80	38	1	271	Marshal's	60		45	2
greater-skilltab	Greater Skilltab	prefix	shie	125	late	81		38	2	271	Marshal's	60		45	2
greater-skilltab	Greater Skilltab	prefix	shie	125	early	50	65	38	1	274	Guardian's	60		45	2
greater-skilltab	Greater Skilltab	prefix	shie	125	mid	66	80	38	1	274	Guardian's	60		45	2
greater-skilltab	Greater Skilltab	prefix	shie	125	late	81		38	2	274	Guardian's	60		45	2
greater-sage-xp	Greater Sage	prefix	shie	204	early	50	65	39	2	452	Sage's	51		46	6
greater-sage-xp	Greater Sage	prefix	shie	204	mid	66	80	39	4	452	Sage's	51		46	6
greater-sage-xp	Greater Sage	prefix	shie	204	late	81		39	6	452	Sage's	51		46	6
greater-adamantine-wrought	Greater Adamantine-Wrought	prefix	shie	206	early	50	65	55	1	476	Adamantine-Wrought	87		65	4
greater-adamantine-wrought	Greater Adamantine-Wrought	prefix	shie	206	mid	66	80	55	3	476	Adamantine-Wrought	87		65	4
greater-adamantine-wrought	Greater Adamantine-Wrought	prefix	shie	206	late	81		55	4	476	Adamantine-Wrought	87		65	4
greater-godly	Greater Godly	prefix	shld	101	early	50	65	64	37	176	Godly	86		75	110
greater-godly	Greater Godly	prefix	shld	101	mid	66	80	64	73	176	Godly	86		75	110
greater-godly	Greater Godly	prefix	shld	101	late	81		64	110	176	Godly	86		75	110
greater-godly	Greater Godly	prefix	shld	101	early	50	65	64	1	182	Wraithly1	86		75	4
greater-godly	Greater Godly	prefix	shld	101	mid	66	80	64	3	182	Wraithly1	86		75	4
greater-godly	Greater Godly	prefix	shld	101	late	81		64	4	182	Wraithly1	86		75	4
greater-godly	Greater Godly	prefix	shld	101	early	50	65	71	1	189	Invulnerable1	86		83	4
greater-godly	Greater Godly	prefix	shld	101	mid	66	80	71	3	189	Invulnerable1	86		83	4
greater-godly	Greater Godly	prefix	shld	101	late	81		71	4	189	Invulnerable1	86		83	4
greater-antimagic-prefix	Greater Antimagic	prefix	shld	102	early	50	65	68	3	433	Antimagic	86		80	8
greater-antimagic-prefix	Greater Antimagic	prefix	shld	102	mid	66	80	68	5	433	Antimagic	86		80	8
greater-antimagic-prefix	Greater Antimagic	prefix	shld	102	late	81		68	8	433	Antimagic	86		80	8
greater-vulpine	Greater Vulpine	prefix	shld	107	early	50	65	5	2	412	Vulpine	9		6	6
greater-vulpine	Greater Vulpine	prefix	shld	107	mid	66	80	5	4	412	Vulpine	9		6	6
greater-vulpine	Greater Vulpine	prefix	shld	107	late	81		5	6	412	Vulpine	9		6	6
greater-serpents	Greater Serpent's	prefix	shld	115	early	50	65	9	2	397	Serpent's	14		10	6
greater-serpents	Greater Serpent's	prefix	shld	115	mid	66	80	9	4	397	Serpent's	14		10	6
greater-serpents	Greater Serpent's	prefix	shld	115	late	81		9	6	397	Serpent's	14		10	6
greater-shimmering	Greater Shimmering	prefix	shld	116	early	50	65	36	3	384	Chromatic	50		42	8
greater-shimmering	Greater Shimmering	prefix	shld	116	mid	66	80	36	5	384	Chromatic	50		42	8
greater-shimmering	Greater Shimmering	prefix	shld	116	late	81		36	8	384	Chromatic	50		42	8
greater-single-resist-charm	Greater Ruby/Sapphire/Amber/Emerald	prefix	shld	117	early	50	65	11	2	352	Cobalt	18		13	6
greater-single-resist-charm	Greater Ruby/Sapphire/Amber/Emerald	prefix	shld	117	mid	66	80	11	4	352	Cobalt	18		13	6
greater-single-resist-charm	Greater Ruby/Sapphire/Amber/Emerald	prefix	shld	117	late	81		11	6	352	Cobalt	18		13	6
greater-single-resist-charm	Greater Ruby/Sapphire/Amber/Emerald	prefix	shld	118	early	50	65	11	2	359	Garnet	18		13	6
greater-single-resist-charm	Greater Ruby/Sapphire/Amber/Emerald	prefix	shld	118	mid	66	80	11	4	359	Garnet	18		13	6
greater-single-resist-charm	Greater Ruby/Sapphire/Amber/Emerald	prefix	shld	118	late	81		11	6	359	Garnet	18		13	6
greater-single-resist-charm	Greater Ruby/Sapphire/Amber/Emerald	prefix	shld	119	early	50	65	11	2	367	Coral	18		13	6
greater-single-resist-charm	Greater Ruby/Sapphire/Amber/Emerald	prefix	shld	119	mid	66	80	11	4	367	Coral	18		13	6
greater-single-resist-charm	Greater Ruby/Sapphire/Amber/Emerald	prefix	shld	119	late	81		11	6	367	Coral	18		13	6
greater-single-resist-charm	Greater Ruby/Sapphire/Amber/Emerald	prefix	shld	120	early	50	65	11	2	375	Jade	18		13	6
greater-single-resist-charm	Greater Ruby/Sapphire/Amber/Emerald	prefix	shld	120	mid	66	80	11	4	375	Jade	18		13	6
greater-single-resist-charm	Greater Ruby/Sapphire/Amber/Emerald	prefix	shld	120	late	81		11	6	375	Jade	18		13	6
greater-omniscient	Greater Omniscient	prefix	shld	125	early	50	65	43	1	190	Sage's	59		50	2
greater-omniscient	Greater Omniscient	prefix	shld	125	mid	66	80	43	1	190	Sage's	59		50	2
greater-omniscient	Greater Omniscient	prefix	shld	125	late	81		43	2	190	Sage's	59		50	2
greater-class-skill	Greater class skill	prefix	shld	125	early	50	65	49	1	206	Priest's	65		58	4
greater-class-skill	Greater class skill	prefix	shld	125	mid	66	80	49	3	206	Priest's	65		58	4
greater-class-skill	Greater class skill	prefix	shld	125	late	81		49	4	206	Priest's	65		58	4
greater-skilltab	Greater Skilltab	prefix	shld	125	early	50	65	38	1	268	Rose Branded	60		45	2
greater-skilltab	Greater Skilltab	prefix	shld	125	mid	66	80	38	1	268	Rose Branded	60		45	2
greater-skilltab	Greater Skilltab	prefix	shld	125	late	81		38	2	268	Rose Branded	60		45	2
greater-skilltab	Greater Skilltab	prefix	shld	125	early	50	65	38	1	271	Marshal's	60		45	2
greater-skilltab	Greater Skilltab	prefix	shld	125	mid	66	80	38	1	271	Marshal's	60		45	2
greater-skilltab	Greater Skilltab	prefix	shld	125	late	81		38	2	271	Marshal's	60		45	2
greater-skilltab	Greater Skilltab	prefix	shld	125	early	50	65	38	1	274	Guardian's	60		45	2
greater-skilltab	Greater Skilltab	prefix	shld	125	mid	66	80	38	1	274	Guardian's	60		45	2
greater-skilltab	Greater Skilltab	prefix	shld	125	late	81		38	2	274	Guardian's	60		45	2
greater-sage-xp	Greater Sage	prefix	shld	204	early	50	65	39	2	452	Sage's	51		46	6
greater-sage-xp	Greater Sage	prefix	shld	204	mid	66	80	39	4	452	Sage's	51		46	6
greater-sage-xp	Greater Sage	prefix	shld	204	late	81		39	6	452	Sage's	51		46	6
greater-adamantine-wrought	Greater Adamantine-Wrought	prefix	shld	206	early	50	65	55	1	476	Adamantine-Wrought	87		65	4
greater-adamantine-wrought	Greater Adamantine-Wrought	prefix	shld	206	mid	66	80	55	3	476	Adamantine-Wrought	87		65	4
greater-adamantine-wrought	Greater Adamantine-Wrought	prefix	shld	206	late	81		55	4	476	Adamantine-Wrought	87		65	4
greater-grandmasters	Greater Grandmaster's	prefix	slam	111	early	50	65	75	1	75	Grandmaster's	84		88	4
greater-grandmasters	Greater Grandmaster's	prefix	slam	111	mid	66	80	75	3	75	Grandmaster's	84		88	4
greater-grandmasters	Greater Grandmaster's	prefix	slam	111	late	81		75	4	75	Grandmaster's	84		88	4
greater-grandmasters	Greater Grandmaster's	prefix	slam	111	early	50	65	75	1	76	Grandmaster's	86		88	2
greater-grandmasters	Greater Grandmaster's	prefix	slam	111	mid	66	80	75	1	76	Grandmaster's	86		88	2
greater-grandmasters	Greater Grandmaster's	prefix	slam	111	late	81		75	2	76	Grandmaster's	86		88	2
greater-grandmasters	Greater Grandmaster's	prefix	slam	111	early	50	65	75	1	77	Grandmaster's	86		88	2
greater-grandmasters	Greater Grandmaster's	prefix	slam	111	mid	66	80	75	1	77	Grandmaster's	86		88	2
greater-grandmasters	Greater Grandmaster's	prefix	slam	111	late	81		75	2	77	Grandmaster's	86		88	2
greater-grandmasters	Greater Grandmaster's	prefix	slam	111	early	50	65	75	1	78	Grandmaster's	86		88	2
greater-grandmasters	Greater Grandmaster's	prefix	slam	111	mid	66	80	75	1	78	Grandmaster's	86		88	2
greater-grandmasters	Greater Grandmaster's	prefix	slam	111	late	81		75	2	78	Grandmaster's	86		88	2
greater-grandmasters	Greater Grandmaster's	prefix	slam	111	early	50	65	68	1	98	Wraithly1	86		80	4
greater-grandmasters	Greater Grandmaster's	prefix	slam	111	mid	66	80	68	3	98	Wraithly1	86		80	4
greater-grandmasters	Greater Grandmaster's	prefix	slam	111	late	81		68	4	98	Wraithly1	86		80	4
greater-gritty	Greater Gritty	prefix	slam	105	early	50	65	55	5	153	Gritty	75		65	14
greater-gritty	Greater Gritty	prefix	slam	105	mid	66	80	55	9	153	Gritty	75		65	14
greater-gritty	Greater Gritty	prefix	slam	105	late	81		55	14	153	Gritty	75		65	14
greater-platinum	Greater Platinum	prefix	slam	110	early	50	65	34	3	120	Weird	44		40	8
greater-platinum	Greater Platinum	prefix	slam	110	mid	66	80	34	5	120	Weird	44		40	8
greater-platinum	Greater Platinum	prefix	slam	110	late	81		34	8	120	Weird	44		40	8
greater-serpents	Greater Serpent's	prefix	slam	115	early	50	65	23	1	398	Serpent's	37		27	4
greater-serpents	Greater Serpent's	prefix	slam	115	mid	66	80	23	3	398	Serpent's	37		27	4
greater-serpents	Greater Serpent's	prefix	slam	115	late	81		23	4	398	Serpent's	37		27	4
greater-single-resist-charm	Greater Ruby/Sapphire/Amber/Emerald	prefix	slam	117	early	50	65	35	1	353	Cobalt	55		41	4
greater-single-resist-charm	Greater Ruby/Sapphire/Amber/Emerald	prefix	slam	117	mid	66	80	35	3	353	Cobalt	55		41	4
greater-single-resist-charm	Greater Ruby/Sapphire/Amber/Emerald	prefix	slam	117	late	81		35	4	353	Cobalt	55		41	4
greater-single-resist-charm	Greater Ruby/Sapphire/Amber/Emerald	prefix	slam	118	early	50	65	35	1	360	Garnet	55		41	2
greater-single-resist-charm	Greater Ruby/Sapphire/Amber/Emerald	prefix	slam	118	mid	66	80	35	1	360	Garnet	55		41	2
greater-single-resist-charm	Greater Ruby/Sapphire/Amber/Emerald	prefix	slam	118	late	81		35	2	360	Garnet	55		41	2
greater-single-resist-charm	Greater Ruby/Sapphire/Amber/Emerald	prefix	slam	119	early	50	65	35	1	368	Coral	55		41	2
greater-single-resist-charm	Greater Ruby/Sapphire/Amber/Emerald	prefix	slam	119	mid	66	80	35	1	368	Coral	55		41	2
greater-single-resist-charm	Greater Ruby/Sapphire/Amber/Emerald	prefix	slam	119	late	81		35	2	368	Coral	55		41	2
greater-single-resist-charm	Greater Ruby/Sapphire/Amber/Emerald	prefix	slam	120	early	50	65	35	1	376	Jade	55		41	2
greater-single-resist-charm	Greater Ruby/Sapphire/Amber/Emerald	prefix	slam	120	mid	66	80	35	1	376	Jade	55		41	2
greater-single-resist-charm	Greater Ruby/Sapphire/Amber/Emerald	prefix	slam	120	late	81		35	2	376	Jade	55		41	2
greater-aureolin	Greater Aureolin	prefix	slam	121	early	50	65	10	3	410	Victorious	17		12	8
greater-aureolin	Greater Aureolin	prefix	slam	121	mid	66	80	10	5	410	Victorious	17		12	8
greater-aureolin	Greater Aureolin	prefix	slam	121	late	81		10	8	410	Victorious	17		12	8
greater-celestial	Greater Celestial	prefix	slam	123	early	50	65	35	1	104	Celestial	55		41	2
greater-celestial	Greater Celestial	prefix	slam	123	mid	66	80	35	1	104	Celestial	55		41	2
greater-celestial	Greater Celestial	prefix	slam	123	late	81		35	2	104	Celestial	55		41	2
greater-skilltab	Greater Skilltab	prefix	slam	125	early	50	65	38	1	277	Master's	60		45	2
greater-skilltab	Greater Skilltab	prefix	slam	125	mid	66	80	38	1	277	Master's	60		45	2
greater-skilltab	Greater Skilltab	prefix	slam	125	late	81		38	2	277	Master's	60		45	2
greater-skilltab	Greater Skilltab	prefix	slam	125	early	50	65	38	1	280	Furious	60		45	2
greater-skilltab	Greater Skilltab	prefix	slam	125	mid	66	80	38	1	280	Furious	60		45	2
greater-skilltab	Greater Skilltab	prefix	slam	125	late	81		38	2	280	Furious	60		45	2
greater-skilltab	Greater Skilltab	prefix	slam	125	early	50	65	38	1	283	Echoing	60		45	2
greater-skilltab	Greater Skilltab	prefix	slam	125	mid	66	80	38	1	283	Echoing	60		45	2
greater-skilltab	Greater Skilltab	prefix	slam	125	late	81		38	2	283	Echoing	60		45	2
greater-avatar	Greater Avatar	prefix	slam	137	early	50	65	51	1	333	Hibernal	70		60	2
greater-avatar	Greater Avatar	prefix	slam	137	mid	66	80	51	1	333	Hibernal	70		60	2
greater-avatar	Greater Avatar	prefix	slam	137	late	81		51	2	333	Hibernal	70		60	2
greater-weapon-elemental-prefix	Greater Scorching/Shocking/Pestilent	prefix	slam	138	early	50	65	57	1	338	Scorching	77		67	2
greater-weapon-elemental-prefix	Greater Scorching/Shocking/Pestilent	prefix	slam	138	mid	66	80	57	1	338	Scorching	77		67	2
greater-weapon-elemental-prefix	Greater Scorching/Shocking/Pestilent	prefix	slam	138	late	81		57	2	338	Scorching	77		67	2
greater-weapon-elemental-prefix	Greater Scorching/Shocking/Pestilent	prefix	slam	139	early	50	65	56	1	343	Shocking	76		66	2
greater-weapon-elemental-prefix	Greater Scorching/Shocking/Pestilent	prefix	slam	139	mid	66	80	56	1	343	Shocking	76		66	2
greater-weapon-elemental-prefix	Greater Scorching/Shocking/Pestilent	prefix	slam	139	late	81		56	2	343	Shocking	76		66	2
greater-weapon-elemental-prefix	Greater Scorching/Shocking/Pestilent	prefix	slam	140	early	50	65	31	1	348	Pestilent	50		37	2
greater-weapon-elemental-prefix	Greater Scorching/Shocking/Pestilent	prefix	slam	140	mid	66	80	31	1	348	Pestilent	50		37	2
greater-weapon-elemental-prefix	Greater Scorching/Shocking/Pestilent	prefix	slam	140	late	81		31	2	348	Pestilent	50		37	2
greater-divine	Greater Divine	prefix	slam	142	early	50	65	31	1	110	Divine	45		37	2
greater-divine	Greater Divine	prefix	slam	142	mid	66	80	31	1	110	Divine	45		37	2
greater-divine	Greater Divine	prefix	slam	142	late	81		31	2	110	Divine	45		37	2
greater-veracious	Greater Veracious	prefix	slam	200	early	50	65	64	1	134	Veracious1	85		75	2
greater-veracious	Greater Veracious	prefix	slam	200	mid	66	80	64	1	134	Veracious1	85		75	2
greater-veracious	Greater Veracious	prefix	slam	200	late	81		64	2	134	Veracious1	85		75	2
greater-elemental-prefix	Greater Elemental	prefix	slam	203	early	50	65	65	1	449	Elemental1	80		77	2
greater-elemental-prefix	Greater Elemental	prefix	slam	203	mid	66	80	65	1	449	Elemental1	80		77	2
greater-elemental-prefix	Greater Elemental	prefix	slam	203	late	81		65	2	449	Elemental1	80		77	2
greater-sage-xp	Greater Sage	prefix	slam	204	early	50	65	39	2	452	Sage's	51		46	6
greater-sage-xp	Greater Sage	prefix	slam	204	mid	66	80	39	4	452	Sage's	51		46	6
greater-sage-xp	Greater Sage	prefix	slam	204	late	81		39	6	452	Sage's	51		46	6
greater-adamantine-wrought	Greater Adamantine-Wrought	prefix	slam	206	early	50	65	55	1	468	Adamantine-Wrought	87		65	4
greater-adamantine-wrought	Greater Adamantine-Wrought	prefix	slam	206	mid	66	80	55	3	468	Adamantine-Wrought	87		65	4
greater-adamantine-wrought	Greater Adamantine-Wrought	prefix	slam	206	late	81		55	4	468	Adamantine-Wrought	87		65	4
greater-grandmasters	Greater Grandmaster's	prefix	spea	111	early	50	65	75	1	75	Grandmaster's	84		88	4
greater-grandmasters	Greater Grandmaster's	prefix	spea	111	mid	66	80	75	3	75	Grandmaster's	84		88	4
greater-grandmasters	Greater Grandmaster's	prefix	spea	111	late	81		75	4	75	Grandmaster's	84		88	4
greater-grandmasters	Greater Grandmaster's	prefix	spea	111	early	50	65	75	1	76	Grandmaster's	86		88	2
greater-grandmasters	Greater Grandmaster's	prefix	spea	111	mid	66	80	75	1	76	Grandmaster's	86		88	2
greater-grandmasters	Greater Grandmaster's	prefix	spea	111	late	81		75	2	76	Grandmaster's	86		88	2
greater-grandmasters	Greater Grandmaster's	prefix	spea	111	early	50	65	75	1	77	Grandmaster's	86		88	2
greater-grandmasters	Greater Grandmaster's	prefix	spea	111	mid	66	80	75	1	77	Grandmaster's	86		88	2
greater-grandmasters	Greater Grandmaster's	prefix	spea	111	late	81		75	2	77	Grandmaster's	86		88	2
greater-grandmasters	Greater Grandmaster's	prefix	spea	111	early	50	65	75	1	78	Grandmaster's	86		88	2
greater-grandmasters	Greater Grandmaster's	prefix	spea	111	mid	66	80	75	1	78	Grandmaster's	86		88	2
greater-grandmasters	Greater Grandmaster's	prefix	spea	111	late	81		75	2	78	Grandmaster's	86		88	2
greater-grandmasters	Greater Grandmaster's	prefix	spea	111	early	50	65	68	1	98	Wraithly1	86		80	4
greater-grandmasters	Greater Grandmaster's	prefix	spea	111	mid	66	80	68	3	98	Wraithly1	86		80	4
greater-grandmasters	Greater Grandmaster's	prefix	spea	111	late	81		68	4	98	Wraithly1	86		80	4
greater-gritty	Greater Gritty	prefix	spea	105	early	50	65	55	5	153	Gritty	75		65	14
greater-gritty	Greater Gritty	prefix	spea	105	mid	66	80	55	9	153	Gritty	75		65	14
greater-gritty	Greater Gritty	prefix	spea	105	late	81		55	14	153	Gritty	75		65	14
greater-platinum	Greater Platinum	prefix	spea	110	early	50	65	34	3	120	Weird	44		40	8
greater-platinum	Greater Platinum	prefix	spea	110	mid	66	80	34	5	120	Weird	44		40	8
greater-platinum	Greater Platinum	prefix	spea	110	late	81		34	8	120	Weird	44		40	8
greater-serpents	Greater Serpent's	prefix	spea	115	early	50	65	23	1	398	Serpent's	37		27	4
greater-serpents	Greater Serpent's	prefix	spea	115	mid	66	80	23	3	398	Serpent's	37		27	4
greater-serpents	Greater Serpent's	prefix	spea	115	late	81		23	4	398	Serpent's	37		27	4
greater-single-resist-charm	Greater Ruby/Sapphire/Amber/Emerald	prefix	spea	117	early	50	65	35	1	353	Cobalt	55		41	4
greater-single-resist-charm	Greater Ruby/Sapphire/Amber/Emerald	prefix	spea	117	mid	66	80	35	3	353	Cobalt	55		41	4
greater-single-resist-charm	Greater Ruby/Sapphire/Amber/Emerald	prefix	spea	117	late	81		35	4	353	Cobalt	55		41	4
greater-single-resist-charm	Greater Ruby/Sapphire/Amber/Emerald	prefix	spea	118	early	50	65	35	1	360	Garnet	55		41	2
greater-single-resist-charm	Greater Ruby/Sapphire/Amber/Emerald	prefix	spea	118	mid	66	80	35	1	360	Garnet	55		41	2
greater-single-resist-charm	Greater Ruby/Sapphire/Amber/Emerald	prefix	spea	118	late	81		35	2	360	Garnet	55		41	2
greater-single-resist-charm	Greater Ruby/Sapphire/Amber/Emerald	prefix	spea	119	early	50	65	35	1	368	Coral	55		41	2
greater-single-resist-charm	Greater Ruby/Sapphire/Amber/Emerald	prefix	spea	119	mid	66	80	35	1	368	Coral	55		41	2
greater-single-resist-charm	Greater Ruby/Sapphire/Amber/Emerald	prefix	spea	119	late	81		35	2	368	Coral	55		41	2
greater-single-resist-charm	Greater Ruby/Sapphire/Amber/Emerald	prefix	spea	120	early	50	65	35	1	376	Jade	55		41	2
greater-single-resist-charm	Greater Ruby/Sapphire/Amber/Emerald	prefix	spea	120	mid	66	80	35	1	376	Jade	55		41	2
greater-single-resist-charm	Greater Ruby/Sapphire/Amber/Emerald	prefix	spea	120	late	81		35	2	376	Jade	55		41	2
greater-aureolin	Greater Aureolin	prefix	spea	121	early	50	65	10	3	410	Victorious	17		12	8
greater-aureolin	Greater Aureolin	prefix	spea	121	mid	66	80	10	5	410	Victorious	17		12	8
greater-aureolin	Greater Aureolin	prefix	spea	121	late	81		10	8	410	Victorious	17		12	8
greater-celestial	Greater Celestial	prefix	spea	123	early	50	65	35	1	104	Celestial	55		41	2
greater-celestial	Greater Celestial	prefix	spea	123	mid	66	80	35	1	104	Celestial	55		41	2
greater-celestial	Greater Celestial	prefix	spea	123	late	81		35	2	104	Celestial	55		41	2
greater-class-skill	Greater class skill	prefix	spea	125	early	50	65	36	1	198	Valkyrie's	50		42	4
greater-class-skill	Greater class skill	prefix	spea	125	mid	66	80	36	3	198	Valkyrie's	50		42	4
greater-class-skill	Greater class skill	prefix	spea	125	late	81		36	4	198	Valkyrie's	50		42	4
greater-class-skill	Greater class skill	prefix	spea	125	early	50	65	36	1	224	Berserker's	50		42	2
greater-class-skill	Greater class skill	prefix	spea	125	mid	66	80	36	1	224	Berserker's	50		42	2
greater-class-skill	Greater class skill	prefix	spea	125	late	81		36	2	224	Berserker's	50		42	2
greater-skilltab	Greater Skilltab	prefix	spea	125	early	50	65	38	1	247	Lancer's	60		45	2
greater-skilltab	Greater Skilltab	prefix	spea	125	mid	66	80	38	1	247	Lancer's	60		45	2
greater-skilltab	Greater Skilltab	prefix	spea	125	late	81		38	2	247	Lancer's	60		45	2
greater-skilltab	Greater Skilltab	prefix	spea	125	early	50	65	38	1	277	Master's	60		45	2
greater-skilltab	Greater Skilltab	prefix	spea	125	mid	66	80	38	1	277	Master's	60		45	2
greater-skilltab	Greater Skilltab	prefix	spea	125	late	81		38	2	277	Master's	60		45	2
greater-skilltab	Greater Skilltab	prefix	spea	125	early	50	65	38	1	280	Furious	60		45	2
greater-skilltab	Greater Skilltab	prefix	spea	125	mid	66	80	38	1	280	Furious	60		45	2
greater-skilltab	Greater Skilltab	prefix	spea	125	late	81		38	2	280	Furious	60		45	2
greater-skilltab	Greater Skilltab	prefix	spea	125	early	50	65	38	1	283	Echoing	60		45	2
greater-skilltab	Greater Skilltab	prefix	spea	125	mid	66	80	38	1	283	Echoing	60		45	2
greater-skilltab	Greater Skilltab	prefix	spea	125	late	81		38	2	283	Echoing	60		45	2
greater-avatar	Greater Avatar	prefix	spea	137	early	50	65	51	1	333	Hibernal	70		60	2
greater-avatar	Greater Avatar	prefix	spea	137	mid	66	80	51	1	333	Hibernal	70		60	2
greater-avatar	Greater Avatar	prefix	spea	137	late	81		51	2	333	Hibernal	70		60	2
greater-weapon-elemental-prefix	Greater Scorching/Shocking/Pestilent	prefix	spea	138	early	50	65	57	1	338	Scorching	77		67	2
greater-weapon-elemental-prefix	Greater Scorching/Shocking/Pestilent	prefix	spea	138	mid	66	80	57	1	338	Scorching	77		67	2
greater-weapon-elemental-prefix	Greater Scorching/Shocking/Pestilent	prefix	spea	138	late	81		57	2	338	Scorching	77		67	2
greater-weapon-elemental-prefix	Greater Scorching/Shocking/Pestilent	prefix	spea	139	early	50	65	56	1	343	Shocking	76		66	2
greater-weapon-elemental-prefix	Greater Scorching/Shocking/Pestilent	prefix	spea	139	mid	66	80	56	1	343	Shocking	76		66	2
greater-weapon-elemental-prefix	Greater Scorching/Shocking/Pestilent	prefix	spea	139	late	81		56	2	343	Shocking	76		66	2
greater-weapon-elemental-prefix	Greater Scorching/Shocking/Pestilent	prefix	spea	140	early	50	65	31	1	348	Pestilent	50		37	2
greater-weapon-elemental-prefix	Greater Scorching/Shocking/Pestilent	prefix	spea	140	mid	66	80	31	1	348	Pestilent	50		37	2
greater-weapon-elemental-prefix	Greater Scorching/Shocking/Pestilent	prefix	spea	140	late	81		31	2	348	Pestilent	50		37	2
greater-divine	Greater Divine	prefix	spea	142	early	50	65	31	1	110	Divine	45		37	2
greater-divine	Greater Divine	prefix	spea	142	mid	66	80	31	1	110	Divine	45		37	2
greater-divine	Greater Divine	prefix	spea	142	late	81		31	2	110	Divine	45		37	2
greater-veracious	Greater Veracious	prefix	spea	200	early	50	65	64	1	134	Veracious1	85		75	2
greater-veracious	Greater Veracious	prefix	spea	200	mid	66	80	64	1	134	Veracious1	85		75	2
greater-veracious	Greater Veracious	prefix	spea	200	late	81		64	2	134	Veracious1	85		75	2
greater-elemental-prefix	Greater Elemental	prefix	spea	203	early	50	65	65	1	449	Elemental1	80		77	2
greater-elemental-prefix	Greater Elemental	prefix	spea	203	mid	66	80	65	1	449	Elemental1	80		77	2
greater-elemental-prefix	Greater Elemental	prefix	spea	203	late	81		65	2	449	Elemental1	80		77	2
greater-sage-xp	Greater Sage	prefix	spea	204	early	50	65	39	2	452	Sage's	51		46	6
greater-sage-xp	Greater Sage	prefix	spea	204	mid	66	80	39	4	452	Sage's	51		46	6
greater-sage-xp	Greater Sage	prefix	spea	204	late	81		39	6	452	Sage's	51		46	6
greater-adamantine-wrought	Greater Adamantine-Wrought	prefix	spea	206	early	50	65	55	1	468	Adamantine-Wrought	87		65	4
greater-adamantine-wrought	Greater Adamantine-Wrought	prefix	spea	206	mid	66	80	55	3	468	Adamantine-Wrought	87		65	4
greater-adamantine-wrought	Greater Adamantine-Wrought	prefix	spea	206	late	81		55	4	468	Adamantine-Wrought	87		65	4
greater-grandmasters	Greater Grandmaster's	prefix	sppl	111	early	50	65	75	1	75	Grandmaster's	84		88	4
greater-grandmasters	Greater Grandmaster's	prefix	sppl	111	mid	66	80	75	3	75	Grandmaster's	84		88	4
greater-grandmasters	Greater Grandmaster's	prefix	sppl	111	late	81		75	4	75	Grandmaster's	84		88	4
greater-grandmasters	Greater Grandmaster's	prefix	sppl	111	early	50	65	75	1	76	Grandmaster's	86		88	2
greater-grandmasters	Greater Grandmaster's	prefix	sppl	111	mid	66	80	75	1	76	Grandmaster's	86		88	2
greater-grandmasters	Greater Grandmaster's	prefix	sppl	111	late	81		75	2	76	Grandmaster's	86		88	2
greater-grandmasters	Greater Grandmaster's	prefix	sppl	111	early	50	65	75	1	77	Grandmaster's	86		88	2
greater-grandmasters	Greater Grandmaster's	prefix	sppl	111	mid	66	80	75	1	77	Grandmaster's	86		88	2
greater-grandmasters	Greater Grandmaster's	prefix	sppl	111	late	81		75	2	77	Grandmaster's	86		88	2
greater-grandmasters	Greater Grandmaster's	prefix	sppl	111	early	50	65	75	1	78	Grandmaster's	86		88	2
greater-grandmasters	Greater Grandmaster's	prefix	sppl	111	mid	66	80	75	1	78	Grandmaster's	86		88	2
greater-grandmasters	Greater Grandmaster's	prefix	sppl	111	late	81		75	2	78	Grandmaster's	86		88	2
greater-grandmasters	Greater Grandmaster's	prefix	sppl	111	early	50	65	68	1	98	Wraithly1	86		80	4
greater-grandmasters	Greater Grandmaster's	prefix	sppl	111	mid	66	80	68	3	98	Wraithly1	86		80	4
greater-grandmasters	Greater Grandmaster's	prefix	sppl	111	late	81		68	4	98	Wraithly1	86		80	4
greater-gritty	Greater Gritty	prefix	sppl	105	early	50	65	55	5	153	Gritty	75		65	14
greater-gritty	Greater Gritty	prefix	sppl	105	mid	66	80	55	9	153	Gritty	75		65	14
greater-gritty	Greater Gritty	prefix	sppl	105	late	81		55	14	153	Gritty	75		65	14
greater-platinum	Greater Platinum	prefix	sppl	110	early	50	65	34	3	120	Weird	44		40	8
greater-platinum	Greater Platinum	prefix	sppl	110	mid	66	80	34	5	120	Weird	44		40	8
greater-platinum	Greater Platinum	prefix	sppl	110	late	81		34	8	120	Weird	44		40	8
greater-serpents	Greater Serpent's	prefix	sppl	115	early	50	65	23	1	398	Serpent's	37		27	4
greater-serpents	Greater Serpent's	prefix	sppl	115	mid	66	80	23	3	398	Serpent's	37		27	4
greater-serpents	Greater Serpent's	prefix	sppl	115	late	81		23	4	398	Serpent's	37		27	4
greater-single-resist-charm	Greater Ruby/Sapphire/Amber/Emerald	prefix	sppl	117	early	50	65	35	1	353	Cobalt	55		41	4
greater-single-resist-charm	Greater Ruby/Sapphire/Amber/Emerald	prefix	sppl	117	mid	66	80	35	3	353	Cobalt	55		41	4
greater-single-resist-charm	Greater Ruby/Sapphire/Amber/Emerald	prefix	sppl	117	late	81		35	4	353	Cobalt	55		41	4
greater-single-resist-charm	Greater Ruby/Sapphire/Amber/Emerald	prefix	sppl	118	early	50	65	35	1	360	Garnet	55		41	2
greater-single-resist-charm	Greater Ruby/Sapphire/Amber/Emerald	prefix	sppl	118	mid	66	80	35	1	360	Garnet	55		41	2
greater-single-resist-charm	Greater Ruby/Sapphire/Amber/Emerald	prefix	sppl	118	late	81		35	2	360	Garnet	55		41	2
greater-single-resist-charm	Greater Ruby/Sapphire/Amber/Emerald	prefix	sppl	119	early	50	65	35	1	368	Coral	55		41	2
greater-single-resist-charm	Greater Ruby/Sapphire/Amber/Emerald	prefix	sppl	119	mid	66	80	35	1	368	Coral	55		41	2
greater-single-resist-charm	Greater Ruby/Sapphire/Amber/Emerald	prefix	sppl	119	late	81		35	2	368	Coral	55		41	2
greater-single-resist-charm	Greater Ruby/Sapphire/Amber/Emerald	prefix	sppl	120	early	50	65	35	1	376	Jade	55		41	2
greater-single-resist-charm	Greater Ruby/Sapphire/Amber/Emerald	prefix	sppl	120	mid	66	80	35	1	376	Jade	55		41	2
greater-single-resist-charm	Greater Ruby/Sapphire/Amber/Emerald	prefix	sppl	120	late	81		35	2	376	Jade	55		41	2
greater-aureolin	Greater Aureolin	prefix	sppl	121	early	50	65	10	3	410	Victorious	17		12	8
greater-aureolin	Greater Aureolin	prefix	sppl	121	mid	66	80	10	5	410	Victorious	17		12	8
greater-aureolin	Greater Aureolin	prefix	sppl	121	late	81		10	8	410	Victorious	17		12	8
greater-celestial	Greater Celestial	prefix	sppl	123	early	50	65	35	1	104	Celestial	55		41	2
greater-celestial	Greater Celestial	prefix	sppl	123	mid	66	80	35	1	104	Celestial	55		41	2
greater-celestial	Greater Celestial	prefix	sppl	123	late	81		35	2	104	Celestial	55		41	2
greater-skilltab	Greater Skilltab	prefix	sppl	125	early	50	65	38	1	277	Master's	60		45	2
greater-skilltab	Greater Skilltab	prefix	sppl	125	mid	66	80	38	1	277	Master's	60		45	2
greater-skilltab	Greater Skilltab	prefix	sppl	125	late	81		38	2	277	Master's	60		45	2
greater-skilltab	Greater Skilltab	prefix	sppl	125	early	50	65	38	1	280	Furious	60		45	2
greater-skilltab	Greater Skilltab	prefix	sppl	125	mid	66	80	38	1	280	Furious	60		45	2
greater-skilltab	Greater Skilltab	prefix	sppl	125	late	81		38	2	280	Furious	60		45	2
greater-skilltab	Greater Skilltab	prefix	sppl	125	early	50	65	38	1	283	Echoing	60		45	2
greater-skilltab	Greater Skilltab	prefix	sppl	125	mid	66	80	38	1	283	Echoing	60		45	2
greater-skilltab	Greater Skilltab	prefix	sppl	125	late	81		38	2	283	Echoing	60		45	2
greater-avatar	Greater Avatar	prefix	sppl	137	early	50	65	51	1	333	Hibernal	70		60	2
greater-avatar	Greater Avatar	prefix	sppl	137	mid	66	80	51	1	333	Hibernal	70		60	2
greater-avatar	Greater Avatar	prefix	sppl	137	late	81		51	2	333	Hibernal	70		60	2
greater-weapon-elemental-prefix	Greater Scorching/Shocking/Pestilent	prefix	sppl	138	early	50	65	57	1	338	Scorching	77		67	2
greater-weapon-elemental-prefix	Greater Scorching/Shocking/Pestilent	prefix	sppl	138	mid	66	80	57	1	338	Scorching	77		67	2
greater-weapon-elemental-prefix	Greater Scorching/Shocking/Pestilent	prefix	sppl	138	late	81		57	2	338	Scorching	77		67	2
greater-weapon-elemental-prefix	Greater Scorching/Shocking/Pestilent	prefix	sppl	139	early	50	65	56	1	343	Shocking	76		66	2
greater-weapon-elemental-prefix	Greater Scorching/Shocking/Pestilent	prefix	sppl	139	mid	66	80	56	1	343	Shocking	76		66	2
greater-weapon-elemental-prefix	Greater Scorching/Shocking/Pestilent	prefix	sppl	139	late	81		56	2	343	Shocking	76		66	2
greater-weapon-elemental-prefix	Greater Scorching/Shocking/Pestilent	prefix	sppl	140	early	50	65	31	1	348	Pestilent	50		37	2
greater-weapon-elemental-prefix	Greater Scorching/Shocking/Pestilent	prefix	sppl	140	mid	66	80	31	1	348	Pestilent	50		37	2
greater-weapon-elemental-prefix	Greater Scorching/Shocking/Pestilent	prefix	sppl	140	late	81		31	2	348	Pestilent	50		37	2
greater-divine	Greater Divine	prefix	sppl	142	early	50	65	31	1	110	Divine	45		37	2
greater-divine	Greater Divine	prefix	sppl	142	mid	66	80	31	1	110	Divine	45		37	2
greater-divine	Greater Divine	prefix	sppl	142	late	81		31	2	110	Divine	45		37	2
greater-veracious	Greater Veracious	prefix	sppl	200	early	50	65	64	1	134	Veracious1	85		75	2
greater-veracious	Greater Veracious	prefix	sppl	200	mid	66	80	64	1	134	Veracious1	85		75	2
greater-veracious	Greater Veracious	prefix	sppl	200	late	81		64	2	134	Veracious1	85		75	2
greater-elemental-prefix	Greater Elemental	prefix	sppl	203	early	50	65	65	1	449	Elemental1	80		77	2
greater-elemental-prefix	Greater Elemental	prefix	sppl	203	mid	66	80	65	1	449	Elemental1	80		77	2
greater-elemental-prefix	Greater Elemental	prefix	sppl	203	late	81		65	2	449	Elemental1	80		77	2
greater-sage-xp	Greater Sage	prefix	sppl	204	early	50	65	39	2	452	Sage's	51		46	6
greater-sage-xp	Greater Sage	prefix	sppl	204	mid	66	80	39	4	452	Sage's	51		46	6
greater-sage-xp	Greater Sage	prefix	sppl	204	late	81		39	6	452	Sage's	51		46	6
greater-adamantine-wrought	Greater Adamantine-Wrought	prefix	sppl	206	early	50	65	55	1	468	Adamantine-Wrought	87		65	4
greater-adamantine-wrought	Greater Adamantine-Wrought	prefix	sppl	206	mid	66	80	55	3	468	Adamantine-Wrought	87		65	4
greater-adamantine-wrought	Greater Adamantine-Wrought	prefix	sppl	206	late	81		55	4	468	Adamantine-Wrought	87		65	4
greater-grandmasters	Greater Grandmaster's	prefix	staf	111	early	50	65	75	1	75	Grandmaster's	84		88	4
greater-grandmasters	Greater Grandmaster's	prefix	staf	111	mid	66	80	75	3	75	Grandmaster's	84		88	4
greater-grandmasters	Greater Grandmaster's	prefix	staf	111	late	81		75	4	75	Grandmaster's	84		88	4
greater-grandmasters	Greater Grandmaster's	prefix	staf	111	early	50	65	75	1	76	Grandmaster's	86		88	2
greater-grandmasters	Greater Grandmaster's	prefix	staf	111	mid	66	80	75	1	76	Grandmaster's	86		88	2
greater-grandmasters	Greater Grandmaster's	prefix	staf	111	late	81		75	2	76	Grandmaster's	86		88	2
greater-grandmasters	Greater Grandmaster's	prefix	staf	111	early	50	65	75	1	77	Grandmaster's	86		88	2
greater-grandmasters	Greater Grandmaster's	prefix	staf	111	mid	66	80	75	1	77	Grandmaster's	86		88	2
greater-grandmasters	Greater Grandmaster's	prefix	staf	111	late	81		75	2	77	Grandmaster's	86		88	2
greater-grandmasters	Greater Grandmaster's	prefix	staf	111	early	50	65	75	1	78	Grandmaster's	86		88	2
greater-grandmasters	Greater Grandmaster's	prefix	staf	111	mid	66	80	75	1	78	Grandmaster's	86		88	2
greater-grandmasters	Greater Grandmaster's	prefix	staf	111	late	81		75	2	78	Grandmaster's	86		88	2
greater-grandmasters	Greater Grandmaster's	prefix	staf	111	early	50	65	68	1	98	Wraithly1	86		80	4
greater-grandmasters	Greater Grandmaster's	prefix	staf	111	mid	66	80	68	3	98	Wraithly1	86		80	4
greater-grandmasters	Greater Grandmaster's	prefix	staf	111	late	81		68	4	98	Wraithly1	86		80	4
greater-antimagic-prefix	Greater Antimagic	prefix	staf	102	early	50	65	68	3	433	Antimagic	86		80	8
greater-antimagic-prefix	Greater Antimagic	prefix	staf	102	mid	66	80	68	5	433	Antimagic	86		80	8
greater-antimagic-prefix	Greater Antimagic	prefix	staf	102	late	81		68	8	433	Antimagic	86		80	8
greater-gritty	Greater Gritty	prefix	staf	105	early	50	65	55	5	153	Gritty	75		65	14
greater-gritty	Greater Gritty	prefix	staf	105	mid	66	80	55	9	153	Gritty	75		65	14
greater-gritty	Greater Gritty	prefix	staf	105	late	81		55	14	153	Gritty	75		65	14
greater-vulpine	Greater Vulpine	prefix	staf	107	early	50	65	5	2	412	Vulpine	9		6	6
greater-vulpine	Greater Vulpine	prefix	staf	107	mid	66	80	5	4	412	Vulpine	9		6	6
greater-vulpine	Greater Vulpine	prefix	staf	107	late	81		5	6	412	Vulpine	9		6	6
greater-platinum	Greater Platinum	prefix	staf	110	early	50	65	34	3	120	Weird	44		40	8
greater-platinum	Greater Platinum	prefix	staf	110	mid	66	80	34	5	120	Weird	44		40	8
greater-platinum	Greater Platinum	prefix	staf	110	late	81		34	8	120	Weird	44		40	8
greater-serpents	Greater Serpent's	prefix	staf	115	early	50	65	31	1	404	Bahamut's	45		37	4
greater-serpents	Greater Serpent's	prefix	staf	115	mid	66	80	31	3	404	Bahamut's	45		37	4
greater-serpents	Greater Serpent's	prefix	staf	115	late	81		31	4	404	Bahamut's	45		37	4
greater-single-resist-charm	Greater Ruby/Sapphire/Amber/Emerald	prefix	staf	117	early	50	65	35	1	353	Cobalt	55		41	4
greater-single-resist-charm	Greater Ruby/Sapphire/Amber/Emerald	prefix	staf	117	mid	66	80	35	3	353	Cobalt	55		41	4
greater-single-resist-charm	Greater Ruby/Sapphire/Amber/Emerald	prefix	staf	117	late	81		35	4	353	Cobalt	55		41	4
greater-single-resist-charm	Greater Ruby/Sapphire/Amber/Emerald	prefix	staf	118	early	50	65	35	1	360	Garnet	55		41	2
greater-single-resist-charm	Greater Ruby/Sapphire/Amber/Emerald	prefix	staf	118	mid	66	80	35	1	360	Garnet	55		41	2
greater-single-resist-charm	Greater Ruby/Sapphire/Amber/Emerald	prefix	staf	118	late	81		35	2	360	Garnet	55		41	2
greater-single-resist-charm	Greater Ruby/Sapphire/Amber/Emerald	prefix	staf	119	early	50	65	35	1	368	Coral	55		41	2
greater-single-resist-charm	Greater Ruby/Sapphire/Amber/Emerald	prefix	staf	119	mid	66	80	35	1	368	Coral	55		41	2
greater-single-resist-charm	Greater Ruby/Sapphire/Amber/Emerald	prefix	staf	119	late	81		35	2	368	Coral	55		41	2
greater-single-resist-charm	Greater Ruby/Sapphire/Amber/Emerald	prefix	staf	120	early	50	65	35	1	376	Jade	55		41	2
greater-single-resist-charm	Greater Ruby/Sapphire/Amber/Emerald	prefix	staf	120	mid	66	80	35	1	376	Jade	55		41	2
greater-single-resist-charm	Greater Ruby/Sapphire/Amber/Emerald	prefix	staf	120	late	81		35	2	376	Jade	55		41	2
greater-aureolin	Greater Aureolin	prefix	staf	121	early	50	65	10	3	410	Victorious	17		12	8
greater-aureolin	Greater Aureolin	prefix	staf	121	mid	66	80	10	5	410	Victorious	17		12	8
greater-aureolin	Greater Aureolin	prefix	staf	121	late	81		10	8	410	Victorious	17		12	8
greater-celestial	Greater Celestial	prefix	staf	123	early	50	65	35	1	104	Celestial	55		41	2
greater-celestial	Greater Celestial	prefix	staf	123	mid	66	80	35	1	104	Celestial	55		41	2
greater-celestial	Greater Celestial	prefix	staf	123	late	81		35	2	104	Celestial	55		41	2
greater-class-skill	Greater class skill	prefix	staf	125	early	50	65	36	1	218	Arch-Angel's	50		42	4
greater-class-skill	Greater class skill	prefix	staf	125	mid	66	80	36	3	218	Arch-Angel's	50		42	4
greater-class-skill	Greater class skill	prefix	staf	125	late	81		36	4	218	Arch-Angel's	50		42	4
greater-skilltab	Greater Skilltab	prefix	staf	125	early	50	65	38	1	250	Volcanic	60		45	2
greater-skilltab	Greater Skilltab	prefix	staf	125	mid	66	80	38	1	250	Volcanic	60		45	2
greater-skilltab	Greater Skilltab	prefix	staf	125	late	81		38	2	250	Volcanic	60		45	2
greater-skilltab	Greater Skilltab	prefix	staf	125	early	50	65	38	1	253	Powered	60		45	2
greater-skilltab	Greater Skilltab	prefix	staf	125	mid	66	80	38	1	253	Powered	60		45	2
greater-skilltab	Greater Skilltab	prefix	staf	125	late	81		38	2	253	Powered	60		45	2
greater-skilltab	Greater Skilltab	prefix	staf	125	early	50	65	38	1	256	Glacial	60		45	2
greater-skilltab	Greater Skilltab	prefix	staf	125	mid	66	80	38	1	256	Glacial	60		45	2
greater-skilltab	Greater Skilltab	prefix	staf	125	late	81		38	2	256	Glacial	60		45	2
greater-avatar	Greater Avatar	prefix	staf	137	early	50	65	51	1	333	Hibernal	70		60	2
greater-avatar	Greater Avatar	prefix	staf	137	mid	66	80	51	1	333	Hibernal	70		60	2
greater-avatar	Greater Avatar	prefix	staf	137	late	81		51	2	333	Hibernal	70		60	2
greater-weapon-elemental-prefix	Greater Scorching/Shocking/Pestilent	prefix	staf	138	early	50	65	57	1	338	Scorching	77		67	2
greater-weapon-elemental-prefix	Greater Scorching/Shocking/Pestilent	prefix	staf	138	mid	66	80	57	1	338	Scorching	77		67	2
greater-weapon-elemental-prefix	Greater Scorching/Shocking/Pestilent	prefix	staf	138	late	81		57	2	338	Scorching	77		67	2
greater-weapon-elemental-prefix	Greater Scorching/Shocking/Pestilent	prefix	staf	139	early	50	65	56	1	343	Shocking	76		66	2
greater-weapon-elemental-prefix	Greater Scorching/Shocking/Pestilent	prefix	staf	139	mid	66	80	56	1	343	Shocking	76		66	2
greater-weapon-elemental-prefix	Greater Scorching/Shocking/Pestilent	prefix	staf	139	late	81		56	2	343	Shocking	76		66	2
greater-weapon-elemental-prefix	Greater Scorching/Shocking/Pestilent	prefix	staf	140	early	50	65	31	1	348	Pestilent	50		37	2
greater-weapon-elemental-prefix	Greater Scorching/Shocking/Pestilent	prefix	staf	140	mid	66	80	31	1	348	Pestilent	50		37	2
greater-weapon-elemental-prefix	Greater Scorching/Shocking/Pestilent	prefix	staf	140	late	81		31	2	348	Pestilent	50		37	2
greater-divine	Greater Divine	prefix	staf	142	early	50	65	31	1	110	Divine	45		37	2
greater-divine	Greater Divine	prefix	staf	142	mid	66	80	31	1	110	Divine	45		37	2
greater-divine	Greater Divine	prefix	staf	142	late	81		31	2	110	Divine	45		37	2
greater-veracious	Greater Veracious	prefix	staf	200	early	50	65	64	1	134	Veracious1	85		75	2
greater-veracious	Greater Veracious	prefix	staf	200	mid	66	80	64	1	134	Veracious1	85		75	2
greater-veracious	Greater Veracious	prefix	staf	200	late	81		64	2	134	Veracious1	85		75	2
greater-elemental-prefix	Greater Elemental	prefix	staf	203	early	50	65	65	1	449	Elemental1	80		77	2
greater-elemental-prefix	Greater Elemental	prefix	staf	203	mid	66	80	65	1	449	Elemental1	80		77	2
greater-elemental-prefix	Greater Elemental	prefix	staf	203	late	81		65	2	449	Elemental1	80		77	2
greater-sage-xp	Greater Sage	prefix	staf	204	early	50	65	39	2	452	Sage's	51		46	6
greater-sage-xp	Greater Sage	prefix	staf	204	mid	66	80	39	4	452	Sage's	51		46	6
greater-sage-xp	Greater Sage	prefix	staf	204	late	81		39	6	452	Sage's	51		46	6
greater-adamantine-wrought	Greater Adamantine-Wrought	prefix	staf	206	early	50	65	55	1	468	Adamantine-Wrought	87		65	4
greater-adamantine-wrought	Greater Adamantine-Wrought	prefix	staf	206	mid	66	80	55	3	468	Adamantine-Wrought	87		65	4
greater-adamantine-wrought	Greater Adamantine-Wrought	prefix	staf	206	late	81		55	4	468	Adamantine-Wrought	87		65	4
greater-elemental-mastery	Greater Elemental Mastery	prefix	staf	209	early	50	65	65	1	506	Pyromaniac's2	77		77	2
greater-elemental-mastery	Greater Elemental Mastery	prefix	staf	209	mid	66	80	65	1	506	Pyromaniac's2	77		77	2
greater-elemental-mastery	Greater Elemental Mastery	prefix	staf	209	late	81		65	2	506	Pyromaniac's2	77		77	2
greater-elemental-mastery	Greater Elemental Mastery	prefix	staf	209	early	50	65	65	1	509	Frost Wyrm's2	77		77	2
greater-elemental-mastery	Greater Elemental Mastery	prefix	staf	209	mid	66	80	65	1	509	Frost Wyrm's2	77		77	2
greater-elemental-mastery	Greater Elemental Mastery	prefix	staf	209	late	81		65	2	509	Frost Wyrm's2	77		77	2
greater-elemental-mastery	Greater Elemental Mastery	prefix	staf	209	early	50	65	65	1	512	Zeus's2	77		77	2
greater-elemental-mastery	Greater Elemental Mastery	prefix	staf	209	mid	66	80	65	1	512	Zeus's2	77		77	2
greater-elemental-mastery	Greater Elemental Mastery	prefix	staf	209	late	81		65	2	512	Zeus's2	77		77	2
greater-elemental-mastery	Greater Elemental Mastery	prefix	staf	209	early	50	65	65	1	515	Manticore's2	77		77	2
greater-elemental-mastery	Greater Elemental Mastery	prefix	staf	209	mid	66	80	65	1	515	Manticore's2	77		77	2
greater-elemental-mastery	Greater Elemental Mastery	prefix	staf	209	late	81		65	2	515	Manticore's2	77		77	2
greater-elemental-pierce	Greater Elemental Pierce	prefix	staf	209	early	50	65	65	1	494	Pyromaniac's2	77		77	2
greater-elemental-pierce	Greater Elemental Pierce	prefix	staf	209	mid	66	80	65	1	494	Pyromaniac's2	77		77	2
greater-elemental-pierce	Greater Elemental Pierce	prefix	staf	209	late	81		65	2	494	Pyromaniac's2	77		77	2
greater-elemental-pierce	Greater Elemental Pierce	prefix	staf	209	early	50	65	65	1	497	Frost Wyrm's2	77		77	2
greater-elemental-pierce	Greater Elemental Pierce	prefix	staf	209	mid	66	80	65	1	497	Frost Wyrm's2	77		77	2
greater-elemental-pierce	Greater Elemental Pierce	prefix	staf	209	late	81		65	2	497	Frost Wyrm's2	77		77	2
greater-elemental-pierce	Greater Elemental Pierce	prefix	staf	209	early	50	65	65	1	500	Zeus's2	77		77	2
greater-elemental-pierce	Greater Elemental Pierce	prefix	staf	209	mid	66	80	65	1	500	Zeus's2	77		77	2
greater-elemental-pierce	Greater Elemental Pierce	prefix	staf	209	late	81		65	2	500	Zeus's2	77		77	2
greater-elemental-pierce	Greater Elemental Pierce	prefix	staf	209	early	50	65	65	1	503	Manticore's2	77		77	2
greater-elemental-pierce	Greater Elemental Pierce	prefix	staf	209	mid	66	80	65	1	503	Manticore's2	77		77	2
greater-elemental-pierce	Greater Elemental Pierce	prefix	staf	209	late	81		65	2	503	Manticore's2	77		77	2
greater-grandmasters	Greater Grandmaster's	prefix	swor	111	early	50	65	75	1	75	Grandmaster's	84		88	4
greater-grandmasters	Greater Grandmaster's	prefix	swor	111	mid	66	80	75	3	75	Grandmaster's	84		88	4
greater-grandmasters	Greater Grandmaster's	prefix	swor	111	late	81		75	4	75	Grandmaster's	84		88	4
greater-grandmasters	Greater Grandmaster's	prefix	swor	111	early	50	65	75	1	76	Grandmaster's	86		88	2
greater-grandmasters	Greater Grandmaster's	prefix	swor	111	mid	66	80	75	1	76	Grandmaster's	86		88	2
greater-grandmasters	Greater Grandmaster's	prefix	swor	111	late	81		75	2	76	Grandmaster's	86		88	2
greater-grandmasters	Greater Grandmaster's	prefix	swor	111	early	50	65	75	1	77	Grandmaster's	86		88	2
greater-grandmasters	Greater Grandmaster's	prefix	swor	111	mid	66	80	75	1	77	Grandmaster's	86		88	2
greater-grandmasters	Greater Grandmaster's	prefix	swor	111	late	81		75	2	77	Grandmaster's	86		88	2
greater-grandmasters	Greater Grandmaster's	prefix	swor	111	early	50	65	75	1	78	Grandmaster's	86		88	2
greater-grandmasters	Greater Grandmaster's	prefix	swor	111	mid	66	80	75	1	78	Grandmaster's	86		88	2
greater-grandmasters	Greater Grandmaster's	prefix	swor	111	late	81		75	2	78	Grandmaster's	86		88	2
greater-grandmasters	Greater Grandmaster's	prefix	swor	111	early	50	65	68	1	98	Wraithly1	86		80	4
greater-grandmasters	Greater Grandmaster's	prefix	swor	111	mid	66	80	68	3	98	Wraithly1	86		80	4
greater-grandmasters	Greater Grandmaster's	prefix	swor	111	late	81		68	4	98	Wraithly1	86		80	4
greater-gritty	Greater Gritty	prefix	swor	105	early	50	65	55	5	153	Gritty	75		65	14
greater-gritty	Greater Gritty	prefix	swor	105	mid	66	80	55	9	153	Gritty	75		65	14
greater-gritty	Greater Gritty	prefix	swor	105	late	81		55	14	153	Gritty	75		65	14
greater-platinum	Greater Platinum	prefix	swor	110	early	50	65	34	3	120	Weird	44		40	8
greater-platinum	Greater Platinum	prefix	swor	110	mid	66	80	34	5	120	Weird	44		40	8
greater-platinum	Greater Platinum	prefix	swor	110	late	81		34	8	120	Weird	44		40	8
greater-serpents	Greater Serpent's	prefix	swor	115	early	50	65	23	1	398	Serpent's	37		27	4
greater-serpents	Greater Serpent's	prefix	swor	115	mid	66	80	23	3	398	Serpent's	37		27	4
greater-serpents	Greater Serpent's	prefix	swor	115	late	81		23	4	398	Serpent's	37		27	4
greater-single-resist-charm	Greater Ruby/Sapphire/Amber/Emerald	prefix	swor	117	early	50	65	35	1	353	Cobalt	55		41	4
greater-single-resist-charm	Greater Ruby/Sapphire/Amber/Emerald	prefix	swor	117	mid	66	80	35	3	353	Cobalt	55		41	4
greater-single-resist-charm	Greater Ruby/Sapphire/Amber/Emerald	prefix	swor	117	late	81		35	4	353	Cobalt	55		41	4
greater-single-resist-charm	Greater Ruby/Sapphire/Amber/Emerald	prefix	swor	118	early	50	65	35	1	360	Garnet	55		41	2
greater-single-resist-charm	Greater Ruby/Sapphire/Amber/Emerald	prefix	swor	118	mid	66	80	35	1	360	Garnet	55		41	2
greater-single-resist-charm	Greater Ruby/Sapphire/Amber/Emerald	prefix	swor	118	late	81		35	2	360	Garnet	55		41	2
greater-single-resist-charm	Greater Ruby/Sapphire/Amber/Emerald	prefix	swor	119	early	50	65	35	1	368	Coral	55		41	2
greater-single-resist-charm	Greater Ruby/Sapphire/Amber/Emerald	prefix	swor	119	mid	66	80	35	1	368	Coral	55		41	2
greater-single-resist-charm	Greater Ruby/Sapphire/Amber/Emerald	prefix	swor	119	late	81		35	2	368	Coral	55		41	2
greater-single-resist-charm	Greater Ruby/Sapphire/Amber/Emerald	prefix	swor	120	early	50	65	35	1	376	Jade	55		41	2
greater-single-resist-charm	Greater Ruby/Sapphire/Amber/Emerald	prefix	swor	120	mid	66	80	35	1	376	Jade	55		41	2
greater-single-resist-charm	Greater Ruby/Sapphire/Amber/Emerald	prefix	swor	120	late	81		35	2	376	Jade	55		41	2
greater-aureolin	Greater Aureolin	prefix	swor	121	early	50	65	10	3	410	Victorious	17		12	8
greater-aureolin	Greater Aureolin	prefix	swor	121	mid	66	80	10	5	410	Victorious	17		12	8
greater-aureolin	Greater Aureolin	prefix	swor	121	late	81		10	8	410	Victorious	17		12	8
greater-celestial	Greater Celestial	prefix	swor	123	early	50	65	35	1	104	Celestial	55		41	2
greater-celestial	Greater Celestial	prefix	swor	123	mid	66	80	35	1	104	Celestial	55		41	2
greater-celestial	Greater Celestial	prefix	swor	123	late	81		35	2	104	Celestial	55		41	2
greater-class-skill	Greater class skill	prefix	swor	125	early	50	65	49	1	206	Priest's	65		58	4
greater-class-skill	Greater class skill	prefix	swor	125	mid	66	80	49	3	206	Priest's	65		58	4
greater-class-skill	Greater class skill	prefix	swor	125	late	81		49	4	206	Priest's	65		58	4
greater-class-skill	Greater class skill	prefix	swor	125	early	50	65	36	1	224	Berserker's	50		42	2
greater-class-skill	Greater class skill	prefix	swor	125	mid	66	80	36	1	224	Berserker's	50		42	2
greater-class-skill	Greater class skill	prefix	swor	125	late	81		36	2	224	Berserker's	50		42	2
greater-skilltab	Greater Skilltab	prefix	swor	125	early	50	65	38	1	268	Rose Branded	60		45	2
greater-skilltab	Greater Skilltab	prefix	swor	125	mid	66	80	38	1	268	Rose Branded	60		45	2
greater-skilltab	Greater Skilltab	prefix	swor	125	late	81		38	2	268	Rose Branded	60		45	2
greater-skilltab	Greater Skilltab	prefix	swor	125	early	50	65	38	1	271	Marshal's	60		45	2
greater-skilltab	Greater Skilltab	prefix	swor	125	mid	66	80	38	1	271	Marshal's	60		45	2
greater-skilltab	Greater Skilltab	prefix	swor	125	late	81		38	2	271	Marshal's	60		45	2
greater-skilltab	Greater Skilltab	prefix	swor	125	early	50	65	38	1	277	Master's	60		45	2
greater-skilltab	Greater Skilltab	prefix	swor	125	mid	66	80	38	1	277	Master's	60		45	2
greater-skilltab	Greater Skilltab	prefix	swor	125	late	81		38	2	277	Master's	60		45	2
greater-skilltab	Greater Skilltab	prefix	swor	125	early	50	65	38	1	280	Furious	60		45	2
greater-skilltab	Greater Skilltab	prefix	swor	125	mid	66	80	38	1	280	Furious	60		45	2
greater-skilltab	Greater Skilltab	prefix	swor	125	late	81		38	2	280	Furious	60		45	2
greater-skilltab	Greater Skilltab	prefix	swor	125	early	50	65	38	1	283	Echoing	60		45	2
greater-skilltab	Greater Skilltab	prefix	swor	125	mid	66	80	38	1	283	Echoing	60		45	2
greater-skilltab	Greater Skilltab	prefix	swor	125	late	81		38	2	283	Echoing	60		45	2
greater-skilltab	Greater Skilltab	prefix	swor	125	early	50	65	38	1	1065	Forbidden	60		45	1
greater-skilltab	Greater Skilltab	prefix	swor	125	mid	66	80	38	1	1065	Forbidden	60		45	1
greater-skilltab	Greater Skilltab	prefix	swor	125	late	81		38	1	1065	Forbidden	60		45	1
greater-avatar	Greater Avatar	prefix	swor	137	early	50	65	51	1	333	Hibernal	70		60	2
greater-avatar	Greater Avatar	prefix	swor	137	mid	66	80	51	1	333	Hibernal	70		60	2
greater-avatar	Greater Avatar	prefix	swor	137	late	81		51	2	333	Hibernal	70		60	2
greater-weapon-elemental-prefix	Greater Scorching/Shocking/Pestilent	prefix	swor	138	early	50	65	57	1	338	Scorching	77		67	2
greater-weapon-elemental-prefix	Greater Scorching/Shocking/Pestilent	prefix	swor	138	mid	66	80	57	1	338	Scorching	77		67	2
greater-weapon-elemental-prefix	Greater Scorching/Shocking/Pestilent	prefix	swor	138	late	81		57	2	338	Scorching	77		67	2
greater-weapon-elemental-prefix	Greater Scorching/Shocking/Pestilent	prefix	swor	139	early	50	65	56	1	343	Shocking	76		66	2
greater-weapon-elemental-prefix	Greater Scorching/Shocking/Pestilent	prefix	swor	139	mid	66	80	56	1	343	Shocking	76		66	2
greater-weapon-elemental-prefix	Greater Scorching/Shocking/Pestilent	prefix	swor	139	late	81		56	2	343	Shocking	76		66	2
greater-weapon-elemental-prefix	Greater Scorching/Shocking/Pestilent	prefix	swor	140	early	50	65	31	1	348	Pestilent	50		37	2
greater-weapon-elemental-prefix	Greater Scorching/Shocking/Pestilent	prefix	swor	140	mid	66	80	31	1	348	Pestilent	50		37	2
greater-weapon-elemental-prefix	Greater Scorching/Shocking/Pestilent	prefix	swor	140	late	81		31	2	348	Pestilent	50		37	2
greater-divine	Greater Divine	prefix	swor	142	early	50	65	31	1	110	Divine	45		37	2
greater-divine	Greater Divine	prefix	swor	142	mid	66	80	31	1	110	Divine	45		37	2
greater-divine	Greater Divine	prefix	swor	142	late	81		31	2	110	Divine	45		37	2
greater-veracious	Greater Veracious	prefix	swor	200	early	50	65	64	1	134	Veracious1	85		75	2
greater-veracious	Greater Veracious	prefix	swor	200	mid	66	80	64	1	134	Veracious1	85		75	2
greater-veracious	Greater Veracious	prefix	swor	200	late	81		64	2	134	Veracious1	85		75	2
greater-elemental-prefix	Greater Elemental	prefix	swor	203	early	50	65	65	1	449	Elemental1	80		77	2
greater-elemental-prefix	Greater Elemental	prefix	swor	203	mid	66	80	65	1	449	Elemental1	80		77	2
greater-elemental-prefix	Greater Elemental	prefix	swor	203	late	81		65	2	449	Elemental1	80		77	2
greater-sage-xp	Greater Sage	prefix	swor	204	early	50	65	39	2	452	Sage's	51		46	6
greater-sage-xp	Greater Sage	prefix	swor	204	mid	66	80	39	4	452	Sage's	51		46	6
greater-sage-xp	Greater Sage	prefix	swor	204	late	81		39	6	452	Sage's	51		46	6
greater-adamantine-wrought	Greater Adamantine-Wrought	prefix	swor	206	early	50	65	55	1	468	Adamantine-Wrought	87		65	4
greater-adamantine-wrought	Greater Adamantine-Wrought	prefix	swor	206	mid	66	80	55	3	468	Adamantine-Wrought	87		65	4
greater-adamantine-wrought	Greater Adamantine-Wrought	prefix	swor	206	late	81		55	4	468	Adamantine-Wrought	87		65	4
greater-grandmasters	Greater Grandmaster's	prefix	taxe	111	early	50	65	75	1	75	Grandmaster's	84		88	4
greater-grandmasters	Greater Grandmaster's	prefix	taxe	111	mid	66	80	75	3	75	Grandmaster's	84		88	4
greater-grandmasters	Greater Grandmaster's	prefix	taxe	111	late	81		75	4	75	Grandmaster's	84		88	4
greater-grandmasters	Greater Grandmaster's	prefix	taxe	111	early	50	65	75	1	76	Grandmaster's	86		88	2
greater-grandmasters	Greater Grandmaster's	prefix	taxe	111	mid	66	80	75	1	76	Grandmaster's	86		88	2
greater-grandmasters	Greater Grandmaster's	prefix	taxe	111	late	81		75	2	76	Grandmaster's	86		88	2
greater-grandmasters	Greater Grandmaster's	prefix	taxe	111	early	50	65	75	1	77	Grandmaster's	86		88	2
greater-grandmasters	Greater Grandmaster's	prefix	taxe	111	mid	66	80	75	1	77	Grandmaster's	86		88	2
greater-grandmasters	Greater Grandmaster's	prefix	taxe	111	late	81		75	2	77	Grandmaster's	86		88	2
greater-grandmasters	Greater Grandmaster's	prefix	taxe	111	early	50	65	75	1	78	Grandmaster's	86		88	2
greater-grandmasters	Greater Grandmaster's	prefix	taxe	111	mid	66	80	75	1	78	Grandmaster's	86		88	2
greater-grandmasters	Greater Grandmaster's	prefix	taxe	111	late	81		75	2	78	Grandmaster's	86		88	2
greater-grandmasters	Greater Grandmaster's	prefix	taxe	111	early	50	65	68	1	98	Wraithly1	86		80	4
greater-grandmasters	Greater Grandmaster's	prefix	taxe	111	mid	66	80	68	3	98	Wraithly1	86		80	4
greater-grandmasters	Greater Grandmaster's	prefix	taxe	111	late	81		68	4	98	Wraithly1	86		80	4
greater-gritty	Greater Gritty	prefix	taxe	105	early	50	65	55	5	153	Gritty	75		65	14
greater-gritty	Greater Gritty	prefix	taxe	105	mid	66	80	55	9	153	Gritty	75		65	14
greater-gritty	Greater Gritty	prefix	taxe	105	late	81		55	14	153	Gritty	75		65	14
greater-platinum	Greater Platinum	prefix	taxe	110	early	50	65	34	3	120	Weird	44		40	8
greater-platinum	Greater Platinum	prefix	taxe	110	mid	66	80	34	5	120	Weird	44		40	8
greater-platinum	Greater Platinum	prefix	taxe	110	late	81		34	8	120	Weird	44		40	8
greater-serpents	Greater Serpent's	prefix	taxe	115	early	50	65	23	1	398	Serpent's	37		27	4
greater-serpents	Greater Serpent's	prefix	taxe	115	mid	66	80	23	3	398	Serpent's	37		27	4
greater-serpents	Greater Serpent's	prefix	taxe	115	late	81		23	4	398	Serpent's	37		27	4
greater-single-resist-charm	Greater Ruby/Sapphire/Amber/Emerald	prefix	taxe	117	early	50	65	35	1	353	Cobalt	55		41	4
greater-single-resist-charm	Greater Ruby/Sapphire/Amber/Emerald	prefix	taxe	117	mid	66	80	35	3	353	Cobalt	55		41	4
greater-single-resist-charm	Greater Ruby/Sapphire/Amber/Emerald	prefix	taxe	117	late	81		35	4	353	Cobalt	55		41	4
greater-single-resist-charm	Greater Ruby/Sapphire/Amber/Emerald	prefix	taxe	118	early	50	65	35	1	360	Garnet	55		41	2
greater-single-resist-charm	Greater Ruby/Sapphire/Amber/Emerald	prefix	taxe	118	mid	66	80	35	1	360	Garnet	55		41	2
greater-single-resist-charm	Greater Ruby/Sapphire/Amber/Emerald	prefix	taxe	118	late	81		35	2	360	Garnet	55		41	2
greater-single-resist-charm	Greater Ruby/Sapphire/Amber/Emerald	prefix	taxe	119	early	50	65	35	1	368	Coral	55		41	2
greater-single-resist-charm	Greater Ruby/Sapphire/Amber/Emerald	prefix	taxe	119	mid	66	80	35	1	368	Coral	55		41	2
greater-single-resist-charm	Greater Ruby/Sapphire/Amber/Emerald	prefix	taxe	119	late	81		35	2	368	Coral	55		41	2
greater-single-resist-charm	Greater Ruby/Sapphire/Amber/Emerald	prefix	taxe	120	early	50	65	35	1	376	Jade	55		41	2
greater-single-resist-charm	Greater Ruby/Sapphire/Amber/Emerald	prefix	taxe	120	mid	66	80	35	1	376	Jade	55		41	2
greater-single-resist-charm	Greater Ruby/Sapphire/Amber/Emerald	prefix	taxe	120	late	81		35	2	376	Jade	55		41	2
greater-aureolin	Greater Aureolin	prefix	taxe	121	early	50	65	10	3	410	Victorious	17		12	8
greater-aureolin	Greater Aureolin	prefix	taxe	121	mid	66	80	10	5	410	Victorious	17		12	8
greater-aureolin	Greater Aureolin	prefix	taxe	121	late	81		10	8	410	Victorious	17		12	8
greater-celestial	Greater Celestial	prefix	taxe	123	early	50	65	35	1	104	Celestial	55		41	2
greater-celestial	Greater Celestial	prefix	taxe	123	mid	66	80	35	1	104	Celestial	55		41	2
greater-celestial	Greater Celestial	prefix	taxe	123	late	81		35	2	104	Celestial	55		41	2
greater-class-skill	Greater class skill	prefix	taxe	125	early	50	65	36	1	224	Berserker's	50		42	2
greater-class-skill	Greater class skill	prefix	taxe	125	mid	66	80	36	1	224	Berserker's	50		42	2
greater-class-skill	Greater class skill	prefix	taxe	125	late	81		36	2	224	Berserker's	50		42	2
greater-skilltab	Greater Skilltab	prefix	taxe	125	early	50	65	38	1	277	Master's	60		45	2
greater-skilltab	Greater Skilltab	prefix	taxe	125	mid	66	80	38	1	277	Master's	60		45	2
greater-skilltab	Greater Skilltab	prefix	taxe	125	late	81		38	2	277	Master's	60		45	2
greater-skilltab	Greater Skilltab	prefix	taxe	125	early	50	65	38	1	280	Furious	60		45	2
greater-skilltab	Greater Skilltab	prefix	taxe	125	mid	66	80	38	1	280	Furious	60		45	2
greater-skilltab	Greater Skilltab	prefix	taxe	125	late	81		38	2	280	Furious	60		45	2
greater-skilltab	Greater Skilltab	prefix	taxe	125	early	50	65	38	1	283	Echoing	60		45	2
greater-skilltab	Greater Skilltab	prefix	taxe	125	mid	66	80	38	1	283	Echoing	60		45	2
greater-skilltab	Greater Skilltab	prefix	taxe	125	late	81		38	2	283	Echoing	60		45	2
greater-avatar	Greater Avatar	prefix	taxe	137	early	50	65	51	1	333	Hibernal	70		60	2
greater-avatar	Greater Avatar	prefix	taxe	137	mid	66	80	51	1	333	Hibernal	70		60	2
greater-avatar	Greater Avatar	prefix	taxe	137	late	81		51	2	333	Hibernal	70		60	2
greater-weapon-elemental-prefix	Greater Scorching/Shocking/Pestilent	prefix	taxe	138	early	50	65	57	1	338	Scorching	77		67	2
greater-weapon-elemental-prefix	Greater Scorching/Shocking/Pestilent	prefix	taxe	138	mid	66	80	57	1	338	Scorching	77		67	2
greater-weapon-elemental-prefix	Greater Scorching/Shocking/Pestilent	prefix	taxe	138	late	81		57	2	338	Scorching	77		67	2
greater-weapon-elemental-prefix	Greater Scorching/Shocking/Pestilent	prefix	taxe	139	early	50	65	56	1	343	Shocking	76		66	2
greater-weapon-elemental-prefix	Greater Scorching/Shocking/Pestilent	prefix	taxe	139	mid	66	80	56	1	343	Shocking	76		66	2
greater-weapon-elemental-prefix	Greater Scorching/Shocking/Pestilent	prefix	taxe	139	late	81		56	2	343	Shocking	76		66	2
greater-weapon-elemental-prefix	Greater Scorching/Shocking/Pestilent	prefix	taxe	140	early	50	65	31	1	348	Pestilent	50		37	2
greater-weapon-elemental-prefix	Greater Scorching/Shocking/Pestilent	prefix	taxe	140	mid	66	80	31	1	348	Pestilent	50		37	2
greater-weapon-elemental-prefix	Greater Scorching/Shocking/Pestilent	prefix	taxe	140	late	81		31	2	348	Pestilent	50		37	2
greater-divine	Greater Divine	prefix	taxe	142	early	50	65	31	1	110	Divine	45		37	2
greater-divine	Greater Divine	prefix	taxe	142	mid	66	80	31	1	110	Divine	45		37	2
greater-divine	Greater Divine	prefix	taxe	142	late	81		31	2	110	Divine	45		37	2
greater-veracious	Greater Veracious	prefix	taxe	200	early	50	65	64	1	134	Veracious1	85		75	2
greater-veracious	Greater Veracious	prefix	taxe	200	mid	66	80	64	1	134	Veracious1	85		75	2
greater-veracious	Greater Veracious	prefix	taxe	200	late	81		64	2	134	Veracious1	85		75	2
greater-elemental-prefix	Greater Elemental	prefix	taxe	203	early	50	65	65	1	449	Elemental1	80		77	2
greater-elemental-prefix	Greater Elemental	prefix	taxe	203	mid	66	80	65	1	449	Elemental1	80		77	2
greater-elemental-prefix	Greater Elemental	prefix	taxe	203	late	81		65	2	449	Elemental1	80		77	2
greater-sage-xp	Greater Sage	prefix	taxe	204	early	50	65	39	2	452	Sage's	51		46	6
greater-sage-xp	Greater Sage	prefix	taxe	204	mid	66	80	39	4	452	Sage's	51		46	6
greater-sage-xp	Greater Sage	prefix	taxe	204	late	81		39	6	452	Sage's	51		46	6
greater-adamantine-wrought	Greater Adamantine-Wrought	prefix	taxe	206	early	50	65	55	1	468	Adamantine-Wrought	87		65	4
greater-adamantine-wrought	Greater Adamantine-Wrought	prefix	taxe	206	mid	66	80	55	3	468	Adamantine-Wrought	87		65	4
greater-adamantine-wrought	Greater Adamantine-Wrought	prefix	taxe	206	late	81		55	4	468	Adamantine-Wrought	87		65	4
greater-grandmasters	Greater Grandmaster's	prefix	thro	111	early	50	65	75	1	75	Grandmaster's	84		88	4
greater-grandmasters	Greater Grandmaster's	prefix	thro	111	mid	66	80	75	3	75	Grandmaster's	84		88	4
greater-grandmasters	Greater Grandmaster's	prefix	thro	111	late	81		75	4	75	Grandmaster's	84		88	4
greater-grandmasters	Greater Grandmaster's	prefix	thro	111	early	50	65	75	1	76	Grandmaster's	86		88	2
greater-grandmasters	Greater Grandmaster's	prefix	thro	111	mid	66	80	75	1	76	Grandmaster's	86		88	2
greater-grandmasters	Greater Grandmaster's	prefix	thro	111	late	81		75	2	76	Grandmaster's	86		88	2
greater-grandmasters	Greater Grandmaster's	prefix	thro	111	early	50	65	75	1	77	Grandmaster's	86		88	2
greater-grandmasters	Greater Grandmaster's	prefix	thro	111	mid	66	80	75	1	77	Grandmaster's	86		88	2
greater-grandmasters	Greater Grandmaster's	prefix	thro	111	late	81		75	2	77	Grandmaster's	86		88	2
greater-grandmasters	Greater Grandmaster's	prefix	thro	111	early	50	65	75	1	78	Grandmaster's	86		88	2
greater-grandmasters	Greater Grandmaster's	prefix	thro	111	mid	66	80	75	1	78	Grandmaster's	86		88	2
greater-grandmasters	Greater Grandmaster's	prefix	thro	111	late	81		75	2	78	Grandmaster's	86		88	2
greater-grandmasters	Greater Grandmaster's	prefix	thro	111	early	50	65	68	1	98	Wraithly1	86		80	4
greater-grandmasters	Greater Grandmaster's	prefix	thro	111	mid	66	80	68	3	98	Wraithly1	86		80	4
greater-grandmasters	Greater Grandmaster's	prefix	thro	111	late	81		68	4	98	Wraithly1	86		80	4
greater-gritty	Greater Gritty	prefix	thro	105	early	50	65	55	5	153	Gritty	75		65	14
greater-gritty	Greater Gritty	prefix	thro	105	mid	66	80	55	9	153	Gritty	75		65	14
greater-gritty	Greater Gritty	prefix	thro	105	late	81		55	14	153	Gritty	75		65	14
greater-platinum	Greater Platinum	prefix	thro	110	early	50	65	34	3	120	Weird	44		40	8
greater-platinum	Greater Platinum	prefix	thro	110	mid	66	80	34	5	120	Weird	44		40	8
greater-platinum	Greater Platinum	prefix	thro	110	late	81		34	8	120	Weird	44		40	8
greater-serpents	Greater Serpent's	prefix	thro	115	early	50	65	23	1	398	Serpent's	37		27	4
greater-serpents	Greater Serpent's	prefix	thro	115	mid	66	80	23	3	398	Serpent's	37		27	4
greater-serpents	Greater Serpent's	prefix	thro	115	late	81		23	4	398	Serpent's	37		27	4
greater-single-resist-charm	Greater Ruby/Sapphire/Amber/Emerald	prefix	thro	117	early	50	65	35	1	353	Cobalt	55		41	4
greater-single-resist-charm	Greater Ruby/Sapphire/Amber/Emerald	prefix	thro	117	mid	66	80	35	3	353	Cobalt	55		41	4
greater-single-resist-charm	Greater Ruby/Sapphire/Amber/Emerald	prefix	thro	117	late	81		35	4	353	Cobalt	55		41	4
greater-single-resist-charm	Greater Ruby/Sapphire/Amber/Emerald	prefix	thro	118	early	50	65	35	1	360	Garnet	55		41	2
greater-single-resist-charm	Greater Ruby/Sapphire/Amber/Emerald	prefix	thro	118	mid	66	80	35	1	360	Garnet	55		41	2
greater-single-resist-charm	Greater Ruby/Sapphire/Amber/Emerald	prefix	thro	118	late	81		35	2	360	Garnet	55		41	2
greater-single-resist-charm	Greater Ruby/Sapphire/Amber/Emerald	prefix	thro	119	early	50	65	35	1	368	Coral	55		41	2
greater-single-resist-charm	Greater Ruby/Sapphire/Amber/Emerald	prefix	thro	119	mid	66	80	35	1	368	Coral	55		41	2
greater-single-resist-charm	Greater Ruby/Sapphire/Amber/Emerald	prefix	thro	119	late	81		35	2	368	Coral	55		41	2
greater-single-resist-charm	Greater Ruby/Sapphire/Amber/Emerald	prefix	thro	120	early	50	65	35	1	376	Jade	55		41	2
greater-single-resist-charm	Greater Ruby/Sapphire/Amber/Emerald	prefix	thro	120	mid	66	80	35	1	376	Jade	55		41	2
greater-single-resist-charm	Greater Ruby/Sapphire/Amber/Emerald	prefix	thro	120	late	81		35	2	376	Jade	55		41	2
greater-aureolin	Greater Aureolin	prefix	thro	121	early	50	65	10	3	410	Victorious	17		12	8
greater-aureolin	Greater Aureolin	prefix	thro	121	mid	66	80	10	5	410	Victorious	17		12	8
greater-aureolin	Greater Aureolin	prefix	thro	121	late	81		10	8	410	Victorious	17		12	8
greater-celestial	Greater Celestial	prefix	thro	123	early	50	65	35	1	104	Celestial	55		41	2
greater-celestial	Greater Celestial	prefix	thro	123	mid	66	80	35	1	104	Celestial	55		41	2
greater-celestial	Greater Celestial	prefix	thro	123	late	81		35	2	104	Celestial	55		41	2
greater-skilltab	Greater Skilltab	prefix	thro	125	early	50	65	38	1	277	Master's	60		45	2
greater-skilltab	Greater Skilltab	prefix	thro	125	mid	66	80	38	1	277	Master's	60		45	2
greater-skilltab	Greater Skilltab	prefix	thro	125	late	81		38	2	277	Master's	60		45	2
greater-skilltab	Greater Skilltab	prefix	thro	125	early	50	65	38	1	280	Furious	60		45	2
greater-skilltab	Greater Skilltab	prefix	thro	125	mid	66	80	38	1	280	Furious	60		45	2
greater-skilltab	Greater Skilltab	prefix	thro	125	late	81		38	2	280	Furious	60		45	2
greater-skilltab	Greater Skilltab	prefix	thro	125	early	50	65	38	1	283	Echoing	60		45	2
greater-skilltab	Greater Skilltab	prefix	thro	125	mid	66	80	38	1	283	Echoing	60		45	2
greater-skilltab	Greater Skilltab	prefix	thro	125	late	81		38	2	283	Echoing	60		45	2
greater-avatar	Greater Avatar	prefix	thro	137	early	50	65	51	1	333	Hibernal	70		60	2
greater-avatar	Greater Avatar	prefix	thro	137	mid	66	80	51	1	333	Hibernal	70		60	2
greater-avatar	Greater Avatar	prefix	thro	137	late	81		51	2	333	Hibernal	70		60	2
greater-weapon-elemental-prefix	Greater Scorching/Shocking/Pestilent	prefix	thro	138	early	50	65	57	1	338	Scorching	77		67	2
greater-weapon-elemental-prefix	Greater Scorching/Shocking/Pestilent	prefix	thro	138	mid	66	80	57	1	338	Scorching	77		67	2
greater-weapon-elemental-prefix	Greater Scorching/Shocking/Pestilent	prefix	thro	138	late	81		57	2	338	Scorching	77		67	2
greater-weapon-elemental-prefix	Greater Scorching/Shocking/Pestilent	prefix	thro	139	early	50	65	56	1	343	Shocking	76		66	2
greater-weapon-elemental-prefix	Greater Scorching/Shocking/Pestilent	prefix	thro	139	mid	66	80	56	1	343	Shocking	76		66	2
greater-weapon-elemental-prefix	Greater Scorching/Shocking/Pestilent	prefix	thro	139	late	81		56	2	343	Shocking	76		66	2
greater-weapon-elemental-prefix	Greater Scorching/Shocking/Pestilent	prefix	thro	140	early	50	65	31	1	348	Pestilent	50		37	2
greater-weapon-elemental-prefix	Greater Scorching/Shocking/Pestilent	prefix	thro	140	mid	66	80	31	1	348	Pestilent	50		37	2
greater-weapon-elemental-prefix	Greater Scorching/Shocking/Pestilent	prefix	thro	140	late	81		31	2	348	Pestilent	50		37	2
greater-divine	Greater Divine	prefix	thro	142	early	50	65	31	1	110	Divine	45		37	2
greater-divine	Greater Divine	prefix	thro	142	mid	66	80	31	1	110	Divine	45		37	2
greater-divine	Greater Divine	prefix	thro	142	late	81		31	2	110	Divine	45		37	2
greater-veracious	Greater Veracious	prefix	thro	200	early	50	65	64	1	134	Veracious1	85		75	2
greater-veracious	Greater Veracious	prefix	thro	200	mid	66	80	64	1	134	Veracious1	85		75	2
greater-veracious	Greater Veracious	prefix	thro	200	late	81		64	2	134	Veracious1	85		75	2
greater-elemental-prefix	Greater Elemental	prefix	thro	203	early	50	65	65	1	449	Elemental1	80		77	2
greater-elemental-prefix	Greater Elemental	prefix	thro	203	mid	66	80	65	1	449	Elemental1	80		77	2
greater-elemental-prefix	Greater Elemental	prefix	thro	203	late	81		65	2	449	Elemental1	80		77	2
greater-sage-xp	Greater Sage	prefix	thro	204	early	50	65	39	2	452	Sage's	51		46	6
greater-sage-xp	Greater Sage	prefix	thro	204	mid	66	80	39	4	452	Sage's	51		46	6
greater-sage-xp	Greater Sage	prefix	thro	204	late	81		39	6	452	Sage's	51		46	6
greater-adamantine-wrought	Greater Adamantine-Wrought	prefix	thro	206	early	50	65	55	1	468	Adamantine-Wrought	87		65	4
greater-adamantine-wrought	Greater Adamantine-Wrought	prefix	thro	206	mid	66	80	55	3	468	Adamantine-Wrought	87		65	4
greater-adamantine-wrought	Greater Adamantine-Wrought	prefix	thro	206	late	81		55	4	468	Adamantine-Wrought	87		65	4
greater-grandmasters	Greater Grandmaster's	prefix	tkni	111	early	50	65	75	1	75	Grandmaster's	84		88	4
greater-grandmasters	Greater Grandmaster's	prefix	tkni	111	mid	66	80	75	3	75	Grandmaster's	84		88	4
greater-grandmasters	Greater Grandmaster's	prefix	tkni	111	late	81		75	4	75	Grandmaster's	84		88	4
greater-grandmasters	Greater Grandmaster's	prefix	tkni	111	early	50	65	75	1	76	Grandmaster's	86		88	2
greater-grandmasters	Greater Grandmaster's	prefix	tkni	111	mid	66	80	75	1	76	Grandmaster's	86		88	2
greater-grandmasters	Greater Grandmaster's	prefix	tkni	111	late	81		75	2	76	Grandmaster's	86		88	2
greater-grandmasters	Greater Grandmaster's	prefix	tkni	111	early	50	65	75	1	77	Grandmaster's	86		88	2
greater-grandmasters	Greater Grandmaster's	prefix	tkni	111	mid	66	80	75	1	77	Grandmaster's	86		88	2
greater-grandmasters	Greater Grandmaster's	prefix	tkni	111	late	81		75	2	77	Grandmaster's	86		88	2
greater-grandmasters	Greater Grandmaster's	prefix	tkni	111	early	50	65	75	1	78	Grandmaster's	86		88	2
greater-grandmasters	Greater Grandmaster's	prefix	tkni	111	mid	66	80	75	1	78	Grandmaster's	86		88	2
greater-grandmasters	Greater Grandmaster's	prefix	tkni	111	late	81		75	2	78	Grandmaster's	86		88	2
greater-grandmasters	Greater Grandmaster's	prefix	tkni	111	early	50	65	68	1	98	Wraithly1	86		80	4
greater-grandmasters	Greater Grandmaster's	prefix	tkni	111	mid	66	80	68	3	98	Wraithly1	86		80	4
greater-grandmasters	Greater Grandmaster's	prefix	tkni	111	late	81		68	4	98	Wraithly1	86		80	4
greater-gritty	Greater Gritty	prefix	tkni	105	early	50	65	55	5	153	Gritty	75		65	14
greater-gritty	Greater Gritty	prefix	tkni	105	mid	66	80	55	9	153	Gritty	75		65	14
greater-gritty	Greater Gritty	prefix	tkni	105	late	81		55	14	153	Gritty	75		65	14
greater-platinum	Greater Platinum	prefix	tkni	110	early	50	65	34	3	120	Weird	44		40	8
greater-platinum	Greater Platinum	prefix	tkni	110	mid	66	80	34	5	120	Weird	44		40	8
greater-platinum	Greater Platinum	prefix	tkni	110	late	81		34	8	120	Weird	44		40	8
greater-serpents	Greater Serpent's	prefix	tkni	115	early	50	65	23	1	398	Serpent's	37		27	4
greater-serpents	Greater Serpent's	prefix	tkni	115	mid	66	80	23	3	398	Serpent's	37		27	4
greater-serpents	Greater Serpent's	prefix	tkni	115	late	81		23	4	398	Serpent's	37		27	4
greater-single-resist-charm	Greater Ruby/Sapphire/Amber/Emerald	prefix	tkni	117	early	50	65	35	1	353	Cobalt	55		41	4
greater-single-resist-charm	Greater Ruby/Sapphire/Amber/Emerald	prefix	tkni	117	mid	66	80	35	3	353	Cobalt	55		41	4
greater-single-resist-charm	Greater Ruby/Sapphire/Amber/Emerald	prefix	tkni	117	late	81		35	4	353	Cobalt	55		41	4
greater-single-resist-charm	Greater Ruby/Sapphire/Amber/Emerald	prefix	tkni	118	early	50	65	35	1	360	Garnet	55		41	2
greater-single-resist-charm	Greater Ruby/Sapphire/Amber/Emerald	prefix	tkni	118	mid	66	80	35	1	360	Garnet	55		41	2
greater-single-resist-charm	Greater Ruby/Sapphire/Amber/Emerald	prefix	tkni	118	late	81		35	2	360	Garnet	55		41	2
greater-single-resist-charm	Greater Ruby/Sapphire/Amber/Emerald	prefix	tkni	119	early	50	65	35	1	368	Coral	55		41	2
greater-single-resist-charm	Greater Ruby/Sapphire/Amber/Emerald	prefix	tkni	119	mid	66	80	35	1	368	Coral	55		41	2
greater-single-resist-charm	Greater Ruby/Sapphire/Amber/Emerald	prefix	tkni	119	late	81		35	2	368	Coral	55		41	2
greater-single-resist-charm	Greater Ruby/Sapphire/Amber/Emerald	prefix	tkni	120	early	50	65	35	1	376	Jade	55		41	2
greater-single-resist-charm	Greater Ruby/Sapphire/Amber/Emerald	prefix	tkni	120	mid	66	80	35	1	376	Jade	55		41	2
greater-single-resist-charm	Greater Ruby/Sapphire/Amber/Emerald	prefix	tkni	120	late	81		35	2	376	Jade	55		41	2
greater-aureolin	Greater Aureolin	prefix	tkni	121	early	50	65	10	3	410	Victorious	17		12	8
greater-aureolin	Greater Aureolin	prefix	tkni	121	mid	66	80	10	5	410	Victorious	17		12	8
greater-aureolin	Greater Aureolin	prefix	tkni	121	late	81		10	8	410	Victorious	17		12	8
greater-celestial	Greater Celestial	prefix	tkni	123	early	50	65	35	1	104	Celestial	55		41	2
greater-celestial	Greater Celestial	prefix	tkni	123	mid	66	80	35	1	104	Celestial	55		41	2
greater-celestial	Greater Celestial	prefix	tkni	123	late	81		35	2	104	Celestial	55		41	2
greater-class-skill	Greater class skill	prefix	tkni	125	early	50	65	36	1	212	Necromancer's	50		42	4
greater-class-skill	Greater class skill	prefix	tkni	125	mid	66	80	36	3	212	Necromancer's	50		42	4
greater-class-skill	Greater class skill	prefix	tkni	125	late	81		36	4	212	Necromancer's	50		42	4
greater-class-skill	Greater class skill	prefix	tkni	125	early	50	65	36	1	224	Berserker's	50		42	2
greater-class-skill	Greater class skill	prefix	tkni	125	mid	66	80	36	1	224	Berserker's	50		42	2
greater-class-skill	Greater class skill	prefix	tkni	125	late	81		36	2	224	Berserker's	50		42	2
greater-class-skill	Greater class skill	prefix	tkni	125	early	50	65	36	1	1072	Arch-Devil's	50		42	2
greater-class-skill	Greater class skill	prefix	tkni	125	mid	66	80	36	1	1072	Arch-Devil's	50		42	2
greater-class-skill	Greater class skill	prefix	tkni	125	late	81		36	2	1072	Arch-Devil's	50		42	2
greater-skilltab	Greater Skilltab	prefix	tkni	125	early	50	65	38	1	277	Master's	60		45	2
greater-skilltab	Greater Skilltab	prefix	tkni	125	mid	66	80	38	1	277	Master's	60		45	2
greater-skilltab	Greater Skilltab	prefix	tkni	125	late	81		38	2	277	Master's	60		45	2
greater-skilltab	Greater Skilltab	prefix	tkni	125	early	50	65	38	1	280	Furious	60		45	2
greater-skilltab	Greater Skilltab	prefix	tkni	125	mid	66	80	38	1	280	Furious	60		45	2
greater-skilltab	Greater Skilltab	prefix	tkni	125	late	81		38	2	280	Furious	60		45	2
greater-skilltab	Greater Skilltab	prefix	tkni	125	early	50	65	38	1	283	Echoing	60		45	2
greater-skilltab	Greater Skilltab	prefix	tkni	125	mid	66	80	38	1	283	Echoing	60		45	2
greater-skilltab	Greater Skilltab	prefix	tkni	125	late	81		38	2	283	Echoing	60		45	2
greater-skilltab	Greater Skilltab	prefix	tkni	125	early	50	65	38	1	1062	Torrid	60		45	1
greater-skilltab	Greater Skilltab	prefix	tkni	125	mid	66	80	38	1	1062	Torrid	60		45	1
greater-skilltab	Greater Skilltab	prefix	tkni	125	late	81		38	1	1062	Torrid	60		45	1
greater-skilltab	Greater Skilltab	prefix	tkni	125	early	50	65	38	1	1068	Malevolent	60		45	1
greater-skilltab	Greater Skilltab	prefix	tkni	125	mid	66	80	38	1	1068	Malevolent	60		45	1
greater-skilltab	Greater Skilltab	prefix	tkni	125	late	81		38	1	1068	Malevolent	60		45	1
greater-avatar	Greater Avatar	prefix	tkni	137	early	50	65	51	1	333	Hibernal	70		60	2
greater-avatar	Greater Avatar	prefix	tkni	137	mid	66	80	51	1	333	Hibernal	70		60	2
greater-avatar	Greater Avatar	prefix	tkni	137	late	81		51	2	333	Hibernal	70		60	2
greater-weapon-elemental-prefix	Greater Scorching/Shocking/Pestilent	prefix	tkni	138	early	50	65	57	1	338	Scorching	77		67	2
greater-weapon-elemental-prefix	Greater Scorching/Shocking/Pestilent	prefix	tkni	138	mid	66	80	57	1	338	Scorching	77		67	2
greater-weapon-elemental-prefix	Greater Scorching/Shocking/Pestilent	prefix	tkni	138	late	81		57	2	338	Scorching	77		67	2
greater-weapon-elemental-prefix	Greater Scorching/Shocking/Pestilent	prefix	tkni	139	early	50	65	56	1	343	Shocking	76		66	2
greater-weapon-elemental-prefix	Greater Scorching/Shocking/Pestilent	prefix	tkni	139	mid	66	80	56	1	343	Shocking	76		66	2
greater-weapon-elemental-prefix	Greater Scorching/Shocking/Pestilent	prefix	tkni	139	late	81		56	2	343	Shocking	76		66	2
greater-weapon-elemental-prefix	Greater Scorching/Shocking/Pestilent	prefix	tkni	140	early	50	65	31	1	348	Pestilent	50		37	2
greater-weapon-elemental-prefix	Greater Scorching/Shocking/Pestilent	prefix	tkni	140	mid	66	80	31	1	348	Pestilent	50		37	2
greater-weapon-elemental-prefix	Greater Scorching/Shocking/Pestilent	prefix	tkni	140	late	81		31	2	348	Pestilent	50		37	2
greater-divine	Greater Divine	prefix	tkni	142	early	50	65	31	1	110	Divine	45		37	2
greater-divine	Greater Divine	prefix	tkni	142	mid	66	80	31	1	110	Divine	45		37	2
greater-divine	Greater Divine	prefix	tkni	142	late	81		31	2	110	Divine	45		37	2
greater-veracious	Greater Veracious	prefix	tkni	200	early	50	65	64	1	134	Veracious1	85		75	2
greater-veracious	Greater Veracious	prefix	tkni	200	mid	66	80	64	1	134	Veracious1	85		75	2
greater-veracious	Greater Veracious	prefix	tkni	200	late	81		64	2	134	Veracious1	85		75	2
greater-elemental-prefix	Greater Elemental	prefix	tkni	203	early	50	65	65	1	449	Elemental1	80		77	2
greater-elemental-prefix	Greater Elemental	prefix	tkni	203	mid	66	80	65	1	449	Elemental1	80		77	2
greater-elemental-prefix	Greater Elemental	prefix	tkni	203	late	81		65	2	449	Elemental1	80		77	2
greater-sage-xp	Greater Sage	prefix	tkni	204	early	50	65	39	2	452	Sage's	51		46	6
greater-sage-xp	Greater Sage	prefix	tkni	204	mid	66	80	39	4	452	Sage's	51		46	6
greater-sage-xp	Greater Sage	prefix	tkni	204	late	81		39	6	452	Sage's	51		46	6
greater-adamantine-wrought	Greater Adamantine-Wrought	prefix	tkni	206	early	50	65	55	1	468	Adamantine-Wrought	87		65	4
greater-adamantine-wrought	Greater Adamantine-Wrought	prefix	tkni	206	mid	66	80	55	3	468	Adamantine-Wrought	87		65	4
greater-adamantine-wrought	Greater Adamantine-Wrought	prefix	tkni	206	late	81		55	4	468	Adamantine-Wrought	87		65	4
greater-godly	Greater Godly	prefix	tors	101	early	50	65	64	37	176	Godly	86		75	110
greater-godly	Greater Godly	prefix	tors	101	mid	66	80	64	73	176	Godly	86		75	110
greater-godly	Greater Godly	prefix	tors	101	late	81		64	110	176	Godly	86		75	110
greater-godly	Greater Godly	prefix	tors	101	early	50	65	64	1	182	Wraithly1	86		75	4
greater-godly	Greater Godly	prefix	tors	101	mid	66	80	64	3	182	Wraithly1	86		75	4
greater-godly	Greater Godly	prefix	tors	101	late	81		64	4	182	Wraithly1	86		75	4
greater-godly	Greater Godly	prefix	tors	101	early	50	65	71	1	189	Invulnerable1	86		83	4
greater-godly	Greater Godly	prefix	tors	101	mid	66	80	71	3	189	Invulnerable1	86		83	4
greater-godly	Greater Godly	prefix	tors	101	late	81		71	4	189	Invulnerable1	86		83	4
greater-antimagic-prefix	Greater Antimagic	prefix	tors	102	early	50	65	68	3	433	Antimagic	86		80	8
greater-antimagic-prefix	Greater Antimagic	prefix	tors	102	mid	66	80	68	5	433	Antimagic	86		80	8
greater-antimagic-prefix	Greater Antimagic	prefix	tors	102	late	81		68	8	433	Antimagic	86		80	8
greater-serpents	Greater Serpent's	prefix	tors	115	early	50	65	33	1	401	Dragon's	52		39	4
greater-serpents	Greater Serpent's	prefix	tors	115	mid	66	80	33	3	401	Dragon's	52		39	4
greater-serpents	Greater Serpent's	prefix	tors	115	late	81		33	4	401	Dragon's	52		39	4
greater-single-resist-charm	Greater Ruby/Sapphire/Amber/Emerald	prefix	tors	117	early	50	65	11	2	352	Cobalt	18		13	6
greater-single-resist-charm	Greater Ruby/Sapphire/Amber/Emerald	prefix	tors	117	mid	66	80	11	4	352	Cobalt	18		13	6
greater-single-resist-charm	Greater Ruby/Sapphire/Amber/Emerald	prefix	tors	117	late	81		11	6	352	Cobalt	18		13	6
greater-single-resist-charm	Greater Ruby/Sapphire/Amber/Emerald	prefix	tors	118	early	50	65	11	2	359	Garnet	18		13	6
greater-single-resist-charm	Greater Ruby/Sapphire/Amber/Emerald	prefix	tors	118	mid	66	80	11	4	359	Garnet	18		13	6
greater-single-resist-charm	Greater Ruby/Sapphire/Amber/Emerald	prefix	tors	118	late	81		11	6	359	Garnet	18		13	6
greater-single-resist-charm	Greater Ruby/Sapphire/Amber/Emerald	prefix	tors	119	early	50	65	11	2	367	Coral	18		13	6
greater-single-resist-charm	Greater Ruby/Sapphire/Amber/Emerald	prefix	tors	119	mid	66	80	11	4	367	Coral	18		13	6
greater-single-resist-charm	Greater Ruby/Sapphire/Amber/Emerald	prefix	tors	119	late	81		11	6	367	Coral	18		13	6
greater-single-resist-charm	Greater Ruby/Sapphire/Amber/Emerald	prefix	tors	120	early	50	65	11	2	375	Jade	18		13	6
greater-single-resist-charm	Greater Ruby/Sapphire/Amber/Emerald	prefix	tors	120	mid	66	80	11	4	375	Jade	18		13	6
greater-single-resist-charm	Greater Ruby/Sapphire/Amber/Emerald	prefix	tors	120	late	81		11	6	375	Jade	18		13	6
greater-omniscient	Greater Omniscient	prefix	tors	125	early	50	65	68	1	192	Omniscient	86		80	2
greater-omniscient	Greater Omniscient	prefix	tors	125	mid	66	80	68	1	192	Omniscient	86		80	2
greater-omniscient	Greater Omniscient	prefix	tors	125	late	81		68	2	192	Omniscient	86		80	2
greater-class-skill	Greater class skill	prefix	tors	125	early	50	65	64	1	195	Valkyrie's	86		75	2
greater-class-skill	Greater class skill	prefix	tors	125	mid	66	80	64	1	195	Valkyrie's	86		75	2
greater-class-skill	Greater class skill	prefix	tors	125	late	81		64	2	195	Valkyrie's	86		75	2
greater-class-skill	Greater class skill	prefix	tors	125	early	50	65	64	1	201	Priest's	86		75	2
greater-class-skill	Greater class skill	prefix	tors	125	mid	66	80	64	1	201	Priest's	86		75	2
greater-class-skill	Greater class skill	prefix	tors	125	late	81		64	2	201	Priest's	86		75	2
greater-class-skill	Greater class skill	prefix	tors	125	early	50	65	64	1	209	Necromancer's	86		75	2
greater-class-skill	Greater class skill	prefix	tors	125	mid	66	80	64	1	209	Necromancer's	86		75	2
greater-class-skill	Greater class skill	prefix	tors	125	late	81		64	2	209	Necromancer's	86		75	2
greater-class-skill	Greater class skill	prefix	tors	125	early	50	65	64	1	215	Arch-Angel's	86		75	2
greater-class-skill	Greater class skill	prefix	tors	125	mid	66	80	64	1	215	Arch-Angel's	86		75	2
greater-class-skill	Greater class skill	prefix	tors	125	late	81		64	2	215	Arch-Angel's	86		75	2
greater-class-skill	Greater class skill	prefix	tors	125	early	50	65	64	1	221	Berserker's	86		75	2
greater-class-skill	Greater class skill	prefix	tors	125	mid	66	80	64	1	221	Berserker's	86		75	2
greater-class-skill	Greater class skill	prefix	tors	125	late	81		64	2	221	Berserker's	86		75	2
greater-class-skill	Greater class skill	prefix	tors	125	early	50	65	64	1	229	Hierophant's	86		75	2
greater-class-skill	Greater class skill	prefix	tors	125	mid	66	80	64	1	229	Hierophant's	86		75	2
greater-class-skill	Greater class skill	prefix	tors	125	late	81		64	2	229	Hierophant's	86		75	2
greater-class-skill	Greater class skill	prefix	tors	125	early	50	65	64	1	235	Witch-hunter's	86		75	2
greater-class-skill	Greater class skill	prefix	tors	125	mid	66	80	64	1	235	Witch-hunter's	86		75	2
greater-class-skill	Greater class skill	prefix	tors	125	late	81		64	2	235	Witch-hunter's	86		75	2
greater-sage-xp	Greater Sage	prefix	tors	204	early	50	65	39	2	452	Sage's	51		46	6
greater-sage-xp	Greater Sage	prefix	tors	204	mid	66	80	39	4	452	Sage's	51		46	6
greater-sage-xp	Greater Sage	prefix	tors	204	late	81		39	6	452	Sage's	51		46	6
greater-adamantine-wrought	Greater Adamantine-Wrought	prefix	tors	206	early	50	65	55	1	476	Adamantine-Wrought	87		65	4
greater-adamantine-wrought	Greater Adamantine-Wrought	prefix	tors	206	mid	66	80	55	3	476	Adamantine-Wrought	87		65	4
greater-adamantine-wrought	Greater Adamantine-Wrought	prefix	tors	206	late	81		55	4	476	Adamantine-Wrought	87		65	4
greater-aureole	Greater Aureole	prefix	tors	207	early	50	65	41	1	491	Aureole	62		48	2
greater-aureole	Greater Aureole	prefix	tors	207	mid	66	80	41	1	491	Aureole	62		48	2
greater-aureole	Greater Aureole	prefix	tors	207	late	81		41	2	491	Aureole	62		48	2
greater-grandmasters	Greater Grandmaster's	prefix	tpot	111	early	50	65	75	1	75	Grandmaster's	84		88	4
greater-grandmasters	Greater Grandmaster's	prefix	tpot	111	mid	66	80	75	3	75	Grandmaster's	84		88	4
greater-grandmasters	Greater Grandmaster's	prefix	tpot	111	late	81		75	4	75	Grandmaster's	84		88	4
greater-grandmasters	Greater Grandmaster's	prefix	tpot	111	early	50	65	75	1	76	Grandmaster's	86		88	2
greater-grandmasters	Greater Grandmaster's	prefix	tpot	111	mid	66	80	75	1	76	Grandmaster's	86		88	2
greater-grandmasters	Greater Grandmaster's	prefix	tpot	111	late	81		75	2	76	Grandmaster's	86		88	2
greater-grandmasters	Greater Grandmaster's	prefix	tpot	111	early	50	65	75	1	77	Grandmaster's	86		88	2
greater-grandmasters	Greater Grandmaster's	prefix	tpot	111	mid	66	80	75	1	77	Grandmaster's	86		88	2
greater-grandmasters	Greater Grandmaster's	prefix	tpot	111	late	81		75	2	77	Grandmaster's	86		88	2
greater-grandmasters	Greater Grandmaster's	prefix	tpot	111	early	50	65	75	1	78	Grandmaster's	86		88	2
greater-grandmasters	Greater Grandmaster's	prefix	tpot	111	mid	66	80	75	1	78	Grandmaster's	86		88	2
greater-grandmasters	Greater Grandmaster's	prefix	tpot	111	late	81		75	2	78	Grandmaster's	86		88	2
greater-grandmasters	Greater Grandmaster's	prefix	tpot	111	early	50	65	68	1	98	Wraithly1	86		80	4
greater-grandmasters	Greater Grandmaster's	prefix	tpot	111	mid	66	80	68	3	98	Wraithly1	86		80	4
greater-grandmasters	Greater Grandmaster's	prefix	tpot	111	late	81		68	4	98	Wraithly1	86		80	4
greater-gritty	Greater Gritty	prefix	tpot	105	early	50	65	55	5	153	Gritty	75		65	14
greater-gritty	Greater Gritty	prefix	tpot	105	mid	66	80	55	9	153	Gritty	75		65	14
greater-gritty	Greater Gritty	prefix	tpot	105	late	81		55	14	153	Gritty	75		65	14
greater-platinum	Greater Platinum	prefix	tpot	110	early	50	65	34	3	120	Weird	44		40	8
greater-platinum	Greater Platinum	prefix	tpot	110	mid	66	80	34	5	120	Weird	44		40	8
greater-platinum	Greater Platinum	prefix	tpot	110	late	81		34	8	120	Weird	44		40	8
greater-serpents	Greater Serpent's	prefix	tpot	115	early	50	65	23	1	398	Serpent's	37		27	4
greater-serpents	Greater Serpent's	prefix	tpot	115	mid	66	80	23	3	398	Serpent's	37		27	4
greater-serpents	Greater Serpent's	prefix	tpot	115	late	81		23	4	398	Serpent's	37		27	4
greater-single-resist-charm	Greater Ruby/Sapphire/Amber/Emerald	prefix	tpot	117	early	50	65	35	1	353	Cobalt	55		41	4
greater-single-resist-charm	Greater Ruby/Sapphire/Amber/Emerald	prefix	tpot	117	mid	66	80	35	3	353	Cobalt	55		41	4
greater-single-resist-charm	Greater Ruby/Sapphire/Amber/Emerald	prefix	tpot	117	late	81		35	4	353	Cobalt	55		41	4
greater-single-resist-charm	Greater Ruby/Sapphire/Amber/Emerald	prefix	tpot	118	early	50	65	35	1	360	Garnet	55		41	2
greater-single-resist-charm	Greater Ruby/Sapphire/Amber/Emerald	prefix	tpot	118	mid	66	80	35	1	360	Garnet	55		41	2
greater-single-resist-charm	Greater Ruby/Sapphire/Amber/Emerald	prefix	tpot	118	late	81		35	2	360	Garnet	55		41	2
greater-single-resist-charm	Greater Ruby/Sapphire/Amber/Emerald	prefix	tpot	119	early	50	65	35	1	368	Coral	55		41	2
greater-single-resist-charm	Greater Ruby/Sapphire/Amber/Emerald	prefix	tpot	119	mid	66	80	35	1	368	Coral	55		41	2
greater-single-resist-charm	Greater Ruby/Sapphire/Amber/Emerald	prefix	tpot	119	late	81		35	2	368	Coral	55		41	2
greater-single-resist-charm	Greater Ruby/Sapphire/Amber/Emerald	prefix	tpot	120	early	50	65	35	1	376	Jade	55		41	2
greater-single-resist-charm	Greater Ruby/Sapphire/Amber/Emerald	prefix	tpot	120	mid	66	80	35	1	376	Jade	55		41	2
greater-single-resist-charm	Greater Ruby/Sapphire/Amber/Emerald	prefix	tpot	120	late	81		35	2	376	Jade	55		41	2
greater-aureolin	Greater Aureolin	prefix	tpot	121	early	50	65	10	3	410	Victorious	17		12	8
greater-aureolin	Greater Aureolin	prefix	tpot	121	mid	66	80	10	5	410	Victorious	17		12	8
greater-aureolin	Greater Aureolin	prefix	tpot	121	late	81		10	8	410	Victorious	17		12	8
greater-celestial	Greater Celestial	prefix	tpot	123	early	50	65	35	1	104	Celestial	55		41	2
greater-celestial	Greater Celestial	prefix	tpot	123	mid	66	80	35	1	104	Celestial	55		41	2
greater-celestial	Greater Celestial	prefix	tpot	123	late	81		35	2	104	Celestial	55		41	2
greater-skilltab	Greater Skilltab	prefix	tpot	125	early	50	65	38	1	277	Master's	60		45	2
greater-skilltab	Greater Skilltab	prefix	tpot	125	mid	66	80	38	1	277	Master's	60		45	2
greater-skilltab	Greater Skilltab	prefix	tpot	125	late	81		38	2	277	Master's	60		45	2
greater-skilltab	Greater Skilltab	prefix	tpot	125	early	50	65	38	1	280	Furious	60		45	2
greater-skilltab	Greater Skilltab	prefix	tpot	125	mid	66	80	38	1	280	Furious	60		45	2
greater-skilltab	Greater Skilltab	prefix	tpot	125	late	81		38	2	280	Furious	60		45	2
greater-skilltab	Greater Skilltab	prefix	tpot	125	early	50	65	38	1	283	Echoing	60		45	2
greater-skilltab	Greater Skilltab	prefix	tpot	125	mid	66	80	38	1	283	Echoing	60		45	2
greater-skilltab	Greater Skilltab	prefix	tpot	125	late	81		38	2	283	Echoing	60		45	2
greater-avatar	Greater Avatar	prefix	tpot	137	early	50	65	51	1	333	Hibernal	70		60	2
greater-avatar	Greater Avatar	prefix	tpot	137	mid	66	80	51	1	333	Hibernal	70		60	2
greater-avatar	Greater Avatar	prefix	tpot	137	late	81		51	2	333	Hibernal	70		60	2
greater-weapon-elemental-prefix	Greater Scorching/Shocking/Pestilent	prefix	tpot	138	early	50	65	57	1	338	Scorching	77		67	2
greater-weapon-elemental-prefix	Greater Scorching/Shocking/Pestilent	prefix	tpot	138	mid	66	80	57	1	338	Scorching	77		67	2
greater-weapon-elemental-prefix	Greater Scorching/Shocking/Pestilent	prefix	tpot	138	late	81		57	2	338	Scorching	77		67	2
greater-weapon-elemental-prefix	Greater Scorching/Shocking/Pestilent	prefix	tpot	139	early	50	65	56	1	343	Shocking	76		66	2
greater-weapon-elemental-prefix	Greater Scorching/Shocking/Pestilent	prefix	tpot	139	mid	66	80	56	1	343	Shocking	76		66	2
greater-weapon-elemental-prefix	Greater Scorching/Shocking/Pestilent	prefix	tpot	139	late	81		56	2	343	Shocking	76		66	2
greater-weapon-elemental-prefix	Greater Scorching/Shocking/Pestilent	prefix	tpot	140	early	50	65	31	1	348	Pestilent	50		37	2
greater-weapon-elemental-prefix	Greater Scorching/Shocking/Pestilent	prefix	tpot	140	mid	66	80	31	1	348	Pestilent	50		37	2
greater-weapon-elemental-prefix	Greater Scorching/Shocking/Pestilent	prefix	tpot	140	late	81		31	2	348	Pestilent	50		37	2
greater-divine	Greater Divine	prefix	tpot	142	early	50	65	31	1	110	Divine	45		37	2
greater-divine	Greater Divine	prefix	tpot	142	mid	66	80	31	1	110	Divine	45		37	2
greater-divine	Greater Divine	prefix	tpot	142	late	81		31	2	110	Divine	45		37	2
greater-veracious	Greater Veracious	prefix	tpot	200	early	50	65	64	1	134	Veracious1	85		75	2
greater-veracious	Greater Veracious	prefix	tpot	200	mid	66	80	64	1	134	Veracious1	85		75	2
greater-veracious	Greater Veracious	prefix	tpot	200	late	81		64	2	134	Veracious1	85		75	2
greater-elemental-prefix	Greater Elemental	prefix	tpot	203	early	50	65	65	1	449	Elemental1	80		77	2
greater-elemental-prefix	Greater Elemental	prefix	tpot	203	mid	66	80	65	1	449	Elemental1	80		77	2
greater-elemental-prefix	Greater Elemental	prefix	tpot	203	late	81		65	2	449	Elemental1	80		77	2
greater-sage-xp	Greater Sage	prefix	tpot	204	early	50	65	39	2	452	Sage's	51		46	6
greater-sage-xp	Greater Sage	prefix	tpot	204	mid	66	80	39	4	452	Sage's	51		46	6
greater-sage-xp	Greater Sage	prefix	tpot	204	late	81		39	6	452	Sage's	51		46	6
greater-adamantine-wrought	Greater Adamantine-Wrought	prefix	tpot	206	early	50	65	55	1	468	Adamantine-Wrought	87		65	4
greater-adamantine-wrought	Greater Adamantine-Wrought	prefix	tpot	206	mid	66	80	55	3	468	Adamantine-Wrought	87		65	4
greater-adamantine-wrought	Greater Adamantine-Wrought	prefix	tpot	206	late	81		55	4	468	Adamantine-Wrought	87		65	4
greater-antimagic-prefix	Greater Antimagic	prefix	wand	102	early	50	65	68	3	433	Antimagic	86		80	8
greater-antimagic-prefix	Greater Antimagic	prefix	wand	102	mid	66	80	68	5	433	Antimagic	86		80	8
greater-antimagic-prefix	Greater Antimagic	prefix	wand	102	late	81		68	8	433	Antimagic	86		80	8
greater-serpents	Greater Serpent's	prefix	wand	115	early	50	65	31	1	404	Bahamut's	45		37	4
greater-serpents	Greater Serpent's	prefix	wand	115	mid	66	80	31	3	404	Bahamut's	45		37	4
greater-serpents	Greater Serpent's	prefix	wand	115	late	81		31	4	404	Bahamut's	45		37	4
greater-single-resist-charm	Greater Ruby/Sapphire/Amber/Emerald	prefix	wand	117	early	50	65	35	1	353	Cobalt	55		41	4
greater-single-resist-charm	Greater Ruby/Sapphire/Amber/Emerald	prefix	wand	117	mid	66	80	35	3	353	Cobalt	55		41	4
greater-single-resist-charm	Greater Ruby/Sapphire/Amber/Emerald	prefix	wand	117	late	81		35	4	353	Cobalt	55		41	4
greater-single-resist-charm	Greater Ruby/Sapphire/Amber/Emerald	prefix	wand	118	early	50	65	35	1	360	Garnet	55		41	2
greater-single-resist-charm	Greater Ruby/Sapphire/Amber/Emerald	prefix	wand	118	mid	66	80	35	1	360	Garnet	55		41	2
greater-single-resist-charm	Greater Ruby/Sapphire/Amber/Emerald	prefix	wand	118	late	81		35	2	360	Garnet	55		41	2
greater-single-resist-charm	Greater Ruby/Sapphire/Amber/Emerald	prefix	wand	119	early	50	65	35	1	368	Coral	55		41	2
greater-single-resist-charm	Greater Ruby/Sapphire/Amber/Emerald	prefix	wand	119	mid	66	80	35	1	368	Coral	55		41	2
greater-single-resist-charm	Greater Ruby/Sapphire/Amber/Emerald	prefix	wand	119	late	81		35	2	368	Coral	55		41	2
greater-single-resist-charm	Greater Ruby/Sapphire/Amber/Emerald	prefix	wand	120	early	50	65	35	1	376	Jade	55		41	2
greater-single-resist-charm	Greater Ruby/Sapphire/Amber/Emerald	prefix	wand	120	mid	66	80	35	1	376	Jade	55		41	2
greater-single-resist-charm	Greater Ruby/Sapphire/Amber/Emerald	prefix	wand	120	late	81		35	2	376	Jade	55		41	2
greater-aureolin	Greater Aureolin	prefix	wand	121	early	50	65	10	3	410	Victorious	17		12	8
greater-aureolin	Greater Aureolin	prefix	wand	121	mid	66	80	10	5	410	Victorious	17		12	8
greater-aureolin	Greater Aureolin	prefix	wand	121	late	81		10	8	410	Victorious	17		12	8
greater-class-skill	Greater class skill	prefix	wand	125	early	50	65	36	1	212	Necromancer's	50		42	4
greater-class-skill	Greater class skill	prefix	wand	125	mid	66	80	36	3	212	Necromancer's	50		42	4
greater-class-skill	Greater class skill	prefix	wand	125	late	81		36	4	212	Necromancer's	50		42	4
greater-skilltab	Greater Skilltab	prefix	wand	125	early	50	65	38	1	259	Accursed	60		45	2
greater-skilltab	Greater Skilltab	prefix	wand	125	mid	66	80	38	1	259	Accursed	60		45	2
greater-skilltab	Greater Skilltab	prefix	wand	125	late	81		38	2	259	Accursed	60		45	2
greater-skilltab	Greater Skilltab	prefix	wand	125	early	50	65	38	1	262	Venomous	60		45	2
greater-skilltab	Greater Skilltab	prefix	wand	125	mid	66	80	38	1	262	Venomous	60		45	2
greater-skilltab	Greater Skilltab	prefix	wand	125	late	81		38	2	262	Venomous	60		45	2
greater-skilltab	Greater Skilltab	prefix	wand	125	early	50	65	38	1	265	Golemlord's	60		45	2
greater-skilltab	Greater Skilltab	prefix	wand	125	mid	66	80	38	1	265	Golemlord's	60		45	2
greater-skilltab	Greater Skilltab	prefix	wand	125	late	81		38	2	265	Golemlord's	60		45	2
greater-avatar	Greater Avatar	prefix	wand	137	early	50	65	51	1	333	Hibernal	70		60	2
greater-avatar	Greater Avatar	prefix	wand	137	mid	66	80	51	1	333	Hibernal	70		60	2
greater-avatar	Greater Avatar	prefix	wand	137	late	81		51	2	333	Hibernal	70		60	2
greater-weapon-elemental-prefix	Greater Scorching/Shocking/Pestilent	prefix	wand	138	early	50	65	57	1	338	Scorching	77		67	2
greater-weapon-elemental-prefix	Greater Scorching/Shocking/Pestilent	prefix	wand	138	mid	66	80	57	1	338	Scorching	77		67	2
greater-weapon-elemental-prefix	Greater Scorching/Shocking/Pestilent	prefix	wand	138	late	81		57	2	338	Scorching	77		67	2
greater-weapon-elemental-prefix	Greater Scorching/Shocking/Pestilent	prefix	wand	139	early	50	65	56	1	343	Shocking	76		66	2
greater-weapon-elemental-prefix	Greater Scorching/Shocking/Pestilent	prefix	wand	139	mid	66	80	56	1	343	Shocking	76		66	2
greater-weapon-elemental-prefix	Greater Scorching/Shocking/Pestilent	prefix	wand	139	late	81		56	2	343	Shocking	76		66	2
greater-weapon-elemental-prefix	Greater Scorching/Shocking/Pestilent	prefix	wand	140	early	50	65	31	1	348	Pestilent	50		37	2
greater-weapon-elemental-prefix	Greater Scorching/Shocking/Pestilent	prefix	wand	140	mid	66	80	31	1	348	Pestilent	50		37	2
greater-weapon-elemental-prefix	Greater Scorching/Shocking/Pestilent	prefix	wand	140	late	81		31	2	348	Pestilent	50		37	2
greater-veracious	Greater Veracious	prefix	wand	200	early	50	65	64	1	134	Veracious1	85		75	2
greater-veracious	Greater Veracious	prefix	wand	200	mid	66	80	64	1	134	Veracious1	85		75	2
greater-veracious	Greater Veracious	prefix	wand	200	late	81		64	2	134	Veracious1	85		75	2
greater-elemental-prefix	Greater Elemental	prefix	wand	203	early	50	65	65	1	449	Elemental1	80		77	2
greater-elemental-prefix	Greater Elemental	prefix	wand	203	mid	66	80	65	1	449	Elemental1	80		77	2
greater-elemental-prefix	Greater Elemental	prefix	wand	203	late	81		65	2	449	Elemental1	80		77	2
greater-sage-xp	Greater Sage	prefix	wand	204	early	50	65	39	2	452	Sage's	51		46	6
greater-sage-xp	Greater Sage	prefix	wand	204	mid	66	80	39	4	452	Sage's	51		46	6
greater-sage-xp	Greater Sage	prefix	wand	204	late	81		39	6	452	Sage's	51		46	6
greater-elemental-mastery	Greater Elemental Mastery	prefix	wand	209	early	50	65	65	1	506	Pyromaniac's2	77		77	2
greater-elemental-mastery	Greater Elemental Mastery	prefix	wand	209	mid	66	80	65	1	506	Pyromaniac's2	77		77	2
greater-elemental-mastery	Greater Elemental Mastery	prefix	wand	209	late	81		65	2	506	Pyromaniac's2	77		77	2
greater-elemental-mastery	Greater Elemental Mastery	prefix	wand	209	early	50	65	65	1	509	Frost Wyrm's2	77		77	2
greater-elemental-mastery	Greater Elemental Mastery	prefix	wand	209	mid	66	80	65	1	509	Frost Wyrm's2	77		77	2
greater-elemental-mastery	Greater Elemental Mastery	prefix	wand	209	late	81		65	2	509	Frost Wyrm's2	77		77	2
greater-elemental-mastery	Greater Elemental Mastery	prefix	wand	209	early	50	65	65	1	512	Zeus's2	77		77	2
greater-elemental-mastery	Greater Elemental Mastery	prefix	wand	209	mid	66	80	65	1	512	Zeus's2	77		77	2
greater-elemental-mastery	Greater Elemental Mastery	prefix	wand	209	late	81		65	2	512	Zeus's2	77		77	2
greater-elemental-mastery	Greater Elemental Mastery	prefix	wand	209	early	50	65	65	1	515	Manticore's2	77		77	2
greater-elemental-mastery	Greater Elemental Mastery	prefix	wand	209	mid	66	80	65	1	515	Manticore's2	77		77	2
greater-elemental-mastery	Greater Elemental Mastery	prefix	wand	209	late	81		65	2	515	Manticore's2	77		77	2
greater-elemental-pierce	Greater Elemental Pierce	prefix	wand	209	early	50	65	65	1	494	Pyromaniac's2	77		77	2
greater-elemental-pierce	Greater Elemental Pierce	prefix	wand	209	mid	66	80	65	1	494	Pyromaniac's2	77		77	2
greater-elemental-pierce	Greater Elemental Pierce	prefix	wand	209	late	81		65	2	494	Pyromaniac's2	77		77	2
greater-elemental-pierce	Greater Elemental Pierce	prefix	wand	209	early	50	65	65	1	497	Frost Wyrm's2	77		77	2
greater-elemental-pierce	Greater Elemental Pierce	prefix	wand	209	mid	66	80	65	1	497	Frost Wyrm's2	77		77	2
greater-elemental-pierce	Greater Elemental Pierce	prefix	wand	209	late	81		65	2	497	Frost Wyrm's2	77		77	2
greater-elemental-pierce	Greater Elemental Pierce	prefix	wand	209	early	50	65	65	1	500	Zeus's2	77		77	2
greater-elemental-pierce	Greater Elemental Pierce	prefix	wand	209	mid	66	80	65	1	500	Zeus's2	77		77	2
greater-elemental-pierce	Greater Elemental Pierce	prefix	wand	209	late	81		65	2	500	Zeus's2	77		77	2
greater-elemental-pierce	Greater Elemental Pierce	prefix	wand	209	early	50	65	65	1	503	Manticore's2	77		77	2
greater-elemental-pierce	Greater Elemental Pierce	prefix	wand	209	mid	66	80	65	1	503	Manticore's2	77		77	2
greater-elemental-pierce	Greater Elemental Pierce	prefix	wand	209	late	81		65	2	503	Manticore's2	77		77	2
greater-grandmasters	Greater Grandmaster's	prefix	weap	111	early	50	65	75	1	75	Grandmaster's	84		88	4
greater-grandmasters	Greater Grandmaster's	prefix	weap	111	mid	66	80	75	3	75	Grandmaster's	84		88	4
greater-grandmasters	Greater Grandmaster's	prefix	weap	111	late	81		75	4	75	Grandmaster's	84		88	4
greater-grandmasters	Greater Grandmaster's	prefix	weap	111	early	50	65	75	1	76	Grandmaster's	86		88	2
greater-grandmasters	Greater Grandmaster's	prefix	weap	111	mid	66	80	75	1	76	Grandmaster's	86		88	2
greater-grandmasters	Greater Grandmaster's	prefix	weap	111	late	81		75	2	76	Grandmaster's	86		88	2
greater-grandmasters	Greater Grandmaster's	prefix	weap	111	early	50	65	75	1	77	Grandmaster's	86		88	2
greater-grandmasters	Greater Grandmaster's	prefix	weap	111	mid	66	80	75	1	77	Grandmaster's	86		88	2
greater-grandmasters	Greater Grandmaster's	prefix	weap	111	late	81		75	2	77	Grandmaster's	86		88	2
greater-grandmasters	Greater Grandmaster's	prefix	weap	111	early	50	65	75	1	78	Grandmaster's	86		88	2
greater-grandmasters	Greater Grandmaster's	prefix	weap	111	mid	66	80	75	1	78	Grandmaster's	86		88	2
greater-grandmasters	Greater Grandmaster's	prefix	weap	111	late	81		75	2	78	Grandmaster's	86		88	2
greater-grandmasters	Greater Grandmaster's	prefix	weap	111	early	50	65	68	1	98	Wraithly1	86		80	4
greater-grandmasters	Greater Grandmaster's	prefix	weap	111	mid	66	80	68	3	98	Wraithly1	86		80	4
greater-grandmasters	Greater Grandmaster's	prefix	weap	111	late	81		68	4	98	Wraithly1	86		80	4
greater-gritty	Greater Gritty	prefix	weap	105	early	50	65	55	5	153	Gritty	75		65	14
greater-gritty	Greater Gritty	prefix	weap	105	mid	66	80	55	9	153	Gritty	75		65	14
greater-gritty	Greater Gritty	prefix	weap	105	late	81		55	14	153	Gritty	75		65	14
greater-platinum	Greater Platinum	prefix	weap	110	early	50	65	34	3	120	Weird	44		40	8
greater-platinum	Greater Platinum	prefix	weap	110	mid	66	80	34	5	120	Weird	44		40	8
greater-platinum	Greater Platinum	prefix	weap	110	late	81		34	8	120	Weird	44		40	8
greater-serpents	Greater Serpent's	prefix	weap	115	early	50	65	23	1	398	Serpent's	37		27	4
greater-serpents	Greater Serpent's	prefix	weap	115	mid	66	80	23	3	398	Serpent's	37		27	4
greater-serpents	Greater Serpent's	prefix	weap	115	late	81		23	4	398	Serpent's	37		27	4
greater-single-resist-charm	Greater Ruby/Sapphire/Amber/Emerald	prefix	weap	117	early	50	65	35	1	353	Cobalt	55		41	4
greater-single-resist-charm	Greater Ruby/Sapphire/Amber/Emerald	prefix	weap	117	mid	66	80	35	3	353	Cobalt	55		41	4
greater-single-resist-charm	Greater Ruby/Sapphire/Amber/Emerald	prefix	weap	117	late	81		35	4	353	Cobalt	55		41	4
greater-single-resist-charm	Greater Ruby/Sapphire/Amber/Emerald	prefix	weap	118	early	50	65	35	1	360	Garnet	55		41	2
greater-single-resist-charm	Greater Ruby/Sapphire/Amber/Emerald	prefix	weap	118	mid	66	80	35	1	360	Garnet	55		41	2
greater-single-resist-charm	Greater Ruby/Sapphire/Amber/Emerald	prefix	weap	118	late	81		35	2	360	Garnet	55		41	2
greater-single-resist-charm	Greater Ruby/Sapphire/Amber/Emerald	prefix	weap	119	early	50	65	35	1	368	Coral	55		41	2
greater-single-resist-charm	Greater Ruby/Sapphire/Amber/Emerald	prefix	weap	119	mid	66	80	35	1	368	Coral	55		41	2
greater-single-resist-charm	Greater Ruby/Sapphire/Amber/Emerald	prefix	weap	119	late	81		35	2	368	Coral	55		41	2
greater-single-resist-charm	Greater Ruby/Sapphire/Amber/Emerald	prefix	weap	120	early	50	65	35	1	376	Jade	55		41	2
greater-single-resist-charm	Greater Ruby/Sapphire/Amber/Emerald	prefix	weap	120	mid	66	80	35	1	376	Jade	55		41	2
greater-single-resist-charm	Greater Ruby/Sapphire/Amber/Emerald	prefix	weap	120	late	81		35	2	376	Jade	55		41	2
greater-aureolin	Greater Aureolin	prefix	weap	121	early	50	65	10	3	410	Victorious	17		12	8
greater-aureolin	Greater Aureolin	prefix	weap	121	mid	66	80	10	5	410	Victorious	17		12	8
greater-aureolin	Greater Aureolin	prefix	weap	121	late	81		10	8	410	Victorious	17		12	8
greater-celestial	Greater Celestial	prefix	weap	123	early	50	65	35	1	104	Celestial	55		41	2
greater-celestial	Greater Celestial	prefix	weap	123	mid	66	80	35	1	104	Celestial	55		41	2
greater-celestial	Greater Celestial	prefix	weap	123	late	81		35	2	104	Celestial	55		41	2
greater-skilltab	Greater Skilltab	prefix	weap	125	early	50	65	38	1	277	Master's	60		45	2
greater-skilltab	Greater Skilltab	prefix	weap	125	mid	66	80	38	1	277	Master's	60		45	2
greater-skilltab	Greater Skilltab	prefix	weap	125	late	81		38	2	277	Master's	60		45	2
greater-skilltab	Greater Skilltab	prefix	weap	125	early	50	65	38	1	280	Furious	60		45	2
greater-skilltab	Greater Skilltab	prefix	weap	125	mid	66	80	38	1	280	Furious	60		45	2
greater-skilltab	Greater Skilltab	prefix	weap	125	late	81		38	2	280	Furious	60		45	2
greater-skilltab	Greater Skilltab	prefix	weap	125	early	50	65	38	1	283	Echoing	60		45	2
greater-skilltab	Greater Skilltab	prefix	weap	125	mid	66	80	38	1	283	Echoing	60		45	2
greater-skilltab	Greater Skilltab	prefix	weap	125	late	81		38	2	283	Echoing	60		45	2
greater-avatar	Greater Avatar	prefix	weap	137	early	50	65	51	1	333	Hibernal	70		60	2
greater-avatar	Greater Avatar	prefix	weap	137	mid	66	80	51	1	333	Hibernal	70		60	2
greater-avatar	Greater Avatar	prefix	weap	137	late	81		51	2	333	Hibernal	70		60	2
greater-weapon-elemental-prefix	Greater Scorching/Shocking/Pestilent	prefix	weap	138	early	50	65	57	1	338	Scorching	77		67	2
greater-weapon-elemental-prefix	Greater Scorching/Shocking/Pestilent	prefix	weap	138	mid	66	80	57	1	338	Scorching	77		67	2
greater-weapon-elemental-prefix	Greater Scorching/Shocking/Pestilent	prefix	weap	138	late	81		57	2	338	Scorching	77		67	2
greater-weapon-elemental-prefix	Greater Scorching/Shocking/Pestilent	prefix	weap	139	early	50	65	56	1	343	Shocking	76		66	2
greater-weapon-elemental-prefix	Greater Scorching/Shocking/Pestilent	prefix	weap	139	mid	66	80	56	1	343	Shocking	76		66	2
greater-weapon-elemental-prefix	Greater Scorching/Shocking/Pestilent	prefix	weap	139	late	81		56	2	343	Shocking	76		66	2
greater-weapon-elemental-prefix	Greater Scorching/Shocking/Pestilent	prefix	weap	140	early	50	65	31	1	348	Pestilent	50		37	2
greater-weapon-elemental-prefix	Greater Scorching/Shocking/Pestilent	prefix	weap	140	mid	66	80	31	1	348	Pestilent	50		37	2
greater-weapon-elemental-prefix	Greater Scorching/Shocking/Pestilent	prefix	weap	140	late	81		31	2	348	Pestilent	50		37	2
greater-divine	Greater Divine	prefix	weap	142	early	50	65	31	1	110	Divine	45		37	2
greater-divine	Greater Divine	prefix	weap	142	mid	66	80	31	1	110	Divine	45		37	2
greater-divine	Greater Divine	prefix	weap	142	late	81		31	2	110	Divine	45		37	2
greater-veracious	Greater Veracious	prefix	weap	200	early	50	65	64	1	134	Veracious1	85		75	2
greater-veracious	Greater Veracious	prefix	weap	200	mid	66	80	64	1	134	Veracious1	85		75	2
greater-veracious	Greater Veracious	prefix	weap	200	late	81		64	2	134	Veracious1	85		75	2
greater-elemental-prefix	Greater Elemental	prefix	weap	203	early	50	65	65	1	449	Elemental1	80		77	2
greater-elemental-prefix	Greater Elemental	prefix	weap	203	mid	66	80	65	1	449	Elemental1	80		77	2
greater-elemental-prefix	Greater Elemental	prefix	weap	203	late	81		65	2	449	Elemental1	80		77	2
greater-sage-xp	Greater Sage	prefix	weap	204	early	50	65	39	2	452	Sage's	51		46	6
greater-sage-xp	Greater Sage	prefix	weap	204	mid	66	80	39	4	452	Sage's	51		46	6
greater-sage-xp	Greater Sage	prefix	weap	204	late	81		39	6	452	Sage's	51		46	6
greater-adamantine-wrought	Greater Adamantine-Wrought	prefix	weap	206	early	50	65	55	1	468	Adamantine-Wrought	87		65	4
greater-adamantine-wrought	Greater Adamantine-Wrought	prefix	weap	206	mid	66	80	55	3	468	Adamantine-Wrought	87		65	4
greater-adamantine-wrought	Greater Adamantine-Wrought	prefix	weap	206	late	81		55	4	468	Adamantine-Wrought	87		65	4
greater-missile-prefix	Greater missile prefixes	prefix	xboq	220	early	50	65	43	1	1091	Sturdy	80		50	3
greater-missile-prefix	Greater missile prefixes	prefix	xboq	220	mid	66	80	43	2	1091	Sturdy	80		50	3
greater-missile-prefix	Greater missile prefixes	prefix	xboq	220	late	81		43	3	1091	Sturdy	80		50	3
greater-missile-prefix	Greater missile prefixes	prefix	xboq	220	early	50	65	43	1	1094	Lizard's	80		50	3
greater-missile-prefix	Greater missile prefixes	prefix	xboq	220	mid	66	80	43	2	1094	Lizard's	80		50	3
greater-missile-prefix	Greater missile prefixes	prefix	xboq	220	late	81		43	3	1094	Lizard's	80		50	3
greater-missile-prefix	Greater missile prefixes	prefix	xboq	221	early	50	65	43	1	1097	Sharp	80		50	3
greater-missile-prefix	Greater missile prefixes	prefix	xboq	221	mid	66	80	43	2	1097	Sharp	80		50	3
greater-missile-prefix	Greater missile prefixes	prefix	xboq	221	late	81		43	3	1097	Sharp	80		50	3
greater-missile-prefix	Greater missile prefixes	prefix	xboq	222	early	50	65	51	1	1100	Jagged	80		60	3
greater-missile-prefix	Greater missile prefixes	prefix	xboq	222	mid	66	80	51	2	1100	Jagged	80		60	3
greater-missile-prefix	Greater missile prefixes	prefix	xboq	222	late	81		51	3	1100	Jagged	80		60	3
greater-missile-prefix	Greater missile prefixes	prefix	xboq	222	early	50	65	51	1	1103	Jagged	80		60	3
greater-missile-prefix	Greater missile prefixes	prefix	xboq	222	mid	66	80	51	2	1103	Jagged	80		60	3
greater-missile-prefix	Greater missile prefixes	prefix	xboq	222	late	81		51	3	1103	Jagged	80		60	3
greater-missile-prefix	Greater missile prefixes	prefix	xboq	223	early	50	65	51	1	1106	Flaming	80		60	3
greater-missile-prefix	Greater missile prefixes	prefix	xboq	223	mid	66	80	51	2	1106	Flaming	80		60	3
greater-missile-prefix	Greater missile prefixes	prefix	xboq	223	late	81		51	3	1106	Flaming	80		60	3
greater-missile-prefix	Greater missile prefixes	prefix	xboq	224	early	50	65	51	1	1109	Shivering	80		60	3
greater-missile-prefix	Greater missile prefixes	prefix	xboq	224	mid	66	80	51	2	1109	Shivering	80		60	3
greater-missile-prefix	Greater missile prefixes	prefix	xboq	224	late	81		51	3	1109	Shivering	80		60	3
greater-missile-prefix	Greater missile prefixes	prefix	xboq	225	early	50	65	51	1	1112	Static	80		60	3
greater-missile-prefix	Greater missile prefixes	prefix	xboq	225	mid	66	80	51	2	1112	Static	80		60	3
greater-missile-prefix	Greater missile prefixes	prefix	xboq	225	late	81		51	3	1112	Static	80		60	3
greater-missile-prefix	Greater missile prefixes	prefix	xboq	226	early	50	65	51	1	1115	Corosive	80		60	3
greater-missile-prefix	Greater missile prefixes	prefix	xboq	226	mid	66	80	51	2	1115	Corosive	80		60	3
greater-missile-prefix	Greater missile prefixes	prefix	xboq	226	late	81		51	3	1115	Corosive	80		60	3
greater-missile-prefix	Greater missile prefixes	prefix	xboq	227	early	50	65	51	1	1118	Apprentice	80		60	3
greater-missile-prefix	Greater missile prefixes	prefix	xboq	227	mid	66	80	51	2	1118	Apprentice	80		60	3
greater-missile-prefix	Greater missile prefixes	prefix	xboq	227	late	81		51	3	1118	Apprentice	80		60	3
greater-grandmasters	Greater Grandmaster's	prefix	xbow	111	early	50	65	75	1	75	Grandmaster's	84		88	4
greater-grandmasters	Greater Grandmaster's	prefix	xbow	111	mid	66	80	75	3	75	Grandmaster's	84		88	4
greater-grandmasters	Greater Grandmaster's	prefix	xbow	111	late	81		75	4	75	Grandmaster's	84		88	4
greater-grandmasters	Greater Grandmaster's	prefix	xbow	111	early	50	65	75	1	76	Grandmaster's	86		88	2
greater-grandmasters	Greater Grandmaster's	prefix	xbow	111	mid	66	80	75	1	76	Grandmaster's	86		88	2
greater-grandmasters	Greater Grandmaster's	prefix	xbow	111	late	81		75	2	76	Grandmaster's	86		88	2
greater-grandmasters	Greater Grandmaster's	prefix	xbow	111	early	50	65	75	1	77	Grandmaster's	86		88	2
greater-grandmasters	Greater Grandmaster's	prefix	xbow	111	mid	66	80	75	1	77	Grandmaster's	86		88	2
greater-grandmasters	Greater Grandmaster's	prefix	xbow	111	late	81		75	2	77	Grandmaster's	86		88	2
greater-grandmasters	Greater Grandmaster's	prefix	xbow	111	early	50	65	75	1	78	Grandmaster's	86		88	2
greater-grandmasters	Greater Grandmaster's	prefix	xbow	111	mid	66	80	75	1	78	Grandmaster's	86		88	2
greater-grandmasters	Greater Grandmaster's	prefix	xbow	111	late	81		75	2	78	Grandmaster's	86		88	2
greater-grandmasters	Greater Grandmaster's	prefix	xbow	111	early	50	65	68	1	98	Wraithly1	86		80	4
greater-grandmasters	Greater Grandmaster's	prefix	xbow	111	mid	66	80	68	3	98	Wraithly1	86		80	4
greater-grandmasters	Greater Grandmaster's	prefix	xbow	111	late	81		68	4	98	Wraithly1	86		80	4
greater-gritty	Greater Gritty	prefix	xbow	105	early	50	65	55	5	153	Gritty	75		65	14
greater-gritty	Greater Gritty	prefix	xbow	105	mid	66	80	55	9	153	Gritty	75		65	14
greater-gritty	Greater Gritty	prefix	xbow	105	late	81		55	14	153	Gritty	75		65	14
greater-platinum	Greater Platinum	prefix	xbow	110	early	50	65	34	3	120	Weird	44		40	8
greater-platinum	Greater Platinum	prefix	xbow	110	mid	66	80	34	5	120	Weird	44		40	8
greater-platinum	Greater Platinum	prefix	xbow	110	late	81		34	8	120	Weird	44		40	8
greater-serpents	Greater Serpent's	prefix	xbow	115	early	50	65	23	1	398	Serpent's	37		27	4
greater-serpents	Greater Serpent's	prefix	xbow	115	mid	66	80	23	3	398	Serpent's	37		27	4
greater-serpents	Greater Serpent's	prefix	xbow	115	late	81		23	4	398	Serpent's	37		27	4
greater-single-resist-charm	Greater Ruby/Sapphire/Amber/Emerald	prefix	xbow	117	early	50	65	35	1	353	Cobalt	55		41	4
greater-single-resist-charm	Greater Ruby/Sapphire/Amber/Emerald	prefix	xbow	117	mid	66	80	35	3	353	Cobalt	55		41	4
greater-single-resist-charm	Greater Ruby/Sapphire/Amber/Emerald	prefix	xbow	117	late	81		35	4	353	Cobalt	55		41	4
greater-single-resist-charm	Greater Ruby/Sapphire/Amber/Emerald	prefix	xbow	118	early	50	65	35	1	360	Garnet	55		41	2
greater-single-resist-charm	Greater Ruby/Sapphire/Amber/Emerald	prefix	xbow	118	mid	66	80	35	1	360	Garnet	55		41	2
greater-single-resist-charm	Greater Ruby/Sapphire/Amber/Emerald	prefix	xbow	118	late	81		35	2	360	Garnet	55		41	2
greater-single-resist-charm	Greater Ruby/Sapphire/Amber/Emerald	prefix	xbow	119	early	50	65	35	1	368	Coral	55		41	2
greater-single-resist-charm	Greater Ruby/Sapphire/Amber/Emerald	prefix	xbow	119	mid	66	80	35	1	368	Coral	55		41	2
greater-single-resist-charm	Greater Ruby/Sapphire/Amber/Emerald	prefix	xbow	119	late	81		35	2	368	Coral	55		41	2
greater-single-resist-charm	Greater Ruby/Sapphire/Amber/Emerald	prefix	xbow	120	early	50	65	35	1	376	Jade	55		41	2
greater-single-resist-charm	Greater Ruby/Sapphire/Amber/Emerald	prefix	xbow	120	mid	66	80	35	1	376	Jade	55		41	2
greater-single-resist-charm	Greater Ruby/Sapphire/Amber/Emerald	prefix	xbow	120	late	81		35	2	376	Jade	55		41	2
greater-aureolin	Greater Aureolin	prefix	xbow	121	early	50	65	10	3	410	Victorious	17		12	8
greater-aureolin	Greater Aureolin	prefix	xbow	121	mid	66	80	10	5	410	Victorious	17		12	8
greater-aureolin	Greater Aureolin	prefix	xbow	121	late	81		10	8	410	Victorious	17		12	8
greater-celestial	Greater Celestial	prefix	xbow	123	early	50	65	35	1	104	Celestial	55		41	2
greater-celestial	Greater Celestial	prefix	xbow	123	mid	66	80	35	1	104	Celestial	55		41	2
greater-celestial	Greater Celestial	prefix	xbow	123	late	81		35	2	104	Celestial	55		41	2
greater-class-skill	Greater class skill	prefix	xbow	125	early	50	65	36	1	198	Valkyrie's	50		42	4
greater-class-skill	Greater class skill	prefix	xbow	125	mid	66	80	36	3	198	Valkyrie's	50		42	4
greater-class-skill	Greater class skill	prefix	xbow	125	late	81		36	4	198	Valkyrie's	50		42	4
greater-skilltab	Greater Skilltab	prefix	xbow	125	early	50	65	38	1	241	Archer's	60		45	2
greater-skilltab	Greater Skilltab	prefix	xbow	125	mid	66	80	38	1	241	Archer's	60		45	2
greater-skilltab	Greater Skilltab	prefix	xbow	125	late	81		38	2	241	Archer's	60		45	2
greater-avatar	Greater Avatar	prefix	xbow	137	early	50	65	51	1	333	Hibernal	70		60	2
greater-avatar	Greater Avatar	prefix	xbow	137	mid	66	80	51	1	333	Hibernal	70		60	2
greater-avatar	Greater Avatar	prefix	xbow	137	late	81		51	2	333	Hibernal	70		60	2
greater-weapon-elemental-prefix	Greater Scorching/Shocking/Pestilent	prefix	xbow	138	early	50	65	57	1	338	Scorching	77		67	2
greater-weapon-elemental-prefix	Greater Scorching/Shocking/Pestilent	prefix	xbow	138	mid	66	80	57	1	338	Scorching	77		67	2
greater-weapon-elemental-prefix	Greater Scorching/Shocking/Pestilent	prefix	xbow	138	late	81		57	2	338	Scorching	77		67	2
greater-weapon-elemental-prefix	Greater Scorching/Shocking/Pestilent	prefix	xbow	139	early	50	65	56	1	343	Shocking	76		66	2
greater-weapon-elemental-prefix	Greater Scorching/Shocking/Pestilent	prefix	xbow	139	mid	66	80	56	1	343	Shocking	76		66	2
greater-weapon-elemental-prefix	Greater Scorching/Shocking/Pestilent	prefix	xbow	139	late	81		56	2	343	Shocking	76		66	2
greater-weapon-elemental-prefix	Greater Scorching/Shocking/Pestilent	prefix	xbow	140	early	50	65	31	1	348	Pestilent	50		37	2
greater-weapon-elemental-prefix	Greater Scorching/Shocking/Pestilent	prefix	xbow	140	mid	66	80	31	1	348	Pestilent	50		37	2
greater-weapon-elemental-prefix	Greater Scorching/Shocking/Pestilent	prefix	xbow	140	late	81		31	2	348	Pestilent	50		37	2
greater-divine	Greater Divine	prefix	xbow	142	early	50	65	31	1	110	Divine	45		37	2
greater-divine	Greater Divine	prefix	xbow	142	mid	66	80	31	1	110	Divine	45		37	2
greater-divine	Greater Divine	prefix	xbow	142	late	81		31	2	110	Divine	45		37	2
greater-veracious	Greater Veracious	prefix	xbow	200	early	50	65	64	1	134	Veracious1	85		75	2
greater-veracious	Greater Veracious	prefix	xbow	200	mid	66	80	64	1	134	Veracious1	85		75	2
greater-veracious	Greater Veracious	prefix	xbow	200	late	81		64	2	134	Veracious1	85		75	2
greater-elemental-prefix	Greater Elemental	prefix	xbow	203	early	50	65	65	1	449	Elemental1	80		77	2
greater-elemental-prefix	Greater Elemental	prefix	xbow	203	mid	66	80	65	1	449	Elemental1	80		77	2
greater-elemental-prefix	Greater Elemental	prefix	xbow	203	late	81		65	2	449	Elemental1	80		77	2
greater-sage-xp	Greater Sage	prefix	xbow	204	early	50	65	39	2	452	Sage's	51		46	6
greater-sage-xp	Greater Sage	prefix	xbow	204	mid	66	80	39	4	452	Sage's	51		46	6
greater-sage-xp	Greater Sage	prefix	xbow	204	late	81		39	6	452	Sage's	51		46	6
greater-adamantine-wrought	Greater Adamantine-Wrought	prefix	xbow	206	early	50	65	55	1	468	Adamantine-Wrought	87		65	4
greater-adamantine-wrought	Greater Adamantine-Wrought	prefix	xbow	206	mid	66	80	55	3	468	Adamantine-Wrought	87		65	4
greater-adamantine-wrought	Greater Adamantine-Wrought	prefix	xbow	206	late	81		55	4	468	Adamantine-Wrought	87		65	4
greater-coalescence	Greater Coalescence	suffix	abow	3	early	50	65	68	4	158	of Fire Coalescence1	87		80	12
greater-coalescence	Greater Coalescence	suffix	abow	3	mid	66	80	68	8	158	of Fire Coalescence1	87		80	12
greater-coalescence	Greater Coalescence	suffix	abow	3	late	81		68	12	158	of Fire Coalescence1	87		80	12
greater-coalescence	Greater Coalescence	suffix	abow	3	early	50	65	68	4	171	of Lightning Coalescence1	87		80	12
greater-coalescence	Greater Coalescence	suffix	abow	3	mid	66	80	68	8	171	of Lightning Coalescence1	87		80	12
greater-coalescence	Greater Coalescence	suffix	abow	3	late	81		68	12	171	of Lightning Coalescence1	87		80	12
greater-coalescence	Greater Coalescence	suffix	abow	3	early	50	65	68	4	184	of Chilling Coalescence1	87		80	12
greater-coalescence	Greater Coalescence	suffix	abow	3	mid	66	80	68	8	184	of Chilling Coalescence1	87		80	12
greater-coalescence	Greater Coalescence	suffix	abow	3	late	81		68	12	184	of Chilling Coalescence1	87		80	12
greater-quickness	Greater Quickness	suffix	abow	7	early	50	65	14	24	328	of Alacrity	25		17	72
greater-quickness	Greater Quickness	suffix	abow	7	mid	66	80	14	48	328	of Alacrity	25		17	72
greater-quickness	Greater Quickness	suffix	abow	7	late	81		14	72	328	of Alacrity	25		17	72
greater-jewelry-elemental-suffix	Greater jewelry elemental damage	suffix	abow	10	early	50	65	64	4	53	of Winter	80		75	12
greater-jewelry-elemental-suffix	Greater jewelry elemental damage	suffix	abow	10	mid	66	80	64	8	53	of Winter	80		75	12
greater-jewelry-elemental-suffix	Greater jewelry elemental damage	suffix	abow	10	late	81		64	12	53	of Winter	80		75	12
greater-jewelry-elemental-suffix	Greater jewelry elemental damage	suffix	abow	12	early	50	65	64	4	66	of Incineration	80		75	12
greater-jewelry-elemental-suffix	Greater jewelry elemental damage	suffix	abow	12	mid	66	80	64	8	66	of Incineration	80		75	12
greater-jewelry-elemental-suffix	Greater jewelry elemental damage	suffix	abow	12	late	81		64	12	66	of Incineration	80		75	12
greater-jewelry-elemental-suffix	Greater jewelry elemental damage	suffix	abow	13	early	50	65	58	4	79	of Storms	75		68	12
greater-jewelry-elemental-suffix	Greater jewelry elemental damage	suffix	abow	13	mid	66	80	58	8	79	of Storms	75		68	12
greater-jewelry-elemental-suffix	Greater jewelry elemental damage	suffix	abow	13	late	81		58	12	79	of Storms	75		68	12
greater-jewelry-elemental-suffix	Greater jewelry elemental damage	suffix	abow	16	early	50	65	21	8	90	of Anthrax	33		25	24
greater-jewelry-elemental-suffix	Greater jewelry elemental damage	suffix	abow	16	mid	66	80	21	16	90	of Anthrax	33		25	24
greater-jewelry-elemental-suffix	Greater jewelry elemental damage	suffix	abow	16	late	81		21	24	90	of Anthrax	33		25	24
greater-evisceration	Greater Evisceration	suffix	abow	14	early	50	65	67	29	20	of Evisceration	85		79	88
greater-evisceration	Greater Evisceration	suffix	abow	14	mid	66	80	67	59	20	of Evisceration	85		79	88
greater-evisceration	Greater Evisceration	suffix	abow	14	late	81		67	88	20	of Evisceration	85		79	88
greater-transcendence	Greater Transcendence	suffix	abow	15	early	50	65	71	8	41	of Transcendence	85		83	24
greater-transcendence	Greater Transcendence	suffix	abow	15	mid	66	80	71	16	41	of Transcendence	85		83	24
greater-transcendence	Greater Transcendence	suffix	abow	15	late	81		71	24	41	of Transcendence	85		83	24
greater-perfection	Greater Perfection	suffix	abow	17	early	50	65	54	12	207	of Nirvana	72		64	36
greater-perfection	Greater Perfection	suffix	abow	17	mid	66	80	54	24	207	of Nirvana	72		64	36
greater-perfection	Greater Perfection	suffix	abow	17	late	81		54	36	207	of Nirvana	72		64	36
greater-regeneration	Greater Regeneration	suffix	abow	19	early	50	65	44	16	308	of Regeneration	70		52	48
greater-regeneration	Greater Regeneration	suffix	abow	19	mid	66	80	44	32	308	of Regeneration	70		52	48
greater-regeneration	Greater Regeneration	suffix	abow	19	late	81		44	48	308	of Regeneration	70		52	48
greater-leech	Greater Lamprey/Vampire	suffix	abow	27	early	50	65	13	28	104	of the Locust	20		15	84
greater-leech	Greater Lamprey/Vampire	suffix	abow	27	mid	66	80	13	56	104	of the Locust	20		15	84
greater-leech	Greater Lamprey/Vampire	suffix	abow	27	late	81		13	84	104	of the Locust	20		15	84
greater-leech	Greater Lamprey/Vampire	suffix	abow	28	early	50	65	14	28	114	of the Wraith	21		16	84
greater-leech	Greater Lamprey/Vampire	suffix	abow	28	mid	66	80	14	56	114	of the Wraith	21		16	84
greater-leech	Greater Lamprey/Vampire	suffix	abow	28	late	81		14	84	114	of the Wraith	21		16	84
greater-zodiac	Greater Zodiac	suffix	abow	42	early	50	65	64	4	267	of Agility2	75		75	12
greater-zodiac	Greater Zodiac	suffix	abow	42	mid	66	80	64	8	267	of Agility2	75		75	12
greater-zodiac	Greater Zodiac	suffix	abow	42	late	81		64	12	267	of Agility2	75		75	12
greater-zodiac	Greater Zodiac	suffix	abow	42	early	50	65	64	4	270	of Power2	75		75	12
greater-zodiac	Greater Zodiac	suffix	abow	42	mid	66	80	64	8	270	of Power2	75		75	12
greater-zodiac	Greater Zodiac	suffix	abow	42	late	81		64	12	270	of Power2	75		75	12
greater-zodiac	Greater Zodiac	suffix	abow	42	early	50	65	64	4	273	of Endurance2	75		75	12
greater-zodiac	Greater Zodiac	suffix	abow	42	mid	66	80	64	8	273	of Endurance2	75		75	12
greater-zodiac	Greater Zodiac	suffix	abow	42	late	81		64	12	273	of Endurance2	75		75	12
greater-zodiac	Greater Zodiac	suffix	abow	42	early	50	65	64	4	276	of Spirit2	75		75	12
greater-zodiac	Greater Zodiac	suffix	abow	42	mid	66	80	64	8	276	of Spirit2	75		75	12
greater-zodiac	Greater Zodiac	suffix	abow	42	late	81		64	12	276	of Spirit2	75		75	12
greater-paralysis	Greater Paralysis	suffix	abow	64	early	50	65	48	8	386	Paralysis1	62		56	24
greater-paralysis	Greater Paralysis	suffix	abow	64	mid	66	80	48	16	386	Paralysis1	62		56	24
greater-paralysis	Greater Paralysis	suffix	abow	64	late	81		48	24	386	Paralysis1	62		56	24
greater-blindness	Greater Blindness	suffix	abow	65	early	50	65	48	4	389	of Blindness1	61		57	12
greater-blindness	Greater Blindness	suffix	abow	65	mid	66	80	48	8	389	of Blindness1	61		57	12
greater-blindness	Greater Blindness	suffix	abow	65	late	81		48	12	389	of Blindness1	61		57	12
greater-reanimation	Greater Reanimation	suffix	abow	66	early	50	65	40	4	390	of Reanimation1	51		47	12
greater-reanimation	Greater Reanimation	suffix	abow	66	mid	66	80	40	8	390	of Reanimation1	51		47	12
greater-reanimation	Greater Reanimation	suffix	abow	66	late	81		40	12	390	of Reanimation1	51		47	12
greater-four-seasons	Greater Four Seasons	suffix	abow	67	early	50	65	64	8	317	of the Soul2	75		75	24
greater-four-seasons	Greater Four Seasons	suffix	abow	67	mid	66	80	64	16	317	of the Soul2	75		75	24
greater-four-seasons	Greater Four Seasons	suffix	abow	67	late	81		64	24	317	of the Soul2	75		75	24
greater-draining	Greater Draining	suffix	abow	80	early	50	65	17	1	625	of Siphoning	20		20	2
greater-draining	Greater Draining	suffix	abow	80	mid	66	80	17	1	625	of Siphoning	20		20	2
greater-draining	Greater Draining	suffix	abow	80	late	81		17	2	625	of Siphoning	20		20	2
greater-coalescence	Greater Coalescence	suffix	afwe	3	early	50	65	68	4	158	of Fire Coalescence1	87		80	12
greater-coalescence	Greater Coalescence	suffix	afwe	3	mid	66	80	68	8	158	of Fire Coalescence1	87		80	12
greater-coalescence	Greater Coalescence	suffix	afwe	3	late	81		68	12	158	of Fire Coalescence1	87		80	12
greater-coalescence	Greater Coalescence	suffix	afwe	3	early	50	65	68	4	171	of Lightning Coalescence1	87		80	12
greater-coalescence	Greater Coalescence	suffix	afwe	3	mid	66	80	68	8	171	of Lightning Coalescence1	87		80	12
greater-coalescence	Greater Coalescence	suffix	afwe	3	late	81		68	12	171	of Lightning Coalescence1	87		80	12
greater-coalescence	Greater Coalescence	suffix	afwe	3	early	50	65	68	4	184	of Chilling Coalescence1	87		80	12
greater-coalescence	Greater Coalescence	suffix	afwe	3	mid	66	80	68	8	184	of Chilling Coalescence1	87		80	12
greater-coalescence	Greater Coalescence	suffix	afwe	3	late	81		68	12	184	of Chilling Coalescence1	87		80	12
greater-quickness	Greater Quickness	suffix	afwe	7	early	50	65	32	20	330	of Quickness	46		38	60
greater-quickness	Greater Quickness	suffix	afwe	7	mid	66	80	32	40	330	of Quickness	46		38	60
greater-quickness	Greater Quickness	suffix	afwe	7	late	81		32	60	330	of Quickness	46		38	60
greater-jewelry-elemental-suffix	Greater jewelry elemental damage	suffix	afwe	10	early	50	65	64	4	53	of Winter	80		75	12
greater-jewelry-elemental-suffix	Greater jewelry elemental damage	suffix	afwe	10	mid	66	80	64	8	53	of Winter	80		75	12
greater-jewelry-elemental-suffix	Greater jewelry elemental damage	suffix	afwe	10	late	81		64	12	53	of Winter	80		75	12
greater-jewelry-elemental-suffix	Greater jewelry elemental damage	suffix	afwe	12	early	50	65	64	4	66	of Incineration	80		75	12
greater-jewelry-elemental-suffix	Greater jewelry elemental damage	suffix	afwe	12	mid	66	80	64	8	66	of Incineration	80		75	12
greater-jewelry-elemental-suffix	Greater jewelry elemental damage	suffix	afwe	12	late	81		64	12	66	of Incineration	80		75	12
greater-jewelry-elemental-suffix	Greater jewelry elemental damage	suffix	afwe	13	early	50	65	58	4	79	of Storms	75		68	12
greater-jewelry-elemental-suffix	Greater jewelry elemental damage	suffix	afwe	13	mid	66	80	58	8	79	of Storms	75		68	12
greater-jewelry-elemental-suffix	Greater jewelry elemental damage	suffix	afwe	13	late	81		58	12	79	of Storms	75		68	12
greater-jewelry-elemental-suffix	Greater jewelry elemental damage	suffix	afwe	16	early	50	65	21	8	90	of Anthrax	33		25	24
greater-jewelry-elemental-suffix	Greater jewelry elemental damage	suffix	afwe	16	mid	66	80	21	16	90	of Anthrax	33		25	24
greater-jewelry-elemental-suffix	Greater jewelry elemental damage	suffix	afwe	16	late	81		21	24	90	of Anthrax	33		25	24
greater-evisceration	Greater Evisceration	suffix	afwe	14	early	50	65	67	29	20	of Evisceration	85		79	88
greater-evisceration	Greater Evisceration	suffix	afwe	14	mid	66	80	67	59	20	of Evisceration	85		79	88
greater-evisceration	Greater Evisceration	suffix	afwe	14	late	81		67	88	20	of Evisceration	85		79	88
greater-transcendence	Greater Transcendence	suffix	afwe	15	early	50	65	71	8	41	of Transcendence	85		83	24
greater-transcendence	Greater Transcendence	suffix	afwe	15	mid	66	80	71	16	41	of Transcendence	85		83	24
greater-transcendence	Greater Transcendence	suffix	afwe	15	late	81		71	24	41	of Transcendence	85		83	24
greater-regeneration	Greater Regeneration	suffix	afwe	19	early	50	65	44	16	308	of Regeneration	70		52	48
greater-regeneration	Greater Regeneration	suffix	afwe	19	mid	66	80	44	32	308	of Regeneration	70		52	48
greater-regeneration	Greater Regeneration	suffix	afwe	19	late	81		44	48	308	of Regeneration	70		52	48
greater-leech	Greater Lamprey/Vampire	suffix	afwe	27	early	50	65	37	28	105	of the Lamprey	55		43	84
greater-leech	Greater Lamprey/Vampire	suffix	afwe	27	mid	66	80	37	56	105	of the Lamprey	55		43	84
greater-leech	Greater Lamprey/Vampire	suffix	afwe	27	late	81		37	84	105	of the Lamprey	55		43	84
greater-leech	Greater Lamprey/Vampire	suffix	afwe	28	early	50	65	41	28	115	of the Vampire	56		48	84
greater-leech	Greater Lamprey/Vampire	suffix	afwe	28	mid	66	80	41	56	115	of the Vampire	56		48	84
greater-leech	Greater Lamprey/Vampire	suffix	afwe	28	late	81		41	84	115	of the Vampire	56		48	84
greater-titan	Greater Titan	suffix	afwe	31	early	50	65	43	12	237	of the Giant	59		51	36
greater-titan	Greater Titan	suffix	afwe	31	mid	66	80	43	24	237	of the Giant	59		51	36
greater-titan	Greater Titan	suffix	afwe	31	late	81		43	36	237	of the Giant	59		51	36
greater-zodiac	Greater Zodiac	suffix	afwe	42	early	50	65	64	4	267	of Agility2	75		75	12
greater-zodiac	Greater Zodiac	suffix	afwe	42	mid	66	80	64	8	267	of Agility2	75		75	12
greater-zodiac	Greater Zodiac	suffix	afwe	42	late	81		64	12	267	of Agility2	75		75	12
greater-zodiac	Greater Zodiac	suffix	afwe	42	early	50	65	64	4	270	of Power2	75		75	12
greater-zodiac	Greater Zodiac	suffix	afwe	42	mid	66	80	64	8	270	of Power2	75		75	12
greater-zodiac	Greater Zodiac	suffix	afwe	42	late	81		64	12	270	of Power2	75		75	12
greater-zodiac	Greater Zodiac	suffix	afwe	42	early	50	65	64	4	273	of Endurance2	75		75	12
greater-zodiac	Greater Zodiac	suffix	afwe	42	mid	66	80	64	8	273	of Endurance2	75		75	12
greater-zodiac	Greater Zodiac	suffix	afwe	42	late	81		64	12	273	of Endurance2	75		75	12
greater-zodiac	Greater Zodiac	suffix	afwe	42	early	50	65	64	4	276	of Spirit2	75		75	12
greater-zodiac	Greater Zodiac	suffix	afwe	42	mid	66	80	64	8	276	of Spirit2	75		75	12
greater-zodiac	Greater Zodiac	suffix	afwe	42	late	81		64	12	276	of Spirit2	75		75	12
greater-paralysis	Greater Paralysis	suffix	afwe	64	early	50	65	48	8	386	Paralysis1	62		56	24
greater-paralysis	Greater Paralysis	suffix	afwe	64	mid	66	80	48	16	386	Paralysis1	62		56	24
greater-paralysis	Greater Paralysis	suffix	afwe	64	late	81		48	24	386	Paralysis1	62		56	24
greater-blindness	Greater Blindness	suffix	afwe	65	early	50	65	48	4	389	of Blindness1	61		57	12
greater-blindness	Greater Blindness	suffix	afwe	65	mid	66	80	48	8	389	of Blindness1	61		57	12
greater-blindness	Greater Blindness	suffix	afwe	65	late	81		48	12	389	of Blindness1	61		57	12
greater-reanimation	Greater Reanimation	suffix	afwe	66	early	50	65	40	4	390	of Reanimation1	51		47	12
greater-reanimation	Greater Reanimation	suffix	afwe	66	mid	66	80	40	8	390	of Reanimation1	51		47	12
greater-reanimation	Greater Reanimation	suffix	afwe	66	late	81		40	12	390	of Reanimation1	51		47	12
greater-four-seasons	Greater Four Seasons	suffix	afwe	67	early	50	65	64	8	317	of the Soul2	75		75	24
greater-four-seasons	Greater Four Seasons	suffix	afwe	67	mid	66	80	64	16	317	of the Soul2	75		75	24
greater-four-seasons	Greater Four Seasons	suffix	afwe	67	late	81		64	24	317	of the Soul2	75		75	24
greater-draining	Greater Draining	suffix	afwe	80	early	50	65	17	1	625	of Siphoning	20		20	2
greater-draining	Greater Draining	suffix	afwe	80	mid	66	80	17	1	625	of Siphoning	20		20	2
greater-draining	Greater Draining	suffix	afwe	80	late	81		17	2	625	of Siphoning	20		20	2
greater-coalescence	Greater Coalescence	suffix	ajav	3	early	50	65	68	4	158	of Fire Coalescence1	87		80	12
greater-coalescence	Greater Coalescence	suffix	ajav	3	mid	66	80	68	8	158	of Fire Coalescence1	87		80	12
greater-coalescence	Greater Coalescence	suffix	ajav	3	late	81		68	12	158	of Fire Coalescence1	87		80	12
greater-coalescence	Greater Coalescence	suffix	ajav	3	early	50	65	68	4	171	of Lightning Coalescence1	87		80	12
greater-coalescence	Greater Coalescence	suffix	ajav	3	mid	66	80	68	8	171	of Lightning Coalescence1	87		80	12
greater-coalescence	Greater Coalescence	suffix	ajav	3	late	81		68	12	171	of Lightning Coalescence1	87		80	12
greater-coalescence	Greater Coalescence	suffix	ajav	3	early	50	65	68	4	184	of Chilling Coalescence1	87		80	12
greater-coalescence	Greater Coalescence	suffix	ajav	3	mid	66	80	68	8	184	of Chilling Coalescence1	87		80	12
greater-coalescence	Greater Coalescence	suffix	ajav	3	late	81		68	12	184	of Chilling Coalescence1	87		80	12
greater-quickness	Greater Quickness	suffix	ajav	7	early	50	65	32	20	330	of Quickness	46		38	60
greater-quickness	Greater Quickness	suffix	ajav	7	mid	66	80	32	40	330	of Quickness	46		38	60
greater-quickness	Greater Quickness	suffix	ajav	7	late	81		32	60	330	of Quickness	46		38	60
greater-jewelry-elemental-suffix	Greater jewelry elemental damage	suffix	ajav	10	early	50	65	64	4	53	of Winter	80		75	12
greater-jewelry-elemental-suffix	Greater jewelry elemental damage	suffix	ajav	10	mid	66	80	64	8	53	of Winter	80		75	12
greater-jewelry-elemental-suffix	Greater jewelry elemental damage	suffix	ajav	10	late	81		64	12	53	of Winter	80		75	12
greater-jewelry-elemental-suffix	Greater jewelry elemental damage	suffix	ajav	12	early	50	65	64	4	66	of Incineration	80		75	12
greater-jewelry-elemental-suffix	Greater jewelry elemental damage	suffix	ajav	12	mid	66	80	64	8	66	of Incineration	80		75	12
greater-jewelry-elemental-suffix	Greater jewelry elemental damage	suffix	ajav	12	late	81		64	12	66	of Incineration	80		75	12
greater-jewelry-elemental-suffix	Greater jewelry elemental damage	suffix	ajav	13	early	50	65	58	4	79	of Storms	75		68	12
greater-jewelry-elemental-suffix	Greater jewelry elemental damage	suffix	ajav	13	mid	66	80	58	8	79	of Storms	75		68	12
greater-jewelry-elemental-suffix	Greater jewelry elemental damage	suffix	ajav	13	late	81		58	12	79	of Storms	75		68	12
greater-jewelry-elemental-suffix	Greater jewelry elemental damage	suffix	ajav	16	early	50	65	21	8	90	of Anthrax	33		25	24
greater-jewelry-elemental-suffix	Greater jewelry elemental damage	suffix	ajav	16	mid	66	80	21	16	90	of Anthrax	33		25	24
greater-jewelry-elemental-suffix	Greater jewelry elemental damage	suffix	ajav	16	late	81		21	24	90	of Anthrax	33		25	24
greater-evisceration	Greater Evisceration	suffix	ajav	14	early	50	65	67	29	20	of Evisceration	85		79	88
greater-evisceration	Greater Evisceration	suffix	ajav	14	mid	66	80	67	59	20	of Evisceration	85		79	88
greater-evisceration	Greater Evisceration	suffix	ajav	14	late	81		67	88	20	of Evisceration	85		79	88
greater-transcendence	Greater Transcendence	suffix	ajav	15	early	50	65	71	8	41	of Transcendence	85		83	24
greater-transcendence	Greater Transcendence	suffix	ajav	15	mid	66	80	71	16	41	of Transcendence	85		83	24
greater-transcendence	Greater Transcendence	suffix	ajav	15	late	81		71	24	41	of Transcendence	85		83	24
greater-regeneration	Greater Regeneration	suffix	ajav	19	early	50	65	44	16	308	of Regeneration	70		52	48
greater-regeneration	Greater Regeneration	suffix	ajav	19	mid	66	80	44	32	308	of Regeneration	70		52	48
greater-regeneration	Greater Regeneration	suffix	ajav	19	late	81		44	48	308	of Regeneration	70		52	48
greater-leech	Greater Lamprey/Vampire	suffix	ajav	27	early	50	65	37	28	105	of the Lamprey	55		43	84
greater-leech	Greater Lamprey/Vampire	suffix	ajav	27	mid	66	80	37	56	105	of the Lamprey	55		43	84
greater-leech	Greater Lamprey/Vampire	suffix	ajav	27	late	81		37	84	105	of the Lamprey	55		43	84
greater-leech	Greater Lamprey/Vampire	suffix	ajav	28	early	50	65	41	28	115	of the Vampire	56		48	84
greater-leech	Greater Lamprey/Vampire	suffix	ajav	28	mid	66	80	41	56	115	of the Vampire	56		48	84
greater-leech	Greater Lamprey/Vampire	suffix	ajav	28	late	81		41	84	115	of the Vampire	56		48	84
greater-titan	Greater Titan	suffix	ajav	31	early	50	65	43	12	237	of the Giant	59		51	36
greater-titan	Greater Titan	suffix	ajav	31	mid	66	80	43	24	237	of the Giant	59		51	36
greater-titan	Greater Titan	suffix	ajav	31	late	81		43	36	237	of the Giant	59		51	36
greater-zodiac	Greater Zodiac	suffix	ajav	42	early	50	65	64	4	267	of Agility2	75		75	12
greater-zodiac	Greater Zodiac	suffix	ajav	42	mid	66	80	64	8	267	of Agility2	75		75	12
greater-zodiac	Greater Zodiac	suffix	ajav	42	late	81		64	12	267	of Agility2	75		75	12
greater-zodiac	Greater Zodiac	suffix	ajav	42	early	50	65	64	4	270	of Power2	75		75	12
greater-zodiac	Greater Zodiac	suffix	ajav	42	mid	66	80	64	8	270	of Power2	75		75	12
greater-zodiac	Greater Zodiac	suffix	ajav	42	late	81		64	12	270	of Power2	75		75	12
greater-zodiac	Greater Zodiac	suffix	ajav	42	early	50	65	64	4	273	of Endurance2	75		75	12
greater-zodiac	Greater Zodiac	suffix	ajav	42	mid	66	80	64	8	273	of Endurance2	75		75	12
greater-zodiac	Greater Zodiac	suffix	ajav	42	late	81		64	12	273	of Endurance2	75		75	12
greater-zodiac	Greater Zodiac	suffix	ajav	42	early	50	65	64	4	276	of Spirit2	75		75	12
greater-zodiac	Greater Zodiac	suffix	ajav	42	mid	66	80	64	8	276	of Spirit2	75		75	12
greater-zodiac	Greater Zodiac	suffix	ajav	42	late	81		64	12	276	of Spirit2	75		75	12
greater-paralysis	Greater Paralysis	suffix	ajav	64	early	50	65	48	8	386	Paralysis1	62		56	24
greater-paralysis	Greater Paralysis	suffix	ajav	64	mid	66	80	48	16	386	Paralysis1	62		56	24
greater-paralysis	Greater Paralysis	suffix	ajav	64	late	81		48	24	386	Paralysis1	62		56	24
greater-blindness	Greater Blindness	suffix	ajav	65	early	50	65	48	4	389	of Blindness1	61		57	12
greater-blindness	Greater Blindness	suffix	ajav	65	mid	66	80	48	8	389	of Blindness1	61		57	12
greater-blindness	Greater Blindness	suffix	ajav	65	late	81		48	12	389	of Blindness1	61		57	12
greater-reanimation	Greater Reanimation	suffix	ajav	66	early	50	65	40	4	390	of Reanimation1	51		47	12
greater-reanimation	Greater Reanimation	suffix	ajav	66	mid	66	80	40	8	390	of Reanimation1	51		47	12
greater-reanimation	Greater Reanimation	suffix	ajav	66	late	81		40	12	390	of Reanimation1	51		47	12
greater-four-seasons	Greater Four Seasons	suffix	ajav	67	early	50	65	64	8	317	of the Soul2	75		75	24
greater-four-seasons	Greater Four Seasons	suffix	ajav	67	mid	66	80	64	16	317	of the Soul2	75		75	24
greater-four-seasons	Greater Four Seasons	suffix	ajav	67	late	81		64	24	317	of the Soul2	75		75	24
greater-draining	Greater Draining	suffix	ajav	80	early	50	65	17	1	625	of Siphoning	20		20	2
greater-draining	Greater Draining	suffix	ajav	80	mid	66	80	17	1	625	of Siphoning	20		20	2
greater-draining	Greater Draining	suffix	ajav	80	late	81		17	2	625	of Siphoning	20		20	2
greater-draining	Greater Draining	suffix	amaz	80	early	50	65	17	1	625	of Siphoning	20		20	2
greater-draining	Greater Draining	suffix	amaz	80	mid	66	80	17	1	625	of Siphoning	20		20	2
greater-draining	Greater Draining	suffix	amaz	80	late	81		17	2	625	of Siphoning	20		20	2
greater-anima	Greater Anima	suffix	amul	1	early	50	65	31	16	130	of Life Everlasting	45		37	48
greater-anima	Greater Anima	suffix	amul	1	mid	66	80	31	32	130	of Life Everlasting	45		37	48
greater-anima	Greater Anima	suffix	amul	1	late	81		31	48	130	of Life Everlasting	45		37	48
greater-negation	Greater Negation	suffix	amul	2	early	50	65	45	16	144	of Guarding	66		53	48
greater-negation	Greater Negation	suffix	amul	2	mid	66	80	45	32	144	of Guarding	66		53	48
greater-negation	Greater Negation	suffix	amul	2	late	81		45	48	144	of Guarding	66		53	48
greater-coalescence	Greater Coalescence	suffix	amul	3	early	50	65	68	4	158	of Fire Coalescence1	87		80	12
greater-coalescence	Greater Coalescence	suffix	amul	3	mid	66	80	68	8	158	of Fire Coalescence1	87		80	12
greater-coalescence	Greater Coalescence	suffix	amul	3	late	81		68	12	158	of Fire Coalescence1	87		80	12
greater-coalescence	Greater Coalescence	suffix	amul	3	early	50	65	68	4	171	of Lightning Coalescence1	87		80	12
greater-coalescence	Greater Coalescence	suffix	amul	3	mid	66	80	68	8	171	of Lightning Coalescence1	87		80	12
greater-coalescence	Greater Coalescence	suffix	amul	3	late	81		68	12	171	of Lightning Coalescence1	87		80	12
greater-coalescence	Greater Coalescence	suffix	amul	3	early	50	65	68	4	184	of Chilling Coalescence1	87		80	12
greater-coalescence	Greater Coalescence	suffix	amul	3	mid	66	80	68	8	184	of Chilling Coalescence1	87		80	12
greater-coalescence	Greater Coalescence	suffix	amul	3	late	81		68	12	184	of Chilling Coalescence1	87		80	12
greater-magus	Greater Magus	suffix	amul	9	early	50	65	3	24	375	of the Apprentice	5		3	72
greater-magus	Greater Magus	suffix	amul	9	mid	66	80	3	48	375	of the Apprentice	5		3	72
greater-magus	Greater Magus	suffix	amul	9	late	81		3	72	375	of the Apprentice	5		3	72
greater-jewelry-elemental-suffix	Greater jewelry elemental damage	suffix	amul	10	early	50	65	69	8	57	of the Glacier	85		81	24
greater-jewelry-elemental-suffix	Greater jewelry elemental damage	suffix	amul	10	mid	66	80	69	16	57	of the Glacier	85		81	24
greater-jewelry-elemental-suffix	Greater jewelry elemental damage	suffix	amul	10	late	81		69	24	57	of the Glacier	85		81	24
greater-jewelry-elemental-suffix	Greater jewelry elemental damage	suffix	amul	12	early	50	65	63	8	70	of Burning	80		74	24
greater-jewelry-elemental-suffix	Greater jewelry elemental damage	suffix	amul	12	mid	66	80	63	16	70	of Burning	80		74	24
greater-jewelry-elemental-suffix	Greater jewelry elemental damage	suffix	amul	12	late	81		63	24	70	of Burning	80		74	24
greater-jewelry-elemental-suffix	Greater jewelry elemental damage	suffix	amul	13	early	50	65	68	8	83	of Storms	86		80	24
greater-jewelry-elemental-suffix	Greater jewelry elemental damage	suffix	amul	13	mid	66	80	68	16	83	of Storms	86		80	24
greater-jewelry-elemental-suffix	Greater jewelry elemental damage	suffix	amul	13	late	81		68	24	83	of Storms	86		80	24
greater-jewelry-elemental-suffix	Greater jewelry elemental damage	suffix	amul	16	early	50	65	61	4	93	of Blight	85		72	12
greater-jewelry-elemental-suffix	Greater jewelry elemental damage	suffix	amul	16	mid	66	80	61	8	93	of Blight	85		72	12
greater-jewelry-elemental-suffix	Greater jewelry elemental damage	suffix	amul	16	late	81		61	12	93	of Blight	85		72	12
greater-evisceration	Greater Evisceration	suffix	amul	14	early	50	65	52	32	8	of Quality	77		61	96
greater-evisceration	Greater Evisceration	suffix	amul	14	mid	66	80	52	64	8	of Quality	77		61	96
greater-evisceration	Greater Evisceration	suffix	amul	14	late	81		52	96	8	of Quality	77		61	96
greater-transcendence	Greater Transcendence	suffix	amul	15	early	50	65	62	11	45	of Performance	81		73	32
greater-transcendence	Greater Transcendence	suffix	amul	15	mid	66	80	62	21	45	of Performance	81		73	32
greater-transcendence	Greater Transcendence	suffix	amul	15	late	81		62	32	45	of Performance	81		73	32
greater-perfection	Greater Perfection	suffix	amul	17	early	50	65	54	12	207	of Nirvana	72		64	36
greater-perfection	Greater Perfection	suffix	amul	17	mid	66	80	54	24	207	of Nirvana	72		64	36
greater-perfection	Greater Perfection	suffix	amul	17	late	81		54	36	207	of Nirvana	72		64	36
greater-regeneration	Greater Regeneration	suffix	amul	19	early	50	65	26	16	311	of Revivification	38		30	48
greater-regeneration	Greater Regeneration	suffix	amul	19	mid	66	80	26	32	311	of Revivification	38		30	48
greater-regeneration	Greater Regeneration	suffix	amul	19	late	81		26	48	311	of Revivification	38		30	48
greater-wealth	Greater Wealth	suffix	amul	21	early	50	65	10	16	359	of Wealth	17		12	48
greater-wealth	Greater Wealth	suffix	amul	21	mid	66	80	10	32	359	of Wealth	17		12	48
greater-wealth	Greater Wealth	suffix	amul	21	late	81		10	48	359	of Wealth	17		12	48
greater-prosperity	Greater Prosperity	suffix	amul	22	early	50	65	41	16	354	of Luck	53		48	48
greater-prosperity	Greater Prosperity	suffix	amul	22	mid	66	80	41	32	354	of Luck	53		48	48
greater-prosperity	Greater Prosperity	suffix	amul	22	late	81		41	48	354	of Luck	53		48	48
greater-enlightenment	Greater Enlightenment	suffix	amul	23	early	50	65	28	12	248	of Enlightenment	41		33	36
greater-enlightenment	Greater Enlightenment	suffix	amul	23	mid	66	80	28	24	248	of Enlightenment	41		33	36
greater-enlightenment	Greater Enlightenment	suffix	amul	23	late	81		28	36	248	of Enlightenment	41		33	36
greater-vita	Greater Vita	suffix	amul	26	early	50	65	31	12	288	of the Whale	50		37	36
greater-vita	Greater Vita	suffix	amul	26	mid	66	80	31	24	288	of the Whale	50		37	36
greater-vita	Greater Vita	suffix	amul	26	late	81		31	36	288	of the Whale	50		37	36
greater-leech	Greater Lamprey/Vampire	suffix	amul	27	early	50	65	62	8	112	of the Lamprey	85		73	24
greater-leech	Greater Lamprey/Vampire	suffix	amul	27	mid	66	80	62	16	112	of the Lamprey	85		73	24
greater-leech	Greater Lamprey/Vampire	suffix	amul	27	late	81		62	24	112	of the Lamprey	85		73	24
greater-leech	Greater Lamprey/Vampire	suffix	amul	28	early	50	65	56	16	118	of the Vampire	78		66	48
greater-leech	Greater Lamprey/Vampire	suffix	amul	28	mid	66	80	56	32	118	of the Vampire	78		66	48
greater-leech	Greater Lamprey/Vampire	suffix	amul	28	late	81		56	48	118	of the Vampire	78		66	48
greater-titan	Greater Titan	suffix	amul	31	early	50	65	54	12	228	of Atlus	71		63	36
greater-titan	Greater Titan	suffix	amul	31	mid	66	80	54	24	228	of Atlus	71		63	36
greater-titan	Greater Titan	suffix	amul	31	late	81		54	36	228	of Atlus	71		63	36
greater-elephant	Greater Elephant	suffix	amul	41	early	50	65	49	8	302	of the Elephant	66		58	24
greater-elephant	Greater Elephant	suffix	amul	41	mid	66	80	49	16	302	of the Elephant	66		58	24
greater-elephant	Greater Elephant	suffix	amul	41	late	81		49	24	302	of the Elephant	66		58	24
greater-zodiac	Greater Zodiac	suffix	amul	42	early	50	65	71	4	280	of the Zodiac	86		83	12
greater-zodiac	Greater Zodiac	suffix	amul	42	mid	66	80	71	8	280	of the Zodiac	86		83	12
greater-zodiac	Greater Zodiac	suffix	amul	42	late	81		71	12	280	of the Zodiac	86		83	12
greater-elements	Greater Elements	suffix	amul	43	early	50	65	1	4	186	of the Yeti	20		1	12
greater-elements	Greater Elements	suffix	amul	43	mid	66	80	1	8	186	of the Yeti	20		1	12
greater-elements	Greater Elements	suffix	amul	43	late	81		1	12	186	of the Yeti	20		1	12
greater-elements	Greater Elements	suffix	amul	43	early	50	65	1	4	188	of the Phoenix	20		1	12
greater-elements	Greater Elements	suffix	amul	43	mid	66	80	1	8	188	of the Phoenix	20		1	12
greater-elements	Greater Elements	suffix	amul	43	late	81		1	12	188	of the Phoenix	20		1	12
greater-elements	Greater Elements	suffix	amul	43	early	50	65	1	4	190	of the Efreeti	20		1	12
greater-elements	Greater Elements	suffix	amul	43	mid	66	80	1	8	190	of the Efreeti	20		1	12
greater-elements	Greater Elements	suffix	amul	43	late	81		1	12	190	of the Efreeti	20		1	12
greater-elements	Greater Elements	suffix	amul	43	early	50	65	1	4	192	of the Cobra	20		1	12
greater-elements	Greater Elements	suffix	amul	43	mid	66	80	1	8	192	of the Cobra	20		1	12
greater-elements	Greater Elements	suffix	amul	43	late	81		1	12	192	of the Cobra	20		1	12
greater-lich	Greater Lich	suffix	amul	60	early	50	65	71	4	125	of the Lich	87		84	12
greater-lich	Greater Lich	suffix	amul	60	mid	66	80	71	8	125	of the Lich	87		84	12
greater-lich	Greater Lich	suffix	amul	60	late	81		71	12	125	of the Lich	87		84	12
greater-guarding	Greater Guarding	suffix	amul	61	early	50	65	39	20	4	of Guarding	51		46	60
greater-guarding	Greater Guarding	suffix	amul	61	mid	66	80	39	40	4	of Guarding	51		46	60
greater-guarding	Greater Guarding	suffix	amul	61	late	81		39	60	4	of Guarding	51		46	60
greater-reanimation	Greater Reanimation	suffix	amul	66	early	50	65	40	4	390	of Reanimation1	51		47	12
greater-reanimation	Greater Reanimation	suffix	amul	66	mid	66	80	40	8	390	of Reanimation1	51		47	12
greater-reanimation	Greater Reanimation	suffix	amul	66	late	81		40	12	390	of Reanimation1	51		47	12
greater-four-seasons	Greater Four Seasons	suffix	amul	67	early	50	65	64	4	201	of the Four Seasons2	87		75	12
greater-four-seasons	Greater Four Seasons	suffix	amul	67	mid	66	80	64	8	201	of the Four Seasons2	87		75	12
greater-four-seasons	Greater Four Seasons	suffix	amul	67	late	81		64	12	201	of the Four Seasons2	87		75	12
greater-balance	Greater Balance	suffix	armo	18	early	50	65	3	16	323	of Balance	5		3	48
greater-balance	Greater Balance	suffix	armo	18	mid	66	80	3	32	323	of Balance	5		3	48
greater-balance	Greater Balance	suffix	armo	18	late	81		3	48	323	of Balance	5		3	48
greater-elements	Greater Elements	suffix	armo	43	early	50	65	1	4	186	of the Yeti	20		1	12
greater-elements	Greater Elements	suffix	armo	43	mid	66	80	1	8	186	of the Yeti	20		1	12
greater-elements	Greater Elements	suffix	armo	43	late	81		1	12	186	of the Yeti	20		1	12
greater-elements	Greater Elements	suffix	armo	43	early	50	65	1	4	188	of the Phoenix	20		1	12
greater-elements	Greater Elements	suffix	armo	43	mid	66	80	1	8	188	of the Phoenix	20		1	12
greater-elements	Greater Elements	suffix	armo	43	late	81		1	12	188	of the Phoenix	20		1	12
greater-elements	Greater Elements	suffix	armo	43	early	50	65	1	4	190	of the Efreeti	20		1	12
greater-elements	Greater Elements	suffix	armo	43	mid	66	80	1	8	190	of the Efreeti	20		1	12
greater-elements	Greater Elements	suffix	armo	43	late	81		1	12	190	of the Efreeti	20		1	12
greater-elements	Greater Elements	suffix	armo	43	early	50	65	1	4	192	of the Cobra	20		1	12
greater-elements	Greater Elements	suffix	armo	43	mid	66	80	1	8	192	of the Cobra	20		1	12
greater-elements	Greater Elements	suffix	armo	43	late	81		1	12	192	of the Cobra	20		1	12
greater-four-seasons	Greater Four Seasons	suffix	armo	67	early	50	65	64	4	201	of the Four Seasons2	87		75	12
greater-four-seasons	Greater Four Seasons	suffix	armo	67	mid	66	80	64	8	201	of the Four Seasons2	87		75	12
greater-four-seasons	Greater Four Seasons	suffix	armo	67	late	81		64	12	201	of the Four Seasons2	87		75	12
greater-anima	Greater Anima	suffix	ashd	1	early	50	65	37	16	134	of Anima	51		43	48
greater-anima	Greater Anima	suffix	ashd	1	mid	66	80	37	32	134	of Anima	51		43	48
greater-anima	Greater Anima	suffix	ashd	1	late	81		37	48	134	of Anima	51		43	48
greater-negation	Greater Negation	suffix	ashd	2	early	50	65	61	16	145	of Negation	84		72	48
greater-negation	Greater Negation	suffix	ashd	2	mid	66	80	61	32	145	of Negation	84		72	48
greater-negation	Greater Negation	suffix	ashd	2	late	81		61	48	145	of Negation	84		72	48
greater-coalescence	Greater Coalescence	suffix	ashd	3	early	50	65	68	4	158	of Fire Coalescence1	87		80	12
greater-coalescence	Greater Coalescence	suffix	ashd	3	mid	66	80	68	8	158	of Fire Coalescence1	87		80	12
greater-coalescence	Greater Coalescence	suffix	ashd	3	late	81		68	12	158	of Fire Coalescence1	87		80	12
greater-coalescence	Greater Coalescence	suffix	ashd	3	early	50	65	68	4	171	of Lightning Coalescence1	87		80	12
greater-coalescence	Greater Coalescence	suffix	ashd	3	mid	66	80	68	8	171	of Lightning Coalescence1	87		80	12
greater-coalescence	Greater Coalescence	suffix	ashd	3	late	81		68	12	171	of Lightning Coalescence1	87		80	12
greater-coalescence	Greater Coalescence	suffix	ashd	3	early	50	65	68	4	184	of Chilling Coalescence1	87		80	12
greater-coalescence	Greater Coalescence	suffix	ashd	3	mid	66	80	68	8	184	of Chilling Coalescence1	87		80	12
greater-coalescence	Greater Coalescence	suffix	ashd	3	late	81		68	12	184	of Chilling Coalescence1	87		80	12
greater-thorns	Greater Thorns	suffix	ashd	6	early	50	65	53	16	340	of Thorns	67		62	48
greater-thorns	Greater Thorns	suffix	ashd	6	mid	66	80	53	32	340	of Thorns	67		62	48
greater-thorns	Greater Thorns	suffix	ashd	6	late	81		53	48	340	of Thorns	67		62	48
greater-deflecting	Greater Deflecting	suffix	ashd	8	early	50	65	7	25	374	of Deflecting	11		8	76
greater-deflecting	Greater Deflecting	suffix	ashd	8	mid	66	80	7	51	374	of Deflecting	11		8	76
greater-deflecting	Greater Deflecting	suffix	ashd	8	late	81		7	76	374	of Deflecting	11		8	76
greater-evisceration	Greater Evisceration	suffix	ashd	14	early	50	65	58	12	23	of Maiming	80		68	36
greater-evisceration	Greater Evisceration	suffix	ashd	14	mid	66	80	58	24	23	of Maiming	80		68	36
greater-evisceration	Greater Evisceration	suffix	ashd	14	late	81		58	36	23	of Maiming	80		68	36
greater-balance	Greater Balance	suffix	ashd	18	early	50	65	5	16	324	of Equilibrium	9		6	48
greater-balance	Greater Balance	suffix	ashd	18	mid	66	80	5	32	324	of Equilibrium	9		6	48
greater-balance	Greater Balance	suffix	ashd	18	late	81		5	48	324	of Equilibrium	9		6	48
greater-regeneration	Greater Regeneration	suffix	ashd	19	early	50	65	26	16	307	of Regeneration	40		30	48
greater-regeneration	Greater Regeneration	suffix	ashd	19	mid	66	80	26	32	307	of Regeneration	40		30	48
greater-regeneration	Greater Regeneration	suffix	ashd	19	late	81		26	48	307	of Regeneration	40		30	48
greater-vita	Greater Vita	suffix	ashd	26	early	50	65	57	12	294	of the Colosuss	75		67	36
greater-vita	Greater Vita	suffix	ashd	26	mid	66	80	57	24	294	of the Colosuss	75		67	36
greater-vita	Greater Vita	suffix	ashd	26	late	81		57	36	294	of the Colosuss	75		67	36
greater-titan	Greater Titan	suffix	ashd	31	early	50	65	31	12	236	of the Ox	45		37	36
greater-titan	Greater Titan	suffix	ashd	31	mid	66	80	31	24	236	of the Ox	45		37	36
greater-titan	Greater Titan	suffix	ashd	31	late	81		31	36	236	of the Ox	45		37	36
greater-elements	Greater Elements	suffix	ashd	43	early	50	65	60	8	195	of the Elements	77		71	24
greater-elements	Greater Elements	suffix	ashd	43	mid	66	80	60	16	195	of the Elements	77		71	24
greater-elements	Greater Elements	suffix	ashd	43	late	81		60	24	195	of the Elements	77		71	24
greater-four-seasons	Greater Four Seasons	suffix	ashd	67	early	50	65	64	4	201	of the Four Seasons2	87		75	12
greater-four-seasons	Greater Four Seasons	suffix	ashd	67	mid	66	80	64	8	201	of the Four Seasons2	87		75	12
greater-four-seasons	Greater Four Seasons	suffix	ashd	67	late	81		64	12	201	of the Four Seasons2	87		75	12
greater-coalescence	Greater Coalescence	suffix	aspe	3	early	50	65	68	4	158	of Fire Coalescence1	87		80	12
greater-coalescence	Greater Coalescence	suffix	aspe	3	mid	66	80	68	8	158	of Fire Coalescence1	87		80	12
greater-coalescence	Greater Coalescence	suffix	aspe	3	late	81		68	12	158	of Fire Coalescence1	87		80	12
greater-coalescence	Greater Coalescence	suffix	aspe	3	early	50	65	68	4	171	of Lightning Coalescence1	87		80	12
greater-coalescence	Greater Coalescence	suffix	aspe	3	mid	66	80	68	8	171	of Lightning Coalescence1	87		80	12
greater-coalescence	Greater Coalescence	suffix	aspe	3	late	81		68	12	171	of Lightning Coalescence1	87		80	12
greater-coalescence	Greater Coalescence	suffix	aspe	3	early	50	65	68	4	184	of Chilling Coalescence1	87		80	12
greater-coalescence	Greater Coalescence	suffix	aspe	3	mid	66	80	68	8	184	of Chilling Coalescence1	87		80	12
greater-coalescence	Greater Coalescence	suffix	aspe	3	late	81		68	12	184	of Chilling Coalescence1	87		80	12
greater-quickness	Greater Quickness	suffix	aspe	7	early	50	65	32	20	330	of Quickness	46		38	60
greater-quickness	Greater Quickness	suffix	aspe	7	mid	66	80	32	40	330	of Quickness	46		38	60
greater-quickness	Greater Quickness	suffix	aspe	7	late	81		32	60	330	of Quickness	46		38	60
greater-jewelry-elemental-suffix	Greater jewelry elemental damage	suffix	aspe	10	early	50	65	64	4	53	of Winter	80		75	12
greater-jewelry-elemental-suffix	Greater jewelry elemental damage	suffix	aspe	10	mid	66	80	64	8	53	of Winter	80		75	12
greater-jewelry-elemental-suffix	Greater jewelry elemental damage	suffix	aspe	10	late	81		64	12	53	of Winter	80		75	12
greater-jewelry-elemental-suffix	Greater jewelry elemental damage	suffix	aspe	12	early	50	65	64	4	66	of Incineration	80		75	12
greater-jewelry-elemental-suffix	Greater jewelry elemental damage	suffix	aspe	12	mid	66	80	64	8	66	of Incineration	80		75	12
greater-jewelry-elemental-suffix	Greater jewelry elemental damage	suffix	aspe	12	late	81		64	12	66	of Incineration	80		75	12
greater-jewelry-elemental-suffix	Greater jewelry elemental damage	suffix	aspe	13	early	50	65	58	4	79	of Storms	75		68	12
greater-jewelry-elemental-suffix	Greater jewelry elemental damage	suffix	aspe	13	mid	66	80	58	8	79	of Storms	75		68	12
greater-jewelry-elemental-suffix	Greater jewelry elemental damage	suffix	aspe	13	late	81		58	12	79	of Storms	75		68	12
greater-jewelry-elemental-suffix	Greater jewelry elemental damage	suffix	aspe	16	early	50	65	21	8	90	of Anthrax	33		25	24
greater-jewelry-elemental-suffix	Greater jewelry elemental damage	suffix	aspe	16	mid	66	80	21	16	90	of Anthrax	33		25	24
greater-jewelry-elemental-suffix	Greater jewelry elemental damage	suffix	aspe	16	late	81		21	24	90	of Anthrax	33		25	24
greater-evisceration	Greater Evisceration	suffix	aspe	14	early	50	65	67	29	20	of Evisceration	85		79	88
greater-evisceration	Greater Evisceration	suffix	aspe	14	mid	66	80	67	59	20	of Evisceration	85		79	88
greater-evisceration	Greater Evisceration	suffix	aspe	14	late	81		67	88	20	of Evisceration	85		79	88
greater-transcendence	Greater Transcendence	suffix	aspe	15	early	50	65	71	8	41	of Transcendence	85		83	24
greater-transcendence	Greater Transcendence	suffix	aspe	15	mid	66	80	71	16	41	of Transcendence	85		83	24
greater-transcendence	Greater Transcendence	suffix	aspe	15	late	81		71	24	41	of Transcendence	85		83	24
greater-regeneration	Greater Regeneration	suffix	aspe	19	early	50	65	44	16	308	of Regeneration	70		52	48
greater-regeneration	Greater Regeneration	suffix	aspe	19	mid	66	80	44	32	308	of Regeneration	70		52	48
greater-regeneration	Greater Regeneration	suffix	aspe	19	late	81		44	48	308	of Regeneration	70		52	48
greater-leech	Greater Lamprey/Vampire	suffix	aspe	27	early	50	65	37	28	105	of the Lamprey	55		43	84
greater-leech	Greater Lamprey/Vampire	suffix	aspe	27	mid	66	80	37	56	105	of the Lamprey	55		43	84
greater-leech	Greater Lamprey/Vampire	suffix	aspe	27	late	81		37	84	105	of the Lamprey	55		43	84
greater-leech	Greater Lamprey/Vampire	suffix	aspe	28	early	50	65	41	28	115	of the Vampire	56		48	84
greater-leech	Greater Lamprey/Vampire	suffix	aspe	28	mid	66	80	41	56	115	of the Vampire	56		48	84
greater-leech	Greater Lamprey/Vampire	suffix	aspe	28	late	81		41	84	115	of the Vampire	56		48	84
greater-titan	Greater Titan	suffix	aspe	31	early	50	65	43	12	237	of the Giant	59		51	36
greater-titan	Greater Titan	suffix	aspe	31	mid	66	80	43	24	237	of the Giant	59		51	36
greater-titan	Greater Titan	suffix	aspe	31	late	81		43	36	237	of the Giant	59		51	36
greater-zodiac	Greater Zodiac	suffix	aspe	42	early	50	65	64	4	267	of Agility2	75		75	12
greater-zodiac	Greater Zodiac	suffix	aspe	42	mid	66	80	64	8	267	of Agility2	75		75	12
greater-zodiac	Greater Zodiac	suffix	aspe	42	late	81		64	12	267	of Agility2	75		75	12
greater-zodiac	Greater Zodiac	suffix	aspe	42	early	50	65	64	4	270	of Power2	75		75	12
greater-zodiac	Greater Zodiac	suffix	aspe	42	mid	66	80	64	8	270	of Power2	75		75	12
greater-zodiac	Greater Zodiac	suffix	aspe	42	late	81		64	12	270	of Power2	75		75	12
greater-zodiac	Greater Zodiac	suffix	aspe	42	early	50	65	64	4	273	of Endurance2	75		75	12
greater-zodiac	Greater Zodiac	suffix	aspe	42	mid	66	80	64	8	273	of Endurance2	75		75	12
greater-zodiac	Greater Zodiac	suffix	aspe	42	late	81		64	12	273	of Endurance2	75		75	12
greater-zodiac	Greater Zodiac	suffix	aspe	42	early	50	65	64	4	276	of Spirit2	75		75	12
greater-zodiac	Greater Zodiac	suffix	aspe	42	mid	66	80	64	8	276	of Spirit2	75		75	12
greater-zodiac	Greater Zodiac	suffix	aspe	42	late	81		64	12	276	of Spirit2	75		75	12
greater-paralysis	Greater Paralysis	suffix	aspe	64	early	50	65	48	8	386	Paralysis1	62		56	24
greater-paralysis	Greater Paralysis	suffix	aspe	64	mid	66	80	48	16	386	Paralysis1	62		56	24
greater-paralysis	Greater Paralysis	suffix	aspe	64	late	81		48	24	386	Paralysis1	62		56	24
greater-blindness	Greater Blindness	suffix	aspe	65	early	50	65	48	4	389	of Blindness1	61		57	12
greater-blindness	Greater Blindness	suffix	aspe	65	mid	66	80	48	8	389	of Blindness1	61		57	12
greater-blindness	Greater Blindness	suffix	aspe	65	late	81		48	12	389	of Blindness1	61		57	12
greater-reanimation	Greater Reanimation	suffix	aspe	66	early	50	65	40	4	390	of Reanimation1	51		47	12
greater-reanimation	Greater Reanimation	suffix	aspe	66	mid	66	80	40	8	390	of Reanimation1	51		47	12
greater-reanimation	Greater Reanimation	suffix	aspe	66	late	81		40	12	390	of Reanimation1	51		47	12
greater-four-seasons	Greater Four Seasons	suffix	aspe	67	early	50	65	64	8	317	of the Soul2	75		75	24
greater-four-seasons	Greater Four Seasons	suffix	aspe	67	mid	66	80	64	16	317	of the Soul2	75		75	24
greater-four-seasons	Greater Four Seasons	suffix	aspe	67	late	81		64	24	317	of the Soul2	75		75	24
greater-draining	Greater Draining	suffix	aspe	80	early	50	65	17	1	625	of Siphoning	20		20	2
greater-draining	Greater Draining	suffix	aspe	80	mid	66	80	17	1	625	of Siphoning	20		20	2
greater-draining	Greater Draining	suffix	aspe	80	late	81		17	2	625	of Siphoning	20		20	2
greater-coalescence	Greater Coalescence	suffix	axe	3	early	50	65	68	4	158	of Fire Coalescence1	87		80	12
greater-coalescence	Greater Coalescence	suffix	axe	3	mid	66	80	68	8	158	of Fire Coalescence1	87		80	12
greater-coalescence	Greater Coalescence	suffix	axe	3	late	81		68	12	158	of Fire Coalescence1	87		80	12
greater-coalescence	Greater Coalescence	suffix	axe	3	early	50	65	68	4	171	of Lightning Coalescence1	87		80	12
greater-coalescence	Greater Coalescence	suffix	axe	3	mid	66	80	68	8	171	of Lightning Coalescence1	87		80	12
greater-coalescence	Greater Coalescence	suffix	axe	3	late	81		68	12	171	of Lightning Coalescence1	87		80	12
greater-coalescence	Greater Coalescence	suffix	axe	3	early	50	65	68	4	184	of Chilling Coalescence1	87		80	12
greater-coalescence	Greater Coalescence	suffix	axe	3	mid	66	80	68	8	184	of Chilling Coalescence1	87		80	12
greater-coalescence	Greater Coalescence	suffix	axe	3	late	81		68	12	184	of Chilling Coalescence1	87		80	12
greater-quickness	Greater Quickness	suffix	axe	7	early	50	65	32	20	330	of Quickness	46		38	60
greater-quickness	Greater Quickness	suffix	axe	7	mid	66	80	32	40	330	of Quickness	46		38	60
greater-quickness	Greater Quickness	suffix	axe	7	late	81		32	60	330	of Quickness	46		38	60
greater-jewelry-elemental-suffix	Greater jewelry elemental damage	suffix	axe	10	early	50	65	64	4	53	of Winter	80		75	12
greater-jewelry-elemental-suffix	Greater jewelry elemental damage	suffix	axe	10	mid	66	80	64	8	53	of Winter	80		75	12
greater-jewelry-elemental-suffix	Greater jewelry elemental damage	suffix	axe	10	late	81		64	12	53	of Winter	80		75	12
greater-jewelry-elemental-suffix	Greater jewelry elemental damage	suffix	axe	12	early	50	65	64	4	66	of Incineration	80		75	12
greater-jewelry-elemental-suffix	Greater jewelry elemental damage	suffix	axe	12	mid	66	80	64	8	66	of Incineration	80		75	12
greater-jewelry-elemental-suffix	Greater jewelry elemental damage	suffix	axe	12	late	81		64	12	66	of Incineration	80		75	12
greater-jewelry-elemental-suffix	Greater jewelry elemental damage	suffix	axe	13	early	50	65	58	4	79	of Storms	75		68	12
greater-jewelry-elemental-suffix	Greater jewelry elemental damage	suffix	axe	13	mid	66	80	58	8	79	of Storms	75		68	12
greater-jewelry-elemental-suffix	Greater jewelry elemental damage	suffix	axe	13	late	81		58	12	79	of Storms	75		68	12
greater-jewelry-elemental-suffix	Greater jewelry elemental damage	suffix	axe	16	early	50	65	21	8	90	of Anthrax	33		25	24
greater-jewelry-elemental-suffix	Greater jewelry elemental damage	suffix	axe	16	mid	66	80	21	16	90	of Anthrax	33		25	24
greater-jewelry-elemental-suffix	Greater jewelry elemental damage	suffix	axe	16	late	81		21	24	90	of Anthrax	33		25	24
greater-evisceration	Greater Evisceration	suffix	axe	14	early	50	65	67	29	20	of Evisceration	85		79	88
greater-evisceration	Greater Evisceration	suffix	axe	14	mid	66	80	67	59	20	of Evisceration	85		79	88
greater-evisceration	Greater Evisceration	suffix	axe	14	late	81		67	88	20	of Evisceration	85		79	88
greater-transcendence	Greater Transcendence	suffix	axe	15	early	50	65	71	8	41	of Transcendence	85		83	24
greater-transcendence	Greater Transcendence	suffix	axe	15	mid	66	80	71	16	41	of Transcendence	85		83	24
greater-transcendence	Greater Transcendence	suffix	axe	15	late	81		71	24	41	of Transcendence	85		83	24
greater-regeneration	Greater Regeneration	suffix	axe	19	early	50	65	44	16	308	of Regeneration	70		52	48
greater-regeneration	Greater Regeneration	suffix	axe	19	mid	66	80	44	32	308	of Regeneration	70		52	48
greater-regeneration	Greater Regeneration	suffix	axe	19	late	81		44	48	308	of Regeneration	70		52	48
greater-leech	Greater Lamprey/Vampire	suffix	axe	27	early	50	65	37	28	105	of the Lamprey	55		43	84
greater-leech	Greater Lamprey/Vampire	suffix	axe	27	mid	66	80	37	56	105	of the Lamprey	55		43	84
greater-leech	Greater Lamprey/Vampire	suffix	axe	27	late	81		37	84	105	of the Lamprey	55		43	84
greater-leech	Greater Lamprey/Vampire	suffix	axe	28	early	50	65	41	28	115	of the Vampire	56		48	84
greater-leech	Greater Lamprey/Vampire	suffix	axe	28	mid	66	80	41	56	115	of the Vampire	56		48	84
greater-leech	Greater Lamprey/Vampire	suffix	axe	28	late	81		41	84	115	of the Vampire	56		48	84
greater-titan	Greater Titan	suffix	axe	31	early	50	65	43	12	237	of the Giant	59		51	36
greater-titan	Greater Titan	suffix	axe	31	mid	66	80	43	24	237	of the Giant	59		51	36
greater-titan	Greater Titan	suffix	axe	31	late	81		43	36	237	of the Giant	59		51	36
greater-zodiac	Greater Zodiac	suffix	axe	42	early	50	65	64	4	267	of Agility2	75		75	12
greater-zodiac	Greater Zodiac	suffix	axe	42	mid	66	80	64	8	267	of Agility2	75		75	12
greater-zodiac	Greater Zodiac	suffix	axe	42	late	81		64	12	267	of Agility2	75		75	12
greater-zodiac	Greater Zodiac	suffix	axe	42	early	50	65	64	4	270	of Power2	75		75	12
greater-zodiac	Greater Zodiac	suffix	axe	42	mid	66	80	64	8	270	of Power2	75		75	12
greater-zodiac	Greater Zodiac	suffix	axe	42	late	81		64	12	270	of Power2	75		75	12
greater-zodiac	Greater Zodiac	suffix	axe	42	early	50	65	64	4	273	of Endurance2	75		75	12
greater-zodiac	Greater Zodiac	suffix	axe	42	mid	66	80	64	8	273	of Endurance2	75		75	12
greater-zodiac	Greater Zodiac	suffix	axe	42	late	81		64	12	273	of Endurance2	75		75	12
greater-zodiac	Greater Zodiac	suffix	axe	42	early	50	65	64	4	276	of Spirit2	75		75	12
greater-zodiac	Greater Zodiac	suffix	axe	42	mid	66	80	64	8	276	of Spirit2	75		75	12
greater-zodiac	Greater Zodiac	suffix	axe	42	late	81		64	12	276	of Spirit2	75		75	12
greater-paralysis	Greater Paralysis	suffix	axe	64	early	50	65	48	8	386	Paralysis1	62		56	24
greater-paralysis	Greater Paralysis	suffix	axe	64	mid	66	80	48	16	386	Paralysis1	62		56	24
greater-paralysis	Greater Paralysis	suffix	axe	64	late	81		48	24	386	Paralysis1	62		56	24
greater-blindness	Greater Blindness	suffix	axe	65	early	50	65	48	4	389	of Blindness1	61		57	12
greater-blindness	Greater Blindness	suffix	axe	65	mid	66	80	48	8	389	of Blindness1	61		57	12
greater-blindness	Greater Blindness	suffix	axe	65	late	81		48	12	389	of Blindness1	61		57	12
greater-reanimation	Greater Reanimation	suffix	axe	66	early	50	65	40	4	390	of Reanimation1	51		47	12
greater-reanimation	Greater Reanimation	suffix	axe	66	mid	66	80	40	8	390	of Reanimation1	51		47	12
greater-reanimation	Greater Reanimation	suffix	axe	66	late	81		40	12	390	of Reanimation1	51		47	12
greater-four-seasons	Greater Four Seasons	suffix	axe	67	early	50	65	64	8	317	of the Soul2	75		75	24
greater-four-seasons	Greater Four Seasons	suffix	axe	67	mid	66	80	64	16	317	of the Soul2	75		75	24
greater-four-seasons	Greater Four Seasons	suffix	axe	67	late	81		64	24	317	of the Soul2	75		75	24
greater-draining	Greater Draining	suffix	axe	80	early	50	65	17	1	625	of Siphoning	20		20	2
greater-draining	Greater Draining	suffix	axe	80	mid	66	80	17	1	625	of Siphoning	20		20	2
greater-draining	Greater Draining	suffix	axe	80	late	81		17	2	625	of Siphoning	20		20	2
greater-thorns	Greater Thorns	suffix	belt	6	early	50	65	47	8	344	of Swords	65		55	24
greater-thorns	Greater Thorns	suffix	belt	6	mid	66	80	47	16	344	of Swords	65		55	24
greater-thorns	Greater Thorns	suffix	belt	6	late	81		47	24	344	of Swords	65		55	24
greater-jewelry-elemental-suffix	Greater jewelry elemental damage	suffix	belt	10	early	50	65	69	8	57	of the Glacier	85		81	24
greater-jewelry-elemental-suffix	Greater jewelry elemental damage	suffix	belt	10	mid	66	80	69	16	57	of the Glacier	85		81	24
greater-jewelry-elemental-suffix	Greater jewelry elemental damage	suffix	belt	10	late	81		69	24	57	of the Glacier	85		81	24
greater-balance	Greater Balance	suffix	belt	18	early	50	65	11	16	325	of Stability	18		13	48
greater-balance	Greater Balance	suffix	belt	18	mid	66	80	11	32	325	of Stability	18		13	48
greater-balance	Greater Balance	suffix	belt	18	late	81		11	48	325	of Stability	18		13	48
greater-regeneration	Greater Regeneration	suffix	belt	19	early	50	65	35	16	310	of Regrowth	55		41	48
greater-regeneration	Greater Regeneration	suffix	belt	19	mid	66	80	35	32	310	of Regrowth	55		41	48
greater-regeneration	Greater Regeneration	suffix	belt	19	late	81		35	48	310	of Regrowth	55		41	48
greater-wealth	Greater Wealth	suffix	belt	21	early	50	65	10	16	359	of Wealth	17		12	48
greater-wealth	Greater Wealth	suffix	belt	21	mid	66	80	10	32	359	of Wealth	17		12	48
greater-wealth	Greater Wealth	suffix	belt	21	late	81		10	48	359	of Wealth	17		12	48
greater-vita	Greater Vita	suffix	belt	26	early	50	65	31	12	288	of the Whale	50		37	36
greater-vita	Greater Vita	suffix	belt	26	mid	66	80	31	24	288	of the Whale	50		37	36
greater-vita	Greater Vita	suffix	belt	26	late	81		31	36	288	of the Whale	50		37	36
greater-titan	Greater Titan	suffix	belt	31	early	50	65	54	12	228	of Atlus	71		63	36
greater-titan	Greater Titan	suffix	belt	31	mid	66	80	54	24	228	of Atlus	71		63	36
greater-titan	Greater Titan	suffix	belt	31	late	81		54	36	228	of Atlus	71		63	36
greater-zodiac	Greater Zodiac	suffix	belt	42	early	50	65	1	4	263	of Power	1		1	12
greater-zodiac	Greater Zodiac	suffix	belt	42	mid	66	80	1	8	263	of Power	1		1	12
greater-zodiac	Greater Zodiac	suffix	belt	42	late	81		1	12	263	of Power	1		1	12
greater-elements	Greater Elements	suffix	belt	43	early	50	65	1	4	186	of the Yeti	20		1	12
greater-elements	Greater Elements	suffix	belt	43	mid	66	80	1	8	186	of the Yeti	20		1	12
greater-elements	Greater Elements	suffix	belt	43	late	81		1	12	186	of the Yeti	20		1	12
greater-elements	Greater Elements	suffix	belt	43	early	50	65	1	4	188	of the Phoenix	20		1	12
greater-elements	Greater Elements	suffix	belt	43	mid	66	80	1	8	188	of the Phoenix	20		1	12
greater-elements	Greater Elements	suffix	belt	43	late	81		1	12	188	of the Phoenix	20		1	12
greater-elements	Greater Elements	suffix	belt	43	early	50	65	1	4	190	of the Efreeti	20		1	12
greater-elements	Greater Elements	suffix	belt	43	mid	66	80	1	8	190	of the Efreeti	20		1	12
greater-elements	Greater Elements	suffix	belt	43	late	81		1	12	190	of the Efreeti	20		1	12
greater-elements	Greater Elements	suffix	belt	43	early	50	65	1	4	192	of the Cobra	20		1	12
greater-elements	Greater Elements	suffix	belt	43	mid	66	80	1	8	192	of the Cobra	20		1	12
greater-elements	Greater Elements	suffix	belt	43	late	81		1	12	192	of the Cobra	20		1	12
greater-four-seasons	Greater Four Seasons	suffix	belt	67	early	50	65	64	4	201	of the Four Seasons2	87		75	12
greater-four-seasons	Greater Four Seasons	suffix	belt	67	mid	66	80	64	8	201	of the Four Seasons2	87		75	12
greater-four-seasons	Greater Four Seasons	suffix	belt	67	late	81		64	12	201	of the Four Seasons2	87		75	12
greater-coalescence	Greater Coalescence	suffix	blde	3	early	50	65	68	4	158	of Fire Coalescence1	87		80	12
greater-coalescence	Greater Coalescence	suffix	blde	3	mid	66	80	68	8	158	of Fire Coalescence1	87		80	12
greater-coalescence	Greater Coalescence	suffix	blde	3	late	81		68	12	158	of Fire Coalescence1	87		80	12
greater-coalescence	Greater Coalescence	suffix	blde	3	early	50	65	68	4	171	of Lightning Coalescence1	87		80	12
greater-coalescence	Greater Coalescence	suffix	blde	3	mid	66	80	68	8	171	of Lightning Coalescence1	87		80	12
greater-coalescence	Greater Coalescence	suffix	blde	3	late	81		68	12	171	of Lightning Coalescence1	87		80	12
greater-coalescence	Greater Coalescence	suffix	blde	3	early	50	65	68	4	184	of Chilling Coalescence1	87		80	12
greater-coalescence	Greater Coalescence	suffix	blde	3	mid	66	80	68	8	184	of Chilling Coalescence1	87		80	12
greater-coalescence	Greater Coalescence	suffix	blde	3	late	81		68	12	184	of Chilling Coalescence1	87		80	12
greater-quickness	Greater Quickness	suffix	blde	7	early	50	65	32	20	330	of Quickness	46		38	60
greater-quickness	Greater Quickness	suffix	blde	7	mid	66	80	32	40	330	of Quickness	46		38	60
greater-quickness	Greater Quickness	suffix	blde	7	late	81		32	60	330	of Quickness	46		38	60
greater-jewelry-elemental-suffix	Greater jewelry elemental damage	suffix	blde	10	early	50	65	64	4	53	of Winter	80		75	12
greater-jewelry-elemental-suffix	Greater jewelry elemental damage	suffix	blde	10	mid	66	80	64	8	53	of Winter	80		75	12
greater-jewelry-elemental-suffix	Greater jewelry elemental damage	suffix	blde	10	late	81		64	12	53	of Winter	80		75	12
greater-jewelry-elemental-suffix	Greater jewelry elemental damage	suffix	blde	12	early	50	65	64	4	66	of Incineration	80		75	12
greater-jewelry-elemental-suffix	Greater jewelry elemental damage	suffix	blde	12	mid	66	80	64	8	66	of Incineration	80		75	12
greater-jewelry-elemental-suffix	Greater jewelry elemental damage	suffix	blde	12	late	81		64	12	66	of Incineration	80		75	12
greater-jewelry-elemental-suffix	Greater jewelry elemental damage	suffix	blde	13	early	50	65	58	4	79	of Storms	75		68	12
greater-jewelry-elemental-suffix	Greater jewelry elemental damage	suffix	blde	13	mid	66	80	58	8	79	of Storms	75		68	12
greater-jewelry-elemental-suffix	Greater jewelry elemental damage	suffix	blde	13	late	81		58	12	79	of Storms	75		68	12
greater-jewelry-elemental-suffix	Greater jewelry elemental damage	suffix	blde	16	early	50	65	21	8	90	of Anthrax	33		25	24
greater-jewelry-elemental-suffix	Greater jewelry elemental damage	suffix	blde	16	mid	66	80	21	16	90	of Anthrax	33		25	24
greater-jewelry-elemental-suffix	Greater jewelry elemental damage	suffix	blde	16	late	81		21	24	90	of Anthrax	33		25	24
greater-evisceration	Greater Evisceration	suffix	blde	14	early	50	65	67	29	20	of Evisceration	85		79	88
greater-evisceration	Greater Evisceration	suffix	blde	14	mid	66	80	67	59	20	of Evisceration	85		79	88
greater-evisceration	Greater Evisceration	suffix	blde	14	late	81		67	88	20	of Evisceration	85		79	88
greater-transcendence	Greater Transcendence	suffix	blde	15	early	50	65	71	8	41	of Transcendence	85		83	24
greater-transcendence	Greater Transcendence	suffix	blde	15	mid	66	80	71	16	41	of Transcendence	85		83	24
greater-transcendence	Greater Transcendence	suffix	blde	15	late	81		71	24	41	of Transcendence	85		83	24
greater-regeneration	Greater Regeneration	suffix	blde	19	early	50	65	44	16	308	of Regeneration	70		52	48
greater-regeneration	Greater Regeneration	suffix	blde	19	mid	66	80	44	32	308	of Regeneration	70		52	48
greater-regeneration	Greater Regeneration	suffix	blde	19	late	81		44	48	308	of Regeneration	70		52	48
greater-leech	Greater Lamprey/Vampire	suffix	blde	27	early	50	65	37	28	105	of the Lamprey	55		43	84
greater-leech	Greater Lamprey/Vampire	suffix	blde	27	mid	66	80	37	56	105	of the Lamprey	55		43	84
greater-leech	Greater Lamprey/Vampire	suffix	blde	27	late	81		37	84	105	of the Lamprey	55		43	84
greater-leech	Greater Lamprey/Vampire	suffix	blde	28	early	50	65	41	28	115	of the Vampire	56		48	84
greater-leech	Greater Lamprey/Vampire	suffix	blde	28	mid	66	80	41	56	115	of the Vampire	56		48	84
greater-leech	Greater Lamprey/Vampire	suffix	blde	28	late	81		41	84	115	of the Vampire	56		48	84
greater-titan	Greater Titan	suffix	blde	31	early	50	65	43	12	237	of the Giant	59		51	36
greater-titan	Greater Titan	suffix	blde	31	mid	66	80	43	24	237	of the Giant	59		51	36
greater-titan	Greater Titan	suffix	blde	31	late	81		43	36	237	of the Giant	59		51	36
greater-zodiac	Greater Zodiac	suffix	blde	42	early	50	65	64	4	267	of Agility2	75		75	12
greater-zodiac	Greater Zodiac	suffix	blde	42	mid	66	80	64	8	267	of Agility2	75		75	12
greater-zodiac	Greater Zodiac	suffix	blde	42	late	81		64	12	267	of Agility2	75		75	12
greater-zodiac	Greater Zodiac	suffix	blde	42	early	50	65	64	4	270	of Power2	75		75	12
greater-zodiac	Greater Zodiac	suffix	blde	42	mid	66	80	64	8	270	of Power2	75		75	12
greater-zodiac	Greater Zodiac	suffix	blde	42	late	81		64	12	270	of Power2	75		75	12
greater-zodiac	Greater Zodiac	suffix	blde	42	early	50	65	64	4	273	of Endurance2	75		75	12
greater-zodiac	Greater Zodiac	suffix	blde	42	mid	66	80	64	8	273	of Endurance2	75		75	12
greater-zodiac	Greater Zodiac	suffix	blde	42	late	81		64	12	273	of Endurance2	75		75	12
greater-zodiac	Greater Zodiac	suffix	blde	42	early	50	65	64	4	276	of Spirit2	75		75	12
greater-zodiac	Greater Zodiac	suffix	blde	42	mid	66	80	64	8	276	of Spirit2	75		75	12
greater-zodiac	Greater Zodiac	suffix	blde	42	late	81		64	12	276	of Spirit2	75		75	12
greater-paralysis	Greater Paralysis	suffix	blde	64	early	50	65	48	8	386	Paralysis1	62		56	24
greater-paralysis	Greater Paralysis	suffix	blde	64	mid	66	80	48	16	386	Paralysis1	62		56	24
greater-paralysis	Greater Paralysis	suffix	blde	64	late	81		48	24	386	Paralysis1	62		56	24
greater-blindness	Greater Blindness	suffix	blde	65	early	50	65	48	4	389	of Blindness1	61		57	12
greater-blindness	Greater Blindness	suffix	blde	65	mid	66	80	48	8	389	of Blindness1	61		57	12
greater-blindness	Greater Blindness	suffix	blde	65	late	81		48	12	389	of Blindness1	61		57	12
greater-reanimation	Greater Reanimation	suffix	blde	66	early	50	65	40	4	390	of Reanimation1	51		47	12
greater-reanimation	Greater Reanimation	suffix	blde	66	mid	66	80	40	8	390	of Reanimation1	51		47	12
greater-reanimation	Greater Reanimation	suffix	blde	66	late	81		40	12	390	of Reanimation1	51		47	12
greater-four-seasons	Greater Four Seasons	suffix	blde	67	early	50	65	64	8	317	of the Soul2	75		75	24
greater-four-seasons	Greater Four Seasons	suffix	blde	67	mid	66	80	64	16	317	of the Soul2	75		75	24
greater-four-seasons	Greater Four Seasons	suffix	blde	67	late	81		64	24	317	of the Soul2	75		75	24
greater-draining	Greater Draining	suffix	blde	80	early	50	65	17	1	625	of Siphoning	20		20	2
greater-draining	Greater Draining	suffix	blde	80	mid	66	80	17	1	625	of Siphoning	20		20	2
greater-draining	Greater Draining	suffix	blde	80	late	81		17	2	625	of Siphoning	20		20	2
greater-coalescence	Greater Coalescence	suffix	blun	3	early	50	65	68	4	158	of Fire Coalescence1	87		80	12
greater-coalescence	Greater Coalescence	suffix	blun	3	mid	66	80	68	8	158	of Fire Coalescence1	87		80	12
greater-coalescence	Greater Coalescence	suffix	blun	3	late	81		68	12	158	of Fire Coalescence1	87		80	12
greater-coalescence	Greater Coalescence	suffix	blun	3	early	50	65	68	4	171	of Lightning Coalescence1	87		80	12
greater-coalescence	Greater Coalescence	suffix	blun	3	mid	66	80	68	8	171	of Lightning Coalescence1	87		80	12
greater-coalescence	Greater Coalescence	suffix	blun	3	late	81		68	12	171	of Lightning Coalescence1	87		80	12
greater-coalescence	Greater Coalescence	suffix	blun	3	early	50	65	68	4	184	of Chilling Coalescence1	87		80	12
greater-coalescence	Greater Coalescence	suffix	blun	3	mid	66	80	68	8	184	of Chilling Coalescence1	87		80	12
greater-coalescence	Greater Coalescence	suffix	blun	3	late	81		68	12	184	of Chilling Coalescence1	87		80	12
greater-quickness	Greater Quickness	suffix	blun	7	early	50	65	32	20	330	of Quickness	46		38	60
greater-quickness	Greater Quickness	suffix	blun	7	mid	66	80	32	40	330	of Quickness	46		38	60
greater-quickness	Greater Quickness	suffix	blun	7	late	81		32	60	330	of Quickness	46		38	60
greater-jewelry-elemental-suffix	Greater jewelry elemental damage	suffix	blun	10	early	50	65	64	4	53	of Winter	80		75	12
greater-jewelry-elemental-suffix	Greater jewelry elemental damage	suffix	blun	10	mid	66	80	64	8	53	of Winter	80		75	12
greater-jewelry-elemental-suffix	Greater jewelry elemental damage	suffix	blun	10	late	81		64	12	53	of Winter	80		75	12
greater-jewelry-elemental-suffix	Greater jewelry elemental damage	suffix	blun	12	early	50	65	64	4	66	of Incineration	80		75	12
greater-jewelry-elemental-suffix	Greater jewelry elemental damage	suffix	blun	12	mid	66	80	64	8	66	of Incineration	80		75	12
greater-jewelry-elemental-suffix	Greater jewelry elemental damage	suffix	blun	12	late	81		64	12	66	of Incineration	80		75	12
greater-jewelry-elemental-suffix	Greater jewelry elemental damage	suffix	blun	13	early	50	65	58	4	79	of Storms	75		68	12
greater-jewelry-elemental-suffix	Greater jewelry elemental damage	suffix	blun	13	mid	66	80	58	8	79	of Storms	75		68	12
greater-jewelry-elemental-suffix	Greater jewelry elemental damage	suffix	blun	13	late	81		58	12	79	of Storms	75		68	12
greater-jewelry-elemental-suffix	Greater jewelry elemental damage	suffix	blun	16	early	50	65	21	8	90	of Anthrax	33		25	24
greater-jewelry-elemental-suffix	Greater jewelry elemental damage	suffix	blun	16	mid	66	80	21	16	90	of Anthrax	33		25	24
greater-jewelry-elemental-suffix	Greater jewelry elemental damage	suffix	blun	16	late	81		21	24	90	of Anthrax	33		25	24
greater-evisceration	Greater Evisceration	suffix	blun	14	early	50	65	67	29	20	of Evisceration	85		79	88
greater-evisceration	Greater Evisceration	suffix	blun	14	mid	66	80	67	59	20	of Evisceration	85		79	88
greater-evisceration	Greater Evisceration	suffix	blun	14	late	81		67	88	20	of Evisceration	85		79	88
greater-transcendence	Greater Transcendence	suffix	blun	15	early	50	65	71	8	41	of Transcendence	85		83	24
greater-transcendence	Greater Transcendence	suffix	blun	15	mid	66	80	71	16	41	of Transcendence	85		83	24
greater-transcendence	Greater Transcendence	suffix	blun	15	late	81		71	24	41	of Transcendence	85		83	24
greater-regeneration	Greater Regeneration	suffix	blun	19	early	50	65	44	16	308	of Regeneration	70		52	48
greater-regeneration	Greater Regeneration	suffix	blun	19	mid	66	80	44	32	308	of Regeneration	70		52	48
greater-regeneration	Greater Regeneration	suffix	blun	19	late	81		44	48	308	of Regeneration	70		52	48
greater-leech	Greater Lamprey/Vampire	suffix	blun	27	early	50	65	37	28	105	of the Lamprey	55		43	84
greater-leech	Greater Lamprey/Vampire	suffix	blun	27	mid	66	80	37	56	105	of the Lamprey	55		43	84
greater-leech	Greater Lamprey/Vampire	suffix	blun	27	late	81		37	84	105	of the Lamprey	55		43	84
greater-leech	Greater Lamprey/Vampire	suffix	blun	28	early	50	65	41	28	115	of the Vampire	56		48	84
greater-leech	Greater Lamprey/Vampire	suffix	blun	28	mid	66	80	41	56	115	of the Vampire	56		48	84
greater-leech	Greater Lamprey/Vampire	suffix	blun	28	late	81		41	84	115	of the Vampire	56		48	84
greater-zodiac	Greater Zodiac	suffix	blun	42	early	50	65	64	4	267	of Agility2	75		75	12
greater-zodiac	Greater Zodiac	suffix	blun	42	mid	66	80	64	8	267	of Agility2	75		75	12
greater-zodiac	Greater Zodiac	suffix	blun	42	late	81		64	12	267	of Agility2	75		75	12
greater-zodiac	Greater Zodiac	suffix	blun	42	early	50	65	64	4	270	of Power2	75		75	12
greater-zodiac	Greater Zodiac	suffix	blun	42	mid	66	80	64	8	270	of Power2	75		75	12
greater-zodiac	Greater Zodiac	suffix	blun	42	late	81		64	12	270	of Power2	75		75	12
greater-zodiac	Greater Zodiac	suffix	blun	42	early	50	65	64	4	273	of Endurance2	75		75	12
greater-zodiac	Greater Zodiac	suffix	blun	42	mid	66	80	64	8	273	of Endurance2	75		75	12
greater-zodiac	Greater Zodiac	suffix	blun	42	late	81		64	12	273	of Endurance2	75		75	12
greater-zodiac	Greater Zodiac	suffix	blun	42	early	50	65	64	4	276	of Spirit2	75		75	12
greater-zodiac	Greater Zodiac	suffix	blun	42	mid	66	80	64	8	276	of Spirit2	75		75	12
greater-zodiac	Greater Zodiac	suffix	blun	42	late	81		64	12	276	of Spirit2	75		75	12
greater-paralysis	Greater Paralysis	suffix	blun	64	early	50	65	48	8	386	Paralysis1	62		56	24
greater-paralysis	Greater Paralysis	suffix	blun	64	mid	66	80	48	16	386	Paralysis1	62		56	24
greater-paralysis	Greater Paralysis	suffix	blun	64	late	81		48	24	386	Paralysis1	62		56	24
greater-blindness	Greater Blindness	suffix	blun	65	early	50	65	48	4	389	of Blindness1	61		57	12
greater-blindness	Greater Blindness	suffix	blun	65	mid	66	80	48	8	389	of Blindness1	61		57	12
greater-blindness	Greater Blindness	suffix	blun	65	late	81		48	12	389	of Blindness1	61		57	12
greater-reanimation	Greater Reanimation	suffix	blun	66	early	50	65	40	4	390	of Reanimation1	51		47	12
greater-reanimation	Greater Reanimation	suffix	blun	66	mid	66	80	40	8	390	of Reanimation1	51		47	12
greater-reanimation	Greater Reanimation	suffix	blun	66	late	81		40	12	390	of Reanimation1	51		47	12
greater-four-seasons	Greater Four Seasons	suffix	blun	67	early	50	65	64	8	317	of the Soul2	75		75	24
greater-four-seasons	Greater Four Seasons	suffix	blun	67	mid	66	80	64	16	317	of the Soul2	75		75	24
greater-four-seasons	Greater Four Seasons	suffix	blun	67	late	81		64	24	317	of the Soul2	75		75	24
greater-draining	Greater Draining	suffix	blun	80	early	50	65	17	1	625	of Siphoning	20		20	2
greater-draining	Greater Draining	suffix	blun	80	mid	66	80	17	1	625	of Siphoning	20		20	2
greater-draining	Greater Draining	suffix	blun	80	late	81		17	2	625	of Siphoning	20		20	2
greater-jewelry-elemental-suffix	Greater jewelry elemental damage	suffix	boot	13	early	50	65	68	8	83	of Storms	86		80	24
greater-jewelry-elemental-suffix	Greater jewelry elemental damage	suffix	boot	13	mid	66	80	68	16	83	of Storms	86		80	24
greater-jewelry-elemental-suffix	Greater jewelry elemental damage	suffix	boot	13	late	81		68	24	83	of Storms	86		80	24
greater-perfection	Greater Perfection	suffix	boot	17	early	50	65	64	12	222	of Perfection	80		75	36
greater-perfection	Greater Perfection	suffix	boot	17	mid	66	80	64	24	222	of Perfection	80		75	36
greater-perfection	Greater Perfection	suffix	boot	17	late	81		64	36	222	of Perfection	80		75	36
greater-balance	Greater Balance	suffix	boot	18	early	50	65	3	16	323	of Balance	5		3	48
greater-balance	Greater Balance	suffix	boot	18	mid	66	80	3	32	323	of Balance	5		3	48
greater-balance	Greater Balance	suffix	boot	18	late	81		3	48	323	of Balance	5		3	48
greater-regeneration	Greater Regeneration	suffix	boot	19	early	50	65	44	16	308	of Regeneration	70		52	48
greater-regeneration	Greater Regeneration	suffix	boot	19	mid	66	80	44	32	308	of Regeneration	70		52	48
greater-regeneration	Greater Regeneration	suffix	boot	19	late	81		44	48	308	of Regeneration	70		52	48
greater-wealth	Greater Wealth	suffix	boot	21	early	50	65	10	16	359	of Wealth	17		12	48
greater-wealth	Greater Wealth	suffix	boot	21	mid	66	80	10	32	359	of Wealth	17		12	48
greater-wealth	Greater Wealth	suffix	boot	21	late	81		10	48	359	of Wealth	17		12	48
greater-prosperity	Greater Prosperity	suffix	boot	22	early	50	65	26	16	353	of Luck	36		31	48
greater-prosperity	Greater Prosperity	suffix	boot	22	mid	66	80	26	32	353	of Luck	36		31	48
greater-prosperity	Greater Prosperity	suffix	boot	22	late	81		26	48	353	of Luck	36		31	48
greater-inertia	Greater Inertia	suffix	boot	35	early	50	65	48	16	321	of Traveling	65		57	48
greater-inertia	Greater Inertia	suffix	boot	35	mid	66	80	48	32	321	of Traveling	65		57	48
greater-inertia	Greater Inertia	suffix	boot	35	late	81		48	48	321	of Traveling	65		57	48
greater-zodiac	Greater Zodiac	suffix	boot	42	early	50	65	64	4	267	of Agility2	75		75	12
greater-zodiac	Greater Zodiac	suffix	boot	42	mid	66	80	64	8	267	of Agility2	75		75	12
greater-zodiac	Greater Zodiac	suffix	boot	42	late	81		64	12	267	of Agility2	75		75	12
greater-elements	Greater Elements	suffix	boot	43	early	50	65	1	4	186	of the Yeti	20		1	12
greater-elements	Greater Elements	suffix	boot	43	mid	66	80	1	8	186	of the Yeti	20		1	12
greater-elements	Greater Elements	suffix	boot	43	late	81		1	12	186	of the Yeti	20		1	12
greater-elements	Greater Elements	suffix	boot	43	early	50	65	1	4	188	of the Phoenix	20		1	12
greater-elements	Greater Elements	suffix	boot	43	mid	66	80	1	8	188	of the Phoenix	20		1	12
greater-elements	Greater Elements	suffix	boot	43	late	81		1	12	188	of the Phoenix	20		1	12
greater-elements	Greater Elements	suffix	boot	43	early	50	65	1	4	190	of the Efreeti	20		1	12
greater-elements	Greater Elements	suffix	boot	43	mid	66	80	1	8	190	of the Efreeti	20		1	12
greater-elements	Greater Elements	suffix	boot	43	late	81		1	12	190	of the Efreeti	20		1	12
greater-elements	Greater Elements	suffix	boot	43	early	50	65	1	4	192	of the Cobra	20		1	12
greater-elements	Greater Elements	suffix	boot	43	mid	66	80	1	8	192	of the Cobra	20		1	12
greater-elements	Greater Elements	suffix	boot	43	late	81		1	12	192	of the Cobra	20		1	12
greater-four-seasons	Greater Four Seasons	suffix	boot	67	early	50	65	64	4	201	of the Four Seasons2	87		75	12
greater-four-seasons	Greater Four Seasons	suffix	boot	67	mid	66	80	64	8	201	of the Four Seasons2	87		75	12
greater-four-seasons	Greater Four Seasons	suffix	boot	67	late	81		64	12	201	of the Four Seasons2	87		75	12
greater-coalescence	Greater Coalescence	suffix	bow	3	early	50	65	68	4	158	of Fire Coalescence1	87		80	12
greater-coalescence	Greater Coalescence	suffix	bow	3	mid	66	80	68	8	158	of Fire Coalescence1	87		80	12
greater-coalescence	Greater Coalescence	suffix	bow	3	late	81		68	12	158	of Fire Coalescence1	87		80	12
greater-coalescence	Greater Coalescence	suffix	bow	3	early	50	65	68	4	171	of Lightning Coalescence1	87		80	12
greater-coalescence	Greater Coalescence	suffix	bow	3	mid	66	80	68	8	171	of Lightning Coalescence1	87		80	12
greater-coalescence	Greater Coalescence	suffix	bow	3	late	81		68	12	171	of Lightning Coalescence1	87		80	12
greater-coalescence	Greater Coalescence	suffix	bow	3	early	50	65	68	4	184	of Chilling Coalescence1	87		80	12
greater-coalescence	Greater Coalescence	suffix	bow	3	mid	66	80	68	8	184	of Chilling Coalescence1	87		80	12
greater-coalescence	Greater Coalescence	suffix	bow	3	late	81		68	12	184	of Chilling Coalescence1	87		80	12
greater-quickness	Greater Quickness	suffix	bow	7	early	50	65	14	24	328	of Alacrity	25		17	72
greater-quickness	Greater Quickness	suffix	bow	7	mid	66	80	14	48	328	of Alacrity	25		17	72
greater-quickness	Greater Quickness	suffix	bow	7	late	81		14	72	328	of Alacrity	25		17	72
greater-jewelry-elemental-suffix	Greater jewelry elemental damage	suffix	bow	10	early	50	65	64	4	53	of Winter	80		75	12
greater-jewelry-elemental-suffix	Greater jewelry elemental damage	suffix	bow	10	mid	66	80	64	8	53	of Winter	80		75	12
greater-jewelry-elemental-suffix	Greater jewelry elemental damage	suffix	bow	10	late	81		64	12	53	of Winter	80		75	12
greater-jewelry-elemental-suffix	Greater jewelry elemental damage	suffix	bow	12	early	50	65	64	4	66	of Incineration	80		75	12
greater-jewelry-elemental-suffix	Greater jewelry elemental damage	suffix	bow	12	mid	66	80	64	8	66	of Incineration	80		75	12
greater-jewelry-elemental-suffix	Greater jewelry elemental damage	suffix	bow	12	late	81		64	12	66	of Incineration	80		75	12
greater-jewelry-elemental-suffix	Greater jewelry elemental damage	suffix	bow	13	early	50	65	58	4	79	of Storms	75		68	12
greater-jewelry-elemental-suffix	Greater jewelry elemental damage	suffix	bow	13	mid	66	80	58	8	79	of Storms	75		68	12
greater-jewelry-elemental-suffix	Greater jewelry elemental damage	suffix	bow	13	late	81		58	12	79	of Storms	75		68	12
greater-jewelry-elemental-suffix	Greater jewelry elemental damage	suffix	bow	16	early	50	65	21	8	90	of Anthrax	33		25	24
greater-jewelry-elemental-suffix	Greater jewelry elemental damage	suffix	bow	16	mid	66	80	21	16	90	of Anthrax	33		25	24
greater-jewelry-elemental-suffix	Greater jewelry elemental damage	suffix	bow	16	late	81		21	24	90	of Anthrax	33		25	24
greater-evisceration	Greater Evisceration	suffix	bow	14	early	50	65	67	29	20	of Evisceration	85		79	88
greater-evisceration	Greater Evisceration	suffix	bow	14	mid	66	80	67	59	20	of Evisceration	85		79	88
greater-evisceration	Greater Evisceration	suffix	bow	14	late	81		67	88	20	of Evisceration	85		79	88
greater-transcendence	Greater Transcendence	suffix	bow	15	early	50	65	71	8	41	of Transcendence	85		83	24
greater-transcendence	Greater Transcendence	suffix	bow	15	mid	66	80	71	16	41	of Transcendence	85		83	24
greater-transcendence	Greater Transcendence	suffix	bow	15	late	81		71	24	41	of Transcendence	85		83	24
greater-perfection	Greater Perfection	suffix	bow	17	early	50	65	54	12	207	of Nirvana	72		64	36
greater-perfection	Greater Perfection	suffix	bow	17	mid	66	80	54	24	207	of Nirvana	72		64	36
greater-perfection	Greater Perfection	suffix	bow	17	late	81		54	36	207	of Nirvana	72		64	36
greater-regeneration	Greater Regeneration	suffix	bow	19	early	50	65	44	16	308	of Regeneration	70		52	48
greater-regeneration	Greater Regeneration	suffix	bow	19	mid	66	80	44	32	308	of Regeneration	70		52	48
greater-regeneration	Greater Regeneration	suffix	bow	19	late	81		44	48	308	of Regeneration	70		52	48
greater-leech	Greater Lamprey/Vampire	suffix	bow	27	early	50	65	13	28	104	of the Locust	20		15	84
greater-leech	Greater Lamprey/Vampire	suffix	bow	27	mid	66	80	13	56	104	of the Locust	20		15	84
greater-leech	Greater Lamprey/Vampire	suffix	bow	27	late	81		13	84	104	of the Locust	20		15	84
greater-leech	Greater Lamprey/Vampire	suffix	bow	28	early	50	65	14	28	114	of the Wraith	21		16	84
greater-leech	Greater Lamprey/Vampire	suffix	bow	28	mid	66	80	14	56	114	of the Wraith	21		16	84
greater-leech	Greater Lamprey/Vampire	suffix	bow	28	late	81		14	84	114	of the Wraith	21		16	84
greater-zodiac	Greater Zodiac	suffix	bow	42	early	50	65	64	4	267	of Agility2	75		75	12
greater-zodiac	Greater Zodiac	suffix	bow	42	mid	66	80	64	8	267	of Agility2	75		75	12
greater-zodiac	Greater Zodiac	suffix	bow	42	late	81		64	12	267	of Agility2	75		75	12
greater-zodiac	Greater Zodiac	suffix	bow	42	early	50	65	64	4	270	of Power2	75		75	12
greater-zodiac	Greater Zodiac	suffix	bow	42	mid	66	80	64	8	270	of Power2	75		75	12
greater-zodiac	Greater Zodiac	suffix	bow	42	late	81		64	12	270	of Power2	75		75	12
greater-zodiac	Greater Zodiac	suffix	bow	42	early	50	65	64	4	273	of Endurance2	75		75	12
greater-zodiac	Greater Zodiac	suffix	bow	42	mid	66	80	64	8	273	of Endurance2	75		75	12
greater-zodiac	Greater Zodiac	suffix	bow	42	late	81		64	12	273	of Endurance2	75		75	12
greater-zodiac	Greater Zodiac	suffix	bow	42	early	50	65	64	4	276	of Spirit2	75		75	12
greater-zodiac	Greater Zodiac	suffix	bow	42	mid	66	80	64	8	276	of Spirit2	75		75	12
greater-zodiac	Greater Zodiac	suffix	bow	42	late	81		64	12	276	of Spirit2	75		75	12
greater-paralysis	Greater Paralysis	suffix	bow	64	early	50	65	48	8	386	Paralysis1	62		56	24
greater-paralysis	Greater Paralysis	suffix	bow	64	mid	66	80	48	16	386	Paralysis1	62		56	24
greater-paralysis	Greater Paralysis	suffix	bow	64	late	81		48	24	386	Paralysis1	62		56	24
greater-blindness	Greater Blindness	suffix	bow	65	early	50	65	48	4	389	of Blindness1	61		57	12
greater-blindness	Greater Blindness	suffix	bow	65	mid	66	80	48	8	389	of Blindness1	61		57	12
greater-blindness	Greater Blindness	suffix	bow	65	late	81		48	12	389	of Blindness1	61		57	12
greater-reanimation	Greater Reanimation	suffix	bow	66	early	50	65	40	4	390	of Reanimation1	51		47	12
greater-reanimation	Greater Reanimation	suffix	bow	66	mid	66	80	40	8	390	of Reanimation1	51		47	12
greater-reanimation	Greater Reanimation	suffix	bow	66	late	81		40	12	390	of Reanimation1	51		47	12
greater-four-seasons	Greater Four Seasons	suffix	bow	67	early	50	65	64	8	317	of the Soul2	75		75	24
greater-four-seasons	Greater Four Seasons	suffix	bow	67	mid	66	80	64	16	317	of the Soul2	75		75	24
greater-four-seasons	Greater Four Seasons	suffix	bow	67	late	81		64	24	317	of the Soul2	75		75	24
greater-missile-suffix	Greater missile suffixes	suffix	bowq	200	early	50	65	43	1	785	of the Swift	80		50	3
greater-missile-suffix	Greater missile suffixes	suffix	bowq	200	mid	66	80	43	2	785	of the Swift	80		50	3
greater-missile-suffix	Greater missile suffixes	suffix	bowq	200	late	81		43	3	785	of the Swift	80		50	3
greater-missile-suffix	Greater missile suffixes	suffix	bowq	201	early	50	65	43	1	788	of Slaying	80		50	3
greater-missile-suffix	Greater missile suffixes	suffix	bowq	201	mid	66	80	43	2	788	of Slaying	80		50	3
greater-missile-suffix	Greater missile suffixes	suffix	bowq	201	late	81		43	3	788	of Slaying	80		50	3
greater-missile-suffix	Greater missile suffixes	suffix	bowq	201	early	50	65	43	1	791	of Maiming	80		50	3
greater-missile-suffix	Greater missile suffixes	suffix	bowq	201	mid	66	80	43	2	791	of Maiming	80		50	3
greater-missile-suffix	Greater missile suffixes	suffix	bowq	201	late	81		43	3	791	of Maiming	80		50	3
greater-missile-suffix	Greater missile suffixes	suffix	bowq	201	early	50	65	43	1	794	of Piercing	80		50	3
greater-missile-suffix	Greater missile suffixes	suffix	bowq	201	mid	66	80	43	2	794	of Piercing	80		50	3
greater-missile-suffix	Greater missile suffixes	suffix	bowq	201	late	81		43	3	794	of Piercing	80		50	3
greater-missile-suffix	Greater missile suffixes	suffix	bowq	202	early	50	65	34	1	797	of the Vampire	80		40	3
greater-missile-suffix	Greater missile suffixes	suffix	bowq	202	mid	66	80	34	2	797	of the Vampire	80		40	3
greater-missile-suffix	Greater missile suffixes	suffix	bowq	202	late	81		34	3	797	of the Vampire	80		40	3
greater-missile-suffix	Greater missile suffixes	suffix	bowq	203	early	50	65	34	1	800	of the Bat	80		40	3
greater-missile-suffix	Greater missile suffixes	suffix	bowq	203	mid	66	80	34	2	800	of the Bat	80		40	3
greater-missile-suffix	Greater missile suffixes	suffix	bowq	203	late	81		34	3	800	of the Bat	80		40	3
greater-missile-suffix	Greater missile suffixes	suffix	bowq	204	early	50	65	34	1	803	of Resistance	80		40	3
greater-missile-suffix	Greater missile suffixes	suffix	bowq	204	mid	66	80	34	2	803	of Resistance	80		40	3
greater-missile-suffix	Greater missile suffixes	suffix	bowq	204	late	81		34	3	803	of Resistance	80		40	3
greater-missile-suffix	Greater missile suffixes	suffix	bowq	204	early	50	65	34	1	806	of Resistance	80		40	3
greater-missile-suffix	Greater missile suffixes	suffix	bowq	204	mid	66	80	34	2	806	of Resistance	80		40	3
greater-missile-suffix	Greater missile suffixes	suffix	bowq	204	late	81		34	3	806	of Resistance	80		40	3
greater-missile-suffix	Greater missile suffixes	suffix	bowq	204	early	50	65	34	1	809	of Resistance	80		40	3
greater-missile-suffix	Greater missile suffixes	suffix	bowq	204	mid	66	80	34	2	809	of Resistance	80		40	3
greater-missile-suffix	Greater missile suffixes	suffix	bowq	204	late	81		34	3	809	of Resistance	80		40	3
greater-missile-suffix	Greater missile suffixes	suffix	bowq	204	early	50	65	34	1	812	of Resistance	80		40	3
greater-missile-suffix	Greater missile suffixes	suffix	bowq	204	mid	66	80	34	2	812	of Resistance	80		40	3
greater-missile-suffix	Greater missile suffixes	suffix	bowq	204	late	81		34	3	812	of Resistance	80		40	3
greater-missile-suffix	Greater missile suffixes	suffix	bowq	204	early	50	65	34	1	815	of Resistance	80		40	3
greater-missile-suffix	Greater missile suffixes	suffix	bowq	204	mid	66	80	34	2	815	of Resistance	80		40	3
greater-missile-suffix	Greater missile suffixes	suffix	bowq	204	late	81		34	3	815	of Resistance	80		40	3
greater-missile-suffix	Greater missile suffixes	suffix	bowq	205	early	50	65	43	1	818	of Fortune	50		50	3
greater-missile-suffix	Greater missile suffixes	suffix	bowq	205	mid	66	80	43	2	818	of Fortune	50		50	3
greater-missile-suffix	Greater missile suffixes	suffix	bowq	205	late	81		43	3	818	of Fortune	50		50	3
greater-missile-suffix	Greater missile suffixes	suffix	bowq	206	early	50	65	68	1	822	of Transcendence	85		80	1
greater-missile-suffix	Greater missile suffixes	suffix	bowq	206	mid	66	80	68	1	822	of Transcendence	85		80	1
greater-missile-suffix	Greater missile suffixes	suffix	bowq	206	late	81		68	1	822	of Transcendence	85		80	1
greater-missile-suffix	Greater missile suffixes	suffix	bowq	206	early	50	65	68	1	823	of Transcendence	85		80	1
greater-missile-suffix	Greater missile suffixes	suffix	bowq	206	mid	66	80	68	1	823	of Transcendence	85		80	1
greater-missile-suffix	Greater missile suffixes	suffix	bowq	206	late	81		68	1	823	of Transcendence	85		80	1
greater-missile-suffix	Greater missile suffixes	suffix	bowq	206	early	50	65	68	1	824	of Transcendence	85		80	1
greater-missile-suffix	Greater missile suffixes	suffix	bowq	206	mid	66	80	68	1	824	of Transcendence	85		80	1
greater-missile-suffix	Greater missile suffixes	suffix	bowq	206	late	81		68	1	824	of Transcendence	85		80	1
greater-anima	Greater Anima	suffix	circ	1	early	50	65	37	16	134	of Anima	51		43	48
greater-anima	Greater Anima	suffix	circ	1	mid	66	80	37	32	134	of Anima	51		43	48
greater-anima	Greater Anima	suffix	circ	1	late	81		37	48	134	of Anima	51		43	48
greater-negation	Greater Negation	suffix	circ	2	early	50	65	61	16	145	of Negation	84		72	48
greater-negation	Greater Negation	suffix	circ	2	mid	66	80	61	32	145	of Negation	84		72	48
greater-negation	Greater Negation	suffix	circ	2	late	81		61	48	145	of Negation	84		72	48
greater-thorns	Greater Thorns	suffix	circ	6	early	50	65	47	8	344	of Swords	65		55	24
greater-thorns	Greater Thorns	suffix	circ	6	mid	66	80	47	16	344	of Swords	65		55	24
greater-thorns	Greater Thorns	suffix	circ	6	late	81		47	24	344	of Swords	65		55	24
greater-magus	Greater Magus	suffix	circ	9	early	50	65	18	20	376	of the Magus	29		21	60
greater-magus	Greater Magus	suffix	circ	9	mid	66	80	18	40	376	of the Magus	29		21	60
greater-magus	Greater Magus	suffix	circ	9	late	81		18	60	376	of the Magus	29		21	60
greater-jewelry-elemental-suffix	Greater jewelry elemental damage	suffix	circ	16	early	50	65	21	8	90	of Anthrax	33		25	24
greater-jewelry-elemental-suffix	Greater jewelry elemental damage	suffix	circ	16	mid	66	80	21	16	90	of Anthrax	33		25	24
greater-jewelry-elemental-suffix	Greater jewelry elemental damage	suffix	circ	16	late	81		21	24	90	of Anthrax	33		25	24
greater-evisceration	Greater Evisceration	suffix	circ	14	early	50	65	63	16	30	of Maiming	79		74	48
greater-evisceration	Greater Evisceration	suffix	circ	14	mid	66	80	63	32	30	of Maiming	79		74	48
greater-evisceration	Greater Evisceration	suffix	circ	14	late	81		63	48	30	of Maiming	79		74	48
greater-transcendence	Greater Transcendence	suffix	circ	15	early	50	65	62	11	45	of Performance	81		73	32
greater-transcendence	Greater Transcendence	suffix	circ	15	mid	66	80	62	21	45	of Performance	81		73	32
greater-transcendence	Greater Transcendence	suffix	circ	15	late	81		62	32	45	of Performance	81		73	32
greater-perfection	Greater Perfection	suffix	circ	17	early	50	65	54	12	207	of Nirvana	72		64	36
greater-perfection	Greater Perfection	suffix	circ	17	mid	66	80	54	24	207	of Nirvana	72		64	36
greater-perfection	Greater Perfection	suffix	circ	17	late	81		54	36	207	of Nirvana	72		64	36
greater-balance	Greater Balance	suffix	circ	18	early	50	65	3	16	323	of Balance	5		3	48
greater-balance	Greater Balance	suffix	circ	18	mid	66	80	3	32	323	of Balance	5		3	48
greater-balance	Greater Balance	suffix	circ	18	late	81		3	48	323	of Balance	5		3	48
greater-regeneration	Greater Regeneration	suffix	circ	19	early	50	65	26	16	311	of Revivification	38		30	48
greater-regeneration	Greater Regeneration	suffix	circ	19	mid	66	80	26	32	311	of Revivification	38		30	48
greater-regeneration	Greater Regeneration	suffix	circ	19	late	81		26	48	311	of Revivification	38		30	48
greater-wealth	Greater Wealth	suffix	circ	21	early	50	65	10	16	359	of Wealth	17		12	48
greater-wealth	Greater Wealth	suffix	circ	21	mid	66	80	10	32	359	of Wealth	17		12	48
greater-wealth	Greater Wealth	suffix	circ	21	late	81		10	48	359	of Wealth	17		12	48
greater-prosperity	Greater Prosperity	suffix	circ	22	early	50	65	41	16	354	of Luck	53		48	48
greater-prosperity	Greater Prosperity	suffix	circ	22	mid	66	80	41	32	354	of Luck	53		48	48
greater-prosperity	Greater Prosperity	suffix	circ	22	late	81		41	48	354	of Luck	53		48	48
greater-enlightenment	Greater Enlightenment	suffix	circ	23	early	50	65	28	12	248	of Enlightenment	41		33	36
greater-enlightenment	Greater Enlightenment	suffix	circ	23	mid	66	80	28	24	248	of Enlightenment	41		33	36
greater-enlightenment	Greater Enlightenment	suffix	circ	23	late	81		28	36	248	of Enlightenment	41		33	36
greater-vita	Greater Vita	suffix	circ	26	early	50	65	51	12	299	of the Mammoth	68		60	36
greater-vita	Greater Vita	suffix	circ	26	mid	66	80	51	24	299	of the Mammoth	68		60	36
greater-vita	Greater Vita	suffix	circ	26	late	81		51	36	299	of the Mammoth	68		60	36
greater-leech	Greater Lamprey/Vampire	suffix	circ	27	early	50	65	55	16	108	of the Lamprey	77		65	48
greater-leech	Greater Lamprey/Vampire	suffix	circ	27	mid	66	80	55	32	108	of the Lamprey	77		65	48
greater-leech	Greater Lamprey/Vampire	suffix	circ	27	late	81		55	48	108	of the Lamprey	77		65	48
greater-leech	Greater Lamprey/Vampire	suffix	circ	28	early	50	65	56	16	118	of the Vampire	78		66	48
greater-leech	Greater Lamprey/Vampire	suffix	circ	28	mid	66	80	56	32	118	of the Vampire	78		66	48
greater-leech	Greater Lamprey/Vampire	suffix	circ	28	late	81		56	48	118	of the Vampire	78		66	48
greater-titan	Greater Titan	suffix	circ	31	early	50	65	54	12	228	of Atlus	71		63	36
greater-titan	Greater Titan	suffix	circ	31	mid	66	80	54	24	228	of Atlus	71		63	36
greater-titan	Greater Titan	suffix	circ	31	late	81		54	36	228	of Atlus	71		63	36
greater-inertia	Greater Inertia	suffix	circ	35	early	50	65	25	16	320	of Speed	37		29	48
greater-inertia	Greater Inertia	suffix	circ	35	mid	66	80	25	32	320	of Speed	37		29	48
greater-inertia	Greater Inertia	suffix	circ	35	late	81		25	48	320	of Speed	37		29	48
greater-elephant	Greater Elephant	suffix	circ	41	early	50	65	6	8	303	of the Elephant	37		7	24
greater-elephant	Greater Elephant	suffix	circ	41	mid	66	80	6	16	303	of the Elephant	37		7	24
greater-elephant	Greater Elephant	suffix	circ	41	late	81		6	24	303	of the Elephant	37		7	24
greater-zodiac	Greater Zodiac	suffix	circ	42	early	50	65	71	4	280	of the Zodiac	86		83	12
greater-zodiac	Greater Zodiac	suffix	circ	42	mid	66	80	71	8	280	of the Zodiac	86		83	12
greater-zodiac	Greater Zodiac	suffix	circ	42	late	81		71	12	280	of the Zodiac	86		83	12
greater-elements	Greater Elements	suffix	circ	43	early	50	65	60	8	195	of the Elements	77		71	24
greater-elements	Greater Elements	suffix	circ	43	mid	66	80	60	16	195	of the Elements	77		71	24
greater-elements	Greater Elements	suffix	circ	43	late	81		60	24	195	of the Elements	77		71	24
greater-four-seasons	Greater Four Seasons	suffix	circ	67	early	50	65	64	4	201	of the Four Seasons2	87		75	12
greater-four-seasons	Greater Four Seasons	suffix	circ	67	mid	66	80	64	8	201	of the Four Seasons2	87		75	12
greater-four-seasons	Greater Four Seasons	suffix	circ	67	late	81		64	12	201	of the Four Seasons2	87		75	12
greater-thorns	Greater Thorns	suffix	cjwl	6	early	50	65	41	16	345	of Malice	60		48	48
greater-thorns	Greater Thorns	suffix	cjwl	6	mid	66	80	41	32	345	of Malice	60		48	48
greater-thorns	Greater Thorns	suffix	cjwl	6	late	81		41	48	345	of Malice	60		48	48
greater-quickness	Greater Quickness	suffix	cjwl	7	early	50	65	26	16	334	of Fervor	39		31	48
greater-quickness	Greater Quickness	suffix	cjwl	7	mid	66	80	26	32	334	of Fervor	39		31	48
greater-quickness	Greater Quickness	suffix	cjwl	7	late	81		26	48	334	of Fervor	39		31	48
greater-jewelry-elemental-suffix	Greater jewelry elemental damage	suffix	cjwl	10	early	50	65	43	8	60	of the Glacier	58		50	24
greater-jewelry-elemental-suffix	Greater jewelry elemental damage	suffix	cjwl	10	mid	66	80	43	16	60	of the Glacier	58		50	24
greater-jewelry-elemental-suffix	Greater jewelry elemental damage	suffix	cjwl	10	late	81		43	24	60	of the Glacier	58		50	24
greater-jewelry-elemental-suffix	Greater jewelry elemental damage	suffix	cjwl	12	early	50	65	42	8	73	of Burning	57		49	24
greater-jewelry-elemental-suffix	Greater jewelry elemental damage	suffix	cjwl	12	mid	66	80	42	16	73	of Burning	57		49	24
greater-jewelry-elemental-suffix	Greater jewelry elemental damage	suffix	cjwl	12	late	81		42	24	73	of Burning	57		49	24
greater-jewelry-elemental-suffix	Greater jewelry elemental damage	suffix	cjwl	13	early	50	65	42	8	86	of Thunder	57		49	24
greater-jewelry-elemental-suffix	Greater jewelry elemental damage	suffix	cjwl	13	mid	66	80	42	16	86	of Thunder	57		49	24
greater-jewelry-elemental-suffix	Greater jewelry elemental damage	suffix	cjwl	13	late	81		42	24	86	of Thunder	57		49	24
greater-jewelry-elemental-suffix	Greater jewelry elemental damage	suffix	cjwl	16	early	50	65	56	8	96	of Anthrax	77		66	24
greater-jewelry-elemental-suffix	Greater jewelry elemental damage	suffix	cjwl	16	mid	66	80	56	16	96	of Anthrax	77		66	24
greater-jewelry-elemental-suffix	Greater jewelry elemental damage	suffix	cjwl	16	late	81		56	24	96	of Anthrax	77		66	24
greater-evisceration	Greater Evisceration	suffix	cjwl	14	early	50	65	47	16	34	of Carnage	67		55	48
greater-evisceration	Greater Evisceration	suffix	cjwl	14	mid	66	80	47	32	34	of Carnage	67		55	48
greater-evisceration	Greater Evisceration	suffix	cjwl	14	late	81		47	48	34	of Carnage	67		55	48
greater-transcendence	Greater Transcendence	suffix	cjwl	15	early	50	65	31	11	47	of Bliss	43		37	32
greater-transcendence	Greater Transcendence	suffix	cjwl	15	mid	66	80	31	21	47	of Bliss	43		37	32
greater-transcendence	Greater Transcendence	suffix	cjwl	15	late	81		31	32	47	of Bliss	43		37	32
greater-perfection	Greater Perfection	suffix	cjwl	17	early	50	65	24	16	219	of Daring	36		28	48
greater-perfection	Greater Perfection	suffix	cjwl	17	mid	66	80	24	32	219	of Daring	36		28	48
greater-perfection	Greater Perfection	suffix	cjwl	17	late	81		24	48	219	of Daring	36		28	48
greater-balance	Greater Balance	suffix	cjwl	18	early	50	65	31	16	326	of Truth	44		36	48
greater-balance	Greater Balance	suffix	cjwl	18	mid	66	80	31	32	326	of Truth	44		36	48
greater-balance	Greater Balance	suffix	cjwl	18	late	81		31	48	326	of Truth	44		36	48
greater-regeneration	Greater Regeneration	suffix	cjwl	19	early	50	65	30	16	312	of Honor	47		35	48
greater-regeneration	Greater Regeneration	suffix	cjwl	19	mid	66	80	30	32	312	of Honor	47		35	48
greater-regeneration	Greater Regeneration	suffix	cjwl	19	late	81		30	48	312	of Honor	47		35	48
greater-wealth	Greater Wealth	suffix	cjwl	21	early	50	65	1	16	360	of Avarice	1		1	48
greater-wealth	Greater Wealth	suffix	cjwl	21	mid	66	80	1	32	360	of Avarice	1		1	48
greater-wealth	Greater Wealth	suffix	cjwl	21	late	81		1	48	360	of Avarice	1		1	48
greater-prosperity	Greater Prosperity	suffix	cjwl	22	early	50	65	64	4	357	of Prosperity	80		75	12
greater-prosperity	Greater Prosperity	suffix	cjwl	22	mid	66	80	64	8	357	of Prosperity	80		75	12
greater-prosperity	Greater Prosperity	suffix	cjwl	22	late	81		64	12	357	of Prosperity	80		75	12
greater-enlightenment	Greater Enlightenment	suffix	cjwl	23	early	50	65	28	12	260	of Knowledge	41		33	36
greater-enlightenment	Greater Enlightenment	suffix	cjwl	23	mid	66	80	28	24	260	of Knowledge	41		33	36
greater-enlightenment	Greater Enlightenment	suffix	cjwl	23	late	81		28	36	260	of Knowledge	41		33	36
greater-vita	Greater Vita	suffix	cjwl	26	early	50	65	31	16	301	of Hope	45		37	48
greater-vita	Greater Vita	suffix	cjwl	26	mid	66	80	31	32	301	of Hope	45		37	48
greater-vita	Greater Vita	suffix	cjwl	26	late	81		31	48	301	of Hope	45		37	48
greater-titan	Greater Titan	suffix	cjwl	31	early	50	65	36	16	240	of Virility	50		42	48
greater-titan	Greater Titan	suffix	cjwl	31	mid	66	80	36	32	240	of Virility	50		42	48
greater-titan	Greater Titan	suffix	cjwl	31	late	81		36	48	240	of Virility	50		42	48
greater-anima	Greater Anima	suffix	cloa	1	early	50	65	37	16	134	of Anima	51		43	48
greater-anima	Greater Anima	suffix	cloa	1	mid	66	80	37	32	134	of Anima	51		43	48
greater-anima	Greater Anima	suffix	cloa	1	late	81		37	48	134	of Anima	51		43	48
greater-negation	Greater Negation	suffix	cloa	2	early	50	65	61	16	145	of Negation	84		72	48
greater-negation	Greater Negation	suffix	cloa	2	mid	66	80	61	32	145	of Negation	84		72	48
greater-negation	Greater Negation	suffix	cloa	2	late	81		61	48	145	of Negation	84		72	48
greater-thorns	Greater Thorns	suffix	cloa	6	early	50	65	53	16	340	of Thorns	67		62	48
greater-thorns	Greater Thorns	suffix	cloa	6	mid	66	80	53	32	340	of Thorns	67		62	48
greater-thorns	Greater Thorns	suffix	cloa	6	late	81		53	48	340	of Thorns	67		62	48
greater-perfection	Greater Perfection	suffix	cloa	17	early	50	65	64	12	222	of Perfection	80		75	36
greater-perfection	Greater Perfection	suffix	cloa	17	mid	66	80	64	24	222	of Perfection	80		75	36
greater-perfection	Greater Perfection	suffix	cloa	17	late	81		64	36	222	of Perfection	80		75	36
greater-balance	Greater Balance	suffix	cloa	18	early	50	65	11	16	325	of Stability	18		13	48
greater-balance	Greater Balance	suffix	cloa	18	mid	66	80	11	32	325	of Stability	18		13	48
greater-balance	Greater Balance	suffix	cloa	18	late	81		11	48	325	of Stability	18		13	48
greater-regeneration	Greater Regeneration	suffix	cloa	19	early	50	65	44	16	308	of Regeneration	70		52	48
greater-regeneration	Greater Regeneration	suffix	cloa	19	mid	66	80	44	32	308	of Regeneration	70		52	48
greater-regeneration	Greater Regeneration	suffix	cloa	19	late	81		44	48	308	of Regeneration	70		52	48
greater-vita	Greater Vita	suffix	cloa	26	early	50	65	31	12	288	of the Whale	50		37	36
greater-vita	Greater Vita	suffix	cloa	26	mid	66	80	31	24	288	of the Whale	50		37	36
greater-vita	Greater Vita	suffix	cloa	26	late	81		31	36	288	of the Whale	50		37	36
greater-titan	Greater Titan	suffix	cloa	31	early	50	65	56	12	233	of the Titan	74		66	36
greater-titan	Greater Titan	suffix	cloa	31	mid	66	80	56	24	233	of the Titan	74		66	36
greater-titan	Greater Titan	suffix	cloa	31	late	81		56	36	233	of the Titan	74		66	36
greater-elephant	Greater Elephant	suffix	cloa	41	early	50	65	1	4	304	of the Kraken	20		1	12
greater-elephant	Greater Elephant	suffix	cloa	41	mid	66	80	1	8	304	of the Kraken	20		1	12
greater-elephant	Greater Elephant	suffix	cloa	41	late	81		1	12	304	of the Kraken	20		1	12
greater-elements	Greater Elements	suffix	cloa	43	early	50	65	1	4	186	of the Yeti	20		1	12
greater-elements	Greater Elements	suffix	cloa	43	mid	66	80	1	8	186	of the Yeti	20		1	12
greater-elements	Greater Elements	suffix	cloa	43	late	81		1	12	186	of the Yeti	20		1	12
greater-elements	Greater Elements	suffix	cloa	43	early	50	65	1	4	188	of the Phoenix	20		1	12
greater-elements	Greater Elements	suffix	cloa	43	mid	66	80	1	8	188	of the Phoenix	20		1	12
greater-elements	Greater Elements	suffix	cloa	43	late	81		1	12	188	of the Phoenix	20		1	12
greater-elements	Greater Elements	suffix	cloa	43	early	50	65	1	4	190	of the Efreeti	20		1	12
greater-elements	Greater Elements	suffix	cloa	43	mid	66	80	1	8	190	of the Efreeti	20		1	12
greater-elements	Greater Elements	suffix	cloa	43	late	81		1	12	190	of the Efreeti	20		1	12
greater-elements	Greater Elements	suffix	cloa	43	early	50	65	1	4	192	of the Cobra	20		1	12
greater-elements	Greater Elements	suffix	cloa	43	mid	66	80	1	8	192	of the Cobra	20		1	12
greater-elements	Greater Elements	suffix	cloa	43	late	81		1	12	192	of the Cobra	20		1	12
greater-four-seasons	Greater Four Seasons	suffix	cloa	67	early	50	65	64	4	201	of the Four Seasons2	87		75	12
greater-four-seasons	Greater Four Seasons	suffix	cloa	67	mid	66	80	64	8	201	of the Four Seasons2	87		75	12
greater-four-seasons	Greater Four Seasons	suffix	cloa	67	late	81		64	12	201	of the Four Seasons2	87		75	12
greater-coalescence	Greater Coalescence	suffix	club	3	early	50	65	68	4	158	of Fire Coalescence1	87		80	12
greater-coalescence	Greater Coalescence	suffix	club	3	mid	66	80	68	8	158	of Fire Coalescence1	87		80	12
greater-coalescence	Greater Coalescence	suffix	club	3	late	81		68	12	158	of Fire Coalescence1	87		80	12
greater-coalescence	Greater Coalescence	suffix	club	3	early	50	65	68	4	171	of Lightning Coalescence1	87		80	12
greater-coalescence	Greater Coalescence	suffix	club	3	mid	66	80	68	8	171	of Lightning Coalescence1	87		80	12
greater-coalescence	Greater Coalescence	suffix	club	3	late	81		68	12	171	of Lightning Coalescence1	87		80	12
greater-coalescence	Greater Coalescence	suffix	club	3	early	50	65	68	4	184	of Chilling Coalescence1	87		80	12
greater-coalescence	Greater Coalescence	suffix	club	3	mid	66	80	68	8	184	of Chilling Coalescence1	87		80	12
greater-coalescence	Greater Coalescence	suffix	club	3	late	81		68	12	184	of Chilling Coalescence1	87		80	12
greater-quickness	Greater Quickness	suffix	club	7	early	50	65	32	20	330	of Quickness	46		38	60
greater-quickness	Greater Quickness	suffix	club	7	mid	66	80	32	40	330	of Quickness	46		38	60
greater-quickness	Greater Quickness	suffix	club	7	late	81		32	60	330	of Quickness	46		38	60
greater-jewelry-elemental-suffix	Greater jewelry elemental damage	suffix	club	10	early	50	65	64	4	53	of Winter	80		75	12
greater-jewelry-elemental-suffix	Greater jewelry elemental damage	suffix	club	10	mid	66	80	64	8	53	of Winter	80		75	12
greater-jewelry-elemental-suffix	Greater jewelry elemental damage	suffix	club	10	late	81		64	12	53	of Winter	80		75	12
greater-jewelry-elemental-suffix	Greater jewelry elemental damage	suffix	club	12	early	50	65	64	4	66	of Incineration	80		75	12
greater-jewelry-elemental-suffix	Greater jewelry elemental damage	suffix	club	12	mid	66	80	64	8	66	of Incineration	80		75	12
greater-jewelry-elemental-suffix	Greater jewelry elemental damage	suffix	club	12	late	81		64	12	66	of Incineration	80		75	12
greater-jewelry-elemental-suffix	Greater jewelry elemental damage	suffix	club	13	early	50	65	58	4	79	of Storms	75		68	12
greater-jewelry-elemental-suffix	Greater jewelry elemental damage	suffix	club	13	mid	66	80	58	8	79	of Storms	75		68	12
greater-jewelry-elemental-suffix	Greater jewelry elemental damage	suffix	club	13	late	81		58	12	79	of Storms	75		68	12
greater-jewelry-elemental-suffix	Greater jewelry elemental damage	suffix	club	16	early	50	65	21	8	90	of Anthrax	33		25	24
greater-jewelry-elemental-suffix	Greater jewelry elemental damage	suffix	club	16	mid	66	80	21	16	90	of Anthrax	33		25	24
greater-jewelry-elemental-suffix	Greater jewelry elemental damage	suffix	club	16	late	81		21	24	90	of Anthrax	33		25	24
greater-evisceration	Greater Evisceration	suffix	club	14	early	50	65	67	29	20	of Evisceration	85		79	88
greater-evisceration	Greater Evisceration	suffix	club	14	mid	66	80	67	59	20	of Evisceration	85		79	88
greater-evisceration	Greater Evisceration	suffix	club	14	late	81		67	88	20	of Evisceration	85		79	88
greater-transcendence	Greater Transcendence	suffix	club	15	early	50	65	71	8	41	of Transcendence	85		83	24
greater-transcendence	Greater Transcendence	suffix	club	15	mid	66	80	71	16	41	of Transcendence	85		83	24
greater-transcendence	Greater Transcendence	suffix	club	15	late	81		71	24	41	of Transcendence	85		83	24
greater-regeneration	Greater Regeneration	suffix	club	19	early	50	65	44	16	308	of Regeneration	70		52	48
greater-regeneration	Greater Regeneration	suffix	club	19	mid	66	80	44	32	308	of Regeneration	70		52	48
greater-regeneration	Greater Regeneration	suffix	club	19	late	81		44	48	308	of Regeneration	70		52	48
greater-vita	Greater Vita	suffix	club	26	early	50	65	51	12	299	of the Mammoth	68		60	36
greater-vita	Greater Vita	suffix	club	26	mid	66	80	51	24	299	of the Mammoth	68		60	36
greater-vita	Greater Vita	suffix	club	26	late	81		51	36	299	of the Mammoth	68		60	36
greater-leech	Greater Lamprey/Vampire	suffix	club	27	early	50	65	37	28	105	of the Lamprey	55		43	84
greater-leech	Greater Lamprey/Vampire	suffix	club	27	mid	66	80	37	56	105	of the Lamprey	55		43	84
greater-leech	Greater Lamprey/Vampire	suffix	club	27	late	81		37	84	105	of the Lamprey	55		43	84
greater-leech	Greater Lamprey/Vampire	suffix	club	28	early	50	65	41	28	115	of the Vampire	56		48	84
greater-leech	Greater Lamprey/Vampire	suffix	club	28	mid	66	80	41	56	115	of the Vampire	56		48	84
greater-leech	Greater Lamprey/Vampire	suffix	club	28	late	81		41	84	115	of the Vampire	56		48	84
greater-titan	Greater Titan	suffix	club	31	early	50	65	54	12	228	of Atlus	71		63	36
greater-titan	Greater Titan	suffix	club	31	mid	66	80	54	24	228	of Atlus	71		63	36
greater-titan	Greater Titan	suffix	club	31	late	81		54	36	228	of Atlus	71		63	36
greater-zodiac	Greater Zodiac	suffix	club	42	early	50	65	64	4	267	of Agility2	75		75	12
greater-zodiac	Greater Zodiac	suffix	club	42	mid	66	80	64	8	267	of Agility2	75		75	12
greater-zodiac	Greater Zodiac	suffix	club	42	late	81		64	12	267	of Agility2	75		75	12
greater-zodiac	Greater Zodiac	suffix	club	42	early	50	65	64	4	270	of Power2	75		75	12
greater-zodiac	Greater Zodiac	suffix	club	42	mid	66	80	64	8	270	of Power2	75		75	12
greater-zodiac	Greater Zodiac	suffix	club	42	late	81		64	12	270	of Power2	75		75	12
greater-zodiac	Greater Zodiac	suffix	club	42	early	50	65	64	4	273	of Endurance2	75		75	12
greater-zodiac	Greater Zodiac	suffix	club	42	mid	66	80	64	8	273	of Endurance2	75		75	12
greater-zodiac	Greater Zodiac	suffix	club	42	late	81		64	12	273	of Endurance2	75		75	12
greater-zodiac	Greater Zodiac	suffix	club	42	early	50	65	64	4	276	of Spirit2	75		75	12
greater-zodiac	Greater Zodiac	suffix	club	42	mid	66	80	64	8	276	of Spirit2	75		75	12
greater-zodiac	Greater Zodiac	suffix	club	42	late	81		64	12	276	of Spirit2	75		75	12
greater-paralysis	Greater Paralysis	suffix	club	64	early	50	65	48	8	386	Paralysis1	62		56	24
greater-paralysis	Greater Paralysis	suffix	club	64	mid	66	80	48	16	386	Paralysis1	62		56	24
greater-paralysis	Greater Paralysis	suffix	club	64	late	81		48	24	386	Paralysis1	62		56	24
greater-blindness	Greater Blindness	suffix	club	65	early	50	65	48	4	389	of Blindness1	61		57	12
greater-blindness	Greater Blindness	suffix	club	65	mid	66	80	48	8	389	of Blindness1	61		57	12
greater-blindness	Greater Blindness	suffix	club	65	late	81		48	12	389	of Blindness1	61		57	12
greater-reanimation	Greater Reanimation	suffix	club	66	early	50	65	40	4	390	of Reanimation1	51		47	12
greater-reanimation	Greater Reanimation	suffix	club	66	mid	66	80	40	8	390	of Reanimation1	51		47	12
greater-reanimation	Greater Reanimation	suffix	club	66	late	81		40	12	390	of Reanimation1	51		47	12
greater-four-seasons	Greater Four Seasons	suffix	club	67	early	50	65	64	8	317	of the Soul2	75		75	24
greater-four-seasons	Greater Four Seasons	suffix	club	67	mid	66	80	64	16	317	of the Soul2	75		75	24
greater-four-seasons	Greater Four Seasons	suffix	club	67	late	81		64	24	317	of the Soul2	75		75	24
greater-draining	Greater Draining	suffix	club	80	early	50	65	17	1	625	of Siphoning	20		20	2
greater-draining	Greater Draining	suffix	club	80	mid	66	80	17	1	625	of Siphoning	20		20	2
greater-draining	Greater Draining	suffix	club	80	late	81		17	2	625	of Siphoning	20		20	2
greater-coalescence	Greater Coalescence	suffix	comb	3	early	50	65	68	4	158	of Fire Coalescence1	87		80	12
greater-coalescence	Greater Coalescence	suffix	comb	3	mid	66	80	68	8	158	of Fire Coalescence1	87		80	12
greater-coalescence	Greater Coalescence	suffix	comb	3	late	81		68	12	158	of Fire Coalescence1	87		80	12
greater-coalescence	Greater Coalescence	suffix	comb	3	early	50	65	68	4	171	of Lightning Coalescence1	87		80	12
greater-coalescence	Greater Coalescence	suffix	comb	3	mid	66	80	68	8	171	of Lightning Coalescence1	87		80	12
greater-coalescence	Greater Coalescence	suffix	comb	3	late	81		68	12	171	of Lightning Coalescence1	87		80	12
greater-coalescence	Greater Coalescence	suffix	comb	3	early	50	65	68	4	184	of Chilling Coalescence1	87		80	12
greater-coalescence	Greater Coalescence	suffix	comb	3	mid	66	80	68	8	184	of Chilling Coalescence1	87		80	12
greater-coalescence	Greater Coalescence	suffix	comb	3	late	81		68	12	184	of Chilling Coalescence1	87		80	12
greater-quickness	Greater Quickness	suffix	comb	7	early	50	65	32	20	330	of Quickness	46		38	60
greater-quickness	Greater Quickness	suffix	comb	7	mid	66	80	32	40	330	of Quickness	46		38	60
greater-quickness	Greater Quickness	suffix	comb	7	late	81		32	60	330	of Quickness	46		38	60
greater-jewelry-elemental-suffix	Greater jewelry elemental damage	suffix	comb	10	early	50	65	64	4	53	of Winter	80		75	12
greater-jewelry-elemental-suffix	Greater jewelry elemental damage	suffix	comb	10	mid	66	80	64	8	53	of Winter	80		75	12
greater-jewelry-elemental-suffix	Greater jewelry elemental damage	suffix	comb	10	late	81		64	12	53	of Winter	80		75	12
greater-jewelry-elemental-suffix	Greater jewelry elemental damage	suffix	comb	12	early	50	65	64	4	66	of Incineration	80		75	12
greater-jewelry-elemental-suffix	Greater jewelry elemental damage	suffix	comb	12	mid	66	80	64	8	66	of Incineration	80		75	12
greater-jewelry-elemental-suffix	Greater jewelry elemental damage	suffix	comb	12	late	81		64	12	66	of Incineration	80		75	12
greater-jewelry-elemental-suffix	Greater jewelry elemental damage	suffix	comb	13	early	50	65	58	4	79	of Storms	75		68	12
greater-jewelry-elemental-suffix	Greater jewelry elemental damage	suffix	comb	13	mid	66	80	58	8	79	of Storms	75		68	12
greater-jewelry-elemental-suffix	Greater jewelry elemental damage	suffix	comb	13	late	81		58	12	79	of Storms	75		68	12
greater-jewelry-elemental-suffix	Greater jewelry elemental damage	suffix	comb	16	early	50	65	21	8	90	of Anthrax	33		25	24
greater-jewelry-elemental-suffix	Greater jewelry elemental damage	suffix	comb	16	mid	66	80	21	16	90	of Anthrax	33		25	24
greater-jewelry-elemental-suffix	Greater jewelry elemental damage	suffix	comb	16	late	81		21	24	90	of Anthrax	33		25	24
greater-evisceration	Greater Evisceration	suffix	comb	14	early	50	65	67	29	20	of Evisceration	85		79	88
greater-evisceration	Greater Evisceration	suffix	comb	14	mid	66	80	67	59	20	of Evisceration	85		79	88
greater-evisceration	Greater Evisceration	suffix	comb	14	late	81		67	88	20	of Evisceration	85		79	88
greater-transcendence	Greater Transcendence	suffix	comb	15	early	50	65	71	8	41	of Transcendence	85		83	24
greater-transcendence	Greater Transcendence	suffix	comb	15	mid	66	80	71	16	41	of Transcendence	85		83	24
greater-transcendence	Greater Transcendence	suffix	comb	15	late	81		71	24	41	of Transcendence	85		83	24
greater-regeneration	Greater Regeneration	suffix	comb	19	early	50	65	44	16	308	of Regeneration	70		52	48
greater-regeneration	Greater Regeneration	suffix	comb	19	mid	66	80	44	32	308	of Regeneration	70		52	48
greater-regeneration	Greater Regeneration	suffix	comb	19	late	81		44	48	308	of Regeneration	70		52	48
greater-leech	Greater Lamprey/Vampire	suffix	comb	27	early	50	65	37	28	105	of the Lamprey	55		43	84
greater-leech	Greater Lamprey/Vampire	suffix	comb	27	mid	66	80	37	56	105	of the Lamprey	55		43	84
greater-leech	Greater Lamprey/Vampire	suffix	comb	27	late	81		37	84	105	of the Lamprey	55		43	84
greater-leech	Greater Lamprey/Vampire	suffix	comb	28	early	50	65	41	28	115	of the Vampire	56		48	84
greater-leech	Greater Lamprey/Vampire	suffix	comb	28	mid	66	80	41	56	115	of the Vampire	56		48	84
greater-leech	Greater Lamprey/Vampire	suffix	comb	28	late	81		41	84	115	of the Vampire	56		48	84
greater-titan	Greater Titan	suffix	comb	31	early	50	65	43	12	237	of the Giant	59		51	36
greater-titan	Greater Titan	suffix	comb	31	mid	66	80	43	24	237	of the Giant	59		51	36
greater-titan	Greater Titan	suffix	comb	31	late	81		43	36	237	of the Giant	59		51	36
greater-zodiac	Greater Zodiac	suffix	comb	42	early	50	65	64	4	267	of Agility2	75		75	12
greater-zodiac	Greater Zodiac	suffix	comb	42	mid	66	80	64	8	267	of Agility2	75		75	12
greater-zodiac	Greater Zodiac	suffix	comb	42	late	81		64	12	267	of Agility2	75		75	12
greater-zodiac	Greater Zodiac	suffix	comb	42	early	50	65	64	4	270	of Power2	75		75	12
greater-zodiac	Greater Zodiac	suffix	comb	42	mid	66	80	64	8	270	of Power2	75		75	12
greater-zodiac	Greater Zodiac	suffix	comb	42	late	81		64	12	270	of Power2	75		75	12
greater-zodiac	Greater Zodiac	suffix	comb	42	early	50	65	64	4	273	of Endurance2	75		75	12
greater-zodiac	Greater Zodiac	suffix	comb	42	mid	66	80	64	8	273	of Endurance2	75		75	12
greater-zodiac	Greater Zodiac	suffix	comb	42	late	81		64	12	273	of Endurance2	75		75	12
greater-zodiac	Greater Zodiac	suffix	comb	42	early	50	65	64	4	276	of Spirit2	75		75	12
greater-zodiac	Greater Zodiac	suffix	comb	42	mid	66	80	64	8	276	of Spirit2	75		75	12
greater-zodiac	Greater Zodiac	suffix	comb	42	late	81		64	12	276	of Spirit2	75		75	12
greater-paralysis	Greater Paralysis	suffix	comb	64	early	50	65	48	8	386	Paralysis1	62		56	24
greater-paralysis	Greater Paralysis	suffix	comb	64	mid	66	80	48	16	386	Paralysis1	62		56	24
greater-paralysis	Greater Paralysis	suffix	comb	64	late	81		48	24	386	Paralysis1	62		56	24
greater-blindness	Greater Blindness	suffix	comb	65	early	50	65	48	4	389	of Blindness1	61		57	12
greater-blindness	Greater Blindness	suffix	comb	65	mid	66	80	48	8	389	of Blindness1	61		57	12
greater-blindness	Greater Blindness	suffix	comb	65	late	81		48	12	389	of Blindness1	61		57	12
greater-reanimation	Greater Reanimation	suffix	comb	66	early	50	65	40	4	390	of Reanimation1	51		47	12
greater-reanimation	Greater Reanimation	suffix	comb	66	mid	66	80	40	8	390	of Reanimation1	51		47	12
greater-reanimation	Greater Reanimation	suffix	comb	66	late	81		40	12	390	of Reanimation1	51		47	12
greater-four-seasons	Greater Four Seasons	suffix	comb	67	early	50	65	64	8	317	of the Soul2	75		75	24
greater-four-seasons	Greater Four Seasons	suffix	comb	67	mid	66	80	64	16	317	of the Soul2	75		75	24
greater-four-seasons	Greater Four Seasons	suffix	comb	67	late	81		64	24	317	of the Soul2	75		75	24
greater-draining	Greater Draining	suffix	comb	80	early	50	65	17	1	625	of Siphoning	20		20	2
greater-draining	Greater Draining	suffix	comb	80	mid	66	80	17	1	625	of Siphoning	20		20	2
greater-draining	Greater Draining	suffix	comb	80	late	81		17	2	625	of Siphoning	20		20	2
greater-quickness	Greater Quickness	suffix	glov	7	early	50	65	30	16	331	of Alacrity	43		35	48
greater-quickness	Greater Quickness	suffix	glov	7	mid	66	80	30	32	331	of Alacrity	43		35	48
greater-quickness	Greater Quickness	suffix	glov	7	late	81		30	48	331	of Alacrity	43		35	48
greater-jewelry-elemental-suffix	Greater jewelry elemental damage	suffix	glov	12	early	50	65	63	8	70	of Burning	80		74	24
greater-jewelry-elemental-suffix	Greater jewelry elemental damage	suffix	glov	12	mid	66	80	63	16	70	of Burning	80		74	24
greater-jewelry-elemental-suffix	Greater jewelry elemental damage	suffix	glov	12	late	81		63	24	70	of Burning	80		74	24
greater-perfection	Greater Perfection	suffix	glov	17	early	50	65	57	12	212	of Perfection	75		67	36
greater-perfection	Greater Perfection	suffix	glov	17	mid	66	80	57	24	212	of Perfection	75		67	36
greater-perfection	Greater Perfection	suffix	glov	17	late	81		57	36	212	of Perfection	75		67	36
greater-regeneration	Greater Regeneration	suffix	glov	19	early	50	65	26	16	307	of Regeneration	40		30	48
greater-regeneration	Greater Regeneration	suffix	glov	19	mid	66	80	26	32	307	of Regeneration	40		30	48
greater-regeneration	Greater Regeneration	suffix	glov	19	late	81		26	48	307	of Regeneration	40		30	48
greater-wealth	Greater Wealth	suffix	glov	21	early	50	65	10	16	359	of Wealth	17		12	48
greater-wealth	Greater Wealth	suffix	glov	21	mid	66	80	10	32	359	of Wealth	17		12	48
greater-wealth	Greater Wealth	suffix	glov	21	late	81		10	48	359	of Wealth	17		12	48
greater-prosperity	Greater Prosperity	suffix	glov	22	early	50	65	16	16	352	of Fortune	26		19	48
greater-prosperity	Greater Prosperity	suffix	glov	22	mid	66	80	16	32	352	of Fortune	26		19	48
greater-prosperity	Greater Prosperity	suffix	glov	22	late	81		16	48	352	of Fortune	26		19	48
greater-leech	Greater Lamprey/Vampire	suffix	glov	27	early	50	65	22	16	109	of the Leech	34		26	48
greater-leech	Greater Lamprey/Vampire	suffix	glov	27	mid	66	80	22	32	109	of the Leech	34		26	48
greater-leech	Greater Lamprey/Vampire	suffix	glov	27	late	81		22	48	109	of the Leech	34		26	48
greater-leech	Greater Lamprey/Vampire	suffix	glov	28	early	50	65	23	16	119	of the Bat	35		27	48
greater-leech	Greater Lamprey/Vampire	suffix	glov	28	mid	66	80	23	32	119	of the Bat	35		27	48
greater-leech	Greater Lamprey/Vampire	suffix	glov	28	late	81		23	48	119	of the Bat	35		27	48
greater-titan	Greater Titan	suffix	glov	31	early	50	65	43	12	237	of the Giant	59		51	36
greater-titan	Greater Titan	suffix	glov	31	mid	66	80	43	24	237	of the Giant	59		51	36
greater-titan	Greater Titan	suffix	glov	31	late	81		43	36	237	of the Giant	59		51	36
greater-zodiac	Greater Zodiac	suffix	glov	42	early	50	65	64	4	270	of Power2	75		75	12
greater-zodiac	Greater Zodiac	suffix	glov	42	mid	66	80	64	8	270	of Power2	75		75	12
greater-zodiac	Greater Zodiac	suffix	glov	42	late	81		64	12	270	of Power2	75		75	12
greater-zodiac	Greater Zodiac	suffix	glov	42	early	50	65	64	4	273	of Endurance2	75		75	12
greater-zodiac	Greater Zodiac	suffix	glov	42	mid	66	80	64	8	273	of Endurance2	75		75	12
greater-zodiac	Greater Zodiac	suffix	glov	42	late	81		64	12	273	of Endurance2	75		75	12
greater-zodiac	Greater Zodiac	suffix	glov	42	early	50	65	64	4	276	of Spirit2	75		75	12
greater-zodiac	Greater Zodiac	suffix	glov	42	mid	66	80	64	8	276	of Spirit2	75		75	12
greater-zodiac	Greater Zodiac	suffix	glov	42	late	81		64	12	276	of Spirit2	75		75	12
greater-elements	Greater Elements	suffix	glov	43	early	50	65	1	4	186	of the Yeti	20		1	12
greater-elements	Greater Elements	suffix	glov	43	mid	66	80	1	8	186	of the Yeti	20		1	12
greater-elements	Greater Elements	suffix	glov	43	late	81		1	12	186	of the Yeti	20		1	12
greater-elements	Greater Elements	suffix	glov	43	early	50	65	1	4	188	of the Phoenix	20		1	12
greater-elements	Greater Elements	suffix	glov	43	mid	66	80	1	8	188	of the Phoenix	20		1	12
greater-elements	Greater Elements	suffix	glov	43	late	81		1	12	188	of the Phoenix	20		1	12
greater-elements	Greater Elements	suffix	glov	43	early	50	65	1	4	190	of the Efreeti	20		1	12
greater-elements	Greater Elements	suffix	glov	43	mid	66	80	1	8	190	of the Efreeti	20		1	12
greater-elements	Greater Elements	suffix	glov	43	late	81		1	12	190	of the Efreeti	20		1	12
greater-elements	Greater Elements	suffix	glov	43	early	50	65	1	4	192	of the Cobra	20		1	12
greater-elements	Greater Elements	suffix	glov	43	mid	66	80	1	8	192	of the Cobra	20		1	12
greater-elements	Greater Elements	suffix	glov	43	late	81		1	12	192	of the Cobra	20		1	12
greater-paralysis	Greater Paralysis	suffix	glov	64	early	50	65	35	8	385	Daze1	46		41	24
greater-paralysis	Greater Paralysis	suffix	glov	64	mid	66	80	35	16	385	Daze1	46		41	24
greater-paralysis	Greater Paralysis	suffix	glov	64	late	81		35	24	385	Daze1	46		41	24
greater-reanimation	Greater Reanimation	suffix	glov	66	early	50	65	40	4	390	of Reanimation1	51		47	12
greater-reanimation	Greater Reanimation	suffix	glov	66	mid	66	80	40	8	390	of Reanimation1	51		47	12
greater-reanimation	Greater Reanimation	suffix	glov	66	late	81		40	12	390	of Reanimation1	51		47	12
greater-four-seasons	Greater Four Seasons	suffix	glov	67	early	50	65	64	4	201	of the Four Seasons2	87		75	12
greater-four-seasons	Greater Four Seasons	suffix	glov	67	mid	66	80	64	8	201	of the Four Seasons2	87		75	12
greater-four-seasons	Greater Four Seasons	suffix	glov	67	late	81		64	12	201	of the Four Seasons2	87		75	12
greater-anima	Greater Anima	suffix	grim	1	early	50	65	37	16	134	of Anima	51		43	48
greater-anima	Greater Anima	suffix	grim	1	mid	66	80	37	32	134	of Anima	51		43	48
greater-anima	Greater Anima	suffix	grim	1	late	81		37	48	134	of Anima	51		43	48
greater-negation	Greater Negation	suffix	grim	2	early	50	65	61	16	145	of Negation	84		72	48
greater-negation	Greater Negation	suffix	grim	2	mid	66	80	61	32	145	of Negation	84		72	48
greater-negation	Greater Negation	suffix	grim	2	late	81		61	48	145	of Negation	84		72	48
greater-coalescence	Greater Coalescence	suffix	grim	3	early	50	65	68	4	158	of Fire Coalescence1	87		80	12
greater-coalescence	Greater Coalescence	suffix	grim	3	mid	66	80	68	8	158	of Fire Coalescence1	87		80	12
greater-coalescence	Greater Coalescence	suffix	grim	3	late	81		68	12	158	of Fire Coalescence1	87		80	12
greater-coalescence	Greater Coalescence	suffix	grim	3	early	50	65	68	4	171	of Lightning Coalescence1	87		80	12
greater-coalescence	Greater Coalescence	suffix	grim	3	mid	66	80	68	8	171	of Lightning Coalescence1	87		80	12
greater-coalescence	Greater Coalescence	suffix	grim	3	late	81		68	12	171	of Lightning Coalescence1	87		80	12
greater-coalescence	Greater Coalescence	suffix	grim	3	early	50	65	68	4	184	of Chilling Coalescence1	87		80	12
greater-coalescence	Greater Coalescence	suffix	grim	3	mid	66	80	68	8	184	of Chilling Coalescence1	87		80	12
greater-coalescence	Greater Coalescence	suffix	grim	3	late	81		68	12	184	of Chilling Coalescence1	87		80	12
greater-thorns	Greater Thorns	suffix	grim	6	early	50	65	53	16	340	of Thorns	67		62	48
greater-thorns	Greater Thorns	suffix	grim	6	mid	66	80	53	32	340	of Thorns	67		62	48
greater-thorns	Greater Thorns	suffix	grim	6	late	81		53	48	340	of Thorns	67		62	48
greater-deflecting	Greater Deflecting	suffix	grim	8	early	50	65	7	25	374	of Deflecting	11		8	76
greater-deflecting	Greater Deflecting	suffix	grim	8	mid	66	80	7	51	374	of Deflecting	11		8	76
greater-deflecting	Greater Deflecting	suffix	grim	8	late	81		7	76	374	of Deflecting	11		8	76
greater-evisceration	Greater Evisceration	suffix	grim	14	early	50	65	58	12	23	of Maiming	80		68	36
greater-evisceration	Greater Evisceration	suffix	grim	14	mid	66	80	58	24	23	of Maiming	80		68	36
greater-evisceration	Greater Evisceration	suffix	grim	14	late	81		58	36	23	of Maiming	80		68	36
greater-balance	Greater Balance	suffix	grim	18	early	50	65	5	16	324	of Equilibrium	9		6	48
greater-balance	Greater Balance	suffix	grim	18	mid	66	80	5	32	324	of Equilibrium	9		6	48
greater-balance	Greater Balance	suffix	grim	18	late	81		5	48	324	of Equilibrium	9		6	48
greater-regeneration	Greater Regeneration	suffix	grim	19	early	50	65	26	16	307	of Regeneration	40		30	48
greater-regeneration	Greater Regeneration	suffix	grim	19	mid	66	80	26	32	307	of Regeneration	40		30	48
greater-regeneration	Greater Regeneration	suffix	grim	19	late	81		26	48	307	of Regeneration	40		30	48
greater-vita	Greater Vita	suffix	grim	26	early	50	65	57	12	294	of the Colosuss	75		67	36
greater-vita	Greater Vita	suffix	grim	26	mid	66	80	57	24	294	of the Colosuss	75		67	36
greater-vita	Greater Vita	suffix	grim	26	late	81		57	36	294	of the Colosuss	75		67	36
greater-titan	Greater Titan	suffix	grim	31	early	50	65	31	12	236	of the Ox	45		37	36
greater-titan	Greater Titan	suffix	grim	31	mid	66	80	31	24	236	of the Ox	45		37	36
greater-titan	Greater Titan	suffix	grim	31	late	81		31	36	236	of the Ox	45		37	36
greater-elements	Greater Elements	suffix	grim	43	early	50	65	60	8	195	of the Elements	77		71	24
greater-elements	Greater Elements	suffix	grim	43	mid	66	80	60	16	195	of the Elements	77		71	24
greater-elements	Greater Elements	suffix	grim	43	late	81		60	24	195	of the Elements	77		71	24
greater-four-seasons	Greater Four Seasons	suffix	grim	67	early	50	65	64	4	201	of the Four Seasons2	87		75	12
greater-four-seasons	Greater Four Seasons	suffix	grim	67	mid	66	80	64	8	201	of the Four Seasons2	87		75	12
greater-four-seasons	Greater Four Seasons	suffix	grim	67	late	81		64	12	201	of the Four Seasons2	87		75	12
greater-coalescence	Greater Coalescence	suffix	h2h	3	early	50	65	68	4	158	of Fire Coalescence1	87		80	12
greater-coalescence	Greater Coalescence	suffix	h2h	3	mid	66	80	68	8	158	of Fire Coalescence1	87		80	12
greater-coalescence	Greater Coalescence	suffix	h2h	3	late	81		68	12	158	of Fire Coalescence1	87		80	12
greater-coalescence	Greater Coalescence	suffix	h2h	3	early	50	65	68	4	171	of Lightning Coalescence1	87		80	12
greater-coalescence	Greater Coalescence	suffix	h2h	3	mid	66	80	68	8	171	of Lightning Coalescence1	87		80	12
greater-coalescence	Greater Coalescence	suffix	h2h	3	late	81		68	12	171	of Lightning Coalescence1	87		80	12
greater-coalescence	Greater Coalescence	suffix	h2h	3	early	50	65	68	4	184	of Chilling Coalescence1	87		80	12
greater-coalescence	Greater Coalescence	suffix	h2h	3	mid	66	80	68	8	184	of Chilling Coalescence1	87		80	12
greater-coalescence	Greater Coalescence	suffix	h2h	3	late	81		68	12	184	of Chilling Coalescence1	87		80	12
greater-quickness	Greater Quickness	suffix	h2h	7	early	50	65	32	20	330	of Quickness	46		38	60
greater-quickness	Greater Quickness	suffix	h2h	7	mid	66	80	32	40	330	of Quickness	46		38	60
greater-quickness	Greater Quickness	suffix	h2h	7	late	81		32	60	330	of Quickness	46		38	60
greater-jewelry-elemental-suffix	Greater jewelry elemental damage	suffix	h2h	10	early	50	65	64	4	53	of Winter	80		75	12
greater-jewelry-elemental-suffix	Greater jewelry elemental damage	suffix	h2h	10	mid	66	80	64	8	53	of Winter	80		75	12
greater-jewelry-elemental-suffix	Greater jewelry elemental damage	suffix	h2h	10	late	81		64	12	53	of Winter	80		75	12
greater-jewelry-elemental-suffix	Greater jewelry elemental damage	suffix	h2h	12	early	50	65	64	4	66	of Incineration	80		75	12
greater-jewelry-elemental-suffix	Greater jewelry elemental damage	suffix	h2h	12	mid	66	80	64	8	66	of Incineration	80		75	12
greater-jewelry-elemental-suffix	Greater jewelry elemental damage	suffix	h2h	12	late	81		64	12	66	of Incineration	80		75	12
greater-jewelry-elemental-suffix	Greater jewelry elemental damage	suffix	h2h	13	early	50	65	58	4	79	of Storms	75		68	12
greater-jewelry-elemental-suffix	Greater jewelry elemental damage	suffix	h2h	13	mid	66	80	58	8	79	of Storms	75		68	12
greater-jewelry-elemental-suffix	Greater jewelry elemental damage	suffix	h2h	13	late	81		58	12	79	of Storms	75		68	12
greater-jewelry-elemental-suffix	Greater jewelry elemental damage	suffix	h2h	16	early	50	65	21	8	90	of Anthrax	33		25	24
greater-jewelry-elemental-suffix	Greater jewelry elemental damage	suffix	h2h	16	mid	66	80	21	16	90	of Anthrax	33		25	24
greater-jewelry-elemental-suffix	Greater jewelry elemental damage	suffix	h2h	16	late	81		21	24	90	of Anthrax	33		25	24
greater-evisceration	Greater Evisceration	suffix	h2h	14	early	50	65	67	29	20	of Evisceration	85		79	88
greater-evisceration	Greater Evisceration	suffix	h2h	14	mid	66	80	67	59	20	of Evisceration	85		79	88
greater-evisceration	Greater Evisceration	suffix	h2h	14	late	81		67	88	20	of Evisceration	85		79	88
greater-transcendence	Greater Transcendence	suffix	h2h	15	early	50	65	71	8	41	of Transcendence	85		83	24
greater-transcendence	Greater Transcendence	suffix	h2h	15	mid	66	80	71	16	41	of Transcendence	85		83	24
greater-transcendence	Greater Transcendence	suffix	h2h	15	late	81		71	24	41	of Transcendence	85		83	24
greater-regeneration	Greater Regeneration	suffix	h2h	19	early	50	65	44	16	308	of Regeneration	70		52	48
greater-regeneration	Greater Regeneration	suffix	h2h	19	mid	66	80	44	32	308	of Regeneration	70		52	48
greater-regeneration	Greater Regeneration	suffix	h2h	19	late	81		44	48	308	of Regeneration	70		52	48
greater-leech	Greater Lamprey/Vampire	suffix	h2h	27	early	50	65	37	28	105	of the Lamprey	55		43	84
greater-leech	Greater Lamprey/Vampire	suffix	h2h	27	mid	66	80	37	56	105	of the Lamprey	55		43	84
greater-leech	Greater Lamprey/Vampire	suffix	h2h	27	late	81		37	84	105	of the Lamprey	55		43	84
greater-leech	Greater Lamprey/Vampire	suffix	h2h	28	early	50	65	41	28	115	of the Vampire	56		48	84
greater-leech	Greater Lamprey/Vampire	suffix	h2h	28	mid	66	80	41	56	115	of the Vampire	56		48	84
greater-leech	Greater Lamprey/Vampire	suffix	h2h	28	late	81		41	84	115	of the Vampire	56		48	84
greater-titan	Greater Titan	suffix	h2h	31	early	50	65	43	12	237	of the Giant	59		51	36
greater-titan	Greater Titan	suffix	h2h	31	mid	66	80	43	24	237	of the Giant	59		51	36
greater-titan	Greater Titan	suffix	h2h	31	late	81		43	36	237	of the Giant	59		51	36
greater-zodiac	Greater Zodiac	suffix	h2h	42	early	50	65	64	4	267	of Agility2	75		75	12
greater-zodiac	Greater Zodiac	suffix	h2h	42	mid	66	80	64	8	267	of Agility2	75		75	12
greater-zodiac	Greater Zodiac	suffix	h2h	42	late	81		64	12	267	of Agility2	75		75	12
greater-zodiac	Greater Zodiac	suffix	h2h	42	early	50	65	64	4	270	of Power2	75		75	12
greater-zodiac	Greater Zodiac	suffix	h2h	42	mid	66	80	64	8	270	of Power2	75		75	12
greater-zodiac	Greater Zodiac	suffix	h2h	42	late	81		64	12	270	of Power2	75		75	12
greater-zodiac	Greater Zodiac	suffix	h2h	42	early	50	65	64	4	273	of Endurance2	75		75	12
greater-zodiac	Greater Zodiac	suffix	h2h	42	mid	66	80	64	8	273	of Endurance2	75		75	12
greater-zodiac	Greater Zodiac	suffix	h2h	42	late	81		64	12	273	of Endurance2	75		75	12
greater-zodiac	Greater Zodiac	suffix	h2h	42	early	50	65	64	4	276	of Spirit2	75		75	12
greater-zodiac	Greater Zodiac	suffix	h2h	42	mid	66	80	64	8	276	of Spirit2	75		75	12
greater-zodiac	Greater Zodiac	suffix	h2h	42	late	81		64	12	276	of Spirit2	75		75	12
greater-paralysis	Greater Paralysis	suffix	h2h	64	early	50	65	48	8	386	Paralysis1	62		56	24
greater-paralysis	Greater Paralysis	suffix	h2h	64	mid	66	80	48	16	386	Paralysis1	62		56	24
greater-paralysis	Greater Paralysis	suffix	h2h	64	late	81		48	24	386	Paralysis1	62		56	24
greater-blindness	Greater Blindness	suffix	h2h	65	early	50	65	48	4	389	of Blindness1	61		57	12
greater-blindness	Greater Blindness	suffix	h2h	65	mid	66	80	48	8	389	of Blindness1	61		57	12
greater-blindness	Greater Blindness	suffix	h2h	65	late	81		48	12	389	of Blindness1	61		57	12
greater-reanimation	Greater Reanimation	suffix	h2h	66	early	50	65	40	4	390	of Reanimation1	51		47	12
greater-reanimation	Greater Reanimation	suffix	h2h	66	mid	66	80	40	8	390	of Reanimation1	51		47	12
greater-reanimation	Greater Reanimation	suffix	h2h	66	late	81		40	12	390	of Reanimation1	51		47	12
greater-four-seasons	Greater Four Seasons	suffix	h2h	67	early	50	65	64	8	317	of the Soul2	75		75	24
greater-four-seasons	Greater Four Seasons	suffix	h2h	67	mid	66	80	64	16	317	of the Soul2	75		75	24
greater-four-seasons	Greater Four Seasons	suffix	h2h	67	late	81		64	24	317	of the Soul2	75		75	24
greater-draining	Greater Draining	suffix	h2h	80	early	50	65	17	1	625	of Siphoning	20		20	2
greater-draining	Greater Draining	suffix	h2h	80	mid	66	80	17	1	625	of Siphoning	20		20	2
greater-draining	Greater Draining	suffix	h2h	80	late	81		17	2	625	of Siphoning	20		20	2
greater-coalescence	Greater Coalescence	suffix	h2h2	3	early	50	65	68	4	158	of Fire Coalescence1	87		80	12
greater-coalescence	Greater Coalescence	suffix	h2h2	3	mid	66	80	68	8	158	of Fire Coalescence1	87		80	12
greater-coalescence	Greater Coalescence	suffix	h2h2	3	late	81		68	12	158	of Fire Coalescence1	87		80	12
greater-coalescence	Greater Coalescence	suffix	h2h2	3	early	50	65	68	4	171	of Lightning Coalescence1	87		80	12
greater-coalescence	Greater Coalescence	suffix	h2h2	3	mid	66	80	68	8	171	of Lightning Coalescence1	87		80	12
greater-coalescence	Greater Coalescence	suffix	h2h2	3	late	81		68	12	171	of Lightning Coalescence1	87		80	12
greater-coalescence	Greater Coalescence	suffix	h2h2	3	early	50	65	68	4	184	of Chilling Coalescence1	87		80	12
greater-coalescence	Greater Coalescence	suffix	h2h2	3	mid	66	80	68	8	184	of Chilling Coalescence1	87		80	12
greater-coalescence	Greater Coalescence	suffix	h2h2	3	late	81		68	12	184	of Chilling Coalescence1	87		80	12
greater-quickness	Greater Quickness	suffix	h2h2	7	early	50	65	32	20	330	of Quickness	46		38	60
greater-quickness	Greater Quickness	suffix	h2h2	7	mid	66	80	32	40	330	of Quickness	46		38	60
greater-quickness	Greater Quickness	suffix	h2h2	7	late	81		32	60	330	of Quickness	46		38	60
greater-jewelry-elemental-suffix	Greater jewelry elemental damage	suffix	h2h2	10	early	50	65	64	4	53	of Winter	80		75	12
greater-jewelry-elemental-suffix	Greater jewelry elemental damage	suffix	h2h2	10	mid	66	80	64	8	53	of Winter	80		75	12
greater-jewelry-elemental-suffix	Greater jewelry elemental damage	suffix	h2h2	10	late	81		64	12	53	of Winter	80		75	12
greater-jewelry-elemental-suffix	Greater jewelry elemental damage	suffix	h2h2	12	early	50	65	64	4	66	of Incineration	80		75	12
greater-jewelry-elemental-suffix	Greater jewelry elemental damage	suffix	h2h2	12	mid	66	80	64	8	66	of Incineration	80		75	12
greater-jewelry-elemental-suffix	Greater jewelry elemental damage	suffix	h2h2	12	late	81		64	12	66	of Incineration	80		75	12
greater-jewelry-elemental-suffix	Greater jewelry elemental damage	suffix	h2h2	13	early	50	65	58	4	79	of Storms	75		68	12
greater-jewelry-elemental-suffix	Greater jewelry elemental damage	suffix	h2h2	13	mid	66	80	58	8	79	of Storms	75		68	12
greater-jewelry-elemental-suffix	Greater jewelry elemental damage	suffix	h2h2	13	late	81		58	12	79	of Storms	75		68	12
greater-jewelry-elemental-suffix	Greater jewelry elemental damage	suffix	h2h2	16	early	50	65	21	8	90	of Anthrax	33		25	24
greater-jewelry-elemental-suffix	Greater jewelry elemental damage	suffix	h2h2	16	mid	66	80	21	16	90	of Anthrax	33		25	24
greater-jewelry-elemental-suffix	Greater jewelry elemental damage	suffix	h2h2	16	late	81		21	24	90	of Anthrax	33		25	24
greater-evisceration	Greater Evisceration	suffix	h2h2	14	early	50	65	67	29	20	of Evisceration	85		79	88
greater-evisceration	Greater Evisceration	suffix	h2h2	14	mid	66	80	67	59	20	of Evisceration	85		79	88
greater-evisceration	Greater Evisceration	suffix	h2h2	14	late	81		67	88	20	of Evisceration	85		79	88
greater-transcendence	Greater Transcendence	suffix	h2h2	15	early	50	65	71	8	41	of Transcendence	85		83	24
greater-transcendence	Greater Transcendence	suffix	h2h2	15	mid	66	80	71	16	41	of Transcendence	85		83	24
greater-transcendence	Greater Transcendence	suffix	h2h2	15	late	81		71	24	41	of Transcendence	85		83	24
greater-regeneration	Greater Regeneration	suffix	h2h2	19	early	50	65	44	16	308	of Regeneration	70		52	48
greater-regeneration	Greater Regeneration	suffix	h2h2	19	mid	66	80	44	32	308	of Regeneration	70		52	48
greater-regeneration	Greater Regeneration	suffix	h2h2	19	late	81		44	48	308	of Regeneration	70		52	48
greater-leech	Greater Lamprey/Vampire	suffix	h2h2	27	early	50	65	37	28	105	of the Lamprey	55		43	84
greater-leech	Greater Lamprey/Vampire	suffix	h2h2	27	mid	66	80	37	56	105	of the Lamprey	55		43	84
greater-leech	Greater Lamprey/Vampire	suffix	h2h2	27	late	81		37	84	105	of the Lamprey	55		43	84
greater-leech	Greater Lamprey/Vampire	suffix	h2h2	28	early	50	65	41	28	115	of the Vampire	56		48	84
greater-leech	Greater Lamprey/Vampire	suffix	h2h2	28	mid	66	80	41	56	115	of the Vampire	56		48	84
greater-leech	Greater Lamprey/Vampire	suffix	h2h2	28	late	81		41	84	115	of the Vampire	56		48	84
greater-titan	Greater Titan	suffix	h2h2	31	early	50	65	43	12	237	of the Giant	59		51	36
greater-titan	Greater Titan	suffix	h2h2	31	mid	66	80	43	24	237	of the Giant	59		51	36
greater-titan	Greater Titan	suffix	h2h2	31	late	81		43	36	237	of the Giant	59		51	36
greater-zodiac	Greater Zodiac	suffix	h2h2	42	early	50	65	64	4	267	of Agility2	75		75	12
greater-zodiac	Greater Zodiac	suffix	h2h2	42	mid	66	80	64	8	267	of Agility2	75		75	12
greater-zodiac	Greater Zodiac	suffix	h2h2	42	late	81		64	12	267	of Agility2	75		75	12
greater-zodiac	Greater Zodiac	suffix	h2h2	42	early	50	65	64	4	270	of Power2	75		75	12
greater-zodiac	Greater Zodiac	suffix	h2h2	42	mid	66	80	64	8	270	of Power2	75		75	12
greater-zodiac	Greater Zodiac	suffix	h2h2	42	late	81		64	12	270	of Power2	75		75	12
greater-zodiac	Greater Zodiac	suffix	h2h2	42	early	50	65	64	4	273	of Endurance2	75		75	12
greater-zodiac	Greater Zodiac	suffix	h2h2	42	mid	66	80	64	8	273	of Endurance2	75		75	12
greater-zodiac	Greater Zodiac	suffix	h2h2	42	late	81		64	12	273	of Endurance2	75		75	12
greater-zodiac	Greater Zodiac	suffix	h2h2	42	early	50	65	64	4	276	of Spirit2	75		75	12
greater-zodiac	Greater Zodiac	suffix	h2h2	42	mid	66	80	64	8	276	of Spirit2	75		75	12
greater-zodiac	Greater Zodiac	suffix	h2h2	42	late	81		64	12	276	of Spirit2	75		75	12
greater-paralysis	Greater Paralysis	suffix	h2h2	64	early	50	65	48	8	386	Paralysis1	62		56	24
greater-paralysis	Greater Paralysis	suffix	h2h2	64	mid	66	80	48	16	386	Paralysis1	62		56	24
greater-paralysis	Greater Paralysis	suffix	h2h2	64	late	81		48	24	386	Paralysis1	62		56	24
greater-blindness	Greater Blindness	suffix	h2h2	65	early	50	65	48	4	389	of Blindness1	61		57	12
greater-blindness	Greater Blindness	suffix	h2h2	65	mid	66	80	48	8	389	of Blindness1	61		57	12
greater-blindness	Greater Blindness	suffix	h2h2	65	late	81		48	12	389	of Blindness1	61		57	12
greater-reanimation	Greater Reanimation	suffix	h2h2	66	early	50	65	40	4	390	of Reanimation1	51		47	12
greater-reanimation	Greater Reanimation	suffix	h2h2	66	mid	66	80	40	8	390	of Reanimation1	51		47	12
greater-reanimation	Greater Reanimation	suffix	h2h2	66	late	81		40	12	390	of Reanimation1	51		47	12
greater-four-seasons	Greater Four Seasons	suffix	h2h2	67	early	50	65	64	8	317	of the Soul2	75		75	24
greater-four-seasons	Greater Four Seasons	suffix	h2h2	67	mid	66	80	64	16	317	of the Soul2	75		75	24
greater-four-seasons	Greater Four Seasons	suffix	h2h2	67	late	81		64	24	317	of the Soul2	75		75	24
greater-draining	Greater Draining	suffix	h2h2	80	early	50	65	17	1	625	of Siphoning	20		20	2
greater-draining	Greater Draining	suffix	h2h2	80	mid	66	80	17	1	625	of Siphoning	20		20	2
greater-draining	Greater Draining	suffix	h2h2	80	late	81		17	2	625	of Siphoning	20		20	2
greater-coalescence	Greater Coalescence	suffix	hamm	3	early	50	65	68	4	158	of Fire Coalescence1	87		80	12
greater-coalescence	Greater Coalescence	suffix	hamm	3	mid	66	80	68	8	158	of Fire Coalescence1	87		80	12
greater-coalescence	Greater Coalescence	suffix	hamm	3	late	81		68	12	158	of Fire Coalescence1	87		80	12
greater-coalescence	Greater Coalescence	suffix	hamm	3	early	50	65	68	4	171	of Lightning Coalescence1	87		80	12
greater-coalescence	Greater Coalescence	suffix	hamm	3	mid	66	80	68	8	171	of Lightning Coalescence1	87		80	12
greater-coalescence	Greater Coalescence	suffix	hamm	3	late	81		68	12	171	of Lightning Coalescence1	87		80	12
greater-coalescence	Greater Coalescence	suffix	hamm	3	early	50	65	68	4	184	of Chilling Coalescence1	87		80	12
greater-coalescence	Greater Coalescence	suffix	hamm	3	mid	66	80	68	8	184	of Chilling Coalescence1	87		80	12
greater-coalescence	Greater Coalescence	suffix	hamm	3	late	81		68	12	184	of Chilling Coalescence1	87		80	12
greater-quickness	Greater Quickness	suffix	hamm	7	early	50	65	32	20	330	of Quickness	46		38	60
greater-quickness	Greater Quickness	suffix	hamm	7	mid	66	80	32	40	330	of Quickness	46		38	60
greater-quickness	Greater Quickness	suffix	hamm	7	late	81		32	60	330	of Quickness	46		38	60
greater-jewelry-elemental-suffix	Greater jewelry elemental damage	suffix	hamm	10	early	50	65	64	4	53	of Winter	80		75	12
greater-jewelry-elemental-suffix	Greater jewelry elemental damage	suffix	hamm	10	mid	66	80	64	8	53	of Winter	80		75	12
greater-jewelry-elemental-suffix	Greater jewelry elemental damage	suffix	hamm	10	late	81		64	12	53	of Winter	80		75	12
greater-jewelry-elemental-suffix	Greater jewelry elemental damage	suffix	hamm	12	early	50	65	64	4	66	of Incineration	80		75	12
greater-jewelry-elemental-suffix	Greater jewelry elemental damage	suffix	hamm	12	mid	66	80	64	8	66	of Incineration	80		75	12
greater-jewelry-elemental-suffix	Greater jewelry elemental damage	suffix	hamm	12	late	81		64	12	66	of Incineration	80		75	12
greater-jewelry-elemental-suffix	Greater jewelry elemental damage	suffix	hamm	13	early	50	65	58	4	79	of Storms	75		68	12
greater-jewelry-elemental-suffix	Greater jewelry elemental damage	suffix	hamm	13	mid	66	80	58	8	79	of Storms	75		68	12
greater-jewelry-elemental-suffix	Greater jewelry elemental damage	suffix	hamm	13	late	81		58	12	79	of Storms	75		68	12
greater-jewelry-elemental-suffix	Greater jewelry elemental damage	suffix	hamm	16	early	50	65	21	8	90	of Anthrax	33		25	24
greater-jewelry-elemental-suffix	Greater jewelry elemental damage	suffix	hamm	16	mid	66	80	21	16	90	of Anthrax	33		25	24
greater-jewelry-elemental-suffix	Greater jewelry elemental damage	suffix	hamm	16	late	81		21	24	90	of Anthrax	33		25	24
greater-evisceration	Greater Evisceration	suffix	hamm	14	early	50	65	67	29	20	of Evisceration	85		79	88
greater-evisceration	Greater Evisceration	suffix	hamm	14	mid	66	80	67	59	20	of Evisceration	85		79	88
greater-evisceration	Greater Evisceration	suffix	hamm	14	late	81		67	88	20	of Evisceration	85		79	88
greater-transcendence	Greater Transcendence	suffix	hamm	15	early	50	65	71	8	41	of Transcendence	85		83	24
greater-transcendence	Greater Transcendence	suffix	hamm	15	mid	66	80	71	16	41	of Transcendence	85		83	24
greater-transcendence	Greater Transcendence	suffix	hamm	15	late	81		71	24	41	of Transcendence	85		83	24
greater-regeneration	Greater Regeneration	suffix	hamm	19	early	50	65	44	16	308	of Regeneration	70		52	48
greater-regeneration	Greater Regeneration	suffix	hamm	19	mid	66	80	44	32	308	of Regeneration	70		52	48
greater-regeneration	Greater Regeneration	suffix	hamm	19	late	81		44	48	308	of Regeneration	70		52	48
greater-vita	Greater Vita	suffix	hamm	26	early	50	65	51	12	299	of the Mammoth	68		60	36
greater-vita	Greater Vita	suffix	hamm	26	mid	66	80	51	24	299	of the Mammoth	68		60	36
greater-vita	Greater Vita	suffix	hamm	26	late	81		51	36	299	of the Mammoth	68		60	36
greater-leech	Greater Lamprey/Vampire	suffix	hamm	27	early	50	65	37	28	105	of the Lamprey	55		43	84
greater-leech	Greater Lamprey/Vampire	suffix	hamm	27	mid	66	80	37	56	105	of the Lamprey	55		43	84
greater-leech	Greater Lamprey/Vampire	suffix	hamm	27	late	81		37	84	105	of the Lamprey	55		43	84
greater-leech	Greater Lamprey/Vampire	suffix	hamm	28	early	50	65	41	28	115	of the Vampire	56		48	84
greater-leech	Greater Lamprey/Vampire	suffix	hamm	28	mid	66	80	41	56	115	of the Vampire	56		48	84
greater-leech	Greater Lamprey/Vampire	suffix	hamm	28	late	81		41	84	115	of the Vampire	56		48	84
greater-titan	Greater Titan	suffix	hamm	31	early	50	65	54	12	228	of Atlus	71		63	36
greater-titan	Greater Titan	suffix	hamm	31	mid	66	80	54	24	228	of Atlus	71		63	36
greater-titan	Greater Titan	suffix	hamm	31	late	81		54	36	228	of Atlus	71		63	36
greater-zodiac	Greater Zodiac	suffix	hamm	42	early	50	65	64	4	267	of Agility2	75		75	12
greater-zodiac	Greater Zodiac	suffix	hamm	42	mid	66	80	64	8	267	of Agility2	75		75	12
greater-zodiac	Greater Zodiac	suffix	hamm	42	late	81		64	12	267	of Agility2	75		75	12
greater-zodiac	Greater Zodiac	suffix	hamm	42	early	50	65	64	4	270	of Power2	75		75	12
greater-zodiac	Greater Zodiac	suffix	hamm	42	mid	66	80	64	8	270	of Power2	75		75	12
greater-zodiac	Greater Zodiac	suffix	hamm	42	late	81		64	12	270	of Power2	75		75	12
greater-zodiac	Greater Zodiac	suffix	hamm	42	early	50	65	64	4	273	of Endurance2	75		75	12
greater-zodiac	Greater Zodiac	suffix	hamm	42	mid	66	80	64	8	273	of Endurance2	75		75	12
greater-zodiac	Greater Zodiac	suffix	hamm	42	late	81		64	12	273	of Endurance2	75		75	12
greater-zodiac	Greater Zodiac	suffix	hamm	42	early	50	65	64	4	276	of Spirit2	75		75	12
greater-zodiac	Greater Zodiac	suffix	hamm	42	mid	66	80	64	8	276	of Spirit2	75		75	12
greater-zodiac	Greater Zodiac	suffix	hamm	42	late	81		64	12	276	of Spirit2	75		75	12
greater-paralysis	Greater Paralysis	suffix	hamm	64	early	50	65	48	8	386	Paralysis1	62		56	24
greater-paralysis	Greater Paralysis	suffix	hamm	64	mid	66	80	48	16	386	Paralysis1	62		56	24
greater-paralysis	Greater Paralysis	suffix	hamm	64	late	81		48	24	386	Paralysis1	62		56	24
greater-blindness	Greater Blindness	suffix	hamm	65	early	50	65	48	4	389	of Blindness1	61		57	12
greater-blindness	Greater Blindness	suffix	hamm	65	mid	66	80	48	8	389	of Blindness1	61		57	12
greater-blindness	Greater Blindness	suffix	hamm	65	late	81		48	12	389	of Blindness1	61		57	12
greater-reanimation	Greater Reanimation	suffix	hamm	66	early	50	65	40	4	390	of Reanimation1	51		47	12
greater-reanimation	Greater Reanimation	suffix	hamm	66	mid	66	80	40	8	390	of Reanimation1	51		47	12
greater-reanimation	Greater Reanimation	suffix	hamm	66	late	81		40	12	390	of Reanimation1	51		47	12
greater-four-seasons	Greater Four Seasons	suffix	hamm	67	early	50	65	64	8	317	of the Soul2	75		75	24
greater-four-seasons	Greater Four Seasons	suffix	hamm	67	mid	66	80	64	16	317	of the Soul2	75		75	24
greater-four-seasons	Greater Four Seasons	suffix	hamm	67	late	81		64	24	317	of the Soul2	75		75	24
greater-draining	Greater Draining	suffix	hamm	80	early	50	65	17	1	625	of Siphoning	20		20	2
greater-draining	Greater Draining	suffix	hamm	80	mid	66	80	17	1	625	of Siphoning	20		20	2
greater-draining	Greater Draining	suffix	hamm	80	late	81		17	2	625	of Siphoning	20		20	2
greater-anima	Greater Anima	suffix	head	1	early	50	65	37	16	134	of Anima	51		43	48
greater-anima	Greater Anima	suffix	head	1	mid	66	80	37	32	134	of Anima	51		43	48
greater-anima	Greater Anima	suffix	head	1	late	81		37	48	134	of Anima	51		43	48
greater-negation	Greater Negation	suffix	head	2	early	50	65	61	16	145	of Negation	84		72	48
greater-negation	Greater Negation	suffix	head	2	mid	66	80	61	32	145	of Negation	84		72	48
greater-negation	Greater Negation	suffix	head	2	late	81		61	48	145	of Negation	84		72	48
greater-coalescence	Greater Coalescence	suffix	head	3	early	50	65	68	4	158	of Fire Coalescence1	87		80	12
greater-coalescence	Greater Coalescence	suffix	head	3	mid	66	80	68	8	158	of Fire Coalescence1	87		80	12
greater-coalescence	Greater Coalescence	suffix	head	3	late	81		68	12	158	of Fire Coalescence1	87		80	12
greater-coalescence	Greater Coalescence	suffix	head	3	early	50	65	68	4	171	of Lightning Coalescence1	87		80	12
greater-coalescence	Greater Coalescence	suffix	head	3	mid	66	80	68	8	171	of Lightning Coalescence1	87		80	12
greater-coalescence	Greater Coalescence	suffix	head	3	late	81		68	12	171	of Lightning Coalescence1	87		80	12
greater-coalescence	Greater Coalescence	suffix	head	3	early	50	65	68	4	184	of Chilling Coalescence1	87		80	12
greater-coalescence	Greater Coalescence	suffix	head	3	mid	66	80	68	8	184	of Chilling Coalescence1	87		80	12
greater-coalescence	Greater Coalescence	suffix	head	3	late	81		68	12	184	of Chilling Coalescence1	87		80	12
greater-thorns	Greater Thorns	suffix	head	6	early	50	65	53	16	340	of Thorns	67		62	48
greater-thorns	Greater Thorns	suffix	head	6	mid	66	80	53	32	340	of Thorns	67		62	48
greater-thorns	Greater Thorns	suffix	head	6	late	81		53	48	340	of Thorns	67		62	48
greater-deflecting	Greater Deflecting	suffix	head	8	early	50	65	7	25	374	of Deflecting	11		8	76
greater-deflecting	Greater Deflecting	suffix	head	8	mid	66	80	7	51	374	of Deflecting	11		8	76
greater-deflecting	Greater Deflecting	suffix	head	8	late	81		7	76	374	of Deflecting	11		8	76
greater-evisceration	Greater Evisceration	suffix	head	14	early	50	65	58	12	23	of Maiming	80		68	36
greater-evisceration	Greater Evisceration	suffix	head	14	mid	66	80	58	24	23	of Maiming	80		68	36
greater-evisceration	Greater Evisceration	suffix	head	14	late	81		58	36	23	of Maiming	80		68	36
greater-balance	Greater Balance	suffix	head	18	early	50	65	5	16	324	of Equilibrium	9		6	48
greater-balance	Greater Balance	suffix	head	18	mid	66	80	5	32	324	of Equilibrium	9		6	48
greater-balance	Greater Balance	suffix	head	18	late	81		5	48	324	of Equilibrium	9		6	48
greater-regeneration	Greater Regeneration	suffix	head	19	early	50	65	26	16	307	of Regeneration	40		30	48
greater-regeneration	Greater Regeneration	suffix	head	19	mid	66	80	26	32	307	of Regeneration	40		30	48
greater-regeneration	Greater Regeneration	suffix	head	19	late	81		26	48	307	of Regeneration	40		30	48
greater-vita	Greater Vita	suffix	head	26	early	50	65	57	12	294	of the Colosuss	75		67	36
greater-vita	Greater Vita	suffix	head	26	mid	66	80	57	24	294	of the Colosuss	75		67	36
greater-vita	Greater Vita	suffix	head	26	late	81		57	36	294	of the Colosuss	75		67	36
greater-titan	Greater Titan	suffix	head	31	early	50	65	31	12	236	of the Ox	45		37	36
greater-titan	Greater Titan	suffix	head	31	mid	66	80	31	24	236	of the Ox	45		37	36
greater-titan	Greater Titan	suffix	head	31	late	81		31	36	236	of the Ox	45		37	36
greater-elements	Greater Elements	suffix	head	43	early	50	65	60	8	195	of the Elements	77		71	24
greater-elements	Greater Elements	suffix	head	43	mid	66	80	60	16	195	of the Elements	77		71	24
greater-elements	Greater Elements	suffix	head	43	late	81		60	24	195	of the Elements	77		71	24
greater-four-seasons	Greater Four Seasons	suffix	head	67	early	50	65	64	4	201	of the Four Seasons2	87		75	12
greater-four-seasons	Greater Four Seasons	suffix	head	67	mid	66	80	64	8	201	of the Four Seasons2	87		75	12
greater-four-seasons	Greater Four Seasons	suffix	head	67	late	81		64	12	201	of the Four Seasons2	87		75	12
greater-balance	Greater Balance	suffix	helm	18	early	50	65	3	16	323	of Balance	5		3	48
greater-balance	Greater Balance	suffix	helm	18	mid	66	80	3	32	323	of Balance	5		3	48
greater-balance	Greater Balance	suffix	helm	18	late	81		3	48	323	of Balance	5		3	48
greater-enlightenment	Greater Enlightenment	suffix	helm	23	early	50	65	18	12	257	of Sorcery	26		21	36
greater-enlightenment	Greater Enlightenment	suffix	helm	23	mid	66	80	18	24	257	of Sorcery	26		21	36
greater-enlightenment	Greater Enlightenment	suffix	helm	23	late	81		18	36	257	of Sorcery	26		21	36
greater-vita	Greater Vita	suffix	helm	26	early	50	65	51	12	299	of the Mammoth	68		60	36
greater-vita	Greater Vita	suffix	helm	26	mid	66	80	51	24	299	of the Mammoth	68		60	36
greater-vita	Greater Vita	suffix	helm	26	late	81		51	36	299	of the Mammoth	68		60	36
greater-zodiac	Greater Zodiac	suffix	helm	42	early	50	65	1	4	262	of Grace	1		1	12
greater-zodiac	Greater Zodiac	suffix	helm	42	mid	66	80	1	8	262	of Grace	1		1	12
greater-zodiac	Greater Zodiac	suffix	helm	42	late	81		1	12	262	of Grace	1		1	12
greater-elements	Greater Elements	suffix	helm	43	early	50	65	1	4	186	of the Yeti	20		1	12
greater-elements	Greater Elements	suffix	helm	43	mid	66	80	1	8	186	of the Yeti	20		1	12
greater-elements	Greater Elements	suffix	helm	43	late	81		1	12	186	of the Yeti	20		1	12
greater-elements	Greater Elements	suffix	helm	43	early	50	65	1	4	188	of the Phoenix	20		1	12
greater-elements	Greater Elements	suffix	helm	43	mid	66	80	1	8	188	of the Phoenix	20		1	12
greater-elements	Greater Elements	suffix	helm	43	late	81		1	12	188	of the Phoenix	20		1	12
greater-elements	Greater Elements	suffix	helm	43	early	50	65	1	4	190	of the Efreeti	20		1	12
greater-elements	Greater Elements	suffix	helm	43	mid	66	80	1	8	190	of the Efreeti	20		1	12
greater-elements	Greater Elements	suffix	helm	43	late	81		1	12	190	of the Efreeti	20		1	12
greater-elements	Greater Elements	suffix	helm	43	early	50	65	1	4	192	of the Cobra	20		1	12
greater-elements	Greater Elements	suffix	helm	43	mid	66	80	1	8	192	of the Cobra	20		1	12
greater-elements	Greater Elements	suffix	helm	43	late	81		1	12	192	of the Cobra	20		1	12
greater-four-seasons	Greater Four Seasons	suffix	helm	67	early	50	65	64	4	201	of the Four Seasons2	87		75	12
greater-four-seasons	Greater Four Seasons	suffix	helm	67	mid	66	80	64	8	201	of the Four Seasons2	87		75	12
greater-four-seasons	Greater Four Seasons	suffix	helm	67	late	81		64	12	201	of the Four Seasons2	87		75	12
greater-coalescence	Greater Coalescence	suffix	jave	3	early	50	65	68	4	158	of Fire Coalescence1	87		80	12
greater-coalescence	Greater Coalescence	suffix	jave	3	mid	66	80	68	8	158	of Fire Coalescence1	87		80	12
greater-coalescence	Greater Coalescence	suffix	jave	3	late	81		68	12	158	of Fire Coalescence1	87		80	12
greater-coalescence	Greater Coalescence	suffix	jave	3	early	50	65	68	4	171	of Lightning Coalescence1	87		80	12
greater-coalescence	Greater Coalescence	suffix	jave	3	mid	66	80	68	8	171	of Lightning Coalescence1	87		80	12
greater-coalescence	Greater Coalescence	suffix	jave	3	late	81		68	12	171	of Lightning Coalescence1	87		80	12
greater-coalescence	Greater Coalescence	suffix	jave	3	early	50	65	68	4	184	of Chilling Coalescence1	87		80	12
greater-coalescence	Greater Coalescence	suffix	jave	3	mid	66	80	68	8	184	of Chilling Coalescence1	87		80	12
greater-coalescence	Greater Coalescence	suffix	jave	3	late	81		68	12	184	of Chilling Coalescence1	87		80	12
greater-quickness	Greater Quickness	suffix	jave	7	early	50	65	32	20	330	of Quickness	46		38	60
greater-quickness	Greater Quickness	suffix	jave	7	mid	66	80	32	40	330	of Quickness	46		38	60
greater-quickness	Greater Quickness	suffix	jave	7	late	81		32	60	330	of Quickness	46		38	60
greater-jewelry-elemental-suffix	Greater jewelry elemental damage	suffix	jave	10	early	50	65	64	4	53	of Winter	80		75	12
greater-jewelry-elemental-suffix	Greater jewelry elemental damage	suffix	jave	10	mid	66	80	64	8	53	of Winter	80		75	12
greater-jewelry-elemental-suffix	Greater jewelry elemental damage	suffix	jave	10	late	81		64	12	53	of Winter	80		75	12
greater-jewelry-elemental-suffix	Greater jewelry elemental damage	suffix	jave	12	early	50	65	64	4	66	of Incineration	80		75	12
greater-jewelry-elemental-suffix	Greater jewelry elemental damage	suffix	jave	12	mid	66	80	64	8	66	of Incineration	80		75	12
greater-jewelry-elemental-suffix	Greater jewelry elemental damage	suffix	jave	12	late	81		64	12	66	of Incineration	80		75	12
greater-jewelry-elemental-suffix	Greater jewelry elemental damage	suffix	jave	13	early	50	65	58	4	79	of Storms	75		68	12
greater-jewelry-elemental-suffix	Greater jewelry elemental damage	suffix	jave	13	mid	66	80	58	8	79	of Storms	75		68	12
greater-jewelry-elemental-suffix	Greater jewelry elemental damage	suffix	jave	13	late	81		58	12	79	of Storms	75		68	12
greater-jewelry-elemental-suffix	Greater jewelry elemental damage	suffix	jave	16	early	50	65	21	8	90	of Anthrax	33		25	24
greater-jewelry-elemental-suffix	Greater jewelry elemental damage	suffix	jave	16	mid	66	80	21	16	90	of Anthrax	33		25	24
greater-jewelry-elemental-suffix	Greater jewelry elemental damage	suffix	jave	16	late	81		21	24	90	of Anthrax	33		25	24
greater-evisceration	Greater Evisceration	suffix	jave	14	early	50	65	67	29	20	of Evisceration	85		79	88
greater-evisceration	Greater Evisceration	suffix	jave	14	mid	66	80	67	59	20	of Evisceration	85		79	88
greater-evisceration	Greater Evisceration	suffix	jave	14	late	81		67	88	20	of Evisceration	85		79	88
greater-transcendence	Greater Transcendence	suffix	jave	15	early	50	65	71	8	41	of Transcendence	85		83	24
greater-transcendence	Greater Transcendence	suffix	jave	15	mid	66	80	71	16	41	of Transcendence	85		83	24
greater-transcendence	Greater Transcendence	suffix	jave	15	late	81		71	24	41	of Transcendence	85		83	24
greater-regeneration	Greater Regeneration	suffix	jave	19	early	50	65	44	16	308	of Regeneration	70		52	48
greater-regeneration	Greater Regeneration	suffix	jave	19	mid	66	80	44	32	308	of Regeneration	70		52	48
greater-regeneration	Greater Regeneration	suffix	jave	19	late	81		44	48	308	of Regeneration	70		52	48
greater-leech	Greater Lamprey/Vampire	suffix	jave	27	early	50	65	37	28	105	of the Lamprey	55		43	84
greater-leech	Greater Lamprey/Vampire	suffix	jave	27	mid	66	80	37	56	105	of the Lamprey	55		43	84
greater-leech	Greater Lamprey/Vampire	suffix	jave	27	late	81		37	84	105	of the Lamprey	55		43	84
greater-leech	Greater Lamprey/Vampire	suffix	jave	28	early	50	65	41	28	115	of the Vampire	56		48	84
greater-leech	Greater Lamprey/Vampire	suffix	jave	28	mid	66	80	41	56	115	of the Vampire	56		48	84
greater-leech	Greater Lamprey/Vampire	suffix	jave	28	late	81		41	84	115	of the Vampire	56		48	84
greater-titan	Greater Titan	suffix	jave	31	early	50	65	43	12	237	of the Giant	59		51	36
greater-titan	Greater Titan	suffix	jave	31	mid	66	80	43	24	237	of the Giant	59		51	36
greater-titan	Greater Titan	suffix	jave	31	late	81		43	36	237	of the Giant	59		51	36
greater-zodiac	Greater Zodiac	suffix	jave	42	early	50	65	64	4	267	of Agility2	75		75	12
greater-zodiac	Greater Zodiac	suffix	jave	42	mid	66	80	64	8	267	of Agility2	75		75	12
greater-zodiac	Greater Zodiac	suffix	jave	42	late	81		64	12	267	of Agility2	75		75	12
greater-zodiac	Greater Zodiac	suffix	jave	42	early	50	65	64	4	270	of Power2	75		75	12
greater-zodiac	Greater Zodiac	suffix	jave	42	mid	66	80	64	8	270	of Power2	75		75	12
greater-zodiac	Greater Zodiac	suffix	jave	42	late	81		64	12	270	of Power2	75		75	12
greater-zodiac	Greater Zodiac	suffix	jave	42	early	50	65	64	4	273	of Endurance2	75		75	12
greater-zodiac	Greater Zodiac	suffix	jave	42	mid	66	80	64	8	273	of Endurance2	75		75	12
greater-zodiac	Greater Zodiac	suffix	jave	42	late	81		64	12	273	of Endurance2	75		75	12
greater-zodiac	Greater Zodiac	suffix	jave	42	early	50	65	64	4	276	of Spirit2	75		75	12
greater-zodiac	Greater Zodiac	suffix	jave	42	mid	66	80	64	8	276	of Spirit2	75		75	12
greater-zodiac	Greater Zodiac	suffix	jave	42	late	81		64	12	276	of Spirit2	75		75	12
greater-paralysis	Greater Paralysis	suffix	jave	64	early	50	65	48	8	386	Paralysis1	62		56	24
greater-paralysis	Greater Paralysis	suffix	jave	64	mid	66	80	48	16	386	Paralysis1	62		56	24
greater-paralysis	Greater Paralysis	suffix	jave	64	late	81		48	24	386	Paralysis1	62		56	24
greater-blindness	Greater Blindness	suffix	jave	65	early	50	65	48	4	389	of Blindness1	61		57	12
greater-blindness	Greater Blindness	suffix	jave	65	mid	66	80	48	8	389	of Blindness1	61		57	12
greater-blindness	Greater Blindness	suffix	jave	65	late	81		48	12	389	of Blindness1	61		57	12
greater-reanimation	Greater Reanimation	suffix	jave	66	early	50	65	40	4	390	of Reanimation1	51		47	12
greater-reanimation	Greater Reanimation	suffix	jave	66	mid	66	80	40	8	390	of Reanimation1	51		47	12
greater-reanimation	Greater Reanimation	suffix	jave	66	late	81		40	12	390	of Reanimation1	51		47	12
greater-four-seasons	Greater Four Seasons	suffix	jave	67	early	50	65	64	8	317	of the Soul2	75		75	24
greater-four-seasons	Greater Four Seasons	suffix	jave	67	mid	66	80	64	16	317	of the Soul2	75		75	24
greater-four-seasons	Greater Four Seasons	suffix	jave	67	late	81		64	24	317	of the Soul2	75		75	24
greater-draining	Greater Draining	suffix	jave	80	early	50	65	17	1	625	of Siphoning	20		20	2
greater-draining	Greater Draining	suffix	jave	80	mid	66	80	17	1	625	of Siphoning	20		20	2
greater-draining	Greater Draining	suffix	jave	80	late	81		17	2	625	of Siphoning	20		20	2
greater-thorns	Greater Thorns	suffix	jewl	6	early	50	65	41	16	345	of Malice	60		48	48
greater-thorns	Greater Thorns	suffix	jewl	6	mid	66	80	41	32	345	of Malice	60		48	48
greater-thorns	Greater Thorns	suffix	jewl	6	late	81		41	48	345	of Malice	60		48	48
greater-quickness	Greater Quickness	suffix	jewl	7	early	50	65	26	16	334	of Fervor	39		31	48
greater-quickness	Greater Quickness	suffix	jewl	7	mid	66	80	26	32	334	of Fervor	39		31	48
greater-quickness	Greater Quickness	suffix	jewl	7	late	81		26	48	334	of Fervor	39		31	48
greater-jewelry-elemental-suffix	Greater jewelry elemental damage	suffix	jewl	10	early	50	65	43	8	60	of the Glacier	58		50	24
greater-jewelry-elemental-suffix	Greater jewelry elemental damage	suffix	jewl	10	mid	66	80	43	16	60	of the Glacier	58		50	24
greater-jewelry-elemental-suffix	Greater jewelry elemental damage	suffix	jewl	10	late	81		43	24	60	of the Glacier	58		50	24
greater-jewelry-elemental-suffix	Greater jewelry elemental damage	suffix	jewl	12	early	50	65	42	8	73	of Burning	57		49	24
greater-jewelry-elemental-suffix	Greater jewelry elemental damage	suffix	jewl	12	mid	66	80	42	16	73	of Burning	57		49	24
greater-jewelry-elemental-suffix	Greater jewelry elemental damage	suffix	jewl	12	late	81		42	24	73	of Burning	57		49	24
greater-jewelry-elemental-suffix	Greater jewelry elemental damage	suffix	jewl	13	early	50	65	42	8	86	of Thunder	57		49	24
greater-jewelry-elemental-suffix	Greater jewelry elemental damage	suffix	jewl	13	mid	66	80	42	16	86	of Thunder	57		49	24
greater-jewelry-elemental-suffix	Greater jewelry elemental damage	suffix	jewl	13	late	81		42	24	86	of Thunder	57		49	24
greater-jewelry-elemental-suffix	Greater jewelry elemental damage	suffix	jewl	16	early	50	65	56	8	96	of Anthrax	77		66	24
greater-jewelry-elemental-suffix	Greater jewelry elemental damage	suffix	jewl	16	mid	66	80	56	16	96	of Anthrax	77		66	24
greater-jewelry-elemental-suffix	Greater jewelry elemental damage	suffix	jewl	16	late	81		56	24	96	of Anthrax	77		66	24
greater-evisceration	Greater Evisceration	suffix	jewl	14	early	50	65	47	16	34	of Carnage	67		55	48
greater-evisceration	Greater Evisceration	suffix	jewl	14	mid	66	80	47	32	34	of Carnage	67		55	48
greater-evisceration	Greater Evisceration	suffix	jewl	14	late	81		47	48	34	of Carnage	67		55	48
greater-transcendence	Greater Transcendence	suffix	jewl	15	early	50	65	31	11	47	of Bliss	43		37	32
greater-transcendence	Greater Transcendence	suffix	jewl	15	mid	66	80	31	21	47	of Bliss	43		37	32
greater-transcendence	Greater Transcendence	suffix	jewl	15	late	81		31	32	47	of Bliss	43		37	32
greater-perfection	Greater Perfection	suffix	jewl	17	early	50	65	24	16	219	of Daring	36		28	48
greater-perfection	Greater Perfection	suffix	jewl	17	mid	66	80	24	32	219	of Daring	36		28	48
greater-perfection	Greater Perfection	suffix	jewl	17	late	81		24	48	219	of Daring	36		28	48
greater-balance	Greater Balance	suffix	jewl	18	early	50	65	31	16	326	of Truth	44		36	48
greater-balance	Greater Balance	suffix	jewl	18	mid	66	80	31	32	326	of Truth	44		36	48
greater-balance	Greater Balance	suffix	jewl	18	late	81		31	48	326	of Truth	44		36	48
greater-regeneration	Greater Regeneration	suffix	jewl	19	early	50	65	30	16	312	of Honor	47		35	48
greater-regeneration	Greater Regeneration	suffix	jewl	19	mid	66	80	30	32	312	of Honor	47		35	48
greater-regeneration	Greater Regeneration	suffix	jewl	19	late	81		30	48	312	of Honor	47		35	48
greater-wealth	Greater Wealth	suffix	jewl	21	early	50	65	1	16	360	of Avarice	1		1	48
greater-wealth	Greater Wealth	suffix	jewl	21	mid	66	80	1	32	360	of Avarice	1		1	48
greater-wealth	Greater Wealth	suffix	jewl	21	late	81		1	48	360	of Avarice	1		1	48
greater-prosperity	Greater Prosperity	suffix	jewl	22	early	50	65	64	4	357	of Prosperity	80		75	12
greater-prosperity	Greater Prosperity	suffix	jewl	22	mid	66	80	64	8	357	of Prosperity	80		75	12
greater-prosperity	Greater Prosperity	suffix	jewl	22	late	81		64	12	357	of Prosperity	80		75	12
greater-enlightenment	Greater Enlightenment	suffix	jewl	23	early	50	65	28	12	260	of Knowledge	41		33	36
greater-enlightenment	Greater Enlightenment	suffix	jewl	23	mid	66	80	28	24	260	of Knowledge	41		33	36
greater-enlightenment	Greater Enlightenment	suffix	jewl	23	late	81		28	36	260	of Knowledge	41		33	36
greater-vita	Greater Vita	suffix	jewl	26	early	50	65	31	16	301	of Hope	45		37	48
greater-vita	Greater Vita	suffix	jewl	26	mid	66	80	31	32	301	of Hope	45		37	48
greater-vita	Greater Vita	suffix	jewl	26	late	81		31	48	301	of Hope	45		37	48
greater-titan	Greater Titan	suffix	jewl	31	early	50	65	36	16	240	of Virility	50		42	48
greater-titan	Greater Titan	suffix	jewl	31	mid	66	80	36	32	240	of Virility	50		42	48
greater-titan	Greater Titan	suffix	jewl	31	late	81		36	48	240	of Virility	50		42	48
greater-coalescence	Greater Coalescence	suffix	knif	3	early	50	65	68	4	158	of Fire Coalescence1	87		80	12
greater-coalescence	Greater Coalescence	suffix	knif	3	mid	66	80	68	8	158	of Fire Coalescence1	87		80	12
greater-coalescence	Greater Coalescence	suffix	knif	3	late	81		68	12	158	of Fire Coalescence1	87		80	12
greater-coalescence	Greater Coalescence	suffix	knif	3	early	50	65	68	4	171	of Lightning Coalescence1	87		80	12
greater-coalescence	Greater Coalescence	suffix	knif	3	mid	66	80	68	8	171	of Lightning Coalescence1	87		80	12
greater-coalescence	Greater Coalescence	suffix	knif	3	late	81		68	12	171	of Lightning Coalescence1	87		80	12
greater-coalescence	Greater Coalescence	suffix	knif	3	early	50	65	68	4	184	of Chilling Coalescence1	87		80	12
greater-coalescence	Greater Coalescence	suffix	knif	3	mid	66	80	68	8	184	of Chilling Coalescence1	87		80	12
greater-coalescence	Greater Coalescence	suffix	knif	3	late	81		68	12	184	of Chilling Coalescence1	87		80	12
greater-quickness	Greater Quickness	suffix	knif	7	early	50	65	32	20	330	of Quickness	46		38	60
greater-quickness	Greater Quickness	suffix	knif	7	mid	66	80	32	40	330	of Quickness	46		38	60
greater-quickness	Greater Quickness	suffix	knif	7	late	81		32	60	330	of Quickness	46		38	60
greater-jewelry-elemental-suffix	Greater jewelry elemental damage	suffix	knif	10	early	50	65	64	4	53	of Winter	80		75	12
greater-jewelry-elemental-suffix	Greater jewelry elemental damage	suffix	knif	10	mid	66	80	64	8	53	of Winter	80		75	12
greater-jewelry-elemental-suffix	Greater jewelry elemental damage	suffix	knif	10	late	81		64	12	53	of Winter	80		75	12
greater-jewelry-elemental-suffix	Greater jewelry elemental damage	suffix	knif	12	early	50	65	64	4	66	of Incineration	80		75	12
greater-jewelry-elemental-suffix	Greater jewelry elemental damage	suffix	knif	12	mid	66	80	64	8	66	of Incineration	80		75	12
greater-jewelry-elemental-suffix	Greater jewelry elemental damage	suffix	knif	12	late	81		64	12	66	of Incineration	80		75	12
greater-jewelry-elemental-suffix	Greater jewelry elemental damage	suffix	knif	13	early	50	65	58	4	79	of Storms	75		68	12
greater-jewelry-elemental-suffix	Greater jewelry elemental damage	suffix	knif	13	mid	66	80	58	8	79	of Storms	75		68	12
greater-jewelry-elemental-suffix	Greater jewelry elemental damage	suffix	knif	13	late	81		58	12	79	of Storms	75		68	12
greater-jewelry-elemental-suffix	Greater jewelry elemental damage	suffix	knif	16	early	50	65	21	8	90	of Anthrax	33		25	24
greater-jewelry-elemental-suffix	Greater jewelry elemental damage	suffix	knif	16	mid	66	80	21	16	90	of Anthrax	33		25	24
greater-jewelry-elemental-suffix	Greater jewelry elemental damage	suffix	knif	16	late	81		21	24	90	of Anthrax	33		25	24
greater-evisceration	Greater Evisceration	suffix	knif	14	early	50	65	67	29	20	of Evisceration	85		79	88
greater-evisceration	Greater Evisceration	suffix	knif	14	mid	66	80	67	59	20	of Evisceration	85		79	88
greater-evisceration	Greater Evisceration	suffix	knif	14	late	81		67	88	20	of Evisceration	85		79	88
greater-transcendence	Greater Transcendence	suffix	knif	15	early	50	65	71	8	41	of Transcendence	85		83	24
greater-transcendence	Greater Transcendence	suffix	knif	15	mid	66	80	71	16	41	of Transcendence	85		83	24
greater-transcendence	Greater Transcendence	suffix	knif	15	late	81		71	24	41	of Transcendence	85		83	24
greater-regeneration	Greater Regeneration	suffix	knif	19	early	50	65	44	16	308	of Regeneration	70		52	48
greater-regeneration	Greater Regeneration	suffix	knif	19	mid	66	80	44	32	308	of Regeneration	70		52	48
greater-regeneration	Greater Regeneration	suffix	knif	19	late	81		44	48	308	of Regeneration	70		52	48
greater-leech	Greater Lamprey/Vampire	suffix	knif	27	early	50	65	37	28	105	of the Lamprey	55		43	84
greater-leech	Greater Lamprey/Vampire	suffix	knif	27	mid	66	80	37	56	105	of the Lamprey	55		43	84
greater-leech	Greater Lamprey/Vampire	suffix	knif	27	late	81		37	84	105	of the Lamprey	55		43	84
greater-leech	Greater Lamprey/Vampire	suffix	knif	28	early	50	65	41	28	115	of the Vampire	56		48	84
greater-leech	Greater Lamprey/Vampire	suffix	knif	28	mid	66	80	41	56	115	of the Vampire	56		48	84
greater-leech	Greater Lamprey/Vampire	suffix	knif	28	late	81		41	84	115	of the Vampire	56		48	84
greater-titan	Greater Titan	suffix	knif	31	early	50	65	43	12	237	of the Giant	59		51	36
greater-titan	Greater Titan	suffix	knif	31	mid	66	80	43	24	237	of the Giant	59		51	36
greater-titan	Greater Titan	suffix	knif	31	late	81		43	36	237	of the Giant	59		51	36
greater-zodiac	Greater Zodiac	suffix	knif	42	early	50	65	64	4	267	of Agility2	75		75	12
greater-zodiac	Greater Zodiac	suffix	knif	42	mid	66	80	64	8	267	of Agility2	75		75	12
greater-zodiac	Greater Zodiac	suffix	knif	42	late	81		64	12	267	of Agility2	75		75	12
greater-zodiac	Greater Zodiac	suffix	knif	42	early	50	65	64	4	270	of Power2	75		75	12
greater-zodiac	Greater Zodiac	suffix	knif	42	mid	66	80	64	8	270	of Power2	75		75	12
greater-zodiac	Greater Zodiac	suffix	knif	42	late	81		64	12	270	of Power2	75		75	12
greater-zodiac	Greater Zodiac	suffix	knif	42	early	50	65	64	4	273	of Endurance2	75		75	12
greater-zodiac	Greater Zodiac	suffix	knif	42	mid	66	80	64	8	273	of Endurance2	75		75	12
greater-zodiac	Greater Zodiac	suffix	knif	42	late	81		64	12	273	of Endurance2	75		75	12
greater-zodiac	Greater Zodiac	suffix	knif	42	early	50	65	64	4	276	of Spirit2	75		75	12
greater-zodiac	Greater Zodiac	suffix	knif	42	mid	66	80	64	8	276	of Spirit2	75		75	12
greater-zodiac	Greater Zodiac	suffix	knif	42	late	81		64	12	276	of Spirit2	75		75	12
greater-paralysis	Greater Paralysis	suffix	knif	64	early	50	65	48	8	386	Paralysis1	62		56	24
greater-paralysis	Greater Paralysis	suffix	knif	64	mid	66	80	48	16	386	Paralysis1	62		56	24
greater-paralysis	Greater Paralysis	suffix	knif	64	late	81		48	24	386	Paralysis1	62		56	24
greater-blindness	Greater Blindness	suffix	knif	65	early	50	65	48	4	389	of Blindness1	61		57	12
greater-blindness	Greater Blindness	suffix	knif	65	mid	66	80	48	8	389	of Blindness1	61		57	12
greater-blindness	Greater Blindness	suffix	knif	65	late	81		48	12	389	of Blindness1	61		57	12
greater-reanimation	Greater Reanimation	suffix	knif	66	early	50	65	40	4	390	of Reanimation1	51		47	12
greater-reanimation	Greater Reanimation	suffix	knif	66	mid	66	80	40	8	390	of Reanimation1	51		47	12
greater-reanimation	Greater Reanimation	suffix	knif	66	late	81		40	12	390	of Reanimation1	51		47	12
greater-four-seasons	Greater Four Seasons	suffix	knif	67	early	50	65	64	8	317	of the Soul2	75		75	24
greater-four-seasons	Greater Four Seasons	suffix	knif	67	mid	66	80	64	16	317	of the Soul2	75		75	24
greater-four-seasons	Greater Four Seasons	suffix	knif	67	late	81		64	24	317	of the Soul2	75		75	24
greater-draining	Greater Draining	suffix	knif	80	early	50	65	17	1	625	of Siphoning	20		20	2
greater-draining	Greater Draining	suffix	knif	80	mid	66	80	17	1	625	of Siphoning	20		20	2
greater-draining	Greater Draining	suffix	knif	80	late	81		17	2	625	of Siphoning	20		20	2
greater-jewelry-elemental-suffix	Greater jewelry elemental damage	suffix	lcha	10	early	50	65	69	2	705	of Winter	81		81	6
greater-jewelry-elemental-suffix	Greater jewelry elemental damage	suffix	lcha	10	mid	66	80	69	4	705	of Winter	81		81	6
greater-jewelry-elemental-suffix	Greater jewelry elemental damage	suffix	lcha	10	late	81		69	6	705	of Winter	81		81	6
greater-jewelry-elemental-suffix	Greater jewelry elemental damage	suffix	lcha	10	early	50	65	69	2	709	of Incineration	81		81	6
greater-jewelry-elemental-suffix	Greater jewelry elemental damage	suffix	lcha	10	mid	66	80	69	4	709	of Incineration	81		81	6
greater-jewelry-elemental-suffix	Greater jewelry elemental damage	suffix	lcha	10	late	81		69	6	709	of Incineration	81		81	6
greater-jewelry-elemental-suffix	Greater jewelry elemental damage	suffix	lcha	10	early	50	65	69	2	713	of Storms	81		81	6
greater-jewelry-elemental-suffix	Greater jewelry elemental damage	suffix	lcha	10	mid	66	80	69	4	713	of Storms	81		81	6
greater-jewelry-elemental-suffix	Greater jewelry elemental damage	suffix	lcha	10	late	81		69	6	713	of Storms	81		81	6
greater-jewelry-elemental-suffix	Greater jewelry elemental damage	suffix	lcha	10	early	50	65	69	2	717	of Anthrax	81		81	6
greater-jewelry-elemental-suffix	Greater jewelry elemental damage	suffix	lcha	10	mid	66	80	69	4	717	of Anthrax	81		81	6
greater-jewelry-elemental-suffix	Greater jewelry elemental damage	suffix	lcha	10	late	81		69	6	717	of Anthrax	81		81	6
greater-balance	Greater Balance	suffix	lcha	18	early	50	65	69	2	743	of Balance	81		81	6
greater-balance	Greater Balance	suffix	lcha	18	mid	66	80	69	4	743	of Balance	81		81	6
greater-balance	Greater Balance	suffix	lcha	18	late	81		69	6	743	of Balance	81		81	6
greater-vita	Greater Vita	suffix	lcha	26	early	50	65	75	2	730	of Vita	88		88	6
greater-vita	Greater Vita	suffix	lcha	26	mid	66	80	75	4	730	of Vita	88		88	6
greater-vita	Greater Vita	suffix	lcha	26	late	81		75	6	730	of Vita	88		88	6
greater-titan	Greater Titan	suffix	lcha	31	early	50	65	52	1	741	of Energy	61		61	4
greater-titan	Greater Titan	suffix	lcha	31	mid	66	80	52	3	741	of Energy	61		61	4
greater-titan	Greater Titan	suffix	lcha	31	late	81		52	4	741	of Energy	61		61	4
greater-inertia	Greater Inertia	suffix	lcha	35	early	50	65	69	2	742	of Inertia	81		81	6
greater-inertia	Greater Inertia	suffix	lcha	35	mid	66	80	69	4	742	of Inertia	81		81	6
greater-inertia	Greater Inertia	suffix	lcha	35	late	81		69	6	742	of Inertia	81		81	6
greater-coalescence	Greater Coalescence	suffix	mace	3	early	50	65	68	4	158	of Fire Coalescence1	87		80	12
greater-coalescence	Greater Coalescence	suffix	mace	3	mid	66	80	68	8	158	of Fire Coalescence1	87		80	12
greater-coalescence	Greater Coalescence	suffix	mace	3	late	81		68	12	158	of Fire Coalescence1	87		80	12
greater-coalescence	Greater Coalescence	suffix	mace	3	early	50	65	68	4	171	of Lightning Coalescence1	87		80	12
greater-coalescence	Greater Coalescence	suffix	mace	3	mid	66	80	68	8	171	of Lightning Coalescence1	87		80	12
greater-coalescence	Greater Coalescence	suffix	mace	3	late	81		68	12	171	of Lightning Coalescence1	87		80	12
greater-coalescence	Greater Coalescence	suffix	mace	3	early	50	65	68	4	184	of Chilling Coalescence1	87		80	12
greater-coalescence	Greater Coalescence	suffix	mace	3	mid	66	80	68	8	184	of Chilling Coalescence1	87		80	12
greater-coalescence	Greater Coalescence	suffix	mace	3	late	81		68	12	184	of Chilling Coalescence1	87		80	12
greater-quickness	Greater Quickness	suffix	mace	7	early	50	65	32	20	330	of Quickness	46		38	60
greater-quickness	Greater Quickness	suffix	mace	7	mid	66	80	32	40	330	of Quickness	46		38	60
greater-quickness	Greater Quickness	suffix	mace	7	late	81		32	60	330	of Quickness	46		38	60
greater-jewelry-elemental-suffix	Greater jewelry elemental damage	suffix	mace	10	early	50	65	64	4	53	of Winter	80		75	12
greater-jewelry-elemental-suffix	Greater jewelry elemental damage	suffix	mace	10	mid	66	80	64	8	53	of Winter	80		75	12
greater-jewelry-elemental-suffix	Greater jewelry elemental damage	suffix	mace	10	late	81		64	12	53	of Winter	80		75	12
greater-jewelry-elemental-suffix	Greater jewelry elemental damage	suffix	mace	12	early	50	65	64	4	66	of Incineration	80		75	12
greater-jewelry-elemental-suffix	Greater jewelry elemental damage	suffix	mace	12	mid	66	80	64	8	66	of Incineration	80		75	12
greater-jewelry-elemental-suffix	Greater jewelry elemental damage	suffix	mace	12	late	81		64	12	66	of Incineration	80		75	12
greater-jewelry-elemental-suffix	Greater jewelry elemental damage	suffix	mace	13	early	50	65	58	4	79	of Storms	75		68	12
greater-jewelry-elemental-suffix	Greater jewelry elemental damage	suffix	mace	13	mid	66	80	58	8	79	of Storms	75		68	12
greater-jewelry-elemental-suffix	Greater jewelry elemental damage	suffix	mace	13	late	81		58	12	79	of Storms	75		68	12
greater-jewelry-elemental-suffix	Greater jewelry elemental damage	suffix	mace	16	early	50	65	21	8	90	of Anthrax	33		25	24
greater-jewelry-elemental-suffix	Greater jewelry elemental damage	suffix	mace	16	mid	66	80	21	16	90	of Anthrax	33		25	24
greater-jewelry-elemental-suffix	Greater jewelry elemental damage	suffix	mace	16	late	81		21	24	90	of Anthrax	33		25	24
greater-evisceration	Greater Evisceration	suffix	mace	14	early	50	65	67	29	20	of Evisceration	85		79	88
greater-evisceration	Greater Evisceration	suffix	mace	14	mid	66	80	67	59	20	of Evisceration	85		79	88
greater-evisceration	Greater Evisceration	suffix	mace	14	late	81		67	88	20	of Evisceration	85		79	88
greater-transcendence	Greater Transcendence	suffix	mace	15	early	50	65	71	8	41	of Transcendence	85		83	24
greater-transcendence	Greater Transcendence	suffix	mace	15	mid	66	80	71	16	41	of Transcendence	85		83	24
greater-transcendence	Greater Transcendence	suffix	mace	15	late	81		71	24	41	of Transcendence	85		83	24
greater-regeneration	Greater Regeneration	suffix	mace	19	early	50	65	44	16	308	of Regeneration	70		52	48
greater-regeneration	Greater Regeneration	suffix	mace	19	mid	66	80	44	32	308	of Regeneration	70		52	48
greater-regeneration	Greater Regeneration	suffix	mace	19	late	81		44	48	308	of Regeneration	70		52	48
greater-vita	Greater Vita	suffix	mace	26	early	50	65	51	12	299	of the Mammoth	68		60	36
greater-vita	Greater Vita	suffix	mace	26	mid	66	80	51	24	299	of the Mammoth	68		60	36
greater-vita	Greater Vita	suffix	mace	26	late	81		51	36	299	of the Mammoth	68		60	36
greater-leech	Greater Lamprey/Vampire	suffix	mace	27	early	50	65	37	28	105	of the Lamprey	55		43	84
greater-leech	Greater Lamprey/Vampire	suffix	mace	27	mid	66	80	37	56	105	of the Lamprey	55		43	84
greater-leech	Greater Lamprey/Vampire	suffix	mace	27	late	81		37	84	105	of the Lamprey	55		43	84
greater-leech	Greater Lamprey/Vampire	suffix	mace	28	early	50	65	41	28	115	of the Vampire	56		48	84
greater-leech	Greater Lamprey/Vampire	suffix	mace	28	mid	66	80	41	56	115	of the Vampire	56		48	84
greater-leech	Greater Lamprey/Vampire	suffix	mace	28	late	81		41	84	115	of the Vampire	56		48	84
greater-titan	Greater Titan	suffix	mace	31	early	50	65	56	12	233	of the Titan	74		66	36
greater-titan	Greater Titan	suffix	mace	31	mid	66	80	56	24	233	of the Titan	74		66	36
greater-titan	Greater Titan	suffix	mace	31	late	81		56	36	233	of the Titan	74		66	36
greater-zodiac	Greater Zodiac	suffix	mace	42	early	50	65	64	4	267	of Agility2	75		75	12
greater-zodiac	Greater Zodiac	suffix	mace	42	mid	66	80	64	8	267	of Agility2	75		75	12
greater-zodiac	Greater Zodiac	suffix	mace	42	late	81		64	12	267	of Agility2	75		75	12
greater-zodiac	Greater Zodiac	suffix	mace	42	early	50	65	64	4	270	of Power2	75		75	12
greater-zodiac	Greater Zodiac	suffix	mace	42	mid	66	80	64	8	270	of Power2	75		75	12
greater-zodiac	Greater Zodiac	suffix	mace	42	late	81		64	12	270	of Power2	75		75	12
greater-zodiac	Greater Zodiac	suffix	mace	42	early	50	65	64	4	273	of Endurance2	75		75	12
greater-zodiac	Greater Zodiac	suffix	mace	42	mid	66	80	64	8	273	of Endurance2	75		75	12
greater-zodiac	Greater Zodiac	suffix	mace	42	late	81		64	12	273	of Endurance2	75		75	12
greater-zodiac	Greater Zodiac	suffix	mace	42	early	50	65	64	4	276	of Spirit2	75		75	12
greater-zodiac	Greater Zodiac	suffix	mace	42	mid	66	80	64	8	276	of Spirit2	75		75	12
greater-zodiac	Greater Zodiac	suffix	mace	42	late	81		64	12	276	of Spirit2	75		75	12
greater-paralysis	Greater Paralysis	suffix	mace	64	early	50	65	48	8	386	Paralysis1	62		56	24
greater-paralysis	Greater Paralysis	suffix	mace	64	mid	66	80	48	16	386	Paralysis1	62		56	24
greater-paralysis	Greater Paralysis	suffix	mace	64	late	81		48	24	386	Paralysis1	62		56	24
greater-blindness	Greater Blindness	suffix	mace	65	early	50	65	48	4	389	of Blindness1	61		57	12
greater-blindness	Greater Blindness	suffix	mace	65	mid	66	80	48	8	389	of Blindness1	61		57	12
greater-blindness	Greater Blindness	suffix	mace	65	late	81		48	12	389	of Blindness1	61		57	12
greater-reanimation	Greater Reanimation	suffix	mace	66	early	50	65	40	4	390	of Reanimation1	51		47	12
greater-reanimation	Greater Reanimation	suffix	mace	66	mid	66	80	40	8	390	of Reanimation1	51		47	12
greater-reanimation	Greater Reanimation	suffix	mace	66	late	81		40	12	390	of Reanimation1	51		47	12
greater-four-seasons	Greater Four Seasons	suffix	mace	67	early	50	65	64	8	317	of the Soul2	75		75	24
greater-four-seasons	Greater Four Seasons	suffix	mace	67	mid	66	80	64	16	317	of the Soul2	75		75	24
greater-four-seasons	Greater Four Seasons	suffix	mace	67	late	81		64	24	317	of the Soul2	75		75	24
greater-draining	Greater Draining	suffix	mace	80	early	50	65	17	1	625	of Siphoning	20		20	2
greater-draining	Greater Draining	suffix	mace	80	mid	66	80	17	1	625	of Siphoning	20		20	2
greater-draining	Greater Draining	suffix	mace	80	late	81		17	2	625	of Siphoning	20		20	2
greater-missile-suffix	Greater missile suffixes	suffix	mboq	200	early	50	65	43	1	785	of the Swift	80		50	3
greater-missile-suffix	Greater missile suffixes	suffix	mboq	200	mid	66	80	43	2	785	of the Swift	80		50	3
greater-missile-suffix	Greater missile suffixes	suffix	mboq	200	late	81		43	3	785	of the Swift	80		50	3
greater-missile-suffix	Greater missile suffixes	suffix	mboq	201	early	50	65	43	1	788	of Slaying	80		50	3
greater-missile-suffix	Greater missile suffixes	suffix	mboq	201	mid	66	80	43	2	788	of Slaying	80		50	3
greater-missile-suffix	Greater missile suffixes	suffix	mboq	201	late	81		43	3	788	of Slaying	80		50	3
greater-missile-suffix	Greater missile suffixes	suffix	mboq	201	early	50	65	43	1	791	of Maiming	80		50	3
greater-missile-suffix	Greater missile suffixes	suffix	mboq	201	mid	66	80	43	2	791	of Maiming	80		50	3
greater-missile-suffix	Greater missile suffixes	suffix	mboq	201	late	81		43	3	791	of Maiming	80		50	3
greater-missile-suffix	Greater missile suffixes	suffix	mboq	201	early	50	65	43	1	794	of Piercing	80		50	3
greater-missile-suffix	Greater missile suffixes	suffix	mboq	201	mid	66	80	43	2	794	of Piercing	80		50	3
greater-missile-suffix	Greater missile suffixes	suffix	mboq	201	late	81		43	3	794	of Piercing	80		50	3
greater-missile-suffix	Greater missile suffixes	suffix	mboq	202	early	50	65	34	1	797	of the Vampire	80		40	3
greater-missile-suffix	Greater missile suffixes	suffix	mboq	202	mid	66	80	34	2	797	of the Vampire	80		40	3
greater-missile-suffix	Greater missile suffixes	suffix	mboq	202	late	81		34	3	797	of the Vampire	80		40	3
greater-missile-suffix	Greater missile suffixes	suffix	mboq	203	early	50	65	34	1	800	of the Bat	80		40	3
greater-missile-suffix	Greater missile suffixes	suffix	mboq	203	mid	66	80	34	2	800	of the Bat	80		40	3
greater-missile-suffix	Greater missile suffixes	suffix	mboq	203	late	81		34	3	800	of the Bat	80		40	3
greater-missile-suffix	Greater missile suffixes	suffix	mboq	204	early	50	65	34	1	803	of Resistance	80		40	3
greater-missile-suffix	Greater missile suffixes	suffix	mboq	204	mid	66	80	34	2	803	of Resistance	80		40	3
greater-missile-suffix	Greater missile suffixes	suffix	mboq	204	late	81		34	3	803	of Resistance	80		40	3
greater-missile-suffix	Greater missile suffixes	suffix	mboq	204	early	50	65	34	1	806	of Resistance	80		40	3
greater-missile-suffix	Greater missile suffixes	suffix	mboq	204	mid	66	80	34	2	806	of Resistance	80		40	3
greater-missile-suffix	Greater missile suffixes	suffix	mboq	204	late	81		34	3	806	of Resistance	80		40	3
greater-missile-suffix	Greater missile suffixes	suffix	mboq	204	early	50	65	34	1	809	of Resistance	80		40	3
greater-missile-suffix	Greater missile suffixes	suffix	mboq	204	mid	66	80	34	2	809	of Resistance	80		40	3
greater-missile-suffix	Greater missile suffixes	suffix	mboq	204	late	81		34	3	809	of Resistance	80		40	3
greater-missile-suffix	Greater missile suffixes	suffix	mboq	204	early	50	65	34	1	812	of Resistance	80		40	3
greater-missile-suffix	Greater missile suffixes	suffix	mboq	204	mid	66	80	34	2	812	of Resistance	80		40	3
greater-missile-suffix	Greater missile suffixes	suffix	mboq	204	late	81		34	3	812	of Resistance	80		40	3
greater-missile-suffix	Greater missile suffixes	suffix	mboq	204	early	50	65	34	1	815	of Resistance	80		40	3
greater-missile-suffix	Greater missile suffixes	suffix	mboq	204	mid	66	80	34	2	815	of Resistance	80		40	3
greater-missile-suffix	Greater missile suffixes	suffix	mboq	204	late	81		34	3	815	of Resistance	80		40	3
greater-missile-suffix	Greater missile suffixes	suffix	mboq	205	early	50	65	43	1	818	of Fortune	50		50	3
greater-missile-suffix	Greater missile suffixes	suffix	mboq	205	mid	66	80	43	2	818	of Fortune	50		50	3
greater-missile-suffix	Greater missile suffixes	suffix	mboq	205	late	81		43	3	818	of Fortune	50		50	3
greater-missile-suffix	Greater missile suffixes	suffix	mboq	206	early	50	65	68	1	822	of Transcendence	85		80	1
greater-missile-suffix	Greater missile suffixes	suffix	mboq	206	mid	66	80	68	1	822	of Transcendence	85		80	1
greater-missile-suffix	Greater missile suffixes	suffix	mboq	206	late	81		68	1	822	of Transcendence	85		80	1
greater-missile-suffix	Greater missile suffixes	suffix	mboq	206	early	50	65	68	1	823	of Transcendence	85		80	1
greater-missile-suffix	Greater missile suffixes	suffix	mboq	206	mid	66	80	68	1	823	of Transcendence	85		80	1
greater-missile-suffix	Greater missile suffixes	suffix	mboq	206	late	81		68	1	823	of Transcendence	85		80	1
greater-missile-suffix	Greater missile suffixes	suffix	mboq	206	early	50	65	68	1	824	of Transcendence	85		80	1
greater-missile-suffix	Greater missile suffixes	suffix	mboq	206	mid	66	80	68	1	824	of Transcendence	85		80	1
greater-missile-suffix	Greater missile suffixes	suffix	mboq	206	late	81		68	1	824	of Transcendence	85		80	1
greater-coalescence	Greater Coalescence	suffix	mele	3	early	50	65	68	4	158	of Fire Coalescence1	87		80	12
greater-coalescence	Greater Coalescence	suffix	mele	3	mid	66	80	68	8	158	of Fire Coalescence1	87		80	12
greater-coalescence	Greater Coalescence	suffix	mele	3	late	81		68	12	158	of Fire Coalescence1	87		80	12
greater-coalescence	Greater Coalescence	suffix	mele	3	early	50	65	68	4	171	of Lightning Coalescence1	87		80	12
greater-coalescence	Greater Coalescence	suffix	mele	3	mid	66	80	68	8	171	of Lightning Coalescence1	87		80	12
greater-coalescence	Greater Coalescence	suffix	mele	3	late	81		68	12	171	of Lightning Coalescence1	87		80	12
greater-coalescence	Greater Coalescence	suffix	mele	3	early	50	65	68	4	184	of Chilling Coalescence1	87		80	12
greater-coalescence	Greater Coalescence	suffix	mele	3	mid	66	80	68	8	184	of Chilling Coalescence1	87		80	12
greater-coalescence	Greater Coalescence	suffix	mele	3	late	81		68	12	184	of Chilling Coalescence1	87		80	12
greater-quickness	Greater Quickness	suffix	mele	7	early	50	65	32	20	330	of Quickness	46		38	60
greater-quickness	Greater Quickness	suffix	mele	7	mid	66	80	32	40	330	of Quickness	46		38	60
greater-quickness	Greater Quickness	suffix	mele	7	late	81		32	60	330	of Quickness	46		38	60
greater-jewelry-elemental-suffix	Greater jewelry elemental damage	suffix	mele	10	early	50	65	64	4	53	of Winter	80		75	12
greater-jewelry-elemental-suffix	Greater jewelry elemental damage	suffix	mele	10	mid	66	80	64	8	53	of Winter	80		75	12
greater-jewelry-elemental-suffix	Greater jewelry elemental damage	suffix	mele	10	late	81		64	12	53	of Winter	80		75	12
greater-jewelry-elemental-suffix	Greater jewelry elemental damage	suffix	mele	12	early	50	65	64	4	66	of Incineration	80		75	12
greater-jewelry-elemental-suffix	Greater jewelry elemental damage	suffix	mele	12	mid	66	80	64	8	66	of Incineration	80		75	12
greater-jewelry-elemental-suffix	Greater jewelry elemental damage	suffix	mele	12	late	81		64	12	66	of Incineration	80		75	12
greater-jewelry-elemental-suffix	Greater jewelry elemental damage	suffix	mele	13	early	50	65	58	4	79	of Storms	75		68	12
greater-jewelry-elemental-suffix	Greater jewelry elemental damage	suffix	mele	13	mid	66	80	58	8	79	of Storms	75		68	12
greater-jewelry-elemental-suffix	Greater jewelry elemental damage	suffix	mele	13	late	81		58	12	79	of Storms	75		68	12
greater-jewelry-elemental-suffix	Greater jewelry elemental damage	suffix	mele	16	early	50	65	21	8	90	of Anthrax	33		25	24
greater-jewelry-elemental-suffix	Greater jewelry elemental damage	suffix	mele	16	mid	66	80	21	16	90	of Anthrax	33		25	24
greater-jewelry-elemental-suffix	Greater jewelry elemental damage	suffix	mele	16	late	81		21	24	90	of Anthrax	33		25	24
greater-evisceration	Greater Evisceration	suffix	mele	14	early	50	65	67	29	20	of Evisceration	85		79	88
greater-evisceration	Greater Evisceration	suffix	mele	14	mid	66	80	67	59	20	of Evisceration	85		79	88
greater-evisceration	Greater Evisceration	suffix	mele	14	late	81		67	88	20	of Evisceration	85		79	88
greater-transcendence	Greater Transcendence	suffix	mele	15	early	50	65	71	8	41	of Transcendence	85		83	24
greater-transcendence	Greater Transcendence	suffix	mele	15	mid	66	80	71	16	41	of Transcendence	85		83	24
greater-transcendence	Greater Transcendence	suffix	mele	15	late	81		71	24	41	of Transcendence	85		83	24
greater-regeneration	Greater Regeneration	suffix	mele	19	early	50	65	44	16	308	of Regeneration	70		52	48
greater-regeneration	Greater Regeneration	suffix	mele	19	mid	66	80	44	32	308	of Regeneration	70		52	48
greater-regeneration	Greater Regeneration	suffix	mele	19	late	81		44	48	308	of Regeneration	70		52	48
greater-leech	Greater Lamprey/Vampire	suffix	mele	27	early	50	65	37	28	105	of the Lamprey	55		43	84
greater-leech	Greater Lamprey/Vampire	suffix	mele	27	mid	66	80	37	56	105	of the Lamprey	55		43	84
greater-leech	Greater Lamprey/Vampire	suffix	mele	27	late	81		37	84	105	of the Lamprey	55		43	84
greater-leech	Greater Lamprey/Vampire	suffix	mele	28	early	50	65	41	28	115	of the Vampire	56		48	84
greater-leech	Greater Lamprey/Vampire	suffix	mele	28	mid	66	80	41	56	115	of the Vampire	56		48	84
greater-leech	Greater Lamprey/Vampire	suffix	mele	28	late	81		41	84	115	of the Vampire	56		48	84
greater-titan	Greater Titan	suffix	mele	31	early	50	65	43	12	237	of the Giant	59		51	36
greater-titan	Greater Titan	suffix	mele	31	mid	66	80	43	24	237	of the Giant	59		51	36
greater-titan	Greater Titan	suffix	mele	31	late	81		43	36	237	of the Giant	59		51	36
greater-zodiac	Greater Zodiac	suffix	mele	42	early	50	65	64	4	267	of Agility2	75		75	12
greater-zodiac	Greater Zodiac	suffix	mele	42	mid	66	80	64	8	267	of Agility2	75		75	12
greater-zodiac	Greater Zodiac	suffix	mele	42	late	81		64	12	267	of Agility2	75		75	12
greater-zodiac	Greater Zodiac	suffix	mele	42	early	50	65	64	4	270	of Power2	75		75	12
greater-zodiac	Greater Zodiac	suffix	mele	42	mid	66	80	64	8	270	of Power2	75		75	12
greater-zodiac	Greater Zodiac	suffix	mele	42	late	81		64	12	270	of Power2	75		75	12
greater-zodiac	Greater Zodiac	suffix	mele	42	early	50	65	64	4	273	of Endurance2	75		75	12
greater-zodiac	Greater Zodiac	suffix	mele	42	mid	66	80	64	8	273	of Endurance2	75		75	12
greater-zodiac	Greater Zodiac	suffix	mele	42	late	81		64	12	273	of Endurance2	75		75	12
greater-zodiac	Greater Zodiac	suffix	mele	42	early	50	65	64	4	276	of Spirit2	75		75	12
greater-zodiac	Greater Zodiac	suffix	mele	42	mid	66	80	64	8	276	of Spirit2	75		75	12
greater-zodiac	Greater Zodiac	suffix	mele	42	late	81		64	12	276	of Spirit2	75		75	12
greater-paralysis	Greater Paralysis	suffix	mele	64	early	50	65	48	8	386	Paralysis1	62		56	24
greater-paralysis	Greater Paralysis	suffix	mele	64	mid	66	80	48	16	386	Paralysis1	62		56	24
greater-paralysis	Greater Paralysis	suffix	mele	64	late	81		48	24	386	Paralysis1	62		56	24
greater-blindness	Greater Blindness	suffix	mele	65	early	50	65	48	4	389	of Blindness1	61		57	12
greater-blindness	Greater Blindness	suffix	mele	65	mid	66	80	48	8	389	of Blindness1	61		57	12
greater-blindness	Greater Blindness	suffix	mele	65	late	81		48	12	389	of Blindness1	61		57	12
greater-reanimation	Greater Reanimation	suffix	mele	66	early	50	65	40	4	390	of Reanimation1	51		47	12
greater-reanimation	Greater Reanimation	suffix	mele	66	mid	66	80	40	8	390	of Reanimation1	51		47	12
greater-reanimation	Greater Reanimation	suffix	mele	66	late	81		40	12	390	of Reanimation1	51		47	12
greater-four-seasons	Greater Four Seasons	suffix	mele	67	early	50	65	64	8	317	of the Soul2	75		75	24
greater-four-seasons	Greater Four Seasons	suffix	mele	67	mid	66	80	64	16	317	of the Soul2	75		75	24
greater-four-seasons	Greater Four Seasons	suffix	mele	67	late	81		64	24	317	of the Soul2	75		75	24
greater-draining	Greater Draining	suffix	mele	80	early	50	65	17	1	625	of Siphoning	20		20	2
greater-draining	Greater Draining	suffix	mele	80	mid	66	80	17	1	625	of Siphoning	20		20	2
greater-draining	Greater Draining	suffix	mele	80	late	81		17	2	625	of Siphoning	20		20	2
greater-missile-suffix	Greater missile suffixes	suffix	misl	200	early	50	65	43	1	785	of the Swift	80		50	3
greater-missile-suffix	Greater missile suffixes	suffix	misl	200	mid	66	80	43	2	785	of the Swift	80		50	3
greater-missile-suffix	Greater missile suffixes	suffix	misl	200	late	81		43	3	785	of the Swift	80		50	3
greater-missile-suffix	Greater missile suffixes	suffix	misl	201	early	50	65	43	1	788	of Slaying	80		50	3
greater-missile-suffix	Greater missile suffixes	suffix	misl	201	mid	66	80	43	2	788	of Slaying	80		50	3
greater-missile-suffix	Greater missile suffixes	suffix	misl	201	late	81		43	3	788	of Slaying	80		50	3
greater-missile-suffix	Greater missile suffixes	suffix	misl	201	early	50	65	43	1	791	of Maiming	80		50	3
greater-missile-suffix	Greater missile suffixes	suffix	misl	201	mid	66	80	43	2	791	of Maiming	80		50	3
greater-missile-suffix	Greater missile suffixes	suffix	misl	201	late	81		43	3	791	of Maiming	80		50	3
greater-missile-suffix	Greater missile suffixes	suffix	misl	201	early	50	65	43	1	794	of Piercing	80		50	3
greater-missile-suffix	Greater missile suffixes	suffix	misl	201	mid	66	80	43	2	794	of Piercing	80		50	3
greater-missile-suffix	Greater missile suffixes	suffix	misl	201	late	81		43	3	794	of Piercing	80		50	3
greater-missile-suffix	Greater missile suffixes	suffix	misl	202	early	50	65	34	1	797	of the Vampire	80		40	3
greater-missile-suffix	Greater missile suffixes	suffix	misl	202	mid	66	80	34	2	797	of the Vampire	80		40	3
greater-missile-suffix	Greater missile suffixes	suffix	misl	202	late	81		34	3	797	of the Vampire	80		40	3
greater-missile-suffix	Greater missile suffixes	suffix	misl	203	early	50	65	34	1	800	of the Bat	80		40	3
greater-missile-suffix	Greater missile suffixes	suffix	misl	203	mid	66	80	34	2	800	of the Bat	80		40	3
greater-missile-suffix	Greater missile suffixes	suffix	misl	203	late	81		34	3	800	of the Bat	80		40	3
greater-missile-suffix	Greater missile suffixes	suffix	misl	204	early	50	65	34	1	803	of Resistance	80		40	3
greater-missile-suffix	Greater missile suffixes	suffix	misl	204	mid	66	80	34	2	803	of Resistance	80		40	3
greater-missile-suffix	Greater missile suffixes	suffix	misl	204	late	81		34	3	803	of Resistance	80		40	3
greater-missile-suffix	Greater missile suffixes	suffix	misl	204	early	50	65	34	1	806	of Resistance	80		40	3
greater-missile-suffix	Greater missile suffixes	suffix	misl	204	mid	66	80	34	2	806	of Resistance	80		40	3
greater-missile-suffix	Greater missile suffixes	suffix	misl	204	late	81		34	3	806	of Resistance	80		40	3
greater-missile-suffix	Greater missile suffixes	suffix	misl	204	early	50	65	34	1	809	of Resistance	80		40	3
greater-missile-suffix	Greater missile suffixes	suffix	misl	204	mid	66	80	34	2	809	of Resistance	80		40	3
greater-missile-suffix	Greater missile suffixes	suffix	misl	204	late	81		34	3	809	of Resistance	80		40	3
greater-missile-suffix	Greater missile suffixes	suffix	misl	204	early	50	65	34	1	812	of Resistance	80		40	3
greater-missile-suffix	Greater missile suffixes	suffix	misl	204	mid	66	80	34	2	812	of Resistance	80		40	3
greater-missile-suffix	Greater missile suffixes	suffix	misl	204	late	81		34	3	812	of Resistance	80		40	3
greater-missile-suffix	Greater missile suffixes	suffix	misl	204	early	50	65	34	1	815	of Resistance	80		40	3
greater-missile-suffix	Greater missile suffixes	suffix	misl	204	mid	66	80	34	2	815	of Resistance	80		40	3
greater-missile-suffix	Greater missile suffixes	suffix	misl	204	late	81		34	3	815	of Resistance	80		40	3
greater-missile-suffix	Greater missile suffixes	suffix	misl	205	early	50	65	43	1	818	of Fortune	50		50	3
greater-missile-suffix	Greater missile suffixes	suffix	misl	205	mid	66	80	43	2	818	of Fortune	50		50	3
greater-missile-suffix	Greater missile suffixes	suffix	misl	205	late	81		43	3	818	of Fortune	50		50	3
greater-missile-suffix	Greater missile suffixes	suffix	misl	206	early	50	65	68	1	822	of Transcendence	85		80	1
greater-missile-suffix	Greater missile suffixes	suffix	misl	206	mid	66	80	68	1	822	of Transcendence	85		80	1
greater-missile-suffix	Greater missile suffixes	suffix	misl	206	late	81		68	1	822	of Transcendence	85		80	1
greater-missile-suffix	Greater missile suffixes	suffix	misl	206	early	50	65	68	1	823	of Transcendence	85		80	1
greater-missile-suffix	Greater missile suffixes	suffix	misl	206	mid	66	80	68	1	823	of Transcendence	85		80	1
greater-missile-suffix	Greater missile suffixes	suffix	misl	206	late	81		68	1	823	of Transcendence	85		80	1
greater-missile-suffix	Greater missile suffixes	suffix	misl	206	early	50	65	68	1	824	of Transcendence	85		80	1
greater-missile-suffix	Greater missile suffixes	suffix	misl	206	mid	66	80	68	1	824	of Transcendence	85		80	1
greater-missile-suffix	Greater missile suffixes	suffix	misl	206	late	81		68	1	824	of Transcendence	85		80	1
greater-coalescence	Greater Coalescence	suffix	miss	3	early	50	65	68	4	158	of Fire Coalescence1	87		80	12
greater-coalescence	Greater Coalescence	suffix	miss	3	mid	66	80	68	8	158	of Fire Coalescence1	87		80	12
greater-coalescence	Greater Coalescence	suffix	miss	3	late	81		68	12	158	of Fire Coalescence1	87		80	12
greater-coalescence	Greater Coalescence	suffix	miss	3	early	50	65	68	4	171	of Lightning Coalescence1	87		80	12
greater-coalescence	Greater Coalescence	suffix	miss	3	mid	66	80	68	8	171	of Lightning Coalescence1	87		80	12
greater-coalescence	Greater Coalescence	suffix	miss	3	late	81		68	12	171	of Lightning Coalescence1	87		80	12
greater-coalescence	Greater Coalescence	suffix	miss	3	early	50	65	68	4	184	of Chilling Coalescence1	87		80	12
greater-coalescence	Greater Coalescence	suffix	miss	3	mid	66	80	68	8	184	of Chilling Coalescence1	87		80	12
greater-coalescence	Greater Coalescence	suffix	miss	3	late	81		68	12	184	of Chilling Coalescence1	87		80	12
greater-quickness	Greater Quickness	suffix	miss	7	early	50	65	14	24	328	of Alacrity	25		17	72
greater-quickness	Greater Quickness	suffix	miss	7	mid	66	80	14	48	328	of Alacrity	25		17	72
greater-quickness	Greater Quickness	suffix	miss	7	late	81		14	72	328	of Alacrity	25		17	72
greater-jewelry-elemental-suffix	Greater jewelry elemental damage	suffix	miss	10	early	50	65	64	4	53	of Winter	80		75	12
greater-jewelry-elemental-suffix	Greater jewelry elemental damage	suffix	miss	10	mid	66	80	64	8	53	of Winter	80		75	12
greater-jewelry-elemental-suffix	Greater jewelry elemental damage	suffix	miss	10	late	81		64	12	53	of Winter	80		75	12
greater-jewelry-elemental-suffix	Greater jewelry elemental damage	suffix	miss	12	early	50	65	64	4	66	of Incineration	80		75	12
greater-jewelry-elemental-suffix	Greater jewelry elemental damage	suffix	miss	12	mid	66	80	64	8	66	of Incineration	80		75	12
greater-jewelry-elemental-suffix	Greater jewelry elemental damage	suffix	miss	12	late	81		64	12	66	of Incineration	80		75	12
greater-jewelry-elemental-suffix	Greater jewelry elemental damage	suffix	miss	13	early	50	65	58	4	79	of Storms	75		68	12
greater-jewelry-elemental-suffix	Greater jewelry elemental damage	suffix	miss	13	mid	66	80	58	8	79	of Storms	75		68	12
greater-jewelry-elemental-suffix	Greater jewelry elemental damage	suffix	miss	13	late	81		58	12	79	of Storms	75		68	12
greater-jewelry-elemental-suffix	Greater jewelry elemental damage	suffix	miss	16	early	50	65	21	8	90	of Anthrax	33		25	24
greater-jewelry-elemental-suffix	Greater jewelry elemental damage	suffix	miss	16	mid	66	80	21	16	90	of Anthrax	33		25	24
greater-jewelry-elemental-suffix	Greater jewelry elemental damage	suffix	miss	16	late	81		21	24	90	of Anthrax	33		25	24
greater-evisceration	Greater Evisceration	suffix	miss	14	early	50	65	67	29	20	of Evisceration	85		79	88
greater-evisceration	Greater Evisceration	suffix	miss	14	mid	66	80	67	59	20	of Evisceration	85		79	88
greater-evisceration	Greater Evisceration	suffix	miss	14	late	81		67	88	20	of Evisceration	85		79	88
greater-transcendence	Greater Transcendence	suffix	miss	15	early	50	65	71	8	41	of Transcendence	85		83	24
greater-transcendence	Greater Transcendence	suffix	miss	15	mid	66	80	71	16	41	of Transcendence	85		83	24
greater-transcendence	Greater Transcendence	suffix	miss	15	late	81		71	24	41	of Transcendence	85		83	24
greater-perfection	Greater Perfection	suffix	miss	17	early	50	65	54	12	207	of Nirvana	72		64	36
greater-perfection	Greater Perfection	suffix	miss	17	mid	66	80	54	24	207	of Nirvana	72		64	36
greater-perfection	Greater Perfection	suffix	miss	17	late	81		54	36	207	of Nirvana	72		64	36
greater-regeneration	Greater Regeneration	suffix	miss	19	early	50	65	44	16	308	of Regeneration	70		52	48
greater-regeneration	Greater Regeneration	suffix	miss	19	mid	66	80	44	32	308	of Regeneration	70		52	48
greater-regeneration	Greater Regeneration	suffix	miss	19	late	81		44	48	308	of Regeneration	70		52	48
greater-leech	Greater Lamprey/Vampire	suffix	miss	27	early	50	65	13	28	104	of the Locust	20		15	84
greater-leech	Greater Lamprey/Vampire	suffix	miss	27	mid	66	80	13	56	104	of the Locust	20		15	84
greater-leech	Greater Lamprey/Vampire	suffix	miss	27	late	81		13	84	104	of the Locust	20		15	84
greater-leech	Greater Lamprey/Vampire	suffix	miss	28	early	50	65	14	28	114	of the Wraith	21		16	84
greater-leech	Greater Lamprey/Vampire	suffix	miss	28	mid	66	80	14	56	114	of the Wraith	21		16	84
greater-leech	Greater Lamprey/Vampire	suffix	miss	28	late	81		14	84	114	of the Wraith	21		16	84
greater-zodiac	Greater Zodiac	suffix	miss	42	early	50	65	64	4	267	of Agility2	75		75	12
greater-zodiac	Greater Zodiac	suffix	miss	42	mid	66	80	64	8	267	of Agility2	75		75	12
greater-zodiac	Greater Zodiac	suffix	miss	42	late	81		64	12	267	of Agility2	75		75	12
greater-zodiac	Greater Zodiac	suffix	miss	42	early	50	65	64	4	270	of Power2	75		75	12
greater-zodiac	Greater Zodiac	suffix	miss	42	mid	66	80	64	8	270	of Power2	75		75	12
greater-zodiac	Greater Zodiac	suffix	miss	42	late	81		64	12	270	of Power2	75		75	12
greater-zodiac	Greater Zodiac	suffix	miss	42	early	50	65	64	4	273	of Endurance2	75		75	12
greater-zodiac	Greater Zodiac	suffix	miss	42	mid	66	80	64	8	273	of Endurance2	75		75	12
greater-zodiac	Greater Zodiac	suffix	miss	42	late	81		64	12	273	of Endurance2	75		75	12
greater-zodiac	Greater Zodiac	suffix	miss	42	early	50	65	64	4	276	of Spirit2	75		75	12
greater-zodiac	Greater Zodiac	suffix	miss	42	mid	66	80	64	8	276	of Spirit2	75		75	12
greater-zodiac	Greater Zodiac	suffix	miss	42	late	81		64	12	276	of Spirit2	75		75	12
greater-paralysis	Greater Paralysis	suffix	miss	64	early	50	65	48	8	386	Paralysis1	62		56	24
greater-paralysis	Greater Paralysis	suffix	miss	64	mid	66	80	48	16	386	Paralysis1	62		56	24
greater-paralysis	Greater Paralysis	suffix	miss	64	late	81		48	24	386	Paralysis1	62		56	24
greater-blindness	Greater Blindness	suffix	miss	65	early	50	65	48	4	389	of Blindness1	61		57	12
greater-blindness	Greater Blindness	suffix	miss	65	mid	66	80	48	8	389	of Blindness1	61		57	12
greater-blindness	Greater Blindness	suffix	miss	65	late	81		48	12	389	of Blindness1	61		57	12
greater-reanimation	Greater Reanimation	suffix	miss	66	early	50	65	40	4	390	of Reanimation1	51		47	12
greater-reanimation	Greater Reanimation	suffix	miss	66	mid	66	80	40	8	390	of Reanimation1	51		47	12
greater-reanimation	Greater Reanimation	suffix	miss	66	late	81		40	12	390	of Reanimation1	51		47	12
greater-four-seasons	Greater Four Seasons	suffix	miss	67	early	50	65	64	8	317	of the Soul2	75		75	24
greater-four-seasons	Greater Four Seasons	suffix	miss	67	mid	66	80	64	16	317	of the Soul2	75		75	24
greater-four-seasons	Greater Four Seasons	suffix	miss	67	late	81		64	24	317	of the Soul2	75		75	24
greater-missile-suffix	Greater missile suffixes	suffix	mxbq	200	early	50	65	43	1	785	of the Swift	80		50	3
greater-missile-suffix	Greater missile suffixes	suffix	mxbq	200	mid	66	80	43	2	785	of the Swift	80		50	3
greater-missile-suffix	Greater missile suffixes	suffix	mxbq	200	late	81		43	3	785	of the Swift	80		50	3
greater-missile-suffix	Greater missile suffixes	suffix	mxbq	201	early	50	65	43	1	788	of Slaying	80		50	3
greater-missile-suffix	Greater missile suffixes	suffix	mxbq	201	mid	66	80	43	2	788	of Slaying	80		50	3
greater-missile-suffix	Greater missile suffixes	suffix	mxbq	201	late	81		43	3	788	of Slaying	80		50	3
greater-missile-suffix	Greater missile suffixes	suffix	mxbq	201	early	50	65	43	1	791	of Maiming	80		50	3
greater-missile-suffix	Greater missile suffixes	suffix	mxbq	201	mid	66	80	43	2	791	of Maiming	80		50	3
greater-missile-suffix	Greater missile suffixes	suffix	mxbq	201	late	81		43	3	791	of Maiming	80		50	3
greater-missile-suffix	Greater missile suffixes	suffix	mxbq	201	early	50	65	43	1	794	of Piercing	80		50	3
greater-missile-suffix	Greater missile suffixes	suffix	mxbq	201	mid	66	80	43	2	794	of Piercing	80		50	3
greater-missile-suffix	Greater missile suffixes	suffix	mxbq	201	late	81		43	3	794	of Piercing	80		50	3
greater-missile-suffix	Greater missile suffixes	suffix	mxbq	202	early	50	65	34	1	797	of the Vampire	80		40	3
greater-missile-suffix	Greater missile suffixes	suffix	mxbq	202	mid	66	80	34	2	797	of the Vampire	80		40	3
greater-missile-suffix	Greater missile suffixes	suffix	mxbq	202	late	81		34	3	797	of the Vampire	80		40	3
greater-missile-suffix	Greater missile suffixes	suffix	mxbq	203	early	50	65	34	1	800	of the Bat	80		40	3
greater-missile-suffix	Greater missile suffixes	suffix	mxbq	203	mid	66	80	34	2	800	of the Bat	80		40	3
greater-missile-suffix	Greater missile suffixes	suffix	mxbq	203	late	81		34	3	800	of the Bat	80		40	3
greater-missile-suffix	Greater missile suffixes	suffix	mxbq	204	early	50	65	34	1	803	of Resistance	80		40	3
greater-missile-suffix	Greater missile suffixes	suffix	mxbq	204	mid	66	80	34	2	803	of Resistance	80		40	3
greater-missile-suffix	Greater missile suffixes	suffix	mxbq	204	late	81		34	3	803	of Resistance	80		40	3
greater-missile-suffix	Greater missile suffixes	suffix	mxbq	204	early	50	65	34	1	806	of Resistance	80		40	3
greater-missile-suffix	Greater missile suffixes	suffix	mxbq	204	mid	66	80	34	2	806	of Resistance	80		40	3
greater-missile-suffix	Greater missile suffixes	suffix	mxbq	204	late	81		34	3	806	of Resistance	80		40	3
greater-missile-suffix	Greater missile suffixes	suffix	mxbq	204	early	50	65	34	1	809	of Resistance	80		40	3
greater-missile-suffix	Greater missile suffixes	suffix	mxbq	204	mid	66	80	34	2	809	of Resistance	80		40	3
greater-missile-suffix	Greater missile suffixes	suffix	mxbq	204	late	81		34	3	809	of Resistance	80		40	3
greater-missile-suffix	Greater missile suffixes	suffix	mxbq	204	early	50	65	34	1	812	of Resistance	80		40	3
greater-missile-suffix	Greater missile suffixes	suffix	mxbq	204	mid	66	80	34	2	812	of Resistance	80		40	3
greater-missile-suffix	Greater missile suffixes	suffix	mxbq	204	late	81		34	3	812	of Resistance	80		40	3
greater-missile-suffix	Greater missile suffixes	suffix	mxbq	204	early	50	65	34	1	815	of Resistance	80		40	3
greater-missile-suffix	Greater missile suffixes	suffix	mxbq	204	mid	66	80	34	2	815	of Resistance	80		40	3
greater-missile-suffix	Greater missile suffixes	suffix	mxbq	204	late	81		34	3	815	of Resistance	80		40	3
greater-missile-suffix	Greater missile suffixes	suffix	mxbq	205	early	50	65	43	1	818	of Fortune	50		50	3
greater-missile-suffix	Greater missile suffixes	suffix	mxbq	205	mid	66	80	43	2	818	of Fortune	50		50	3
greater-missile-suffix	Greater missile suffixes	suffix	mxbq	205	late	81		43	3	818	of Fortune	50		50	3
greater-missile-suffix	Greater missile suffixes	suffix	mxbq	206	early	50	65	68	1	822	of Transcendence	85		80	1
greater-missile-suffix	Greater missile suffixes	suffix	mxbq	206	mid	66	80	68	1	822	of Transcendence	85		80	1
greater-missile-suffix	Greater missile suffixes	suffix	mxbq	206	late	81		68	1	822	of Transcendence	85		80	1
greater-missile-suffix	Greater missile suffixes	suffix	mxbq	206	early	50	65	68	1	823	of Transcendence	85		80	1
greater-missile-suffix	Greater missile suffixes	suffix	mxbq	206	mid	66	80	68	1	823	of Transcendence	85		80	1
greater-missile-suffix	Greater missile suffixes	suffix	mxbq	206	late	81		68	1	823	of Transcendence	85		80	1
greater-missile-suffix	Greater missile suffixes	suffix	mxbq	206	early	50	65	68	1	824	of Transcendence	85		80	1
greater-missile-suffix	Greater missile suffixes	suffix	mxbq	206	mid	66	80	68	1	824	of Transcendence	85		80	1
greater-missile-suffix	Greater missile suffixes	suffix	mxbq	206	late	81		68	1	824	of Transcendence	85		80	1
greater-negation	Greater Negation	suffix	orb	2	early	50	65	61	16	145	of Negation	84		72	48
greater-negation	Greater Negation	suffix	orb	2	mid	66	80	61	32	145	of Negation	84		72	48
greater-negation	Greater Negation	suffix	orb	2	late	81		61	48	145	of Negation	84		72	48
greater-coalescence	Greater Coalescence	suffix	orb	3	early	50	65	68	4	158	of Fire Coalescence1	87		80	12
greater-coalescence	Greater Coalescence	suffix	orb	3	mid	66	80	68	8	158	of Fire Coalescence1	87		80	12
greater-coalescence	Greater Coalescence	suffix	orb	3	late	81		68	12	158	of Fire Coalescence1	87		80	12
greater-coalescence	Greater Coalescence	suffix	orb	3	early	50	65	68	4	171	of Lightning Coalescence1	87		80	12
greater-coalescence	Greater Coalescence	suffix	orb	3	mid	66	80	68	8	171	of Lightning Coalescence1	87		80	12
greater-coalescence	Greater Coalescence	suffix	orb	3	late	81		68	12	171	of Lightning Coalescence1	87		80	12
greater-coalescence	Greater Coalescence	suffix	orb	3	early	50	65	68	4	184	of Chilling Coalescence1	87		80	12
greater-coalescence	Greater Coalescence	suffix	orb	3	mid	66	80	68	8	184	of Chilling Coalescence1	87		80	12
greater-coalescence	Greater Coalescence	suffix	orb	3	late	81		68	12	184	of Chilling Coalescence1	87		80	12
greater-magus	Greater Magus	suffix	orb	9	early	50	65	18	20	376	of the Magus	29		21	60
greater-magus	Greater Magus	suffix	orb	9	mid	66	80	18	40	376	of the Magus	29		21	60
greater-magus	Greater Magus	suffix	orb	9	late	81		18	60	376	of the Magus	29		21	60
greater-regeneration	Greater Regeneration	suffix	orb	19	early	50	65	44	16	308	of Regeneration	70		52	48
greater-regeneration	Greater Regeneration	suffix	orb	19	mid	66	80	44	32	308	of Regeneration	70		52	48
greater-regeneration	Greater Regeneration	suffix	orb	19	late	81		44	48	308	of Regeneration	70		52	48
greater-enlightenment	Greater Enlightenment	suffix	orb	23	early	50	65	28	12	248	of Enlightenment	41		33	36
greater-enlightenment	Greater Enlightenment	suffix	orb	23	mid	66	80	28	24	248	of Enlightenment	41		33	36
greater-enlightenment	Greater Enlightenment	suffix	orb	23	late	81		28	36	248	of Enlightenment	41		33	36
greater-leech	Greater Lamprey/Vampire	suffix	orb	28	early	50	65	14	28	114	of the Wraith	21		16	84
greater-leech	Greater Lamprey/Vampire	suffix	orb	28	mid	66	80	14	56	114	of the Wraith	21		16	84
greater-leech	Greater Lamprey/Vampire	suffix	orb	28	late	81		14	84	114	of the Wraith	21		16	84
greater-zodiac	Greater Zodiac	suffix	orb	42	early	50	65	71	4	280	of the Zodiac	86		83	12
greater-zodiac	Greater Zodiac	suffix	orb	42	mid	66	80	71	8	280	of the Zodiac	86		83	12
greater-zodiac	Greater Zodiac	suffix	orb	42	late	81		71	12	280	of the Zodiac	86		83	12
greater-paralysis	Greater Paralysis	suffix	orb	64	early	50	65	48	8	386	Paralysis1	62		56	24
greater-paralysis	Greater Paralysis	suffix	orb	64	mid	66	80	48	16	386	Paralysis1	62		56	24
greater-paralysis	Greater Paralysis	suffix	orb	64	late	81		48	24	386	Paralysis1	62		56	24
greater-blindness	Greater Blindness	suffix	orb	65	early	50	65	48	4	389	of Blindness1	61		57	12
greater-blindness	Greater Blindness	suffix	orb	65	mid	66	80	48	8	389	of Blindness1	61		57	12
greater-blindness	Greater Blindness	suffix	orb	65	late	81		48	12	389	of Blindness1	61		57	12
greater-reanimation	Greater Reanimation	suffix	orb	66	early	50	65	40	4	390	of Reanimation1	51		47	12
greater-reanimation	Greater Reanimation	suffix	orb	66	mid	66	80	40	8	390	of Reanimation1	51		47	12
greater-reanimation	Greater Reanimation	suffix	orb	66	late	81		40	12	390	of Reanimation1	51		47	12
greater-four-seasons	Greater Four Seasons	suffix	orb	67	early	50	65	64	8	317	of the Soul2	75		75	24
greater-four-seasons	Greater Four Seasons	suffix	orb	67	mid	66	80	64	16	317	of the Soul2	75		75	24
greater-four-seasons	Greater Four Seasons	suffix	orb	67	late	81		64	24	317	of the Soul2	75		75	24
greater-balance	Greater Balance	suffix	pelt	18	early	50	65	3	16	323	of Balance	5		3	48
greater-balance	Greater Balance	suffix	pelt	18	mid	66	80	3	32	323	of Balance	5		3	48
greater-balance	Greater Balance	suffix	pelt	18	late	81		3	48	323	of Balance	5		3	48
greater-enlightenment	Greater Enlightenment	suffix	pelt	23	early	50	65	18	12	257	of Sorcery	26		21	36
greater-enlightenment	Greater Enlightenment	suffix	pelt	23	mid	66	80	18	24	257	of Sorcery	26		21	36
greater-enlightenment	Greater Enlightenment	suffix	pelt	23	late	81		18	36	257	of Sorcery	26		21	36
greater-vita	Greater Vita	suffix	pelt	26	early	50	65	57	12	294	of the Colosuss	75		67	36
greater-vita	Greater Vita	suffix	pelt	26	mid	66	80	57	24	294	of the Colosuss	75		67	36
greater-vita	Greater Vita	suffix	pelt	26	late	81		57	36	294	of the Colosuss	75		67	36
greater-elephant	Greater Elephant	suffix	pelt	41	early	50	65	6	8	303	of the Elephant	37		7	24
greater-elephant	Greater Elephant	suffix	pelt	41	mid	66	80	6	16	303	of the Elephant	37		7	24
greater-elephant	Greater Elephant	suffix	pelt	41	late	81		6	24	303	of the Elephant	37		7	24
greater-zodiac	Greater Zodiac	suffix	pelt	42	early	50	65	1	4	262	of Grace	1		1	12
greater-zodiac	Greater Zodiac	suffix	pelt	42	mid	66	80	1	8	262	of Grace	1		1	12
greater-zodiac	Greater Zodiac	suffix	pelt	42	late	81		1	12	262	of Grace	1		1	12
greater-elements	Greater Elements	suffix	pelt	43	early	50	65	1	4	186	of the Yeti	20		1	12
greater-elements	Greater Elements	suffix	pelt	43	mid	66	80	1	8	186	of the Yeti	20		1	12
greater-elements	Greater Elements	suffix	pelt	43	late	81		1	12	186	of the Yeti	20		1	12
greater-elements	Greater Elements	suffix	pelt	43	early	50	65	1	4	188	of the Phoenix	20		1	12
greater-elements	Greater Elements	suffix	pelt	43	mid	66	80	1	8	188	of the Phoenix	20		1	12
greater-elements	Greater Elements	suffix	pelt	43	late	81		1	12	188	of the Phoenix	20		1	12
greater-elements	Greater Elements	suffix	pelt	43	early	50	65	1	4	190	of the Efreeti	20		1	12
greater-elements	Greater Elements	suffix	pelt	43	mid	66	80	1	8	190	of the Efreeti	20		1	12
greater-elements	Greater Elements	suffix	pelt	43	late	81		1	12	190	of the Efreeti	20		1	12
greater-elements	Greater Elements	suffix	pelt	43	early	50	65	1	4	192	of the Cobra	20		1	12
greater-elements	Greater Elements	suffix	pelt	43	mid	66	80	1	8	192	of the Cobra	20		1	12
greater-elements	Greater Elements	suffix	pelt	43	late	81		1	12	192	of the Cobra	20		1	12
greater-four-seasons	Greater Four Seasons	suffix	pelt	67	early	50	65	64	4	201	of the Four Seasons2	87		75	12
greater-four-seasons	Greater Four Seasons	suffix	pelt	67	mid	66	80	64	8	201	of the Four Seasons2	87		75	12
greater-four-seasons	Greater Four Seasons	suffix	pelt	67	late	81		64	12	201	of the Four Seasons2	87		75	12
greater-balance	Greater Balance	suffix	phlm	18	early	50	65	3	16	323	of Balance	5		3	48
greater-balance	Greater Balance	suffix	phlm	18	mid	66	80	3	32	323	of Balance	5		3	48
greater-balance	Greater Balance	suffix	phlm	18	late	81		3	48	323	of Balance	5		3	48
greater-enlightenment	Greater Enlightenment	suffix	phlm	23	early	50	65	18	12	257	of Sorcery	26		21	36
greater-enlightenment	Greater Enlightenment	suffix	phlm	23	mid	66	80	18	24	257	of Sorcery	26		21	36
greater-enlightenment	Greater Enlightenment	suffix	phlm	23	late	81		18	36	257	of Sorcery	26		21	36
greater-vita	Greater Vita	suffix	phlm	26	early	50	65	51	12	299	of the Mammoth	68		60	36
greater-vita	Greater Vita	suffix	phlm	26	mid	66	80	51	24	299	of the Mammoth	68		60	36
greater-vita	Greater Vita	suffix	phlm	26	late	81		51	36	299	of the Mammoth	68		60	36
greater-elephant	Greater Elephant	suffix	phlm	41	early	50	65	1	4	304	of the Kraken	20		1	12
greater-elephant	Greater Elephant	suffix	phlm	41	mid	66	80	1	8	304	of the Kraken	20		1	12
greater-elephant	Greater Elephant	suffix	phlm	41	late	81		1	12	304	of the Kraken	20		1	12
greater-zodiac	Greater Zodiac	suffix	phlm	42	early	50	65	1	4	262	of Grace	1		1	12
greater-zodiac	Greater Zodiac	suffix	phlm	42	mid	66	80	1	8	262	of Grace	1		1	12
greater-zodiac	Greater Zodiac	suffix	phlm	42	late	81		1	12	262	of Grace	1		1	12
greater-elements	Greater Elements	suffix	phlm	43	early	50	65	1	4	186	of the Yeti	20		1	12
greater-elements	Greater Elements	suffix	phlm	43	mid	66	80	1	8	186	of the Yeti	20		1	12
greater-elements	Greater Elements	suffix	phlm	43	late	81		1	12	186	of the Yeti	20		1	12
greater-elements	Greater Elements	suffix	phlm	43	early	50	65	1	4	188	of the Phoenix	20		1	12
greater-elements	Greater Elements	suffix	phlm	43	mid	66	80	1	8	188	of the Phoenix	20		1	12
greater-elements	Greater Elements	suffix	phlm	43	late	81		1	12	188	of the Phoenix	20		1	12
greater-elements	Greater Elements	suffix	phlm	43	early	50	65	1	4	190	of the Efreeti	20		1	12
greater-elements	Greater Elements	suffix	phlm	43	mid	66	80	1	8	190	of the Efreeti	20		1	12
greater-elements	Greater Elements	suffix	phlm	43	late	81		1	12	190	of the Efreeti	20		1	12
greater-elements	Greater Elements	suffix	phlm	43	early	50	65	1	4	192	of the Cobra	20		1	12
greater-elements	Greater Elements	suffix	phlm	43	mid	66	80	1	8	192	of the Cobra	20		1	12
greater-elements	Greater Elements	suffix	phlm	43	late	81		1	12	192	of the Cobra	20		1	12
greater-four-seasons	Greater Four Seasons	suffix	phlm	67	early	50	65	64	4	201	of the Four Seasons2	87		75	12
greater-four-seasons	Greater Four Seasons	suffix	phlm	67	mid	66	80	64	8	201	of the Four Seasons2	87		75	12
greater-four-seasons	Greater Four Seasons	suffix	phlm	67	late	81		64	12	201	of the Four Seasons2	87		75	12
greater-coalescence	Greater Coalescence	suffix	pole	3	early	50	65	68	4	158	of Fire Coalescence1	87		80	12
greater-coalescence	Greater Coalescence	suffix	pole	3	mid	66	80	68	8	158	of Fire Coalescence1	87		80	12
greater-coalescence	Greater Coalescence	suffix	pole	3	late	81		68	12	158	of Fire Coalescence1	87		80	12
greater-coalescence	Greater Coalescence	suffix	pole	3	early	50	65	68	4	171	of Lightning Coalescence1	87		80	12
greater-coalescence	Greater Coalescence	suffix	pole	3	mid	66	80	68	8	171	of Lightning Coalescence1	87		80	12
greater-coalescence	Greater Coalescence	suffix	pole	3	late	81		68	12	171	of Lightning Coalescence1	87		80	12
greater-coalescence	Greater Coalescence	suffix	pole	3	early	50	65	68	4	184	of Chilling Coalescence1	87		80	12
greater-coalescence	Greater Coalescence	suffix	pole	3	mid	66	80	68	8	184	of Chilling Coalescence1	87		80	12
greater-coalescence	Greater Coalescence	suffix	pole	3	late	81		68	12	184	of Chilling Coalescence1	87		80	12
greater-quickness	Greater Quickness	suffix	pole	7	early	50	65	32	20	330	of Quickness	46		38	60
greater-quickness	Greater Quickness	suffix	pole	7	mid	66	80	32	40	330	of Quickness	46		38	60
greater-quickness	Greater Quickness	suffix	pole	7	late	81		32	60	330	of Quickness	46		38	60
greater-jewelry-elemental-suffix	Greater jewelry elemental damage	suffix	pole	10	early	50	65	64	4	53	of Winter	80		75	12
greater-jewelry-elemental-suffix	Greater jewelry elemental damage	suffix	pole	10	mid	66	80	64	8	53	of Winter	80		75	12
greater-jewelry-elemental-suffix	Greater jewelry elemental damage	suffix	pole	10	late	81		64	12	53	of Winter	80		75	12
greater-jewelry-elemental-suffix	Greater jewelry elemental damage	suffix	pole	12	early	50	65	64	4	66	of Incineration	80		75	12
greater-jewelry-elemental-suffix	Greater jewelry elemental damage	suffix	pole	12	mid	66	80	64	8	66	of Incineration	80		75	12
greater-jewelry-elemental-suffix	Greater jewelry elemental damage	suffix	pole	12	late	81		64	12	66	of Incineration	80		75	12
greater-jewelry-elemental-suffix	Greater jewelry elemental damage	suffix	pole	13	early	50	65	58	4	79	of Storms	75		68	12
greater-jewelry-elemental-suffix	Greater jewelry elemental damage	suffix	pole	13	mid	66	80	58	8	79	of Storms	75		68	12
greater-jewelry-elemental-suffix	Greater jewelry elemental damage	suffix	pole	13	late	81		58	12	79	of Storms	75		68	12
greater-jewelry-elemental-suffix	Greater jewelry elemental damage	suffix	pole	16	early	50	65	21	8	90	of Anthrax	33		25	24
greater-jewelry-elemental-suffix	Greater jewelry elemental damage	suffix	pole	16	mid	66	80	21	16	90	of Anthrax	33		25	24
greater-jewelry-elemental-suffix	Greater jewelry elemental damage	suffix	pole	16	late	81		21	24	90	of Anthrax	33		25	24
greater-evisceration	Greater Evisceration	suffix	pole	14	early	50	65	67	29	20	of Evisceration	85		79	88
greater-evisceration	Greater Evisceration	suffix	pole	14	mid	66	80	67	59	20	of Evisceration	85		79	88
greater-evisceration	Greater Evisceration	suffix	pole	14	late	81		67	88	20	of Evisceration	85		79	88
greater-transcendence	Greater Transcendence	suffix	pole	15	early	50	65	71	8	41	of Transcendence	85		83	24
greater-transcendence	Greater Transcendence	suffix	pole	15	mid	66	80	71	16	41	of Transcendence	85		83	24
greater-transcendence	Greater Transcendence	suffix	pole	15	late	81		71	24	41	of Transcendence	85		83	24
greater-regeneration	Greater Regeneration	suffix	pole	19	early	50	65	44	16	308	of Regeneration	70		52	48
greater-regeneration	Greater Regeneration	suffix	pole	19	mid	66	80	44	32	308	of Regeneration	70		52	48
greater-regeneration	Greater Regeneration	suffix	pole	19	late	81		44	48	308	of Regeneration	70		52	48
greater-leech	Greater Lamprey/Vampire	suffix	pole	27	early	50	65	37	28	105	of the Lamprey	55		43	84
greater-leech	Greater Lamprey/Vampire	suffix	pole	27	mid	66	80	37	56	105	of the Lamprey	55		43	84
greater-leech	Greater Lamprey/Vampire	suffix	pole	27	late	81		37	84	105	of the Lamprey	55		43	84
greater-leech	Greater Lamprey/Vampire	suffix	pole	28	early	50	65	41	28	115	of the Vampire	56		48	84
greater-leech	Greater Lamprey/Vampire	suffix	pole	28	mid	66	80	41	56	115	of the Vampire	56		48	84
greater-leech	Greater Lamprey/Vampire	suffix	pole	28	late	81		41	84	115	of the Vampire	56		48	84
greater-titan	Greater Titan	suffix	pole	31	early	50	65	43	12	237	of the Giant	59		51	36
greater-titan	Greater Titan	suffix	pole	31	mid	66	80	43	24	237	of the Giant	59		51	36
greater-titan	Greater Titan	suffix	pole	31	late	81		43	36	237	of the Giant	59		51	36
greater-zodiac	Greater Zodiac	suffix	pole	42	early	50	65	64	4	267	of Agility2	75		75	12
greater-zodiac	Greater Zodiac	suffix	pole	42	mid	66	80	64	8	267	of Agility2	75		75	12
greater-zodiac	Greater Zodiac	suffix	pole	42	late	81		64	12	267	of Agility2	75		75	12
greater-zodiac	Greater Zodiac	suffix	pole	42	early	50	65	64	4	270	of Power2	75		75	12
greater-zodiac	Greater Zodiac	suffix	pole	42	mid	66	80	64	8	270	of Power2	75		75	12
greater-zodiac	Greater Zodiac	suffix	pole	42	late	81		64	12	270	of Power2	75		75	12
greater-zodiac	Greater Zodiac	suffix	pole	42	early	50	65	64	4	273	of Endurance2	75		75	12
greater-zodiac	Greater Zodiac	suffix	pole	42	mid	66	80	64	8	273	of Endurance2	75		75	12
greater-zodiac	Greater Zodiac	suffix	pole	42	late	81		64	12	273	of Endurance2	75		75	12
greater-zodiac	Greater Zodiac	suffix	pole	42	early	50	65	64	4	276	of Spirit2	75		75	12
greater-zodiac	Greater Zodiac	suffix	pole	42	mid	66	80	64	8	276	of Spirit2	75		75	12
greater-zodiac	Greater Zodiac	suffix	pole	42	late	81		64	12	276	of Spirit2	75		75	12
greater-paralysis	Greater Paralysis	suffix	pole	64	early	50	65	48	8	386	Paralysis1	62		56	24
greater-paralysis	Greater Paralysis	suffix	pole	64	mid	66	80	48	16	386	Paralysis1	62		56	24
greater-paralysis	Greater Paralysis	suffix	pole	64	late	81		48	24	386	Paralysis1	62		56	24
greater-blindness	Greater Blindness	suffix	pole	65	early	50	65	48	4	389	of Blindness1	61		57	12
greater-blindness	Greater Blindness	suffix	pole	65	mid	66	80	48	8	389	of Blindness1	61		57	12
greater-blindness	Greater Blindness	suffix	pole	65	late	81		48	12	389	of Blindness1	61		57	12
greater-reanimation	Greater Reanimation	suffix	pole	66	early	50	65	40	4	390	of Reanimation1	51		47	12
greater-reanimation	Greater Reanimation	suffix	pole	66	mid	66	80	40	8	390	of Reanimation1	51		47	12
greater-reanimation	Greater Reanimation	suffix	pole	66	late	81		40	12	390	of Reanimation1	51		47	12
greater-four-seasons	Greater Four Seasons	suffix	pole	67	early	50	65	64	8	317	of the Soul2	75		75	24
greater-four-seasons	Greater Four Seasons	suffix	pole	67	mid	66	80	64	16	317	of the Soul2	75		75	24
greater-four-seasons	Greater Four Seasons	suffix	pole	67	late	81		64	24	317	of the Soul2	75		75	24
greater-draining	Greater Draining	suffix	pole	80	early	50	65	17	1	625	of Siphoning	20		20	2
greater-draining	Greater Draining	suffix	pole	80	mid	66	80	17	1	625	of Siphoning	20		20	2
greater-draining	Greater Draining	suffix	pole	80	late	81		17	2	625	of Siphoning	20		20	2
greater-anima	Greater Anima	suffix	ring	1	early	50	65	22	16	129	of Life	35		26	48
greater-anima	Greater Anima	suffix	ring	1	mid	66	80	22	32	129	of Life	35		26	48
greater-anima	Greater Anima	suffix	ring	1	late	81		22	48	129	of Life	35		26	48
greater-negation	Greater Negation	suffix	ring	2	early	50	65	30	16	138	of Negation	42		35	48
greater-negation	Greater Negation	suffix	ring	2	mid	66	80	30	32	138	of Negation	42		35	48
greater-negation	Greater Negation	suffix	ring	2	late	81		30	48	138	of Negation	42		35	48
greater-negation	Greater Negation	suffix	ring	2	early	50	65	26	16	143	of the Sentinel	42		31	48
greater-negation	Greater Negation	suffix	ring	2	mid	66	80	26	32	143	of the Sentinel	42		31	48
greater-negation	Greater Negation	suffix	ring	2	late	81		26	48	143	of the Sentinel	42		31	48
greater-coalescence	Greater Coalescence	suffix	ring	3	early	50	65	68	4	158	of Fire Coalescence1	87		80	12
greater-coalescence	Greater Coalescence	suffix	ring	3	mid	66	80	68	8	158	of Fire Coalescence1	87		80	12
greater-coalescence	Greater Coalescence	suffix	ring	3	late	81		68	12	158	of Fire Coalescence1	87		80	12
greater-coalescence	Greater Coalescence	suffix	ring	3	early	50	65	68	4	171	of Lightning Coalescence1	87		80	12
greater-coalescence	Greater Coalescence	suffix	ring	3	mid	66	80	68	8	171	of Lightning Coalescence1	87		80	12
greater-coalescence	Greater Coalescence	suffix	ring	3	late	81		68	12	171	of Lightning Coalescence1	87		80	12
greater-coalescence	Greater Coalescence	suffix	ring	3	early	50	65	68	4	184	of Chilling Coalescence1	87		80	12
greater-coalescence	Greater Coalescence	suffix	ring	3	mid	66	80	68	8	184	of Chilling Coalescence1	87		80	12
greater-coalescence	Greater Coalescence	suffix	ring	3	late	81		68	12	184	of Chilling Coalescence1	87		80	12
greater-magus	Greater Magus	suffix	ring	9	early	50	65	3	24	375	of the Apprentice	5		3	72
greater-magus	Greater Magus	suffix	ring	9	mid	66	80	3	48	375	of the Apprentice	5		3	72
greater-magus	Greater Magus	suffix	ring	9	late	81		3	72	375	of the Apprentice	5		3	72
greater-jewelry-elemental-suffix	Greater jewelry elemental damage	suffix	ring	12	early	50	65	63	8	70	of Burning	80		74	24
greater-jewelry-elemental-suffix	Greater jewelry elemental damage	suffix	ring	12	mid	66	80	63	16	70	of Burning	80		74	24
greater-jewelry-elemental-suffix	Greater jewelry elemental damage	suffix	ring	12	late	81		63	24	70	of Burning	80		74	24
greater-jewelry-elemental-suffix	Greater jewelry elemental damage	suffix	ring	13	early	50	65	68	8	83	of Storms	86		80	24
greater-jewelry-elemental-suffix	Greater jewelry elemental damage	suffix	ring	13	mid	66	80	68	16	83	of Storms	86		80	24
greater-jewelry-elemental-suffix	Greater jewelry elemental damage	suffix	ring	13	late	81		68	24	83	of Storms	86		80	24
greater-jewelry-elemental-suffix	Greater jewelry elemental damage	suffix	ring	16	early	50	65	61	4	93	of Blight	85		72	12
greater-jewelry-elemental-suffix	Greater jewelry elemental damage	suffix	ring	16	mid	66	80	61	8	93	of Blight	85		72	12
greater-jewelry-elemental-suffix	Greater jewelry elemental damage	suffix	ring	16	late	81		61	12	93	of Blight	85		72	12
greater-evisceration	Greater Evisceration	suffix	ring	14	early	50	65	52	32	8	of Quality	77		61	96
greater-evisceration	Greater Evisceration	suffix	ring	14	mid	66	80	52	64	8	of Quality	77		61	96
greater-evisceration	Greater Evisceration	suffix	ring	14	late	81		52	96	8	of Quality	77		61	96
greater-transcendence	Greater Transcendence	suffix	ring	15	early	50	65	62	11	45	of Performance	81		73	32
greater-transcendence	Greater Transcendence	suffix	ring	15	mid	66	80	62	21	45	of Performance	81		73	32
greater-transcendence	Greater Transcendence	suffix	ring	15	late	81		62	32	45	of Performance	81		73	32
greater-perfection	Greater Perfection	suffix	ring	17	early	50	65	57	12	212	of Perfection	75		67	36
greater-perfection	Greater Perfection	suffix	ring	17	mid	66	80	57	24	212	of Perfection	75		67	36
greater-perfection	Greater Perfection	suffix	ring	17	late	81		57	36	212	of Perfection	75		67	36
greater-regeneration	Greater Regeneration	suffix	ring	19	early	50	65	35	16	310	of Regrowth	55		41	48
greater-regeneration	Greater Regeneration	suffix	ring	19	mid	66	80	35	32	310	of Regrowth	55		41	48
greater-regeneration	Greater Regeneration	suffix	ring	19	late	81		35	48	310	of Regrowth	55		41	48
greater-wealth	Greater Wealth	suffix	ring	21	early	50	65	1	16	358	of Greed	1		1	48
greater-wealth	Greater Wealth	suffix	ring	21	mid	66	80	1	32	358	of Greed	1		1	48
greater-wealth	Greater Wealth	suffix	ring	21	late	81		1	48	358	of Greed	1		1	48
greater-prosperity	Greater Prosperity	suffix	ring	22	early	50	65	16	16	352	of Fortune	26		19	48
greater-prosperity	Greater Prosperity	suffix	ring	22	mid	66	80	16	32	352	of Fortune	26		19	48
greater-prosperity	Greater Prosperity	suffix	ring	22	late	81		16	48	352	of Fortune	26		19	48
greater-enlightenment	Greater Enlightenment	suffix	ring	23	early	50	65	28	12	253	of Wizardry	41		33	36
greater-enlightenment	Greater Enlightenment	suffix	ring	23	mid	66	80	28	24	253	of Wizardry	41		33	36
greater-enlightenment	Greater Enlightenment	suffix	ring	23	late	81		28	36	253	of Wizardry	41		33	36
greater-vita	Greater Vita	suffix	ring	26	early	50	65	51	12	299	of the Mammoth	68		60	36
greater-vita	Greater Vita	suffix	ring	26	mid	66	80	51	24	299	of the Mammoth	68		60	36
greater-vita	Greater Vita	suffix	ring	26	late	81		51	36	299	of the Mammoth	68		60	36
greater-leech	Greater Lamprey/Vampire	suffix	ring	27	early	50	65	55	16	108	of the Lamprey	77		65	48
greater-leech	Greater Lamprey/Vampire	suffix	ring	27	mid	66	80	55	32	108	of the Lamprey	77		65	48
greater-leech	Greater Lamprey/Vampire	suffix	ring	27	late	81		55	48	108	of the Lamprey	77		65	48
greater-leech	Greater Lamprey/Vampire	suffix	ring	28	early	50	65	63	8	122	of the Vampire	86		74	24
greater-leech	Greater Lamprey/Vampire	suffix	ring	28	mid	66	80	63	16	122	of the Vampire	86		74	24
greater-leech	Greater Lamprey/Vampire	suffix	ring	28	late	81		63	24	122	of the Vampire	86		74	24
greater-titan	Greater Titan	suffix	ring	31	early	50	65	56	12	233	of the Titan	74		66	36
greater-titan	Greater Titan	suffix	ring	31	mid	66	80	56	24	233	of the Titan	74		66	36
greater-titan	Greater Titan	suffix	ring	31	late	81		56	36	233	of the Titan	74		66	36
greater-elephant	Greater Elephant	suffix	ring	41	early	50	65	49	8	302	of the Elephant	66		58	24
greater-elephant	Greater Elephant	suffix	ring	41	mid	66	80	49	16	302	of the Elephant	66		58	24
greater-elephant	Greater Elephant	suffix	ring	41	late	81		49	24	302	of the Elephant	66		58	24
greater-zodiac	Greater Zodiac	suffix	ring	42	early	50	65	71	4	280	of the Zodiac	86		83	12
greater-zodiac	Greater Zodiac	suffix	ring	42	mid	66	80	71	8	280	of the Zodiac	86		83	12
greater-zodiac	Greater Zodiac	suffix	ring	42	late	81		71	12	280	of the Zodiac	86		83	12
greater-elements	Greater Elements	suffix	ring	43	early	50	65	1	4	186	of the Yeti	20		1	12
greater-elements	Greater Elements	suffix	ring	43	mid	66	80	1	8	186	of the Yeti	20		1	12
greater-elements	Greater Elements	suffix	ring	43	late	81		1	12	186	of the Yeti	20		1	12
greater-elements	Greater Elements	suffix	ring	43	early	50	65	1	4	188	of the Phoenix	20		1	12
greater-elements	Greater Elements	suffix	ring	43	mid	66	80	1	8	188	of the Phoenix	20		1	12
greater-elements	Greater Elements	suffix	ring	43	late	81		1	12	188	of the Phoenix	20		1	12
greater-elements	Greater Elements	suffix	ring	43	early	50	65	1	4	190	of the Efreeti	20		1	12
greater-elements	Greater Elements	suffix	ring	43	mid	66	80	1	8	190	of the Efreeti	20		1	12
greater-elements	Greater Elements	suffix	ring	43	late	81		1	12	190	of the Efreeti	20		1	12
greater-elements	Greater Elements	suffix	ring	43	early	50	65	1	4	192	of the Cobra	20		1	12
greater-elements	Greater Elements	suffix	ring	43	mid	66	80	1	8	192	of the Cobra	20		1	12
greater-elements	Greater Elements	suffix	ring	43	late	81		1	12	192	of the Cobra	20		1	12
greater-lich	Greater Lich	suffix	ring	60	early	50	65	71	4	125	of the Lich	87		84	12
greater-lich	Greater Lich	suffix	ring	60	mid	66	80	71	8	125	of the Lich	87		84	12
greater-lich	Greater Lich	suffix	ring	60	late	81		71	12	125	of the Lich	87		84	12
greater-guarding	Greater Guarding	suffix	ring	61	early	50	65	39	20	4	of Guarding	51		46	60
greater-guarding	Greater Guarding	suffix	ring	61	mid	66	80	39	40	4	of Guarding	51		46	60
greater-guarding	Greater Guarding	suffix	ring	61	late	81		39	60	4	of Guarding	51		46	60
greater-four-seasons	Greater Four Seasons	suffix	ring	67	early	50	65	64	4	201	of the Four Seasons2	87		75	12
greater-four-seasons	Greater Four Seasons	suffix	ring	67	mid	66	80	64	8	201	of the Four Seasons2	87		75	12
greater-four-seasons	Greater Four Seasons	suffix	ring	67	late	81		64	12	201	of the Four Seasons2	87		75	12
greater-coalescence	Greater Coalescence	suffix	rod	3	early	50	65	68	4	158	of Fire Coalescence1	87		80	12
greater-coalescence	Greater Coalescence	suffix	rod	3	mid	66	80	68	8	158	of Fire Coalescence1	87		80	12
greater-coalescence	Greater Coalescence	suffix	rod	3	late	81		68	12	158	of Fire Coalescence1	87		80	12
greater-coalescence	Greater Coalescence	suffix	rod	3	early	50	65	68	4	171	of Lightning Coalescence1	87		80	12
greater-coalescence	Greater Coalescence	suffix	rod	3	mid	66	80	68	8	171	of Lightning Coalescence1	87		80	12
greater-coalescence	Greater Coalescence	suffix	rod	3	late	81		68	12	171	of Lightning Coalescence1	87		80	12
greater-coalescence	Greater Coalescence	suffix	rod	3	early	50	65	68	4	184	of Chilling Coalescence1	87		80	12
greater-coalescence	Greater Coalescence	suffix	rod	3	mid	66	80	68	8	184	of Chilling Coalescence1	87		80	12
greater-coalescence	Greater Coalescence	suffix	rod	3	late	81		68	12	184	of Chilling Coalescence1	87		80	12
greater-quickness	Greater Quickness	suffix	rod	7	early	50	65	32	20	330	of Quickness	46		38	60
greater-quickness	Greater Quickness	suffix	rod	7	mid	66	80	32	40	330	of Quickness	46		38	60
greater-quickness	Greater Quickness	suffix	rod	7	late	81		32	60	330	of Quickness	46		38	60
greater-magus	Greater Magus	suffix	rod	9	early	50	65	18	20	376	of the Magus	29		21	60
greater-magus	Greater Magus	suffix	rod	9	mid	66	80	18	40	376	of the Magus	29		21	60
greater-magus	Greater Magus	suffix	rod	9	late	81		18	60	376	of the Magus	29		21	60
greater-jewelry-elemental-suffix	Greater jewelry elemental damage	suffix	rod	10	early	50	65	64	4	53	of Winter	80		75	12
greater-jewelry-elemental-suffix	Greater jewelry elemental damage	suffix	rod	10	mid	66	80	64	8	53	of Winter	80		75	12
greater-jewelry-elemental-suffix	Greater jewelry elemental damage	suffix	rod	10	late	81		64	12	53	of Winter	80		75	12
greater-jewelry-elemental-suffix	Greater jewelry elemental damage	suffix	rod	12	early	50	65	64	4	66	of Incineration	80		75	12
greater-jewelry-elemental-suffix	Greater jewelry elemental damage	suffix	rod	12	mid	66	80	64	8	66	of Incineration	80		75	12
greater-jewelry-elemental-suffix	Greater jewelry elemental damage	suffix	rod	12	late	81		64	12	66	of Incineration	80		75	12
greater-jewelry-elemental-suffix	Greater jewelry elemental damage	suffix	rod	13	early	50	65	58	4	79	of Storms	75		68	12
greater-jewelry-elemental-suffix	Greater jewelry elemental damage	suffix	rod	13	mid	66	80	58	8	79	of Storms	75		68	12
greater-jewelry-elemental-suffix	Greater jewelry elemental damage	suffix	rod	13	late	81		58	12	79	of Storms	75		68	12
greater-evisceration	Greater Evisceration	suffix	rod	14	early	50	65	67	29	20	of Evisceration	85		79	88
greater-evisceration	Greater Evisceration	suffix	rod	14	mid	66	80	67	59	20	of Evisceration	85		79	88
greater-evisceration	Greater Evisceration	suffix	rod	14	late	81		67	88	20	of Evisceration	85		79	88
greater-transcendence	Greater Transcendence	suffix	rod	15	early	50	65	71	8	41	of Transcendence	85		83	24
greater-transcendence	Greater Transcendence	suffix	rod	15	mid	66	80	71	16	41	of Transcendence	85		83	24
greater-transcendence	Greater Transcendence	suffix	rod	15	late	81		71	24	41	of Transcendence	85		83	24
greater-regeneration	Greater Regeneration	suffix	rod	19	early	50	65	44	16	308	of Regeneration	70		52	48
greater-regeneration	Greater Regeneration	suffix	rod	19	mid	66	80	44	32	308	of Regeneration	70		52	48
greater-regeneration	Greater Regeneration	suffix	rod	19	late	81		44	48	308	of Regeneration	70		52	48
greater-leech	Greater Lamprey/Vampire	suffix	rod	27	early	50	65	37	28	105	of the Lamprey	55		43	84
greater-leech	Greater Lamprey/Vampire	suffix	rod	27	mid	66	80	37	56	105	of the Lamprey	55		43	84
greater-leech	Greater Lamprey/Vampire	suffix	rod	27	late	81		37	84	105	of the Lamprey	55		43	84
greater-leech	Greater Lamprey/Vampire	suffix	rod	28	early	50	65	41	28	115	of the Vampire	56		48	84
greater-leech	Greater Lamprey/Vampire	suffix	rod	28	mid	66	80	41	56	115	of the Vampire	56		48	84
greater-leech	Greater Lamprey/Vampire	suffix	rod	28	late	81		41	84	115	of the Vampire	56		48	84
greater-zodiac	Greater Zodiac	suffix	rod	42	early	50	65	64	4	267	of Agility2	75		75	12
greater-zodiac	Greater Zodiac	suffix	rod	42	mid	66	80	64	8	267	of Agility2	75		75	12
greater-zodiac	Greater Zodiac	suffix	rod	42	late	81		64	12	267	of Agility2	75		75	12
greater-zodiac	Greater Zodiac	suffix	rod	42	early	50	65	64	4	270	of Power2	75		75	12
greater-zodiac	Greater Zodiac	suffix	rod	42	mid	66	80	64	8	270	of Power2	75		75	12
greater-zodiac	Greater Zodiac	suffix	rod	42	late	81		64	12	270	of Power2	75		75	12
greater-zodiac	Greater Zodiac	suffix	rod	42	early	50	65	64	4	273	of Endurance2	75		75	12
greater-zodiac	Greater Zodiac	suffix	rod	42	mid	66	80	64	8	273	of Endurance2	75		75	12
greater-zodiac	Greater Zodiac	suffix	rod	42	late	81		64	12	273	of Endurance2	75		75	12
greater-zodiac	Greater Zodiac	suffix	rod	42	early	50	65	64	4	276	of Spirit2	75		75	12
greater-zodiac	Greater Zodiac	suffix	rod	42	mid	66	80	64	8	276	of Spirit2	75		75	12
greater-zodiac	Greater Zodiac	suffix	rod	42	late	81		64	12	276	of Spirit2	75		75	12
greater-paralysis	Greater Paralysis	suffix	rod	64	early	50	65	48	8	386	Paralysis1	62		56	24
greater-paralysis	Greater Paralysis	suffix	rod	64	mid	66	80	48	16	386	Paralysis1	62		56	24
greater-paralysis	Greater Paralysis	suffix	rod	64	late	81		48	24	386	Paralysis1	62		56	24
greater-blindness	Greater Blindness	suffix	rod	65	early	50	65	48	4	389	of Blindness1	61		57	12
greater-blindness	Greater Blindness	suffix	rod	65	mid	66	80	48	8	389	of Blindness1	61		57	12
greater-blindness	Greater Blindness	suffix	rod	65	late	81		48	12	389	of Blindness1	61		57	12
greater-reanimation	Greater Reanimation	suffix	rod	66	early	50	65	40	4	390	of Reanimation1	51		47	12
greater-reanimation	Greater Reanimation	suffix	rod	66	mid	66	80	40	8	390	of Reanimation1	51		47	12
greater-reanimation	Greater Reanimation	suffix	rod	66	late	81		40	12	390	of Reanimation1	51		47	12
greater-four-seasons	Greater Four Seasons	suffix	rod	67	early	50	65	64	8	317	of the Soul2	75		75	24
greater-four-seasons	Greater Four Seasons	suffix	rod	67	mid	66	80	64	16	317	of the Soul2	75		75	24
greater-four-seasons	Greater Four Seasons	suffix	rod	67	late	81		64	24	317	of the Soul2	75		75	24
greater-draining	Greater Draining	suffix	rod	80	early	50	65	17	1	625	of Siphoning	20		20	2
greater-draining	Greater Draining	suffix	rod	80	mid	66	80	17	1	625	of Siphoning	20		20	2
greater-draining	Greater Draining	suffix	rod	80	late	81		17	2	625	of Siphoning	20		20	2
greater-coalescence	Greater Coalescence	suffix	scep	3	early	50	65	68	4	158	of Fire Coalescence1	87		80	12
greater-coalescence	Greater Coalescence	suffix	scep	3	mid	66	80	68	8	158	of Fire Coalescence1	87		80	12
greater-coalescence	Greater Coalescence	suffix	scep	3	late	81		68	12	158	of Fire Coalescence1	87		80	12
greater-coalescence	Greater Coalescence	suffix	scep	3	early	50	65	68	4	171	of Lightning Coalescence1	87		80	12
greater-coalescence	Greater Coalescence	suffix	scep	3	mid	66	80	68	8	171	of Lightning Coalescence1	87		80	12
greater-coalescence	Greater Coalescence	suffix	scep	3	late	81		68	12	171	of Lightning Coalescence1	87		80	12
greater-coalescence	Greater Coalescence	suffix	scep	3	early	50	65	68	4	184	of Chilling Coalescence1	87		80	12
greater-coalescence	Greater Coalescence	suffix	scep	3	mid	66	80	68	8	184	of Chilling Coalescence1	87		80	12
greater-coalescence	Greater Coalescence	suffix	scep	3	late	81		68	12	184	of Chilling Coalescence1	87		80	12
greater-quickness	Greater Quickness	suffix	scep	7	early	50	65	32	20	330	of Quickness	46		38	60
greater-quickness	Greater Quickness	suffix	scep	7	mid	66	80	32	40	330	of Quickness	46		38	60
greater-quickness	Greater Quickness	suffix	scep	7	late	81		32	60	330	of Quickness	46		38	60
greater-magus	Greater Magus	suffix	scep	9	early	50	65	3	24	375	of the Apprentice	5		3	72
greater-magus	Greater Magus	suffix	scep	9	mid	66	80	3	48	375	of the Apprentice	5		3	72
greater-magus	Greater Magus	suffix	scep	9	late	81		3	72	375	of the Apprentice	5		3	72
greater-jewelry-elemental-suffix	Greater jewelry elemental damage	suffix	scep	10	early	50	65	64	4	53	of Winter	80		75	12
greater-jewelry-elemental-suffix	Greater jewelry elemental damage	suffix	scep	10	mid	66	80	64	8	53	of Winter	80		75	12
greater-jewelry-elemental-suffix	Greater jewelry elemental damage	suffix	scep	10	late	81		64	12	53	of Winter	80		75	12
greater-jewelry-elemental-suffix	Greater jewelry elemental damage	suffix	scep	12	early	50	65	64	4	66	of Incineration	80		75	12
greater-jewelry-elemental-suffix	Greater jewelry elemental damage	suffix	scep	12	mid	66	80	64	8	66	of Incineration	80		75	12
greater-jewelry-elemental-suffix	Greater jewelry elemental damage	suffix	scep	12	late	81		64	12	66	of Incineration	80		75	12
greater-jewelry-elemental-suffix	Greater jewelry elemental damage	suffix	scep	13	early	50	65	58	4	79	of Storms	75		68	12
greater-jewelry-elemental-suffix	Greater jewelry elemental damage	suffix	scep	13	mid	66	80	58	8	79	of Storms	75		68	12
greater-jewelry-elemental-suffix	Greater jewelry elemental damage	suffix	scep	13	late	81		58	12	79	of Storms	75		68	12
greater-evisceration	Greater Evisceration	suffix	scep	14	early	50	65	67	29	20	of Evisceration	85		79	88
greater-evisceration	Greater Evisceration	suffix	scep	14	mid	66	80	67	59	20	of Evisceration	85		79	88
greater-evisceration	Greater Evisceration	suffix	scep	14	late	81		67	88	20	of Evisceration	85		79	88
greater-transcendence	Greater Transcendence	suffix	scep	15	early	50	65	71	8	41	of Transcendence	85		83	24
greater-transcendence	Greater Transcendence	suffix	scep	15	mid	66	80	71	16	41	of Transcendence	85		83	24
greater-transcendence	Greater Transcendence	suffix	scep	15	late	81		71	24	41	of Transcendence	85		83	24
greater-regeneration	Greater Regeneration	suffix	scep	19	early	50	65	26	16	311	of Revivification	38		30	48
greater-regeneration	Greater Regeneration	suffix	scep	19	mid	66	80	26	32	311	of Revivification	38		30	48
greater-regeneration	Greater Regeneration	suffix	scep	19	late	81		26	48	311	of Revivification	38		30	48
greater-enlightenment	Greater Enlightenment	suffix	scep	23	early	50	65	18	12	257	of Sorcery	26		21	36
greater-enlightenment	Greater Enlightenment	suffix	scep	23	mid	66	80	18	24	257	of Sorcery	26		21	36
greater-enlightenment	Greater Enlightenment	suffix	scep	23	late	81		18	36	257	of Sorcery	26		21	36
greater-leech	Greater Lamprey/Vampire	suffix	scep	27	early	50	65	37	28	105	of the Lamprey	55		43	84
greater-leech	Greater Lamprey/Vampire	suffix	scep	27	mid	66	80	37	56	105	of the Lamprey	55		43	84
greater-leech	Greater Lamprey/Vampire	suffix	scep	27	late	81		37	84	105	of the Lamprey	55		43	84
greater-leech	Greater Lamprey/Vampire	suffix	scep	28	early	50	65	41	28	115	of the Vampire	56		48	84
greater-leech	Greater Lamprey/Vampire	suffix	scep	28	mid	66	80	41	56	115	of the Vampire	56		48	84
greater-leech	Greater Lamprey/Vampire	suffix	scep	28	late	81		41	84	115	of the Vampire	56		48	84
greater-titan	Greater Titan	suffix	scep	31	early	50	65	56	12	233	of the Titan	74		66	36
greater-titan	Greater Titan	suffix	scep	31	mid	66	80	56	24	233	of the Titan	74		66	36
greater-titan	Greater Titan	suffix	scep	31	late	81		56	36	233	of the Titan	74		66	36
greater-zodiac	Greater Zodiac	suffix	scep	42	early	50	65	64	4	267	of Agility2	75		75	12
greater-zodiac	Greater Zodiac	suffix	scep	42	mid	66	80	64	8	267	of Agility2	75		75	12
greater-zodiac	Greater Zodiac	suffix	scep	42	late	81		64	12	267	of Agility2	75		75	12
greater-zodiac	Greater Zodiac	suffix	scep	42	early	50	65	64	4	270	of Power2	75		75	12
greater-zodiac	Greater Zodiac	suffix	scep	42	mid	66	80	64	8	270	of Power2	75		75	12
greater-zodiac	Greater Zodiac	suffix	scep	42	late	81		64	12	270	of Power2	75		75	12
greater-zodiac	Greater Zodiac	suffix	scep	42	early	50	65	64	4	273	of Endurance2	75		75	12
greater-zodiac	Greater Zodiac	suffix	scep	42	mid	66	80	64	8	273	of Endurance2	75		75	12
greater-zodiac	Greater Zodiac	suffix	scep	42	late	81		64	12	273	of Endurance2	75		75	12
greater-zodiac	Greater Zodiac	suffix	scep	42	early	50	65	64	4	276	of Spirit2	75		75	12
greater-zodiac	Greater Zodiac	suffix	scep	42	mid	66	80	64	8	276	of Spirit2	75		75	12
greater-zodiac	Greater Zodiac	suffix	scep	42	late	81		64	12	276	of Spirit2	75		75	12
greater-paralysis	Greater Paralysis	suffix	scep	64	early	50	65	48	8	386	Paralysis1	62		56	24
greater-paralysis	Greater Paralysis	suffix	scep	64	mid	66	80	48	16	386	Paralysis1	62		56	24
greater-paralysis	Greater Paralysis	suffix	scep	64	late	81		48	24	386	Paralysis1	62		56	24
greater-blindness	Greater Blindness	suffix	scep	65	early	50	65	48	4	389	of Blindness1	61		57	12
greater-blindness	Greater Blindness	suffix	scep	65	mid	66	80	48	8	389	of Blindness1	61		57	12
greater-blindness	Greater Blindness	suffix	scep	65	late	81		48	12	389	of Blindness1	61		57	12
greater-reanimation	Greater Reanimation	suffix	scep	66	early	50	65	40	4	390	of Reanimation1	51		47	12
greater-reanimation	Greater Reanimation	suffix	scep	66	mid	66	80	40	8	390	of Reanimation1	51		47	12
greater-reanimation	Greater Reanimation	suffix	scep	66	late	81		40	12	390	of Reanimation1	51		47	12
greater-four-seasons	Greater Four Seasons	suffix	scep	67	early	50	65	64	8	317	of the Soul2	75		75	24
greater-four-seasons	Greater Four Seasons	suffix	scep	67	mid	66	80	64	16	317	of the Soul2	75		75	24
greater-four-seasons	Greater Four Seasons	suffix	scep	67	late	81		64	24	317	of the Soul2	75		75	24
greater-draining	Greater Draining	suffix	scep	80	early	50	65	17	1	625	of Siphoning	20		20	2
greater-draining	Greater Draining	suffix	scep	80	mid	66	80	17	1	625	of Siphoning	20		20	2
greater-draining	Greater Draining	suffix	scep	80	late	81		17	2	625	of Siphoning	20		20	2
greater-anima	Greater Anima	suffix	shie	1	early	50	65	37	16	134	of Anima	51		43	48
greater-anima	Greater Anima	suffix	shie	1	mid	66	80	37	32	134	of Anima	51		43	48
greater-anima	Greater Anima	suffix	shie	1	late	81		37	48	134	of Anima	51		43	48
greater-negation	Greater Negation	suffix	shie	2	early	50	65	61	16	145	of Negation	84		72	48
greater-negation	Greater Negation	suffix	shie	2	mid	66	80	61	32	145	of Negation	84		72	48
greater-negation	Greater Negation	suffix	shie	2	late	81		61	48	145	of Negation	84		72	48
greater-coalescence	Greater Coalescence	suffix	shie	3	early	50	65	68	4	158	of Fire Coalescence1	87		80	12
greater-coalescence	Greater Coalescence	suffix	shie	3	mid	66	80	68	8	158	of Fire Coalescence1	87		80	12
greater-coalescence	Greater Coalescence	suffix	shie	3	late	81		68	12	158	of Fire Coalescence1	87		80	12
greater-coalescence	Greater Coalescence	suffix	shie	3	early	50	65	68	4	171	of Lightning Coalescence1	87		80	12
greater-coalescence	Greater Coalescence	suffix	shie	3	mid	66	80	68	8	171	of Lightning Coalescence1	87		80	12
greater-coalescence	Greater Coalescence	suffix	shie	3	late	81		68	12	171	of Lightning Coalescence1	87		80	12
greater-coalescence	Greater Coalescence	suffix	shie	3	early	50	65	68	4	184	of Chilling Coalescence1	87		80	12
greater-coalescence	Greater Coalescence	suffix	shie	3	mid	66	80	68	8	184	of Chilling Coalescence1	87		80	12
greater-coalescence	Greater Coalescence	suffix	shie	3	late	81		68	12	184	of Chilling Coalescence1	87		80	12
greater-thorns	Greater Thorns	suffix	shie	6	early	50	65	53	16	340	of Thorns	67		62	48
greater-thorns	Greater Thorns	suffix	shie	6	mid	66	80	53	32	340	of Thorns	67		62	48
greater-thorns	Greater Thorns	suffix	shie	6	late	81		53	48	340	of Thorns	67		62	48
greater-deflecting	Greater Deflecting	suffix	shie	8	early	50	65	7	25	374	of Deflecting	11		8	76
greater-deflecting	Greater Deflecting	suffix	shie	8	mid	66	80	7	51	374	of Deflecting	11		8	76
greater-deflecting	Greater Deflecting	suffix	shie	8	late	81		7	76	374	of Deflecting	11		8	76
greater-evisceration	Greater Evisceration	suffix	shie	14	early	50	65	58	12	23	of Maiming	80		68	36
greater-evisceration	Greater Evisceration	suffix	shie	14	mid	66	80	58	24	23	of Maiming	80		68	36
greater-evisceration	Greater Evisceration	suffix	shie	14	late	81		58	36	23	of Maiming	80		68	36
greater-balance	Greater Balance	suffix	shie	18	early	50	65	5	16	324	of Equilibrium	9		6	48
greater-balance	Greater Balance	suffix	shie	18	mid	66	80	5	32	324	of Equilibrium	9		6	48
greater-balance	Greater Balance	suffix	shie	18	late	81		5	48	324	of Equilibrium	9		6	48
greater-regeneration	Greater Regeneration	suffix	shie	19	early	50	65	26	16	307	of Regeneration	40		30	48
greater-regeneration	Greater Regeneration	suffix	shie	19	mid	66	80	26	32	307	of Regeneration	40		30	48
greater-regeneration	Greater Regeneration	suffix	shie	19	late	81		26	48	307	of Regeneration	40		30	48
greater-vita	Greater Vita	suffix	shie	26	early	50	65	57	12	294	of the Colosuss	75		67	36
greater-vita	Greater Vita	suffix	shie	26	mid	66	80	57	24	294	of the Colosuss	75		67	36
greater-vita	Greater Vita	suffix	shie	26	late	81		57	36	294	of the Colosuss	75		67	36
greater-titan	Greater Titan	suffix	shie	31	early	50	65	31	12	236	of the Ox	45		37	36
greater-titan	Greater Titan	suffix	shie	31	mid	66	80	31	24	236	of the Ox	45		37	36
greater-titan	Greater Titan	suffix	shie	31	late	81		31	36	236	of the Ox	45		37	36
greater-elements	Greater Elements	suffix	shie	43	early	50	65	60	8	195	of the Elements	77		71	24
greater-elements	Greater Elements	suffix	shie	43	mid	66	80	60	16	195	of the Elements	77		71	24
greater-elements	Greater Elements	suffix	shie	43	late	81		60	24	195	of the Elements	77		71	24
greater-four-seasons	Greater Four Seasons	suffix	shie	67	early	50	65	64	4	201	of the Four Seasons2	87		75	12
greater-four-seasons	Greater Four Seasons	suffix	shie	67	mid	66	80	64	8	201	of the Four Seasons2	87		75	12
greater-four-seasons	Greater Four Seasons	suffix	shie	67	late	81		64	12	201	of the Four Seasons2	87		75	12
greater-anima	Greater Anima	suffix	shld	1	early	50	65	37	16	134	of Anima	51		43	48
greater-anima	Greater Anima	suffix	shld	1	mid	66	80	37	32	134	of Anima	51		43	48
greater-anima	Greater Anima	suffix	shld	1	late	81		37	48	134	of Anima	51		43	48
greater-negation	Greater Negation	suffix	shld	2	early	50	65	61	16	145	of Negation	84		72	48
greater-negation	Greater Negation	suffix	shld	2	mid	66	80	61	32	145	of Negation	84		72	48
greater-negation	Greater Negation	suffix	shld	2	late	81		61	48	145	of Negation	84		72	48
greater-coalescence	Greater Coalescence	suffix	shld	3	early	50	65	68	4	158	of Fire Coalescence1	87		80	12
greater-coalescence	Greater Coalescence	suffix	shld	3	mid	66	80	68	8	158	of Fire Coalescence1	87		80	12
greater-coalescence	Greater Coalescence	suffix	shld	3	late	81		68	12	158	of Fire Coalescence1	87		80	12
greater-coalescence	Greater Coalescence	suffix	shld	3	early	50	65	68	4	171	of Lightning Coalescence1	87		80	12
greater-coalescence	Greater Coalescence	suffix	shld	3	mid	66	80	68	8	171	of Lightning Coalescence1	87		80	12
greater-coalescence	Greater Coalescence	suffix	shld	3	late	81		68	12	171	of Lightning Coalescence1	87		80	12
greater-coalescence	Greater Coalescence	suffix	shld	3	early	50	65	68	4	184	of Chilling Coalescence1	87		80	12
greater-coalescence	Greater Coalescence	suffix	shld	3	mid	66	80	68	8	184	of Chilling Coalescence1	87		80	12
greater-coalescence	Greater Coalescence	suffix	shld	3	late	81		68	12	184	of Chilling Coalescence1	87		80	12
greater-thorns	Greater Thorns	suffix	shld	6	early	50	65	53	16	340	of Thorns	67		62	48
greater-thorns	Greater Thorns	suffix	shld	6	mid	66	80	53	32	340	of Thorns	67		62	48
greater-thorns	Greater Thorns	suffix	shld	6	late	81		53	48	340	of Thorns	67		62	48
greater-deflecting	Greater Deflecting	suffix	shld	8	early	50	65	7	25	374	of Deflecting	11		8	76
greater-deflecting	Greater Deflecting	suffix	shld	8	mid	66	80	7	51	374	of Deflecting	11		8	76
greater-deflecting	Greater Deflecting	suffix	shld	8	late	81		7	76	374	of Deflecting	11		8	76
greater-evisceration	Greater Evisceration	suffix	shld	14	early	50	65	58	12	23	of Maiming	80		68	36
greater-evisceration	Greater Evisceration	suffix	shld	14	mid	66	80	58	24	23	of Maiming	80		68	36
greater-evisceration	Greater Evisceration	suffix	shld	14	late	81		58	36	23	of Maiming	80		68	36
greater-balance	Greater Balance	suffix	shld	18	early	50	65	5	16	324	of Equilibrium	9		6	48
greater-balance	Greater Balance	suffix	shld	18	mid	66	80	5	32	324	of Equilibrium	9		6	48
greater-balance	Greater Balance	suffix	shld	18	late	81		5	48	324	of Equilibrium	9		6	48
greater-regeneration	Greater Regeneration	suffix	shld	19	early	50	65	26	16	307	of Regeneration	40		30	48
greater-regeneration	Greater Regeneration	suffix	shld	19	mid	66	80	26	32	307	of Regeneration	40		30	48
greater-regeneration	Greater Regeneration	suffix	shld	19	late	81		26	48	307	of Regeneration	40		30	48
greater-vita	Greater Vita	suffix	shld	26	early	50	65	57	12	294	of the Colosuss	75		67	36
greater-vita	Greater Vita	suffix	shld	26	mid	66	80	57	24	294	of the Colosuss	75		67	36
greater-vita	Greater Vita	suffix	shld	26	late	81		57	36	294	of the Colosuss	75		67	36
greater-titan	Greater Titan	suffix	shld	31	early	50	65	31	12	236	of the Ox	45		37	36
greater-titan	Greater Titan	suffix	shld	31	mid	66	80	31	24	236	of the Ox	45		37	36
greater-titan	Greater Titan	suffix	shld	31	late	81		31	36	236	of the Ox	45		37	36
greater-elements	Greater Elements	suffix	shld	43	early	50	65	60	8	195	of the Elements	77		71	24
greater-elements	Greater Elements	suffix	shld	43	mid	66	80	60	16	195	of the Elements	77		71	24
greater-elements	Greater Elements	suffix	shld	43	late	81		60	24	195	of the Elements	77		71	24
greater-four-seasons	Greater Four Seasons	suffix	shld	67	early	50	65	64	4	201	of the Four Seasons2	87		75	12
greater-four-seasons	Greater Four Seasons	suffix	shld	67	mid	66	80	64	8	201	of the Four Seasons2	87		75	12
greater-four-seasons	Greater Four Seasons	suffix	shld	67	late	81		64	12	201	of the Four Seasons2	87		75	12
greater-coalescence	Greater Coalescence	suffix	slam	3	early	50	65	68	4	158	of Fire Coalescence1	87		80	12
greater-coalescence	Greater Coalescence	suffix	slam	3	mid	66	80	68	8	158	of Fire Coalescence1	87		80	12
greater-coalescence	Greater Coalescence	suffix	slam	3	late	81		68	12	158	of Fire Coalescence1	87		80	12
greater-coalescence	Greater Coalescence	suffix	slam	3	early	50	65	68	4	171	of Lightning Coalescence1	87		80	12
greater-coalescence	Greater Coalescence	suffix	slam	3	mid	66	80	68	8	171	of Lightning Coalescence1	87		80	12
greater-coalescence	Greater Coalescence	suffix	slam	3	late	81		68	12	171	of Lightning Coalescence1	87		80	12
greater-coalescence	Greater Coalescence	suffix	slam	3	early	50	65	68	4	184	of Chilling Coalescence1	87		80	12
greater-coalescence	Greater Coalescence	suffix	slam	3	mid	66	80	68	8	184	of Chilling Coalescence1	87		80	12
greater-coalescence	Greater Coalescence	suffix	slam	3	late	81		68	12	184	of Chilling Coalescence1	87		80	12
greater-quickness	Greater Quickness	suffix	slam	7	early	50	65	32	20	330	of Quickness	46		38	60
greater-quickness	Greater Quickness	suffix	slam	7	mid	66	80	32	40	330	of Quickness	46		38	60
greater-quickness	Greater Quickness	suffix	slam	7	late	81		32	60	330	of Quickness	46		38	60
greater-jewelry-elemental-suffix	Greater jewelry elemental damage	suffix	slam	10	early	50	65	64	4	53	of Winter	80		75	12
greater-jewelry-elemental-suffix	Greater jewelry elemental damage	suffix	slam	10	mid	66	80	64	8	53	of Winter	80		75	12
greater-jewelry-elemental-suffix	Greater jewelry elemental damage	suffix	slam	10	late	81		64	12	53	of Winter	80		75	12
greater-jewelry-elemental-suffix	Greater jewelry elemental damage	suffix	slam	12	early	50	65	64	4	66	of Incineration	80		75	12
greater-jewelry-elemental-suffix	Greater jewelry elemental damage	suffix	slam	12	mid	66	80	64	8	66	of Incineration	80		75	12
greater-jewelry-elemental-suffix	Greater jewelry elemental damage	suffix	slam	12	late	81		64	12	66	of Incineration	80		75	12
greater-jewelry-elemental-suffix	Greater jewelry elemental damage	suffix	slam	13	early	50	65	58	4	79	of Storms	75		68	12
greater-jewelry-elemental-suffix	Greater jewelry elemental damage	suffix	slam	13	mid	66	80	58	8	79	of Storms	75		68	12
greater-jewelry-elemental-suffix	Greater jewelry elemental damage	suffix	slam	13	late	81		58	12	79	of Storms	75		68	12
greater-jewelry-elemental-suffix	Greater jewelry elemental damage	suffix	slam	16	early	50	65	21	8	90	of Anthrax	33		25	24
greater-jewelry-elemental-suffix	Greater jewelry elemental damage	suffix	slam	16	mid	66	80	21	16	90	of Anthrax	33		25	24
greater-jewelry-elemental-suffix	Greater jewelry elemental damage	suffix	slam	16	late	81		21	24	90	of Anthrax	33		25	24
greater-evisceration	Greater Evisceration	suffix	slam	14	early	50	65	67	29	20	of Evisceration	85		79	88
greater-evisceration	Greater Evisceration	suffix	slam	14	mid	66	80	67	59	20	of Evisceration	85		79	88
greater-evisceration	Greater Evisceration	suffix	slam	14	late	81		67	88	20	of Evisceration	85		79	88
greater-transcendence	Greater Transcendence	suffix	slam	15	early	50	65	71	8	41	of Transcendence	85		83	24
greater-transcendence	Greater Transcendence	suffix	slam	15	mid	66	80	71	16	41	of Transcendence	85		83	24
greater-transcendence	Greater Transcendence	suffix	slam	15	late	81		71	24	41	of Transcendence	85		83	24
greater-regeneration	Greater Regeneration	suffix	slam	19	early	50	65	44	16	308	of Regeneration	70		52	48
greater-regeneration	Greater Regeneration	suffix	slam	19	mid	66	80	44	32	308	of Regeneration	70		52	48
greater-regeneration	Greater Regeneration	suffix	slam	19	late	81		44	48	308	of Regeneration	70		52	48
greater-leech	Greater Lamprey/Vampire	suffix	slam	27	early	50	65	37	28	105	of the Lamprey	55		43	84
greater-leech	Greater Lamprey/Vampire	suffix	slam	27	mid	66	80	37	56	105	of the Lamprey	55		43	84
greater-leech	Greater Lamprey/Vampire	suffix	slam	27	late	81		37	84	105	of the Lamprey	55		43	84
greater-leech	Greater Lamprey/Vampire	suffix	slam	28	early	50	65	41	28	115	of the Vampire	56		48	84
greater-leech	Greater Lamprey/Vampire	suffix	slam	28	mid	66	80	41	56	115	of the Vampire	56		48	84
greater-leech	Greater Lamprey/Vampire	suffix	slam	28	late	81		41	84	115	of the Vampire	56		48	84
greater-titan	Greater Titan	suffix	slam	31	early	50	65	43	12	237	of the Giant	59		51	36
greater-titan	Greater Titan	suffix	slam	31	mid	66	80	43	24	237	of the Giant	59		51	36
greater-titan	Greater Titan	suffix	slam	31	late	81		43	36	237	of the Giant	59		51	36
greater-zodiac	Greater Zodiac	suffix	slam	42	early	50	65	64	4	267	of Agility2	75		75	12
greater-zodiac	Greater Zodiac	suffix	slam	42	mid	66	80	64	8	267	of Agility2	75		75	12
greater-zodiac	Greater Zodiac	suffix	slam	42	late	81		64	12	267	of Agility2	75		75	12
greater-zodiac	Greater Zodiac	suffix	slam	42	early	50	65	64	4	270	of Power2	75		75	12
greater-zodiac	Greater Zodiac	suffix	slam	42	mid	66	80	64	8	270	of Power2	75		75	12
greater-zodiac	Greater Zodiac	suffix	slam	42	late	81		64	12	270	of Power2	75		75	12
greater-zodiac	Greater Zodiac	suffix	slam	42	early	50	65	64	4	273	of Endurance2	75		75	12
greater-zodiac	Greater Zodiac	suffix	slam	42	mid	66	80	64	8	273	of Endurance2	75		75	12
greater-zodiac	Greater Zodiac	suffix	slam	42	late	81		64	12	273	of Endurance2	75		75	12
greater-zodiac	Greater Zodiac	suffix	slam	42	early	50	65	64	4	276	of Spirit2	75		75	12
greater-zodiac	Greater Zodiac	suffix	slam	42	mid	66	80	64	8	276	of Spirit2	75		75	12
greater-zodiac	Greater Zodiac	suffix	slam	42	late	81		64	12	276	of Spirit2	75		75	12
greater-paralysis	Greater Paralysis	suffix	slam	64	early	50	65	48	8	386	Paralysis1	62		56	24
greater-paralysis	Greater Paralysis	suffix	slam	64	mid	66	80	48	16	386	Paralysis1	62		56	24
greater-paralysis	Greater Paralysis	suffix	slam	64	late	81		48	24	386	Paralysis1	62		56	24
greater-blindness	Greater Blindness	suffix	slam	65	early	50	65	48	4	389	of Blindness1	61		57	12
greater-blindness	Greater Blindness	suffix	slam	65	mid	66	80	48	8	389	of Blindness1	61		57	12
greater-blindness	Greater Blindness	suffix	slam	65	late	81		48	12	389	of Blindness1	61		57	12
greater-reanimation	Greater Reanimation	suffix	slam	66	early	50	65	40	4	390	of Reanimation1	51		47	12
greater-reanimation	Greater Reanimation	suffix	slam	66	mid	66	80	40	8	390	of Reanimation1	51		47	12
greater-reanimation	Greater Reanimation	suffix	slam	66	late	81		40	12	390	of Reanimation1	51		47	12
greater-four-seasons	Greater Four Seasons	suffix	slam	67	early	50	65	64	8	317	of the Soul2	75		75	24
greater-four-seasons	Greater Four Seasons	suffix	slam	67	mid	66	80	64	16	317	of the Soul2	75		75	24
greater-four-seasons	Greater Four Seasons	suffix	slam	67	late	81		64	24	317	of the Soul2	75		75	24
greater-draining	Greater Draining	suffix	slam	80	early	50	65	17	1	625	of Siphoning	20		20	2
greater-draining	Greater Draining	suffix	slam	80	mid	66	80	17	1	625	of Siphoning	20		20	2
greater-draining	Greater Draining	suffix	slam	80	late	81		17	2	625	of Siphoning	20		20	2
greater-coalescence	Greater Coalescence	suffix	spea	3	early	50	65	68	4	158	of Fire Coalescence1	87		80	12
greater-coalescence	Greater Coalescence	suffix	spea	3	mid	66	80	68	8	158	of Fire Coalescence1	87		80	12
greater-coalescence	Greater Coalescence	suffix	spea	3	late	81		68	12	158	of Fire Coalescence1	87		80	12
greater-coalescence	Greater Coalescence	suffix	spea	3	early	50	65	68	4	171	of Lightning Coalescence1	87		80	12
greater-coalescence	Greater Coalescence	suffix	spea	3	mid	66	80	68	8	171	of Lightning Coalescence1	87		80	12
greater-coalescence	Greater Coalescence	suffix	spea	3	late	81		68	12	171	of Lightning Coalescence1	87		80	12
greater-coalescence	Greater Coalescence	suffix	spea	3	early	50	65	68	4	184	of Chilling Coalescence1	87		80	12
greater-coalescence	Greater Coalescence	suffix	spea	3	mid	66	80	68	8	184	of Chilling Coalescence1	87		80	12
greater-coalescence	Greater Coalescence	suffix	spea	3	late	81		68	12	184	of Chilling Coalescence1	87		80	12
greater-quickness	Greater Quickness	suffix	spea	7	early	50	65	32	20	330	of Quickness	46		38	60
greater-quickness	Greater Quickness	suffix	spea	7	mid	66	80	32	40	330	of Quickness	46		38	60
greater-quickness	Greater Quickness	suffix	spea	7	late	81		32	60	330	of Quickness	46		38	60
greater-jewelry-elemental-suffix	Greater jewelry elemental damage	suffix	spea	10	early	50	65	64	4	53	of Winter	80		75	12
greater-jewelry-elemental-suffix	Greater jewelry elemental damage	suffix	spea	10	mid	66	80	64	8	53	of Winter	80		75	12
greater-jewelry-elemental-suffix	Greater jewelry elemental damage	suffix	spea	10	late	81		64	12	53	of Winter	80		75	12
greater-jewelry-elemental-suffix	Greater jewelry elemental damage	suffix	spea	12	early	50	65	64	4	66	of Incineration	80		75	12
greater-jewelry-elemental-suffix	Greater jewelry elemental damage	suffix	spea	12	mid	66	80	64	8	66	of Incineration	80		75	12
greater-jewelry-elemental-suffix	Greater jewelry elemental damage	suffix	spea	12	late	81		64	12	66	of Incineration	80		75	12
greater-jewelry-elemental-suffix	Greater jewelry elemental damage	suffix	spea	13	early	50	65	58	4	79	of Storms	75		68	12
greater-jewelry-elemental-suffix	Greater jewelry elemental damage	suffix	spea	13	mid	66	80	58	8	79	of Storms	75		68	12
greater-jewelry-elemental-suffix	Greater jewelry elemental damage	suffix	spea	13	late	81		58	12	79	of Storms	75		68	12
greater-jewelry-elemental-suffix	Greater jewelry elemental damage	suffix	spea	16	early	50	65	21	8	90	of Anthrax	33		25	24
greater-jewelry-elemental-suffix	Greater jewelry elemental damage	suffix	spea	16	mid	66	80	21	16	90	of Anthrax	33		25	24
greater-jewelry-elemental-suffix	Greater jewelry elemental damage	suffix	spea	16	late	81		21	24	90	of Anthrax	33		25	24
greater-evisceration	Greater Evisceration	suffix	spea	14	early	50	65	67	29	20	of Evisceration	85		79	88
greater-evisceration	Greater Evisceration	suffix	spea	14	mid	66	80	67	59	20	of Evisceration	85		79	88
greater-evisceration	Greater Evisceration	suffix	spea	14	late	81		67	88	20	of Evisceration	85		79	88
greater-transcendence	Greater Transcendence	suffix	spea	15	early	50	65	71	8	41	of Transcendence	85		83	24
greater-transcendence	Greater Transcendence	suffix	spea	15	mid	66	80	71	16	41	of Transcendence	85		83	24
greater-transcendence	Greater Transcendence	suffix	spea	15	late	81		71	24	41	of Transcendence	85		83	24
greater-regeneration	Greater Regeneration	suffix	spea	19	early	50	65	44	16	308	of Regeneration	70		52	48
greater-regeneration	Greater Regeneration	suffix	spea	19	mid	66	80	44	32	308	of Regeneration	70		52	48
greater-regeneration	Greater Regeneration	suffix	spea	19	late	81		44	48	308	of Regeneration	70		52	48
greater-leech	Greater Lamprey/Vampire	suffix	spea	27	early	50	65	37	28	105	of the Lamprey	55		43	84
greater-leech	Greater Lamprey/Vampire	suffix	spea	27	mid	66	80	37	56	105	of the Lamprey	55		43	84
greater-leech	Greater Lamprey/Vampire	suffix	spea	27	late	81		37	84	105	of the Lamprey	55		43	84
greater-leech	Greater Lamprey/Vampire	suffix	spea	28	early	50	65	41	28	115	of the Vampire	56		48	84
greater-leech	Greater Lamprey/Vampire	suffix	spea	28	mid	66	80	41	56	115	of the Vampire	56		48	84
greater-leech	Greater Lamprey/Vampire	suffix	spea	28	late	81		41	84	115	of the Vampire	56		48	84
greater-titan	Greater Titan	suffix	spea	31	early	50	65	43	12	237	of the Giant	59		51	36
greater-titan	Greater Titan	suffix	spea	31	mid	66	80	43	24	237	of the Giant	59		51	36
greater-titan	Greater Titan	suffix	spea	31	late	81		43	36	237	of the Giant	59		51	36
greater-zodiac	Greater Zodiac	suffix	spea	42	early	50	65	64	4	267	of Agility2	75		75	12
greater-zodiac	Greater Zodiac	suffix	spea	42	mid	66	80	64	8	267	of Agility2	75		75	12
greater-zodiac	Greater Zodiac	suffix	spea	42	late	81		64	12	267	of Agility2	75		75	12
greater-zodiac	Greater Zodiac	suffix	spea	42	early	50	65	64	4	270	of Power2	75		75	12
greater-zodiac	Greater Zodiac	suffix	spea	42	mid	66	80	64	8	270	of Power2	75		75	12
greater-zodiac	Greater Zodiac	suffix	spea	42	late	81		64	12	270	of Power2	75		75	12
greater-zodiac	Greater Zodiac	suffix	spea	42	early	50	65	64	4	273	of Endurance2	75		75	12
greater-zodiac	Greater Zodiac	suffix	spea	42	mid	66	80	64	8	273	of Endurance2	75		75	12
greater-zodiac	Greater Zodiac	suffix	spea	42	late	81		64	12	273	of Endurance2	75		75	12
greater-zodiac	Greater Zodiac	suffix	spea	42	early	50	65	64	4	276	of Spirit2	75		75	12
greater-zodiac	Greater Zodiac	suffix	spea	42	mid	66	80	64	8	276	of Spirit2	75		75	12
greater-zodiac	Greater Zodiac	suffix	spea	42	late	81		64	12	276	of Spirit2	75		75	12
greater-paralysis	Greater Paralysis	suffix	spea	64	early	50	65	48	8	386	Paralysis1	62		56	24
greater-paralysis	Greater Paralysis	suffix	spea	64	mid	66	80	48	16	386	Paralysis1	62		56	24
greater-paralysis	Greater Paralysis	suffix	spea	64	late	81		48	24	386	Paralysis1	62		56	24
greater-blindness	Greater Blindness	suffix	spea	65	early	50	65	48	4	389	of Blindness1	61		57	12
greater-blindness	Greater Blindness	suffix	spea	65	mid	66	80	48	8	389	of Blindness1	61		57	12
greater-blindness	Greater Blindness	suffix	spea	65	late	81		48	12	389	of Blindness1	61		57	12
greater-reanimation	Greater Reanimation	suffix	spea	66	early	50	65	40	4	390	of Reanimation1	51		47	12
greater-reanimation	Greater Reanimation	suffix	spea	66	mid	66	80	40	8	390	of Reanimation1	51		47	12
greater-reanimation	Greater Reanimation	suffix	spea	66	late	81		40	12	390	of Reanimation1	51		47	12
greater-four-seasons	Greater Four Seasons	suffix	spea	67	early	50	65	64	8	317	of the Soul2	75		75	24
greater-four-seasons	Greater Four Seasons	suffix	spea	67	mid	66	80	64	16	317	of the Soul2	75		75	24
greater-four-seasons	Greater Four Seasons	suffix	spea	67	late	81		64	24	317	of the Soul2	75		75	24
greater-draining	Greater Draining	suffix	spea	80	early	50	65	17	1	625	of Siphoning	20		20	2
greater-draining	Greater Draining	suffix	spea	80	mid	66	80	17	1	625	of Siphoning	20		20	2
greater-draining	Greater Draining	suffix	spea	80	late	81		17	2	625	of Siphoning	20		20	2
greater-coalescence	Greater Coalescence	suffix	sppl	3	early	50	65	68	4	158	of Fire Coalescence1	87		80	12
greater-coalescence	Greater Coalescence	suffix	sppl	3	mid	66	80	68	8	158	of Fire Coalescence1	87		80	12
greater-coalescence	Greater Coalescence	suffix	sppl	3	late	81		68	12	158	of Fire Coalescence1	87		80	12
greater-coalescence	Greater Coalescence	suffix	sppl	3	early	50	65	68	4	171	of Lightning Coalescence1	87		80	12
greater-coalescence	Greater Coalescence	suffix	sppl	3	mid	66	80	68	8	171	of Lightning Coalescence1	87		80	12
greater-coalescence	Greater Coalescence	suffix	sppl	3	late	81		68	12	171	of Lightning Coalescence1	87		80	12
greater-coalescence	Greater Coalescence	suffix	sppl	3	early	50	65	68	4	184	of Chilling Coalescence1	87		80	12
greater-coalescence	Greater Coalescence	suffix	sppl	3	mid	66	80	68	8	184	of Chilling Coalescence1	87		80	12
greater-coalescence	Greater Coalescence	suffix	sppl	3	late	81		68	12	184	of Chilling Coalescence1	87		80	12
greater-quickness	Greater Quickness	suffix	sppl	7	early	50	65	32	20	330	of Quickness	46		38	60
greater-quickness	Greater Quickness	suffix	sppl	7	mid	66	80	32	40	330	of Quickness	46		38	60
greater-quickness	Greater Quickness	suffix	sppl	7	late	81		32	60	330	of Quickness	46		38	60
greater-jewelry-elemental-suffix	Greater jewelry elemental damage	suffix	sppl	10	early	50	65	64	4	53	of Winter	80		75	12
greater-jewelry-elemental-suffix	Greater jewelry elemental damage	suffix	sppl	10	mid	66	80	64	8	53	of Winter	80		75	12
greater-jewelry-elemental-suffix	Greater jewelry elemental damage	suffix	sppl	10	late	81		64	12	53	of Winter	80		75	12
greater-jewelry-elemental-suffix	Greater jewelry elemental damage	suffix	sppl	12	early	50	65	64	4	66	of Incineration	80		75	12
greater-jewelry-elemental-suffix	Greater jewelry elemental damage	suffix	sppl	12	mid	66	80	64	8	66	of Incineration	80		75	12
greater-jewelry-elemental-suffix	Greater jewelry elemental damage	suffix	sppl	12	late	81		64	12	66	of Incineration	80		75	12
greater-jewelry-elemental-suffix	Greater jewelry elemental damage	suffix	sppl	13	early	50	65	58	4	79	of Storms	75		68	12
greater-jewelry-elemental-suffix	Greater jewelry elemental damage	suffix	sppl	13	mid	66	80	58	8	79	of Storms	75		68	12
greater-jewelry-elemental-suffix	Greater jewelry elemental damage	suffix	sppl	13	late	81		58	12	79	of Storms	75		68	12
greater-jewelry-elemental-suffix	Greater jewelry elemental damage	suffix	sppl	16	early	50	65	21	8	90	of Anthrax	33		25	24
greater-jewelry-elemental-suffix	Greater jewelry elemental damage	suffix	sppl	16	mid	66	80	21	16	90	of Anthrax	33		25	24
greater-jewelry-elemental-suffix	Greater jewelry elemental damage	suffix	sppl	16	late	81		21	24	90	of Anthrax	33		25	24
greater-evisceration	Greater Evisceration	suffix	sppl	14	early	50	65	67	29	20	of Evisceration	85		79	88
greater-evisceration	Greater Evisceration	suffix	sppl	14	mid	66	80	67	59	20	of Evisceration	85		79	88
greater-evisceration	Greater Evisceration	suffix	sppl	14	late	81		67	88	20	of Evisceration	85		79	88
greater-transcendence	Greater Transcendence	suffix	sppl	15	early	50	65	71	8	41	of Transcendence	85		83	24
greater-transcendence	Greater Transcendence	suffix	sppl	15	mid	66	80	71	16	41	of Transcendence	85		83	24
greater-transcendence	Greater Transcendence	suffix	sppl	15	late	81		71	24	41	of Transcendence	85		83	24
greater-regeneration	Greater Regeneration	suffix	sppl	19	early	50	65	44	16	308	of Regeneration	70		52	48
greater-regeneration	Greater Regeneration	suffix	sppl	19	mid	66	80	44	32	308	of Regeneration	70		52	48
greater-regeneration	Greater Regeneration	suffix	sppl	19	late	81		44	48	308	of Regeneration	70		52	48
greater-leech	Greater Lamprey/Vampire	suffix	sppl	27	early	50	65	37	28	105	of the Lamprey	55		43	84
greater-leech	Greater Lamprey/Vampire	suffix	sppl	27	mid	66	80	37	56	105	of the Lamprey	55		43	84
greater-leech	Greater Lamprey/Vampire	suffix	sppl	27	late	81		37	84	105	of the Lamprey	55		43	84
greater-leech	Greater Lamprey/Vampire	suffix	sppl	28	early	50	65	41	28	115	of the Vampire	56		48	84
greater-leech	Greater Lamprey/Vampire	suffix	sppl	28	mid	66	80	41	56	115	of the Vampire	56		48	84
greater-leech	Greater Lamprey/Vampire	suffix	sppl	28	late	81		41	84	115	of the Vampire	56		48	84
greater-titan	Greater Titan	suffix	sppl	31	early	50	65	43	12	237	of the Giant	59		51	36
greater-titan	Greater Titan	suffix	sppl	31	mid	66	80	43	24	237	of the Giant	59		51	36
greater-titan	Greater Titan	suffix	sppl	31	late	81		43	36	237	of the Giant	59		51	36
greater-zodiac	Greater Zodiac	suffix	sppl	42	early	50	65	64	4	267	of Agility2	75		75	12
greater-zodiac	Greater Zodiac	suffix	sppl	42	mid	66	80	64	8	267	of Agility2	75		75	12
greater-zodiac	Greater Zodiac	suffix	sppl	42	late	81		64	12	267	of Agility2	75		75	12
greater-zodiac	Greater Zodiac	suffix	sppl	42	early	50	65	64	4	270	of Power2	75		75	12
greater-zodiac	Greater Zodiac	suffix	sppl	42	mid	66	80	64	8	270	of Power2	75		75	12
greater-zodiac	Greater Zodiac	suffix	sppl	42	late	81		64	12	270	of Power2	75		75	12
greater-zodiac	Greater Zodiac	suffix	sppl	42	early	50	65	64	4	273	of Endurance2	75		75	12
greater-zodiac	Greater Zodiac	suffix	sppl	42	mid	66	80	64	8	273	of Endurance2	75		75	12
greater-zodiac	Greater Zodiac	suffix	sppl	42	late	81		64	12	273	of Endurance2	75		75	12
greater-zodiac	Greater Zodiac	suffix	sppl	42	early	50	65	64	4	276	of Spirit2	75		75	12
greater-zodiac	Greater Zodiac	suffix	sppl	42	mid	66	80	64	8	276	of Spirit2	75		75	12
greater-zodiac	Greater Zodiac	suffix	sppl	42	late	81		64	12	276	of Spirit2	75		75	12
greater-paralysis	Greater Paralysis	suffix	sppl	64	early	50	65	48	8	386	Paralysis1	62		56	24
greater-paralysis	Greater Paralysis	suffix	sppl	64	mid	66	80	48	16	386	Paralysis1	62		56	24
greater-paralysis	Greater Paralysis	suffix	sppl	64	late	81		48	24	386	Paralysis1	62		56	24
greater-blindness	Greater Blindness	suffix	sppl	65	early	50	65	48	4	389	of Blindness1	61		57	12
greater-blindness	Greater Blindness	suffix	sppl	65	mid	66	80	48	8	389	of Blindness1	61		57	12
greater-blindness	Greater Blindness	suffix	sppl	65	late	81		48	12	389	of Blindness1	61		57	12
greater-reanimation	Greater Reanimation	suffix	sppl	66	early	50	65	40	4	390	of Reanimation1	51		47	12
greater-reanimation	Greater Reanimation	suffix	sppl	66	mid	66	80	40	8	390	of Reanimation1	51		47	12
greater-reanimation	Greater Reanimation	suffix	sppl	66	late	81		40	12	390	of Reanimation1	51		47	12
greater-four-seasons	Greater Four Seasons	suffix	sppl	67	early	50	65	64	8	317	of the Soul2	75		75	24
greater-four-seasons	Greater Four Seasons	suffix	sppl	67	mid	66	80	64	16	317	of the Soul2	75		75	24
greater-four-seasons	Greater Four Seasons	suffix	sppl	67	late	81		64	24	317	of the Soul2	75		75	24
greater-draining	Greater Draining	suffix	sppl	80	early	50	65	17	1	625	of Siphoning	20		20	2
greater-draining	Greater Draining	suffix	sppl	80	mid	66	80	17	1	625	of Siphoning	20		20	2
greater-draining	Greater Draining	suffix	sppl	80	late	81		17	2	625	of Siphoning	20		20	2
greater-coalescence	Greater Coalescence	suffix	staf	3	early	50	65	68	4	158	of Fire Coalescence1	87		80	12
greater-coalescence	Greater Coalescence	suffix	staf	3	mid	66	80	68	8	158	of Fire Coalescence1	87		80	12
greater-coalescence	Greater Coalescence	suffix	staf	3	late	81		68	12	158	of Fire Coalescence1	87		80	12
greater-coalescence	Greater Coalescence	suffix	staf	3	early	50	65	68	4	171	of Lightning Coalescence1	87		80	12
greater-coalescence	Greater Coalescence	suffix	staf	3	mid	66	80	68	8	171	of Lightning Coalescence1	87		80	12
greater-coalescence	Greater Coalescence	suffix	staf	3	late	81		68	12	171	of Lightning Coalescence1	87		80	12
greater-coalescence	Greater Coalescence	suffix	staf	3	early	50	65	68	4	184	of Chilling Coalescence1	87		80	12
greater-coalescence	Greater Coalescence	suffix	staf	3	mid	66	80	68	8	184	of Chilling Coalescence1	87		80	12
greater-coalescence	Greater Coalescence	suffix	staf	3	late	81		68	12	184	of Chilling Coalescence1	87		80	12
greater-quickness	Greater Quickness	suffix	staf	7	early	50	65	14	24	328	of Alacrity	25		17	72
greater-quickness	Greater Quickness	suffix	staf	7	mid	66	80	14	48	328	of Alacrity	25		17	72
greater-quickness	Greater Quickness	suffix	staf	7	late	81		14	72	328	of Alacrity	25		17	72
greater-magus	Greater Magus	suffix	staf	9	early	50	65	18	20	376	of the Magus	29		21	60
greater-magus	Greater Magus	suffix	staf	9	mid	66	80	18	40	376	of the Magus	29		21	60
greater-magus	Greater Magus	suffix	staf	9	late	81		18	60	376	of the Magus	29		21	60
greater-jewelry-elemental-suffix	Greater jewelry elemental damage	suffix	staf	10	early	50	65	64	4	53	of Winter	80		75	12
greater-jewelry-elemental-suffix	Greater jewelry elemental damage	suffix	staf	10	mid	66	80	64	8	53	of Winter	80		75	12
greater-jewelry-elemental-suffix	Greater jewelry elemental damage	suffix	staf	10	late	81		64	12	53	of Winter	80		75	12
greater-jewelry-elemental-suffix	Greater jewelry elemental damage	suffix	staf	12	early	50	65	64	4	66	of Incineration	80		75	12
greater-jewelry-elemental-suffix	Greater jewelry elemental damage	suffix	staf	12	mid	66	80	64	8	66	of Incineration	80		75	12
greater-jewelry-elemental-suffix	Greater jewelry elemental damage	suffix	staf	12	late	81		64	12	66	of Incineration	80		75	12
greater-jewelry-elemental-suffix	Greater jewelry elemental damage	suffix	staf	13	early	50	65	58	4	79	of Storms	75		68	12
greater-jewelry-elemental-suffix	Greater jewelry elemental damage	suffix	staf	13	mid	66	80	58	8	79	of Storms	75		68	12
greater-jewelry-elemental-suffix	Greater jewelry elemental damage	suffix	staf	13	late	81		58	12	79	of Storms	75		68	12
greater-evisceration	Greater Evisceration	suffix	staf	14	early	50	65	31	48	17	of Evisceration	45		37	144
greater-evisceration	Greater Evisceration	suffix	staf	14	mid	66	80	31	96	17	of Evisceration	45		37	144
greater-evisceration	Greater Evisceration	suffix	staf	14	late	81		31	144	17	of Evisceration	45		37	144
greater-transcendence	Greater Transcendence	suffix	staf	15	early	50	65	71	8	41	of Transcendence	85		83	24
greater-transcendence	Greater Transcendence	suffix	staf	15	mid	66	80	71	16	41	of Transcendence	85		83	24
greater-transcendence	Greater Transcendence	suffix	staf	15	late	81		71	24	41	of Transcendence	85		83	24
greater-regeneration	Greater Regeneration	suffix	staf	19	early	50	65	44	16	308	of Regeneration	70		52	48
greater-regeneration	Greater Regeneration	suffix	staf	19	mid	66	80	44	32	308	of Regeneration	70		52	48
greater-regeneration	Greater Regeneration	suffix	staf	19	late	81		44	48	308	of Regeneration	70		52	48
greater-enlightenment	Greater Enlightenment	suffix	staf	23	early	50	65	28	12	248	of Enlightenment	41		33	36
greater-enlightenment	Greater Enlightenment	suffix	staf	23	mid	66	80	28	24	248	of Enlightenment	41		33	36
greater-enlightenment	Greater Enlightenment	suffix	staf	23	late	81		28	36	248	of Enlightenment	41		33	36
greater-leech	Greater Lamprey/Vampire	suffix	staf	27	early	50	65	37	28	105	of the Lamprey	55		43	84
greater-leech	Greater Lamprey/Vampire	suffix	staf	27	mid	66	80	37	56	105	of the Lamprey	55		43	84
greater-leech	Greater Lamprey/Vampire	suffix	staf	27	late	81		37	84	105	of the Lamprey	55		43	84
greater-leech	Greater Lamprey/Vampire	suffix	staf	28	early	50	65	41	28	115	of the Vampire	56		48	84
greater-leech	Greater Lamprey/Vampire	suffix	staf	28	mid	66	80	41	56	115	of the Vampire	56		48	84
greater-leech	Greater Lamprey/Vampire	suffix	staf	28	late	81		41	84	115	of the Vampire	56		48	84
greater-zodiac	Greater Zodiac	suffix	staf	42	early	50	65	71	4	280	of the Zodiac	86		83	12
greater-zodiac	Greater Zodiac	suffix	staf	42	mid	66	80	71	8	280	of the Zodiac	86		83	12
greater-zodiac	Greater Zodiac	suffix	staf	42	late	81		71	12	280	of the Zodiac	86		83	12
greater-paralysis	Greater Paralysis	suffix	staf	64	early	50	65	48	8	386	Paralysis1	62		56	24
greater-paralysis	Greater Paralysis	suffix	staf	64	mid	66	80	48	16	386	Paralysis1	62		56	24
greater-paralysis	Greater Paralysis	suffix	staf	64	late	81		48	24	386	Paralysis1	62		56	24
greater-blindness	Greater Blindness	suffix	staf	65	early	50	65	48	4	389	of Blindness1	61		57	12
greater-blindness	Greater Blindness	suffix	staf	65	mid	66	80	48	8	389	of Blindness1	61		57	12
greater-blindness	Greater Blindness	suffix	staf	65	late	81		48	12	389	of Blindness1	61		57	12
greater-reanimation	Greater Reanimation	suffix	staf	66	early	50	65	40	4	390	of Reanimation1	51		47	12
greater-reanimation	Greater Reanimation	suffix	staf	66	mid	66	80	40	8	390	of Reanimation1	51		47	12
greater-reanimation	Greater Reanimation	suffix	staf	66	late	81		40	12	390	of Reanimation1	51		47	12
greater-four-seasons	Greater Four Seasons	suffix	staf	67	early	50	65	64	8	317	of the Soul2	75		75	24
greater-four-seasons	Greater Four Seasons	suffix	staf	67	mid	66	80	64	16	317	of the Soul2	75		75	24
greater-four-seasons	Greater Four Seasons	suffix	staf	67	late	81		64	24	317	of the Soul2	75		75	24
greater-draining	Greater Draining	suffix	staf	80	early	50	65	17	1	625	of Siphoning	20		20	2
greater-draining	Greater Draining	suffix	staf	80	mid	66	80	17	1	625	of Siphoning	20		20	2
greater-draining	Greater Draining	suffix	staf	80	late	81		17	2	625	of Siphoning	20		20	2
greater-coalescence	Greater Coalescence	suffix	swor	3	early	50	65	68	4	158	of Fire Coalescence1	87		80	12
greater-coalescence	Greater Coalescence	suffix	swor	3	mid	66	80	68	8	158	of Fire Coalescence1	87		80	12
greater-coalescence	Greater Coalescence	suffix	swor	3	late	81		68	12	158	of Fire Coalescence1	87		80	12
greater-coalescence	Greater Coalescence	suffix	swor	3	early	50	65	68	4	171	of Lightning Coalescence1	87		80	12
greater-coalescence	Greater Coalescence	suffix	swor	3	mid	66	80	68	8	171	of Lightning Coalescence1	87		80	12
greater-coalescence	Greater Coalescence	suffix	swor	3	late	81		68	12	171	of Lightning Coalescence1	87		80	12
greater-coalescence	Greater Coalescence	suffix	swor	3	early	50	65	68	4	184	of Chilling Coalescence1	87		80	12
greater-coalescence	Greater Coalescence	suffix	swor	3	mid	66	80	68	8	184	of Chilling Coalescence1	87		80	12
greater-coalescence	Greater Coalescence	suffix	swor	3	late	81		68	12	184	of Chilling Coalescence1	87		80	12
greater-quickness	Greater Quickness	suffix	swor	7	early	50	65	32	20	330	of Quickness	46		38	60
greater-quickness	Greater Quickness	suffix	swor	7	mid	66	80	32	40	330	of Quickness	46		38	60
greater-quickness	Greater Quickness	suffix	swor	7	late	81		32	60	330	of Quickness	46		38	60
greater-jewelry-elemental-suffix	Greater jewelry elemental damage	suffix	swor	10	early	50	65	64	4	53	of Winter	80		75	12
greater-jewelry-elemental-suffix	Greater jewelry elemental damage	suffix	swor	10	mid	66	80	64	8	53	of Winter	80		75	12
greater-jewelry-elemental-suffix	Greater jewelry elemental damage	suffix	swor	10	late	81		64	12	53	of Winter	80		75	12
greater-jewelry-elemental-suffix	Greater jewelry elemental damage	suffix	swor	12	early	50	65	64	4	66	of Incineration	80		75	12
greater-jewelry-elemental-suffix	Greater jewelry elemental damage	suffix	swor	12	mid	66	80	64	8	66	of Incineration	80		75	12
greater-jewelry-elemental-suffix	Greater jewelry elemental damage	suffix	swor	12	late	81		64	12	66	of Incineration	80		75	12
greater-jewelry-elemental-suffix	Greater jewelry elemental damage	suffix	swor	13	early	50	65	58	4	79	of Storms	75		68	12
greater-jewelry-elemental-suffix	Greater jewelry elemental damage	suffix	swor	13	mid	66	80	58	8	79	of Storms	75		68	12
greater-jewelry-elemental-suffix	Greater jewelry elemental damage	suffix	swor	13	late	81		58	12	79	of Storms	75		68	12
greater-jewelry-elemental-suffix	Greater jewelry elemental damage	suffix	swor	16	early	50	65	21	8	90	of Anthrax	33		25	24
greater-jewelry-elemental-suffix	Greater jewelry elemental damage	suffix	swor	16	mid	66	80	21	16	90	of Anthrax	33		25	24
greater-jewelry-elemental-suffix	Greater jewelry elemental damage	suffix	swor	16	late	81		21	24	90	of Anthrax	33		25	24
greater-evisceration	Greater Evisceration	suffix	swor	14	early	50	65	67	29	20	of Evisceration	85		79	88
greater-evisceration	Greater Evisceration	suffix	swor	14	mid	66	80	67	59	20	of Evisceration	85		79	88
greater-evisceration	Greater Evisceration	suffix	swor	14	late	81		67	88	20	of Evisceration	85		79	88
greater-transcendence	Greater Transcendence	suffix	swor	15	early	50	65	71	8	41	of Transcendence	85		83	24
greater-transcendence	Greater Transcendence	suffix	swor	15	mid	66	80	71	16	41	of Transcendence	85		83	24
greater-transcendence	Greater Transcendence	suffix	swor	15	late	81		71	24	41	of Transcendence	85		83	24
greater-regeneration	Greater Regeneration	suffix	swor	19	early	50	65	44	16	308	of Regeneration	70		52	48
greater-regeneration	Greater Regeneration	suffix	swor	19	mid	66	80	44	32	308	of Regeneration	70		52	48
greater-regeneration	Greater Regeneration	suffix	swor	19	late	81		44	48	308	of Regeneration	70		52	48
greater-leech	Greater Lamprey/Vampire	suffix	swor	27	early	50	65	37	28	105	of the Lamprey	55		43	84
greater-leech	Greater Lamprey/Vampire	suffix	swor	27	mid	66	80	37	56	105	of the Lamprey	55		43	84
greater-leech	Greater Lamprey/Vampire	suffix	swor	27	late	81		37	84	105	of the Lamprey	55		43	84
greater-leech	Greater Lamprey/Vampire	suffix	swor	28	early	50	65	41	28	115	of the Vampire	56		48	84
greater-leech	Greater Lamprey/Vampire	suffix	swor	28	mid	66	80	41	56	115	of the Vampire	56		48	84
greater-leech	Greater Lamprey/Vampire	suffix	swor	28	late	81		41	84	115	of the Vampire	56		48	84
greater-titan	Greater Titan	suffix	swor	31	early	50	65	43	12	237	of the Giant	59		51	36
greater-titan	Greater Titan	suffix	swor	31	mid	66	80	43	24	237	of the Giant	59		51	36
greater-titan	Greater Titan	suffix	swor	31	late	81		43	36	237	of the Giant	59		51	36
greater-zodiac	Greater Zodiac	suffix	swor	42	early	50	65	64	4	267	of Agility2	75		75	12
greater-zodiac	Greater Zodiac	suffix	swor	42	mid	66	80	64	8	267	of Agility2	75		75	12
greater-zodiac	Greater Zodiac	suffix	swor	42	late	81		64	12	267	of Agility2	75		75	12
greater-zodiac	Greater Zodiac	suffix	swor	42	early	50	65	64	4	270	of Power2	75		75	12
greater-zodiac	Greater Zodiac	suffix	swor	42	mid	66	80	64	8	270	of Power2	75		75	12
greater-zodiac	Greater Zodiac	suffix	swor	42	late	81		64	12	270	of Power2	75		75	12
greater-zodiac	Greater Zodiac	suffix	swor	42	early	50	65	64	4	273	of Endurance2	75		75	12
greater-zodiac	Greater Zodiac	suffix	swor	42	mid	66	80	64	8	273	of Endurance2	75		75	12
greater-zodiac	Greater Zodiac	suffix	swor	42	late	81		64	12	273	of Endurance2	75		75	12
greater-zodiac	Greater Zodiac	suffix	swor	42	early	50	65	64	4	276	of Spirit2	75		75	12
greater-zodiac	Greater Zodiac	suffix	swor	42	mid	66	80	64	8	276	of Spirit2	75		75	12
greater-zodiac	Greater Zodiac	suffix	swor	42	late	81		64	12	276	of Spirit2	75		75	12
greater-paralysis	Greater Paralysis	suffix	swor	64	early	50	65	48	8	386	Paralysis1	62		56	24
greater-paralysis	Greater Paralysis	suffix	swor	64	mid	66	80	48	16	386	Paralysis1	62		56	24
greater-paralysis	Greater Paralysis	suffix	swor	64	late	81		48	24	386	Paralysis1	62		56	24
greater-blindness	Greater Blindness	suffix	swor	65	early	50	65	48	4	389	of Blindness1	61		57	12
greater-blindness	Greater Blindness	suffix	swor	65	mid	66	80	48	8	389	of Blindness1	61		57	12
greater-blindness	Greater Blindness	suffix	swor	65	late	81		48	12	389	of Blindness1	61		57	12
greater-reanimation	Greater Reanimation	suffix	swor	66	early	50	65	40	4	390	of Reanimation1	51		47	12
greater-reanimation	Greater Reanimation	suffix	swor	66	mid	66	80	40	8	390	of Reanimation1	51		47	12
greater-reanimation	Greater Reanimation	suffix	swor	66	late	81		40	12	390	of Reanimation1	51		47	12
greater-four-seasons	Greater Four Seasons	suffix	swor	67	early	50	65	64	8	317	of the Soul2	75		75	24
greater-four-seasons	Greater Four Seasons	suffix	swor	67	mid	66	80	64	16	317	of the Soul2	75		75	24
greater-four-seasons	Greater Four Seasons	suffix	swor	67	late	81		64	24	317	of the Soul2	75		75	24
greater-draining	Greater Draining	suffix	swor	80	early	50	65	17	1	625	of Siphoning	20		20	2
greater-draining	Greater Draining	suffix	swor	80	mid	66	80	17	1	625	of Siphoning	20		20	2
greater-draining	Greater Draining	suffix	swor	80	late	81		17	2	625	of Siphoning	20		20	2
greater-coalescence	Greater Coalescence	suffix	taxe	3	early	50	65	68	4	158	of Fire Coalescence1	87		80	12
greater-coalescence	Greater Coalescence	suffix	taxe	3	mid	66	80	68	8	158	of Fire Coalescence1	87		80	12
greater-coalescence	Greater Coalescence	suffix	taxe	3	late	81		68	12	158	of Fire Coalescence1	87		80	12
greater-coalescence	Greater Coalescence	suffix	taxe	3	early	50	65	68	4	171	of Lightning Coalescence1	87		80	12
greater-coalescence	Greater Coalescence	suffix	taxe	3	mid	66	80	68	8	171	of Lightning Coalescence1	87		80	12
greater-coalescence	Greater Coalescence	suffix	taxe	3	late	81		68	12	171	of Lightning Coalescence1	87		80	12
greater-coalescence	Greater Coalescence	suffix	taxe	3	early	50	65	68	4	184	of Chilling Coalescence1	87		80	12
greater-coalescence	Greater Coalescence	suffix	taxe	3	mid	66	80	68	8	184	of Chilling Coalescence1	87		80	12
greater-coalescence	Greater Coalescence	suffix	taxe	3	late	81		68	12	184	of Chilling Coalescence1	87		80	12
greater-quickness	Greater Quickness	suffix	taxe	7	early	50	65	32	20	330	of Quickness	46		38	60
greater-quickness	Greater Quickness	suffix	taxe	7	mid	66	80	32	40	330	of Quickness	46		38	60
greater-quickness	Greater Quickness	suffix	taxe	7	late	81		32	60	330	of Quickness	46		38	60
greater-jewelry-elemental-suffix	Greater jewelry elemental damage	suffix	taxe	10	early	50	65	64	4	53	of Winter	80		75	12
greater-jewelry-elemental-suffix	Greater jewelry elemental damage	suffix	taxe	10	mid	66	80	64	8	53	of Winter	80		75	12
greater-jewelry-elemental-suffix	Greater jewelry elemental damage	suffix	taxe	10	late	81		64	12	53	of Winter	80		75	12
greater-jewelry-elemental-suffix	Greater jewelry elemental damage	suffix	taxe	12	early	50	65	64	4	66	of Incineration	80		75	12
greater-jewelry-elemental-suffix	Greater jewelry elemental damage	suffix	taxe	12	mid	66	80	64	8	66	of Incineration	80		75	12
greater-jewelry-elemental-suffix	Greater jewelry elemental damage	suffix	taxe	12	late	81		64	12	66	of Incineration	80		75	12
greater-jewelry-elemental-suffix	Greater jewelry elemental damage	suffix	taxe	13	early	50	65	58	4	79	of Storms	75		68	12
greater-jewelry-elemental-suffix	Greater jewelry elemental damage	suffix	taxe	13	mid	66	80	58	8	79	of Storms	75		68	12
greater-jewelry-elemental-suffix	Greater jewelry elemental damage	suffix	taxe	13	late	81		58	12	79	of Storms	75		68	12
greater-jewelry-elemental-suffix	Greater jewelry elemental damage	suffix	taxe	16	early	50	65	21	8	90	of Anthrax	33		25	24
greater-jewelry-elemental-suffix	Greater jewelry elemental damage	suffix	taxe	16	mid	66	80	21	16	90	of Anthrax	33		25	24
greater-jewelry-elemental-suffix	Greater jewelry elemental damage	suffix	taxe	16	late	81		21	24	90	of Anthrax	33		25	24
greater-evisceration	Greater Evisceration	suffix	taxe	14	early	50	65	67	29	20	of Evisceration	85		79	88
greater-evisceration	Greater Evisceration	suffix	taxe	14	mid	66	80	67	59	20	of Evisceration	85		79	88
greater-evisceration	Greater Evisceration	suffix	taxe	14	late	81		67	88	20	of Evisceration	85		79	88
greater-transcendence	Greater Transcendence	suffix	taxe	15	early	50	65	71	8	41	of Transcendence	85		83	24
greater-transcendence	Greater Transcendence	suffix	taxe	15	mid	66	80	71	16	41	of Transcendence	85		83	24
greater-transcendence	Greater Transcendence	suffix	taxe	15	late	81		71	24	41	of Transcendence	85		83	24
greater-regeneration	Greater Regeneration	suffix	taxe	19	early	50	65	44	16	308	of Regeneration	70		52	48
greater-regeneration	Greater Regeneration	suffix	taxe	19	mid	66	80	44	32	308	of Regeneration	70		52	48
greater-regeneration	Greater Regeneration	suffix	taxe	19	late	81		44	48	308	of Regeneration	70		52	48
greater-leech	Greater Lamprey/Vampire	suffix	taxe	27	early	50	65	37	28	105	of the Lamprey	55		43	84
greater-leech	Greater Lamprey/Vampire	suffix	taxe	27	mid	66	80	37	56	105	of the Lamprey	55		43	84
greater-leech	Greater Lamprey/Vampire	suffix	taxe	27	late	81		37	84	105	of the Lamprey	55		43	84
greater-leech	Greater Lamprey/Vampire	suffix	taxe	28	early	50	65	41	28	115	of the Vampire	56		48	84
greater-leech	Greater Lamprey/Vampire	suffix	taxe	28	mid	66	80	41	56	115	of the Vampire	56		48	84
greater-leech	Greater Lamprey/Vampire	suffix	taxe	28	late	81		41	84	115	of the Vampire	56		48	84
greater-titan	Greater Titan	suffix	taxe	31	early	50	65	43	12	237	of the Giant	59		51	36
greater-titan	Greater Titan	suffix	taxe	31	mid	66	80	43	24	237	of the Giant	59		51	36
greater-titan	Greater Titan	suffix	taxe	31	late	81		43	36	237	of the Giant	59		51	36
greater-zodiac	Greater Zodiac	suffix	taxe	42	early	50	65	64	4	267	of Agility2	75		75	12
greater-zodiac	Greater Zodiac	suffix	taxe	42	mid	66	80	64	8	267	of Agility2	75		75	12
greater-zodiac	Greater Zodiac	suffix	taxe	42	late	81		64	12	267	of Agility2	75		75	12
greater-zodiac	Greater Zodiac	suffix	taxe	42	early	50	65	64	4	270	of Power2	75		75	12
greater-zodiac	Greater Zodiac	suffix	taxe	42	mid	66	80	64	8	270	of Power2	75		75	12
greater-zodiac	Greater Zodiac	suffix	taxe	42	late	81		64	12	270	of Power2	75		75	12
greater-zodiac	Greater Zodiac	suffix	taxe	42	early	50	65	64	4	273	of Endurance2	75		75	12
greater-zodiac	Greater Zodiac	suffix	taxe	42	mid	66	80	64	8	273	of Endurance2	75		75	12
greater-zodiac	Greater Zodiac	suffix	taxe	42	late	81		64	12	273	of Endurance2	75		75	12
greater-zodiac	Greater Zodiac	suffix	taxe	42	early	50	65	64	4	276	of Spirit2	75		75	12
greater-zodiac	Greater Zodiac	suffix	taxe	42	mid	66	80	64	8	276	of Spirit2	75		75	12
greater-zodiac	Greater Zodiac	suffix	taxe	42	late	81		64	12	276	of Spirit2	75		75	12
greater-paralysis	Greater Paralysis	suffix	taxe	64	early	50	65	48	8	386	Paralysis1	62		56	24
greater-paralysis	Greater Paralysis	suffix	taxe	64	mid	66	80	48	16	386	Paralysis1	62		56	24
greater-paralysis	Greater Paralysis	suffix	taxe	64	late	81		48	24	386	Paralysis1	62		56	24
greater-blindness	Greater Blindness	suffix	taxe	65	early	50	65	48	4	389	of Blindness1	61		57	12
greater-blindness	Greater Blindness	suffix	taxe	65	mid	66	80	48	8	389	of Blindness1	61		57	12
greater-blindness	Greater Blindness	suffix	taxe	65	late	81		48	12	389	of Blindness1	61		57	12
greater-reanimation	Greater Reanimation	suffix	taxe	66	early	50	65	40	4	390	of Reanimation1	51		47	12
greater-reanimation	Greater Reanimation	suffix	taxe	66	mid	66	80	40	8	390	of Reanimation1	51		47	12
greater-reanimation	Greater Reanimation	suffix	taxe	66	late	81		40	12	390	of Reanimation1	51		47	12
greater-four-seasons	Greater Four Seasons	suffix	taxe	67	early	50	65	64	8	317	of the Soul2	75		75	24
greater-four-seasons	Greater Four Seasons	suffix	taxe	67	mid	66	80	64	16	317	of the Soul2	75		75	24
greater-four-seasons	Greater Four Seasons	suffix	taxe	67	late	81		64	24	317	of the Soul2	75		75	24
greater-draining	Greater Draining	suffix	taxe	80	early	50	65	17	1	625	of Siphoning	20		20	2
greater-draining	Greater Draining	suffix	taxe	80	mid	66	80	17	1	625	of Siphoning	20		20	2
greater-draining	Greater Draining	suffix	taxe	80	late	81		17	2	625	of Siphoning	20		20	2
greater-coalescence	Greater Coalescence	suffix	thro	3	early	50	65	68	4	158	of Fire Coalescence1	87		80	12
greater-coalescence	Greater Coalescence	suffix	thro	3	mid	66	80	68	8	158	of Fire Coalescence1	87		80	12
greater-coalescence	Greater Coalescence	suffix	thro	3	late	81		68	12	158	of Fire Coalescence1	87		80	12
greater-coalescence	Greater Coalescence	suffix	thro	3	early	50	65	68	4	171	of Lightning Coalescence1	87		80	12
greater-coalescence	Greater Coalescence	suffix	thro	3	mid	66	80	68	8	171	of Lightning Coalescence1	87		80	12
greater-coalescence	Greater Coalescence	suffix	thro	3	late	81		68	12	171	of Lightning Coalescence1	87		80	12
greater-coalescence	Greater Coalescence	suffix	thro	3	early	50	65	68	4	184	of Chilling Coalescence1	87		80	12
greater-coalescence	Greater Coalescence	suffix	thro	3	mid	66	80	68	8	184	of Chilling Coalescence1	87		80	12
greater-coalescence	Greater Coalescence	suffix	thro	3	late	81		68	12	184	of Chilling Coalescence1	87		80	12
greater-quickness	Greater Quickness	suffix	thro	7	early	50	65	14	24	328	of Alacrity	25		17	72
greater-quickness	Greater Quickness	suffix	thro	7	mid	66	80	14	48	328	of Alacrity	25		17	72
greater-quickness	Greater Quickness	suffix	thro	7	late	81		14	72	328	of Alacrity	25		17	72
greater-jewelry-elemental-suffix	Greater jewelry elemental damage	suffix	thro	10	early	50	65	64	4	53	of Winter	80		75	12
greater-jewelry-elemental-suffix	Greater jewelry elemental damage	suffix	thro	10	mid	66	80	64	8	53	of Winter	80		75	12
greater-jewelry-elemental-suffix	Greater jewelry elemental damage	suffix	thro	10	late	81		64	12	53	of Winter	80		75	12
greater-jewelry-elemental-suffix	Greater jewelry elemental damage	suffix	thro	12	early	50	65	64	4	66	of Incineration	80		75	12
greater-jewelry-elemental-suffix	Greater jewelry elemental damage	suffix	thro	12	mid	66	80	64	8	66	of Incineration	80		75	12
greater-jewelry-elemental-suffix	Greater jewelry elemental damage	suffix	thro	12	late	81		64	12	66	of Incineration	80		75	12
greater-jewelry-elemental-suffix	Greater jewelry elemental damage	suffix	thro	13	early	50	65	58	4	79	of Storms	75		68	12
greater-jewelry-elemental-suffix	Greater jewelry elemental damage	suffix	thro	13	mid	66	80	58	8	79	of Storms	75		68	12
greater-jewelry-elemental-suffix	Greater jewelry elemental damage	suffix	thro	13	late	81		58	12	79	of Storms	75		68	12
greater-jewelry-elemental-suffix	Greater jewelry elemental damage	suffix	thro	16	early	50	65	21	8	90	of Anthrax	33		25	24
greater-jewelry-elemental-suffix	Greater jewelry elemental damage	suffix	thro	16	mid	66	80	21	16	90	of Anthrax	33		25	24
greater-jewelry-elemental-suffix	Greater jewelry elemental damage	suffix	thro	16	late	81		21	24	90	of Anthrax	33		25	24
greater-evisceration	Greater Evisceration	suffix	thro	14	early	50	65	67	29	20	of Evisceration	85		79	88
greater-evisceration	Greater Evisceration	suffix	thro	14	mid	66	80	67	59	20	of Evisceration	85		79	88
greater-evisceration	Greater Evisceration	suffix	thro	14	late	81		67	88	20	of Evisceration	85		79	88
greater-transcendence	Greater Transcendence	suffix	thro	15	early	50	65	71	8	41	of Transcendence	85		83	24
greater-transcendence	Greater Transcendence	suffix	thro	15	mid	66	80	71	16	41	of Transcendence	85		83	24
greater-transcendence	Greater Transcendence	suffix	thro	15	late	81		71	24	41	of Transcendence	85		83	24
greater-regeneration	Greater Regeneration	suffix	thro	19	early	50	65	44	16	308	of Regeneration	70		52	48
greater-regeneration	Greater Regeneration	suffix	thro	19	mid	66	80	44	32	308	of Regeneration	70		52	48
greater-regeneration	Greater Regeneration	suffix	thro	19	late	81		44	48	308	of Regeneration	70		52	48
greater-leech	Greater Lamprey/Vampire	suffix	thro	27	early	50	65	13	28	104	of the Locust	20		15	84
greater-leech	Greater Lamprey/Vampire	suffix	thro	27	mid	66	80	13	56	104	of the Locust	20		15	84
greater-leech	Greater Lamprey/Vampire	suffix	thro	27	late	81		13	84	104	of the Locust	20		15	84
greater-leech	Greater Lamprey/Vampire	suffix	thro	28	early	50	65	14	28	114	of the Wraith	21		16	84
greater-leech	Greater Lamprey/Vampire	suffix	thro	28	mid	66	80	14	56	114	of the Wraith	21		16	84
greater-leech	Greater Lamprey/Vampire	suffix	thro	28	late	81		14	84	114	of the Wraith	21		16	84
greater-zodiac	Greater Zodiac	suffix	thro	42	early	50	65	64	4	267	of Agility2	75		75	12
greater-zodiac	Greater Zodiac	suffix	thro	42	mid	66	80	64	8	267	of Agility2	75		75	12
greater-zodiac	Greater Zodiac	suffix	thro	42	late	81		64	12	267	of Agility2	75		75	12
greater-zodiac	Greater Zodiac	suffix	thro	42	early	50	65	64	4	270	of Power2	75		75	12
greater-zodiac	Greater Zodiac	suffix	thro	42	mid	66	80	64	8	270	of Power2	75		75	12
greater-zodiac	Greater Zodiac	suffix	thro	42	late	81		64	12	270	of Power2	75		75	12
greater-zodiac	Greater Zodiac	suffix	thro	42	early	50	65	64	4	273	of Endurance2	75		75	12
greater-zodiac	Greater Zodiac	suffix	thro	42	mid	66	80	64	8	273	of Endurance2	75		75	12
greater-zodiac	Greater Zodiac	suffix	thro	42	late	81		64	12	273	of Endurance2	75		75	12
greater-zodiac	Greater Zodiac	suffix	thro	42	early	50	65	64	4	276	of Spirit2	75		75	12
greater-zodiac	Greater Zodiac	suffix	thro	42	mid	66	80	64	8	276	of Spirit2	75		75	12
greater-zodiac	Greater Zodiac	suffix	thro	42	late	81		64	12	276	of Spirit2	75		75	12
greater-paralysis	Greater Paralysis	suffix	thro	64	early	50	65	48	8	386	Paralysis1	62		56	24
greater-paralysis	Greater Paralysis	suffix	thro	64	mid	66	80	48	16	386	Paralysis1	62		56	24
greater-paralysis	Greater Paralysis	suffix	thro	64	late	81		48	24	386	Paralysis1	62		56	24
greater-blindness	Greater Blindness	suffix	thro	65	early	50	65	48	4	389	of Blindness1	61		57	12
greater-blindness	Greater Blindness	suffix	thro	65	mid	66	80	48	8	389	of Blindness1	61		57	12
greater-blindness	Greater Blindness	suffix	thro	65	late	81		48	12	389	of Blindness1	61		57	12
greater-reanimation	Greater Reanimation	suffix	thro	66	early	50	65	40	4	390	of Reanimation1	51		47	12
greater-reanimation	Greater Reanimation	suffix	thro	66	mid	66	80	40	8	390	of Reanimation1	51		47	12
greater-reanimation	Greater Reanimation	suffix	thro	66	late	81		40	12	390	of Reanimation1	51		47	12
greater-four-seasons	Greater Four Seasons	suffix	thro	67	early	50	65	64	8	317	of the Soul2	75		75	24
greater-four-seasons	Greater Four Seasons	suffix	thro	67	mid	66	80	64	16	317	of the Soul2	75		75	24
greater-four-seasons	Greater Four Seasons	suffix	thro	67	late	81		64	24	317	of the Soul2	75		75	24
greater-coalescence	Greater Coalescence	suffix	tkni	3	early	50	65	68	4	158	of Fire Coalescence1	87		80	12
greater-coalescence	Greater Coalescence	suffix	tkni	3	mid	66	80	68	8	158	of Fire Coalescence1	87		80	12
greater-coalescence	Greater Coalescence	suffix	tkni	3	late	81		68	12	158	of Fire Coalescence1	87		80	12
greater-coalescence	Greater Coalescence	suffix	tkni	3	early	50	65	68	4	171	of Lightning Coalescence1	87		80	12
greater-coalescence	Greater Coalescence	suffix	tkni	3	mid	66	80	68	8	171	of Lightning Coalescence1	87		80	12
greater-coalescence	Greater Coalescence	suffix	tkni	3	late	81		68	12	171	of Lightning Coalescence1	87		80	12
greater-coalescence	Greater Coalescence	suffix	tkni	3	early	50	65	68	4	184	of Chilling Coalescence1	87		80	12
greater-coalescence	Greater Coalescence	suffix	tkni	3	mid	66	80	68	8	184	of Chilling Coalescence1	87		80	12
greater-coalescence	Greater Coalescence	suffix	tkni	3	late	81		68	12	184	of Chilling Coalescence1	87		80	12
greater-quickness	Greater Quickness	suffix	tkni	7	early	50	65	32	20	330	of Quickness	46		38	60
greater-quickness	Greater Quickness	suffix	tkni	7	mid	66	80	32	40	330	of Quickness	46		38	60
greater-quickness	Greater Quickness	suffix	tkni	7	late	81		32	60	330	of Quickness	46		38	60
greater-jewelry-elemental-suffix	Greater jewelry elemental damage	suffix	tkni	10	early	50	65	64	4	53	of Winter	80		75	12
greater-jewelry-elemental-suffix	Greater jewelry elemental damage	suffix	tkni	10	mid	66	80	64	8	53	of Winter	80		75	12
greater-jewelry-elemental-suffix	Greater jewelry elemental damage	suffix	tkni	10	late	81		64	12	53	of Winter	80		75	12
greater-jewelry-elemental-suffix	Greater jewelry elemental damage	suffix	tkni	12	early	50	65	64	4	66	of Incineration	80		75	12
greater-jewelry-elemental-suffix	Greater jewelry elemental damage	suffix	tkni	12	mid	66	80	64	8	66	of Incineration	80		75	12
greater-jewelry-elemental-suffix	Greater jewelry elemental damage	suffix	tkni	12	late	81		64	12	66	of Incineration	80		75	12
greater-jewelry-elemental-suffix	Greater jewelry elemental damage	suffix	tkni	13	early	50	65	58	4	79	of Storms	75		68	12
greater-jewelry-elemental-suffix	Greater jewelry elemental damage	suffix	tkni	13	mid	66	80	58	8	79	of Storms	75		68	12
greater-jewelry-elemental-suffix	Greater jewelry elemental damage	suffix	tkni	13	late	81		58	12	79	of Storms	75		68	12
greater-jewelry-elemental-suffix	Greater jewelry elemental damage	suffix	tkni	16	early	50	65	21	8	90	of Anthrax	33		25	24
greater-jewelry-elemental-suffix	Greater jewelry elemental damage	suffix	tkni	16	mid	66	80	21	16	90	of Anthrax	33		25	24
greater-jewelry-elemental-suffix	Greater jewelry elemental damage	suffix	tkni	16	late	81		21	24	90	of Anthrax	33		25	24
greater-evisceration	Greater Evisceration	suffix	tkni	14	early	50	65	67	29	20	of Evisceration	85		79	88
greater-evisceration	Greater Evisceration	suffix	tkni	14	mid	66	80	67	59	20	of Evisceration	85		79	88
greater-evisceration	Greater Evisceration	suffix	tkni	14	late	81		67	88	20	of Evisceration	85		79	88
greater-transcendence	Greater Transcendence	suffix	tkni	15	early	50	65	71	8	41	of Transcendence	85		83	24
greater-transcendence	Greater Transcendence	suffix	tkni	15	mid	66	80	71	16	41	of Transcendence	85		83	24
greater-transcendence	Greater Transcendence	suffix	tkni	15	late	81		71	24	41	of Transcendence	85		83	24
greater-regeneration	Greater Regeneration	suffix	tkni	19	early	50	65	44	16	308	of Regeneration	70		52	48
greater-regeneration	Greater Regeneration	suffix	tkni	19	mid	66	80	44	32	308	of Regeneration	70		52	48
greater-regeneration	Greater Regeneration	suffix	tkni	19	late	81		44	48	308	of Regeneration	70		52	48
greater-leech	Greater Lamprey/Vampire	suffix	tkni	27	early	50	65	37	28	105	of the Lamprey	55		43	84
greater-leech	Greater Lamprey/Vampire	suffix	tkni	27	mid	66	80	37	56	105	of the Lamprey	55		43	84
greater-leech	Greater Lamprey/Vampire	suffix	tkni	27	late	81		37	84	105	of the Lamprey	55		43	84
greater-leech	Greater Lamprey/Vampire	suffix	tkni	28	early	50	65	41	28	115	of the Vampire	56		48	84
greater-leech	Greater Lamprey/Vampire	suffix	tkni	28	mid	66	80	41	56	115	of the Vampire	56		48	84
greater-leech	Greater Lamprey/Vampire	suffix	tkni	28	late	81		41	84	115	of the Vampire	56		48	84
greater-titan	Greater Titan	suffix	tkni	31	early	50	65	43	12	237	of the Giant	59		51	36
greater-titan	Greater Titan	suffix	tkni	31	mid	66	80	43	24	237	of the Giant	59		51	36
greater-titan	Greater Titan	suffix	tkni	31	late	81		43	36	237	of the Giant	59		51	36
greater-zodiac	Greater Zodiac	suffix	tkni	42	early	50	65	64	4	267	of Agility2	75		75	12
greater-zodiac	Greater Zodiac	suffix	tkni	42	mid	66	80	64	8	267	of Agility2	75		75	12
greater-zodiac	Greater Zodiac	suffix	tkni	42	late	81		64	12	267	of Agility2	75		75	12
greater-zodiac	Greater Zodiac	suffix	tkni	42	early	50	65	64	4	270	of Power2	75		75	12
greater-zodiac	Greater Zodiac	suffix	tkni	42	mid	66	80	64	8	270	of Power2	75		75	12
greater-zodiac	Greater Zodiac	suffix	tkni	42	late	81		64	12	270	of Power2	75		75	12
greater-zodiac	Greater Zodiac	suffix	tkni	42	early	50	65	64	4	273	of Endurance2	75		75	12
greater-zodiac	Greater Zodiac	suffix	tkni	42	mid	66	80	64	8	273	of Endurance2	75		75	12
greater-zodiac	Greater Zodiac	suffix	tkni	42	late	81		64	12	273	of Endurance2	75		75	12
greater-zodiac	Greater Zodiac	suffix	tkni	42	early	50	65	64	4	276	of Spirit2	75		75	12
greater-zodiac	Greater Zodiac	suffix	tkni	42	mid	66	80	64	8	276	of Spirit2	75		75	12
greater-zodiac	Greater Zodiac	suffix	tkni	42	late	81		64	12	276	of Spirit2	75		75	12
greater-paralysis	Greater Paralysis	suffix	tkni	64	early	50	65	48	8	386	Paralysis1	62		56	24
greater-paralysis	Greater Paralysis	suffix	tkni	64	mid	66	80	48	16	386	Paralysis1	62		56	24
greater-paralysis	Greater Paralysis	suffix	tkni	64	late	81		48	24	386	Paralysis1	62		56	24
greater-blindness	Greater Blindness	suffix	tkni	65	early	50	65	48	4	389	of Blindness1	61		57	12
greater-blindness	Greater Blindness	suffix	tkni	65	mid	66	80	48	8	389	of Blindness1	61		57	12
greater-blindness	Greater Blindness	suffix	tkni	65	late	81		48	12	389	of Blindness1	61		57	12
greater-reanimation	Greater Reanimation	suffix	tkni	66	early	50	65	40	4	390	of Reanimation1	51		47	12
greater-reanimation	Greater Reanimation	suffix	tkni	66	mid	66	80	40	8	390	of Reanimation1	51		47	12
greater-reanimation	Greater Reanimation	suffix	tkni	66	late	81		40	12	390	of Reanimation1	51		47	12
greater-four-seasons	Greater Four Seasons	suffix	tkni	67	early	50	65	64	8	317	of the Soul2	75		75	24
greater-four-seasons	Greater Four Seasons	suffix	tkni	67	mid	66	80	64	16	317	of the Soul2	75		75	24
greater-four-seasons	Greater Four Seasons	suffix	tkni	67	late	81		64	24	317	of the Soul2	75		75	24
greater-draining	Greater Draining	suffix	tkni	80	early	50	65	17	1	625	of Siphoning	20		20	2
greater-draining	Greater Draining	suffix	tkni	80	mid	66	80	17	1	625	of Siphoning	20		20	2
greater-draining	Greater Draining	suffix	tkni	80	late	81		17	2	625	of Siphoning	20		20	2
greater-anima	Greater Anima	suffix	tors	1	early	50	65	37	16	134	of Anima	51		43	48
greater-anima	Greater Anima	suffix	tors	1	mid	66	80	37	32	134	of Anima	51		43	48
greater-anima	Greater Anima	suffix	tors	1	late	81		37	48	134	of Anima	51		43	48
greater-negation	Greater Negation	suffix	tors	2	early	50	65	61	16	145	of Negation	84		72	48
greater-negation	Greater Negation	suffix	tors	2	mid	66	80	61	32	145	of Negation	84		72	48
greater-negation	Greater Negation	suffix	tors	2	late	81		61	48	145	of Negation	84		72	48
greater-thorns	Greater Thorns	suffix	tors	6	early	50	65	53	16	340	of Thorns	67		62	48
greater-thorns	Greater Thorns	suffix	tors	6	mid	66	80	53	32	340	of Thorns	67		62	48
greater-thorns	Greater Thorns	suffix	tors	6	late	81		53	48	340	of Thorns	67		62	48
greater-perfection	Greater Perfection	suffix	tors	17	early	50	65	64	12	222	of Perfection	80		75	36
greater-perfection	Greater Perfection	suffix	tors	17	mid	66	80	64	24	222	of Perfection	80		75	36
greater-perfection	Greater Perfection	suffix	tors	17	late	81		64	36	222	of Perfection	80		75	36
greater-balance	Greater Balance	suffix	tors	18	early	50	65	11	16	325	of Stability	18		13	48
greater-balance	Greater Balance	suffix	tors	18	mid	66	80	11	32	325	of Stability	18		13	48
greater-balance	Greater Balance	suffix	tors	18	late	81		11	48	325	of Stability	18		13	48
greater-regeneration	Greater Regeneration	suffix	tors	19	early	50	65	44	16	308	of Regeneration	70		52	48
greater-regeneration	Greater Regeneration	suffix	tors	19	mid	66	80	44	32	308	of Regeneration	70		52	48
greater-regeneration	Greater Regeneration	suffix	tors	19	late	81		44	48	308	of Regeneration	70		52	48
greater-vita	Greater Vita	suffix	tors	26	early	50	65	31	12	288	of the Whale	50		37	36
greater-vita	Greater Vita	suffix	tors	26	mid	66	80	31	24	288	of the Whale	50		37	36
greater-vita	Greater Vita	suffix	tors	26	late	81		31	36	288	of the Whale	50		37	36
greater-titan	Greater Titan	suffix	tors	31	early	50	65	56	12	233	of the Titan	74		66	36
greater-titan	Greater Titan	suffix	tors	31	mid	66	80	56	24	233	of the Titan	74		66	36
greater-titan	Greater Titan	suffix	tors	31	late	81		56	36	233	of the Titan	74		66	36
greater-elephant	Greater Elephant	suffix	tors	41	early	50	65	1	4	304	of the Kraken	20		1	12
greater-elephant	Greater Elephant	suffix	tors	41	mid	66	80	1	8	304	of the Kraken	20		1	12
greater-elephant	Greater Elephant	suffix	tors	41	late	81		1	12	304	of the Kraken	20		1	12
greater-elements	Greater Elements	suffix	tors	43	early	50	65	1	4	186	of the Yeti	20		1	12
greater-elements	Greater Elements	suffix	tors	43	mid	66	80	1	8	186	of the Yeti	20		1	12
greater-elements	Greater Elements	suffix	tors	43	late	81		1	12	186	of the Yeti	20		1	12
greater-elements	Greater Elements	suffix	tors	43	early	50	65	1	4	188	of the Phoenix	20		1	12
greater-elements	Greater Elements	suffix	tors	43	mid	66	80	1	8	188	of the Phoenix	20		1	12
greater-elements	Greater Elements	suffix	tors	43	late	81		1	12	188	of the Phoenix	20		1	12
greater-elements	Greater Elements	suffix	tors	43	early	50	65	1	4	190	of the Efreeti	20		1	12
greater-elements	Greater Elements	suffix	tors	43	mid	66	80	1	8	190	of the Efreeti	20		1	12
greater-elements	Greater Elements	suffix	tors	43	late	81		1	12	190	of the Efreeti	20		1	12
greater-elements	Greater Elements	suffix	tors	43	early	50	65	1	4	192	of the Cobra	20		1	12
greater-elements	Greater Elements	suffix	tors	43	mid	66	80	1	8	192	of the Cobra	20		1	12
greater-elements	Greater Elements	suffix	tors	43	late	81		1	12	192	of the Cobra	20		1	12
greater-four-seasons	Greater Four Seasons	suffix	tors	67	early	50	65	64	4	201	of the Four Seasons2	87		75	12
greater-four-seasons	Greater Four Seasons	suffix	tors	67	mid	66	80	64	8	201	of the Four Seasons2	87		75	12
greater-four-seasons	Greater Four Seasons	suffix	tors	67	late	81		64	12	201	of the Four Seasons2	87		75	12
greater-coalescence	Greater Coalescence	suffix	tpot	3	early	50	65	68	4	158	of Fire Coalescence1	87		80	12
greater-coalescence	Greater Coalescence	suffix	tpot	3	mid	66	80	68	8	158	of Fire Coalescence1	87		80	12
greater-coalescence	Greater Coalescence	suffix	tpot	3	late	81		68	12	158	of Fire Coalescence1	87		80	12
greater-coalescence	Greater Coalescence	suffix	tpot	3	early	50	65	68	4	171	of Lightning Coalescence1	87		80	12
greater-coalescence	Greater Coalescence	suffix	tpot	3	mid	66	80	68	8	171	of Lightning Coalescence1	87		80	12
greater-coalescence	Greater Coalescence	suffix	tpot	3	late	81		68	12	171	of Lightning Coalescence1	87		80	12
greater-coalescence	Greater Coalescence	suffix	tpot	3	early	50	65	68	4	184	of Chilling Coalescence1	87		80	12
greater-coalescence	Greater Coalescence	suffix	tpot	3	mid	66	80	68	8	184	of Chilling Coalescence1	87		80	12
greater-coalescence	Greater Coalescence	suffix	tpot	3	late	81		68	12	184	of Chilling Coalescence1	87		80	12
greater-quickness	Greater Quickness	suffix	tpot	7	early	50	65	14	24	328	of Alacrity	25		17	72
greater-quickness	Greater Quickness	suffix	tpot	7	mid	66	80	14	48	328	of Alacrity	25		17	72
greater-quickness	Greater Quickness	suffix	tpot	7	late	81		14	72	328	of Alacrity	25		17	72
greater-jewelry-elemental-suffix	Greater jewelry elemental damage	suffix	tpot	10	early	50	65	64	4	53	of Winter	80		75	12
greater-jewelry-elemental-suffix	Greater jewelry elemental damage	suffix	tpot	10	mid	66	80	64	8	53	of Winter	80		75	12
greater-jewelry-elemental-suffix	Greater jewelry elemental damage	suffix	tpot	10	late	81		64	12	53	of Winter	80		75	12
greater-jewelry-elemental-suffix	Greater jewelry elemental damage	suffix	tpot	12	early	50	65	64	4	66	of Incineration	80		75	12
greater-jewelry-elemental-suffix	Greater jewelry elemental damage	suffix	tpot	12	mid	66	80	64	8	66	of Incineration	80		75	12
greater-jewelry-elemental-suffix	Greater jewelry elemental damage	suffix	tpot	12	late	81		64	12	66	of Incineration	80		75	12
greater-jewelry-elemental-suffix	Greater jewelry elemental damage	suffix	tpot	13	early	50	65	58	4	79	of Storms	75		68	12
greater-jewelry-elemental-suffix	Greater jewelry elemental damage	suffix	tpot	13	mid	66	80	58	8	79	of Storms	75		68	12
greater-jewelry-elemental-suffix	Greater jewelry elemental damage	suffix	tpot	13	late	81		58	12	79	of Storms	75		68	12
greater-jewelry-elemental-suffix	Greater jewelry elemental damage	suffix	tpot	16	early	50	65	21	8	90	of Anthrax	33		25	24
greater-jewelry-elemental-suffix	Greater jewelry elemental damage	suffix	tpot	16	mid	66	80	21	16	90	of Anthrax	33		25	24
greater-jewelry-elemental-suffix	Greater jewelry elemental damage	suffix	tpot	16	late	81		21	24	90	of Anthrax	33		25	24
greater-evisceration	Greater Evisceration	suffix	tpot	14	early	50	65	67	29	20	of Evisceration	85		79	88
greater-evisceration	Greater Evisceration	suffix	tpot	14	mid	66	80	67	59	20	of Evisceration	85		79	88
greater-evisceration	Greater Evisceration	suffix	tpot	14	late	81		67	88	20	of Evisceration	85		79	88
greater-transcendence	Greater Transcendence	suffix	tpot	15	early	50	65	71	8	41	of Transcendence	85		83	24
greater-transcendence	Greater Transcendence	suffix	tpot	15	mid	66	80	71	16	41	of Transcendence	85		83	24
greater-transcendence	Greater Transcendence	suffix	tpot	15	late	81		71	24	41	of Transcendence	85		83	24
greater-regeneration	Greater Regeneration	suffix	tpot	19	early	50	65	44	16	308	of Regeneration	70		52	48
greater-regeneration	Greater Regeneration	suffix	tpot	19	mid	66	80	44	32	308	of Regeneration	70		52	48
greater-regeneration	Greater Regeneration	suffix	tpot	19	late	81		44	48	308	of Regeneration	70		52	48
greater-leech	Greater Lamprey/Vampire	suffix	tpot	27	early	50	65	13	28	104	of the Locust	20		15	84
greater-leech	Greater Lamprey/Vampire	suffix	tpot	27	mid	66	80	13	56	104	of the Locust	20		15	84
greater-leech	Greater Lamprey/Vampire	suffix	tpot	27	late	81		13	84	104	of the Locust	20		15	84
greater-leech	Greater Lamprey/Vampire	suffix	tpot	28	early	50	65	14	28	114	of the Wraith	21		16	84
greater-leech	Greater Lamprey/Vampire	suffix	tpot	28	mid	66	80	14	56	114	of the Wraith	21		16	84
greater-leech	Greater Lamprey/Vampire	suffix	tpot	28	late	81		14	84	114	of the Wraith	21		16	84
greater-zodiac	Greater Zodiac	suffix	tpot	42	early	50	65	64	4	267	of Agility2	75		75	12
greater-zodiac	Greater Zodiac	suffix	tpot	42	mid	66	80	64	8	267	of Agility2	75		75	12
greater-zodiac	Greater Zodiac	suffix	tpot	42	late	81		64	12	267	of Agility2	75		75	12
greater-zodiac	Greater Zodiac	suffix	tpot	42	early	50	65	64	4	270	of Power2	75		75	12
greater-zodiac	Greater Zodiac	suffix	tpot	42	mid	66	80	64	8	270	of Power2	75		75	12
greater-zodiac	Greater Zodiac	suffix	tpot	42	late	81		64	12	270	of Power2	75		75	12
greater-zodiac	Greater Zodiac	suffix	tpot	42	early	50	65	64	4	273	of Endurance2	75		75	12
greater-zodiac	Greater Zodiac	suffix	tpot	42	mid	66	80	64	8	273	of Endurance2	75		75	12
greater-zodiac	Greater Zodiac	suffix	tpot	42	late	81		64	12	273	of Endurance2	75		75	12
greater-zodiac	Greater Zodiac	suffix	tpot	42	early	50	65	64	4	276	of Spirit2	75		75	12
greater-zodiac	Greater Zodiac	suffix	tpot	42	mid	66	80	64	8	276	of Spirit2	75		75	12
greater-zodiac	Greater Zodiac	suffix	tpot	42	late	81		64	12	276	of Spirit2	75		75	12
greater-paralysis	Greater Paralysis	suffix	tpot	64	early	50	65	48	8	386	Paralysis1	62		56	24
greater-paralysis	Greater Paralysis	suffix	tpot	64	mid	66	80	48	16	386	Paralysis1	62		56	24
greater-paralysis	Greater Paralysis	suffix	tpot	64	late	81		48	24	386	Paralysis1	62		56	24
greater-blindness	Greater Blindness	suffix	tpot	65	early	50	65	48	4	389	of Blindness1	61		57	12
greater-blindness	Greater Blindness	suffix	tpot	65	mid	66	80	48	8	389	of Blindness1	61		57	12
greater-blindness	Greater Blindness	suffix	tpot	65	late	81		48	12	389	of Blindness1	61		57	12
greater-reanimation	Greater Reanimation	suffix	tpot	66	early	50	65	40	4	390	of Reanimation1	51		47	12
greater-reanimation	Greater Reanimation	suffix	tpot	66	mid	66	80	40	8	390	of Reanimation1	51		47	12
greater-reanimation	Greater Reanimation	suffix	tpot	66	late	81		40	12	390	of Reanimation1	51		47	12
greater-four-seasons	Greater Four Seasons	suffix	tpot	67	early	50	65	64	8	317	of the Soul2	75		75	24
greater-four-seasons	Greater Four Seasons	suffix	tpot	67	mid	66	80	64	16	317	of the Soul2	75		75	24
greater-four-seasons	Greater Four Seasons	suffix	tpot	67	late	81		64	24	317	of the Soul2	75		75	24
greater-coalescence	Greater Coalescence	suffix	wand	3	early	50	65	68	4	158	of Fire Coalescence1	87		80	12
greater-coalescence	Greater Coalescence	suffix	wand	3	mid	66	80	68	8	158	of Fire Coalescence1	87		80	12
greater-coalescence	Greater Coalescence	suffix	wand	3	late	81		68	12	158	of Fire Coalescence1	87		80	12
greater-coalescence	Greater Coalescence	suffix	wand	3	early	50	65	68	4	171	of Lightning Coalescence1	87		80	12
greater-coalescence	Greater Coalescence	suffix	wand	3	mid	66	80	68	8	171	of Lightning Coalescence1	87		80	12
greater-coalescence	Greater Coalescence	suffix	wand	3	late	81		68	12	171	of Lightning Coalescence1	87		80	12
greater-coalescence	Greater Coalescence	suffix	wand	3	early	50	65	68	4	184	of Chilling Coalescence1	87		80	12
greater-coalescence	Greater Coalescence	suffix	wand	3	mid	66	80	68	8	184	of Chilling Coalescence1	87		80	12
greater-coalescence	Greater Coalescence	suffix	wand	3	late	81		68	12	184	of Chilling Coalescence1	87		80	12
greater-magus	Greater Magus	suffix	wand	9	early	50	65	18	20	376	of the Magus	29		21	60
greater-magus	Greater Magus	suffix	wand	9	mid	66	80	18	40	376	of the Magus	29		21	60
greater-magus	Greater Magus	suffix	wand	9	late	81		18	60	376	of the Magus	29		21	60
greater-regeneration	Greater Regeneration	suffix	wand	19	early	50	65	44	16	308	of Regeneration	70		52	48
greater-regeneration	Greater Regeneration	suffix	wand	19	mid	66	80	44	32	308	of Regeneration	70		52	48
greater-regeneration	Greater Regeneration	suffix	wand	19	late	81		44	48	308	of Regeneration	70		52	48
greater-enlightenment	Greater Enlightenment	suffix	wand	23	early	50	65	28	12	248	of Enlightenment	41		33	36
greater-enlightenment	Greater Enlightenment	suffix	wand	23	mid	66	80	28	24	248	of Enlightenment	41		33	36
greater-enlightenment	Greater Enlightenment	suffix	wand	23	late	81		28	36	248	of Enlightenment	41		33	36
greater-leech	Greater Lamprey/Vampire	suffix	wand	27	early	50	65	37	28	105	of the Lamprey	55		43	84
greater-leech	Greater Lamprey/Vampire	suffix	wand	27	mid	66	80	37	56	105	of the Lamprey	55		43	84
greater-leech	Greater Lamprey/Vampire	suffix	wand	27	late	81		37	84	105	of the Lamprey	55		43	84
greater-leech	Greater Lamprey/Vampire	suffix	wand	28	early	50	65	41	28	115	of the Vampire	56		48	84
greater-leech	Greater Lamprey/Vampire	suffix	wand	28	mid	66	80	41	56	115	of the Vampire	56		48	84
greater-leech	Greater Lamprey/Vampire	suffix	wand	28	late	81		41	84	115	of the Vampire	56		48	84
greater-zodiac	Greater Zodiac	suffix	wand	42	early	50	65	71	4	280	of the Zodiac	86		83	12
greater-zodiac	Greater Zodiac	suffix	wand	42	mid	66	80	71	8	280	of the Zodiac	86		83	12
greater-zodiac	Greater Zodiac	suffix	wand	42	late	81		71	12	280	of the Zodiac	86		83	12
greater-paralysis	Greater Paralysis	suffix	wand	64	early	50	65	48	8	386	Paralysis1	62		56	24
greater-paralysis	Greater Paralysis	suffix	wand	64	mid	66	80	48	16	386	Paralysis1	62		56	24
greater-paralysis	Greater Paralysis	suffix	wand	64	late	81		48	24	386	Paralysis1	62		56	24
greater-blindness	Greater Blindness	suffix	wand	65	early	50	65	48	4	389	of Blindness1	61		57	12
greater-blindness	Greater Blindness	suffix	wand	65	mid	66	80	48	8	389	of Blindness1	61		57	12
greater-blindness	Greater Blindness	suffix	wand	65	late	81		48	12	389	of Blindness1	61		57	12
greater-reanimation	Greater Reanimation	suffix	wand	66	early	50	65	40	4	390	of Reanimation1	51		47	12
greater-reanimation	Greater Reanimation	suffix	wand	66	mid	66	80	40	8	390	of Reanimation1	51		47	12
greater-reanimation	Greater Reanimation	suffix	wand	66	late	81		40	12	390	of Reanimation1	51		47	12
greater-four-seasons	Greater Four Seasons	suffix	wand	67	early	50	65	64	8	317	of the Soul2	75		75	24
greater-four-seasons	Greater Four Seasons	suffix	wand	67	mid	66	80	64	16	317	of the Soul2	75		75	24
greater-four-seasons	Greater Four Seasons	suffix	wand	67	late	81		64	24	317	of the Soul2	75		75	24
greater-draining	Greater Draining	suffix	wand	80	early	50	65	17	1	625	of Siphoning	20		20	2
greater-draining	Greater Draining	suffix	wand	80	mid	66	80	17	1	625	of Siphoning	20		20	2
greater-draining	Greater Draining	suffix	wand	80	late	81		17	2	625	of Siphoning	20		20	2
greater-coalescence	Greater Coalescence	suffix	weap	3	early	50	65	68	4	158	of Fire Coalescence1	87		80	12
greater-coalescence	Greater Coalescence	suffix	weap	3	mid	66	80	68	8	158	of Fire Coalescence1	87		80	12
greater-coalescence	Greater Coalescence	suffix	weap	3	late	81		68	12	158	of Fire Coalescence1	87		80	12
greater-coalescence	Greater Coalescence	suffix	weap	3	early	50	65	68	4	171	of Lightning Coalescence1	87		80	12
greater-coalescence	Greater Coalescence	suffix	weap	3	mid	66	80	68	8	171	of Lightning Coalescence1	87		80	12
greater-coalescence	Greater Coalescence	suffix	weap	3	late	81		68	12	171	of Lightning Coalescence1	87		80	12
greater-coalescence	Greater Coalescence	suffix	weap	3	early	50	65	68	4	184	of Chilling Coalescence1	87		80	12
greater-coalescence	Greater Coalescence	suffix	weap	3	mid	66	80	68	8	184	of Chilling Coalescence1	87		80	12
greater-coalescence	Greater Coalescence	suffix	weap	3	late	81		68	12	184	of Chilling Coalescence1	87		80	12
greater-quickness	Greater Quickness	suffix	weap	7	early	50	65	14	24	328	of Alacrity	25		17	72
greater-quickness	Greater Quickness	suffix	weap	7	mid	66	80	14	48	328	of Alacrity	25		17	72
greater-quickness	Greater Quickness	suffix	weap	7	late	81		14	72	328	of Alacrity	25		17	72
greater-jewelry-elemental-suffix	Greater jewelry elemental damage	suffix	weap	10	early	50	65	64	4	53	of Winter	80		75	12
greater-jewelry-elemental-suffix	Greater jewelry elemental damage	suffix	weap	10	mid	66	80	64	8	53	of Winter	80		75	12
greater-jewelry-elemental-suffix	Greater jewelry elemental damage	suffix	weap	10	late	81		64	12	53	of Winter	80		75	12
greater-jewelry-elemental-suffix	Greater jewelry elemental damage	suffix	weap	12	early	50	65	64	4	66	of Incineration	80		75	12
greater-jewelry-elemental-suffix	Greater jewelry elemental damage	suffix	weap	12	mid	66	80	64	8	66	of Incineration	80		75	12
greater-jewelry-elemental-suffix	Greater jewelry elemental damage	suffix	weap	12	late	81		64	12	66	of Incineration	80		75	12
greater-jewelry-elemental-suffix	Greater jewelry elemental damage	suffix	weap	13	early	50	65	58	4	79	of Storms	75		68	12
greater-jewelry-elemental-suffix	Greater jewelry elemental damage	suffix	weap	13	mid	66	80	58	8	79	of Storms	75		68	12
greater-jewelry-elemental-suffix	Greater jewelry elemental damage	suffix	weap	13	late	81		58	12	79	of Storms	75		68	12
greater-jewelry-elemental-suffix	Greater jewelry elemental damage	suffix	weap	16	early	50	65	21	8	90	of Anthrax	33		25	24
greater-jewelry-elemental-suffix	Greater jewelry elemental damage	suffix	weap	16	mid	66	80	21	16	90	of Anthrax	33		25	24
greater-jewelry-elemental-suffix	Greater jewelry elemental damage	suffix	weap	16	late	81		21	24	90	of Anthrax	33		25	24
greater-evisceration	Greater Evisceration	suffix	weap	14	early	50	65	67	29	20	of Evisceration	85		79	88
greater-evisceration	Greater Evisceration	suffix	weap	14	mid	66	80	67	59	20	of Evisceration	85		79	88
greater-evisceration	Greater Evisceration	suffix	weap	14	late	81		67	88	20	of Evisceration	85		79	88
greater-transcendence	Greater Transcendence	suffix	weap	15	early	50	65	71	8	41	of Transcendence	85		83	24
greater-transcendence	Greater Transcendence	suffix	weap	15	mid	66	80	71	16	41	of Transcendence	85		83	24
greater-transcendence	Greater Transcendence	suffix	weap	15	late	81		71	24	41	of Transcendence	85		83	24
greater-regeneration	Greater Regeneration	suffix	weap	19	early	50	65	44	16	308	of Regeneration	70		52	48
greater-regeneration	Greater Regeneration	suffix	weap	19	mid	66	80	44	32	308	of Regeneration	70		52	48
greater-regeneration	Greater Regeneration	suffix	weap	19	late	81		44	48	308	of Regeneration	70		52	48
greater-leech	Greater Lamprey/Vampire	suffix	weap	27	early	50	65	13	28	104	of the Locust	20		15	84
greater-leech	Greater Lamprey/Vampire	suffix	weap	27	mid	66	80	13	56	104	of the Locust	20		15	84
greater-leech	Greater Lamprey/Vampire	suffix	weap	27	late	81		13	84	104	of the Locust	20		15	84
greater-leech	Greater Lamprey/Vampire	suffix	weap	28	early	50	65	14	28	114	of the Wraith	21		16	84
greater-leech	Greater Lamprey/Vampire	suffix	weap	28	mid	66	80	14	56	114	of the Wraith	21		16	84
greater-leech	Greater Lamprey/Vampire	suffix	weap	28	late	81		14	84	114	of the Wraith	21		16	84
greater-zodiac	Greater Zodiac	suffix	weap	42	early	50	65	64	4	267	of Agility2	75		75	12
greater-zodiac	Greater Zodiac	suffix	weap	42	mid	66	80	64	8	267	of Agility2	75		75	12
greater-zodiac	Greater Zodiac	suffix	weap	42	late	81		64	12	267	of Agility2	75		75	12
greater-zodiac	Greater Zodiac	suffix	weap	42	early	50	65	64	4	270	of Power2	75		75	12
greater-zodiac	Greater Zodiac	suffix	weap	42	mid	66	80	64	8	270	of Power2	75		75	12
greater-zodiac	Greater Zodiac	suffix	weap	42	late	81		64	12	270	of Power2	75		75	12
greater-zodiac	Greater Zodiac	suffix	weap	42	early	50	65	64	4	273	of Endurance2	75		75	12
greater-zodiac	Greater Zodiac	suffix	weap	42	mid	66	80	64	8	273	of Endurance2	75		75	12
greater-zodiac	Greater Zodiac	suffix	weap	42	late	81		64	12	273	of Endurance2	75		75	12
greater-zodiac	Greater Zodiac	suffix	weap	42	early	50	65	64	4	276	of Spirit2	75		75	12
greater-zodiac	Greater Zodiac	suffix	weap	42	mid	66	80	64	8	276	of Spirit2	75		75	12
greater-zodiac	Greater Zodiac	suffix	weap	42	late	81		64	12	276	of Spirit2	75		75	12
greater-paralysis	Greater Paralysis	suffix	weap	64	early	50	65	48	8	386	Paralysis1	62		56	24
greater-paralysis	Greater Paralysis	suffix	weap	64	mid	66	80	48	16	386	Paralysis1	62		56	24
greater-paralysis	Greater Paralysis	suffix	weap	64	late	81		48	24	386	Paralysis1	62		56	24
greater-blindness	Greater Blindness	suffix	weap	65	early	50	65	48	4	389	of Blindness1	61		57	12
greater-blindness	Greater Blindness	suffix	weap	65	mid	66	80	48	8	389	of Blindness1	61		57	12
greater-blindness	Greater Blindness	suffix	weap	65	late	81		48	12	389	of Blindness1	61		57	12
greater-reanimation	Greater Reanimation	suffix	weap	66	early	50	65	40	4	390	of Reanimation1	51		47	12
greater-reanimation	Greater Reanimation	suffix	weap	66	mid	66	80	40	8	390	of Reanimation1	51		47	12
greater-reanimation	Greater Reanimation	suffix	weap	66	late	81		40	12	390	of Reanimation1	51		47	12
greater-four-seasons	Greater Four Seasons	suffix	weap	67	early	50	65	64	8	317	of the Soul2	75		75	24
greater-four-seasons	Greater Four Seasons	suffix	weap	67	mid	66	80	64	16	317	of the Soul2	75		75	24
greater-four-seasons	Greater Four Seasons	suffix	weap	67	late	81		64	24	317	of the Soul2	75		75	24
greater-missile-suffix	Greater missile suffixes	suffix	xboq	200	early	50	65	43	1	785	of the Swift	80		50	3
greater-missile-suffix	Greater missile suffixes	suffix	xboq	200	mid	66	80	43	2	785	of the Swift	80		50	3
greater-missile-suffix	Greater missile suffixes	suffix	xboq	200	late	81		43	3	785	of the Swift	80		50	3
greater-missile-suffix	Greater missile suffixes	suffix	xboq	201	early	50	65	43	1	788	of Slaying	80		50	3
greater-missile-suffix	Greater missile suffixes	suffix	xboq	201	mid	66	80	43	2	788	of Slaying	80		50	3
greater-missile-suffix	Greater missile suffixes	suffix	xboq	201	late	81		43	3	788	of Slaying	80		50	3
greater-missile-suffix	Greater missile suffixes	suffix	xboq	201	early	50	65	43	1	791	of Maiming	80		50	3
greater-missile-suffix	Greater missile suffixes	suffix	xboq	201	mid	66	80	43	2	791	of Maiming	80		50	3
greater-missile-suffix	Greater missile suffixes	suffix	xboq	201	late	81		43	3	791	of Maiming	80		50	3
greater-missile-suffix	Greater missile suffixes	suffix	xboq	201	early	50	65	43	1	794	of Piercing	80		50	3
greater-missile-suffix	Greater missile suffixes	suffix	xboq	201	mid	66	80	43	2	794	of Piercing	80		50	3
greater-missile-suffix	Greater missile suffixes	suffix	xboq	201	late	81		43	3	794	of Piercing	80		50	3
greater-missile-suffix	Greater missile suffixes	suffix	xboq	202	early	50	65	34	1	797	of the Vampire	80		40	3
greater-missile-suffix	Greater missile suffixes	suffix	xboq	202	mid	66	80	34	2	797	of the Vampire	80		40	3
greater-missile-suffix	Greater missile suffixes	suffix	xboq	202	late	81		34	3	797	of the Vampire	80		40	3
greater-missile-suffix	Greater missile suffixes	suffix	xboq	203	early	50	65	34	1	800	of the Bat	80		40	3
greater-missile-suffix	Greater missile suffixes	suffix	xboq	203	mid	66	80	34	2	800	of the Bat	80		40	3
greater-missile-suffix	Greater missile suffixes	suffix	xboq	203	late	81		34	3	800	of the Bat	80		40	3
greater-missile-suffix	Greater missile suffixes	suffix	xboq	204	early	50	65	34	1	803	of Resistance	80		40	3
greater-missile-suffix	Greater missile suffixes	suffix	xboq	204	mid	66	80	34	2	803	of Resistance	80		40	3
greater-missile-suffix	Greater missile suffixes	suffix	xboq	204	late	81		34	3	803	of Resistance	80		40	3
greater-missile-suffix	Greater missile suffixes	suffix	xboq	204	early	50	65	34	1	806	of Resistance	80		40	3
greater-missile-suffix	Greater missile suffixes	suffix	xboq	204	mid	66	80	34	2	806	of Resistance	80		40	3
greater-missile-suffix	Greater missile suffixes	suffix	xboq	204	late	81		34	3	806	of Resistance	80		40	3
greater-missile-suffix	Greater missile suffixes	suffix	xboq	204	early	50	65	34	1	809	of Resistance	80		40	3
greater-missile-suffix	Greater missile suffixes	suffix	xboq	204	mid	66	80	34	2	809	of Resistance	80		40	3
greater-missile-suffix	Greater missile suffixes	suffix	xboq	204	late	81		34	3	809	of Resistance	80		40	3
greater-missile-suffix	Greater missile suffixes	suffix	xboq	204	early	50	65	34	1	812	of Resistance	80		40	3
greater-missile-suffix	Greater missile suffixes	suffix	xboq	204	mid	66	80	34	2	812	of Resistance	80		40	3
greater-missile-suffix	Greater missile suffixes	suffix	xboq	204	late	81		34	3	812	of Resistance	80		40	3
greater-missile-suffix	Greater missile suffixes	suffix	xboq	204	early	50	65	34	1	815	of Resistance	80		40	3
greater-missile-suffix	Greater missile suffixes	suffix	xboq	204	mid	66	80	34	2	815	of Resistance	80		40	3
greater-missile-suffix	Greater missile suffixes	suffix	xboq	204	late	81		34	3	815	of Resistance	80		40	3
greater-missile-suffix	Greater missile suffixes	suffix	xboq	205	early	50	65	43	1	818	of Fortune	50		50	3
greater-missile-suffix	Greater missile suffixes	suffix	xboq	205	mid	66	80	43	2	818	of Fortune	50		50	3
greater-missile-suffix	Greater missile suffixes	suffix	xboq	205	late	81		43	3	818	of Fortune	50		50	3
greater-missile-suffix	Greater missile suffixes	suffix	xboq	206	early	50	65	68	1	822	of Transcendence	85		80	1
greater-missile-suffix	Greater missile suffixes	suffix	xboq	206	mid	66	80	68	1	822	of Transcendence	85		80	1
greater-missile-suffix	Greater missile suffixes	suffix	xboq	206	late	81		68	1	822	of Transcendence	85		80	1
greater-missile-suffix	Greater missile suffixes	suffix	xboq	206	early	50	65	68	1	823	of Transcendence	85		80	1
greater-missile-suffix	Greater missile suffixes	suffix	xboq	206	mid	66	80	68	1	823	of Transcendence	85		80	1
greater-missile-suffix	Greater missile suffixes	suffix	xboq	206	late	81		68	1	823	of Transcendence	85		80	1
greater-missile-suffix	Greater missile suffixes	suffix	xboq	206	early	50	65	68	1	824	of Transcendence	85		80	1
greater-missile-suffix	Greater missile suffixes	suffix	xboq	206	mid	66	80	68	1	824	of Transcendence	85		80	1
greater-missile-suffix	Greater missile suffixes	suffix	xboq	206	late	81		68	1	824	of Transcendence	85		80	1
greater-coalescence	Greater Coalescence	suffix	xbow	3	early	50	65	68	4	158	of Fire Coalescence1	87		80	12
greater-coalescence	Greater Coalescence	suffix	xbow	3	mid	66	80	68	8	158	of Fire Coalescence1	87		80	12
greater-coalescence	Greater Coalescence	suffix	xbow	3	late	81		68	12	158	of Fire Coalescence1	87		80	12
greater-coalescence	Greater Coalescence	suffix	xbow	3	early	50	65	68	4	171	of Lightning Coalescence1	87		80	12
greater-coalescence	Greater Coalescence	suffix	xbow	3	mid	66	80	68	8	171	of Lightning Coalescence1	87		80	12
greater-coalescence	Greater Coalescence	suffix	xbow	3	late	81		68	12	171	of Lightning Coalescence1	87		80	12
greater-coalescence	Greater Coalescence	suffix	xbow	3	early	50	65	68	4	184	of Chilling Coalescence1	87		80	12
greater-coalescence	Greater Coalescence	suffix	xbow	3	mid	66	80	68	8	184	of Chilling Coalescence1	87		80	12
greater-coalescence	Greater Coalescence	suffix	xbow	3	late	81		68	12	184	of Chilling Coalescence1	87		80	12
greater-quickness	Greater Quickness	suffix	xbow	7	early	50	65	14	24	328	of Alacrity	25		17	72
greater-quickness	Greater Quickness	suffix	xbow	7	mid	66	80	14	48	328	of Alacrity	25		17	72
greater-quickness	Greater Quickness	suffix	xbow	7	late	81		14	72	328	of Alacrity	25		17	72
greater-jewelry-elemental-suffix	Greater jewelry elemental damage	suffix	xbow	10	early	50	65	64	4	53	of Winter	80		75	12
greater-jewelry-elemental-suffix	Greater jewelry elemental damage	suffix	xbow	10	mid	66	80	64	8	53	of Winter	80		75	12
greater-jewelry-elemental-suffix	Greater jewelry elemental damage	suffix	xbow	10	late	81		64	12	53	of Winter	80		75	12
greater-jewelry-elemental-suffix	Greater jewelry elemental damage	suffix	xbow	12	early	50	65	64	4	66	of Incineration	80		75	12
greater-jewelry-elemental-suffix	Greater jewelry elemental damage	suffix	xbow	12	mid	66	80	64	8	66	of Incineration	80		75	12
greater-jewelry-elemental-suffix	Greater jewelry elemental damage	suffix	xbow	12	late	81		64	12	66	of Incineration	80		75	12
greater-jewelry-elemental-suffix	Greater jewelry elemental damage	suffix	xbow	13	early	50	65	58	4	79	of Storms	75		68	12
greater-jewelry-elemental-suffix	Greater jewelry elemental damage	suffix	xbow	13	mid	66	80	58	8	79	of Storms	75		68	12
greater-jewelry-elemental-suffix	Greater jewelry elemental damage	suffix	xbow	13	late	81		58	12	79	of Storms	75		68	12
greater-jewelry-elemental-suffix	Greater jewelry elemental damage	suffix	xbow	16	early	50	65	21	8	90	of Anthrax	33		25	24
greater-jewelry-elemental-suffix	Greater jewelry elemental damage	suffix	xbow	16	mid	66	80	21	16	90	of Anthrax	33		25	24
greater-jewelry-elemental-suffix	Greater jewelry elemental damage	suffix	xbow	16	late	81		21	24	90	of Anthrax	33		25	24
greater-evisceration	Greater Evisceration	suffix	xbow	14	early	50	65	67	29	20	of Evisceration	85		79	88
greater-evisceration	Greater Evisceration	suffix	xbow	14	mid	66	80	67	59	20	of Evisceration	85		79	88
greater-evisceration	Greater Evisceration	suffix	xbow	14	late	81		67	88	20	of Evisceration	85		79	88
greater-transcendence	Greater Transcendence	suffix	xbow	15	early	50	65	71	8	41	of Transcendence	85		83	24
greater-transcendence	Greater Transcendence	suffix	xbow	15	mid	66	80	71	16	41	of Transcendence	85		83	24
greater-transcendence	Greater Transcendence	suffix	xbow	15	late	81		71	24	41	of Transcendence	85		83	24
greater-perfection	Greater Perfection	suffix	xbow	17	early	50	65	54	12	207	of Nirvana	72		64	36
greater-perfection	Greater Perfection	suffix	xbow	17	mid	66	80	54	24	207	of Nirvana	72		64	36
greater-perfection	Greater Perfection	suffix	xbow	17	late	81		54	36	207	of Nirvana	72		64	36
greater-regeneration	Greater Regeneration	suffix	xbow	19	early	50	65	44	16	308	of Regeneration	70		52	48
greater-regeneration	Greater Regeneration	suffix	xbow	19	mid	66	80	44	32	308	of Regeneration	70		52	48
greater-regeneration	Greater Regeneration	suffix	xbow	19	late	81		44	48	308	of Regeneration	70		52	48
greater-leech	Greater Lamprey/Vampire	suffix	xbow	27	early	50	65	13	28	104	of the Locust	20		15	84
greater-leech	Greater Lamprey/Vampire	suffix	xbow	27	mid	66	80	13	56	104	of the Locust	20		15	84
greater-leech	Greater Lamprey/Vampire	suffix	xbow	27	late	81		13	84	104	of the Locust	20		15	84
greater-leech	Greater Lamprey/Vampire	suffix	xbow	28	early	50	65	14	28	114	of the Wraith	21		16	84
greater-leech	Greater Lamprey/Vampire	suffix	xbow	28	mid	66	80	14	56	114	of the Wraith	21		16	84
greater-leech	Greater Lamprey/Vampire	suffix	xbow	28	late	81		14	84	114	of the Wraith	21		16	84
greater-zodiac	Greater Zodiac	suffix	xbow	42	early	50	65	64	4	267	of Agility2	75		75	12
greater-zodiac	Greater Zodiac	suffix	xbow	42	mid	66	80	64	8	267	of Agility2	75		75	12
greater-zodiac	Greater Zodiac	suffix	xbow	42	late	81		64	12	267	of Agility2	75		75	12
greater-zodiac	Greater Zodiac	suffix	xbow	42	early	50	65	64	4	270	of Power2	75		75	12
greater-zodiac	Greater Zodiac	suffix	xbow	42	mid	66	80	64	8	270	of Power2	75		75	12
greater-zodiac	Greater Zodiac	suffix	xbow	42	late	81		64	12	270	of Power2	75		75	12
greater-zodiac	Greater Zodiac	suffix	xbow	42	early	50	65	64	4	273	of Endurance2	75		75	12
greater-zodiac	Greater Zodiac	suffix	xbow	42	mid	66	80	64	8	273	of Endurance2	75		75	12
greater-zodiac	Greater Zodiac	suffix	xbow	42	late	81		64	12	273	of Endurance2	75		75	12
greater-zodiac	Greater Zodiac	suffix	xbow	42	early	50	65	64	4	276	of Spirit2	75		75	12
greater-zodiac	Greater Zodiac	suffix	xbow	42	mid	66	80	64	8	276	of Spirit2	75		75	12
greater-zodiac	Greater Zodiac	suffix	xbow	42	late	81		64	12	276	of Spirit2	75		75	12
greater-paralysis	Greater Paralysis	suffix	xbow	64	early	50	65	48	8	386	Paralysis1	62		56	24
greater-paralysis	Greater Paralysis	suffix	xbow	64	mid	66	80	48	16	386	Paralysis1	62		56	24
greater-paralysis	Greater Paralysis	suffix	xbow	64	late	81		48	24	386	Paralysis1	62		56	24
greater-blindness	Greater Blindness	suffix	xbow	65	early	50	65	48	4	389	of Blindness1	61		57	12
greater-blindness	Greater Blindness	suffix	xbow	65	mid	66	80	48	8	389	of Blindness1	61		57	12
greater-blindness	Greater Blindness	suffix	xbow	65	late	81		48	12	389	of Blindness1	61		57	12
greater-reanimation	Greater Reanimation	suffix	xbow	66	early	50	65	40	4	390	of Reanimation1	51		47	12
greater-reanimation	Greater Reanimation	suffix	xbow	66	mid	66	80	40	8	390	of Reanimation1	51		47	12
greater-reanimation	Greater Reanimation	suffix	xbow	66	late	81		40	12	390	of Reanimation1	51		47	12
greater-four-seasons	Greater Four Seasons	suffix	xbow	67	early	50	65	64	8	317	of the Soul2	75		75	24
greater-four-seasons	Greater Four Seasons	suffix	xbow	67	mid	66	80	64	16	317	of the Soul2	75		75	24
greater-four-seasons	Greater Four Seasons	suffix	xbow	67	late	81		64	24	317	of the Soul2	75		75	24
